  0
SECTION
  2
HEADER
  9
$ACADVER
  1
AC1018
  9
$HANDSEED
  5
FFFFFFFF
  9
$ANGBASE
  50
0.0
  9
$ANGDIR
  70
1
  9
$MEASUREMENT
  70
1
  9
$INSUNITS
  70
4
  0
ENDSEC
  0
SECTION
  2
TABLES
  0
TABLE
  2
APPID
  5
1
330
0
100
AcDbSymbolTable
 70
1
  0
APPID
  5
2
330
1
100
AcDbSymbolTableRecord
100
AcDbRegAppTableRecord
  2
ACAD
 70
0
  0
ENDTAB
  0
TABLE
  2
LTYPE
  5
3
330
0
100
AcDbSymbolTable
 70
6
  0
LTYPE
  5
4
330
3
100
AcDbSymbolTableRecord
100
AcDbLinetypeTableRecord
  2
ByBlock
 70
0
  3

 72
65
 73
0
 40
0
  0
LTYPE
  5
5
330
3
100
AcDbSymbolTableRecord
100
AcDbLinetypeTableRecord
  2
ByLayer
 70
0
  3

 72
65
 73
0
 40
0
  0
LTYPE
  5
6
330
3
100
AcDbSymbolTableRecord
100
AcDbLinetypeTableRecord
  2
CONTINUOUS
 70
0
  3
Solid line
 72
65
 73
0
 40
0
  0
LTYPE
  5
7
330
3
100
AcDbSymbolTableRecord
100
AcDbLinetypeTableRecord
  2
DASHDOT
 70
0
  3
Dash Dot ____ _ ____ _
 72
65
 73
4
 40
2
 49
1.25
 74
0
 49
-0.25
 74
0
 49
0.25
 74
0
 49
-0.25
 74
0
  0
LTYPE
  5
8
330
3
100
AcDbSymbolTableRecord
100
AcDbLinetypeTableRecord
  2
DASHED
 70
0
  3
Dashed __ __ __ __ __
 72
65
 73
2
 40
0.75
 49
0.5
 74
0
 49
-0.25
 74
0
  0
LTYPE
  5
9
330
3
100
AcDbSymbolTableRecord
100
AcDbLinetypeTableRecord
  2
DOTTED
 70
0
  3
Dotted .  .  .  .
 72
65
 73
2
 40
0.2
 49
0.0
 74
0
 49
-0.2
 74
0
  0
ENDTAB
  0
TABLE
  2
STYLE
  5
A
330
0
100
AcDbSymbolTable
 70
4
  0
STYLE
  5
B
330
A
100
AcDbSymbolTableRecord
100
AcDbTextStyleTableRecord
  2
KICAD
 70
0
 40
0
 41
1
 42
1
 50
0
 71
0
  3
isocp.shx
  0
STYLE
  5
C
330
A
100
AcDbSymbolTableRecord
100
AcDbTextStyleTableRecord
  2
KICADB
 70
0
 40
0
 41
1
 42
1
 50
0
 71
0
  3
isocp.shx
  0
STYLE
  5
D
330
A
100
AcDbSymbolTableRecord
100
AcDbTextStyleTableRecord
  2
KICADI
 70
0
 40
0
 41
1
 42
1
 50
15
 71
0
  3
isocp.shx
  0
STYLE
  5
E
330
A
100
AcDbSymbolTableRecord
100
AcDbTextStyleTableRecord
  2
KICADBI
 70
0
 40
0
 41
1
 42
1
 50
15
 71
0
  3
isocp.shx
  0
ENDTAB
  0
TABLE
  2
LAYER
  5
F
330
0
100
AcDbSymbolTable
 70
10
  0
LAYER
  5
12
330
F
100
AcDbSymbolTableRecord
100
AcDbLayerTableRecord
  2
0
 70
0
 62
7
  6
CONTINUOUS
390
10
  0
LAYER
  5
13
330
F
100
AcDbSymbolTableRecord
100
AcDbLayerTableRecord
  2
F.Cu
 70
0
 62
13
420
13120564
  6
CONTINUOUS
390
10
  0
LAYER
  5
14
330
F
100
AcDbSymbolTableRecord
100
AcDbLayerTableRecord
  2
B.Cu
 70
0
 62
153
420
5078980
  6
CONTINUOUS
390
10
  0
LAYER
  5
15
330
F
100
AcDbSymbolTableRecord
100
AcDbLayerTableRecord
  2
F.Paste
 70
0
 62
253
420
11837594
  6
CONTINUOUS
390
10
  0
LAYER
  5
16
330
F
100
AcDbSymbolTableRecord
100
AcDbLayerTableRecord
  2
B.Paste
 70
0
 62
132
420
49858
  6
CONTINUOUS
390
10
  0
LAYER
  5
17
330
F
100
AcDbSymbolTableRecord
100
AcDbLayerTableRecord
  2
F.Silkscreen
 70
0
 62
41
420
15920545
  6
CONTINUOUS
390
10
  0
LAYER
  5
18
330
F
100
AcDbSymbolTableRecord
100
AcDbLayerTableRecord
  2
B.Silkscreen
 70
0
 62
31
420
15250087
  6
CONTINUOUS
390
10
  0
LAYER
  5
19
330
F
100
AcDbSymbolTableRecord
100
AcDbLayerTableRecord
  2
F.Mask
 70
0
 62
201
420
14181631
  6
CONTINUOUS
390
10
  0
LAYER
  5
1A
330
F
100
AcDbSymbolTableRecord
100
AcDbLayerTableRecord
  2
B.Mask
 70
0
 62
4
420
196590
  6
CONTINUOUS
390
10
  0
LAYER
  5
1B
330
F
100
AcDbSymbolTableRecord
100
AcDbLayerTableRecord
  2
Edge.Cuts
 70
0
 62
254
420
13685453
  6
CONTINUOUS
390
10
  0
ENDTAB
  0
TABLE
  2
VPORT
  5
1C
330
0
100
AcDbSymbolTable
 70
0
  0
ENDTAB
  0
TABLE
  2
VIEW
  5
1D
330
0
100
AcDbSymbolTable
 70
0
  0
ENDTAB
  0
TABLE
  2
UCS
  5
1E
330
0
100
AcDbSymbolTable
 70
0
  0
ENDTAB
  0
TABLE
  2
DIMSTYLE
  5
1F
330
0
100
AcDbSymbolTable
 70
1
100
AcDbDimStyleTable
 71
0
  0
DIMSTYLE
105
20
330
1F
100
AcDbSymbolTableRecord
100
AcDbDimStyleTableRecord
  2
Standard
 70
0
  0
ENDTAB
  0
TABLE
  2
BLOCK_RECORD
  5
21
330
0
100
AcDbSymbolTable
 70
3
  0
BLOCK_RECORD
  5
22
330
21
100
AcDbSymbolTableRecord
100
AcDbBlockTableRecord
  2
*Model_Space
340
25
 70
0
280
1
281
0
  0
BLOCK_RECORD
  5
23
330
21
100
AcDbSymbolTableRecord
100
AcDbBlockTableRecord
  2
*Paper_Space
340
26
 70
0
280
1
281
0
  0
BLOCK_RECORD
  5
24
330
21
100
AcDbSymbolTableRecord
100
AcDbBlockTableRecord
  2
*Paper_Space0
340
27
 70
0
280
1
281
0
  0
ENDTAB
  0
ENDSEC
  0
SECTION
  2
BLOCKS
  0
BLOCK
  5
2B
330
22
100
AcDbEntity
  8
0
100
AcDbBlockBegin
  2
*Model_Space
 70
0
 10
0.0
 20
0.0
 30
0.0
  3
*Model_Space
  1

  0
ENDBLK
  5
2A
330
22
100
AcDbEntity
  8
0
100
AcDbBlockEnd
  0
BLOCK
  5
2D
330
23
100
AcDbEntity
 67
1
  8
0
100
AcDbBlockBegin
  2
*Paper_Space
 70
0
 10
0.0
 20
0.0
 30
0.0
  3
*Paper_Space
  1

  0
ENDBLK
  5
2C
330
23
100
AcDbEntity
 67
1
  8
0
100
AcDbBlockEnd
  0
BLOCK
  5
2F
330
24
100
AcDbEntity
 67
1
  8
0
100
AcDbBlockBegin
  2
*Paper_Space0
 70
0
 10
0.0
 20
0.0
 30
0.0
  3
*Paper_Space0
  1

  0
ENDBLK
  5
2E
330
24
100
AcDbEntity
 67
1
  8
0
100
AcDbBlockEnd
  0
ENDSEC
  0
SECTION
  2
ENTITIES
  0
LINE
  5
30
330
22
100
AcDbEntity
  8
B.Silkscreen
  6
CONTINUOUS
100
AcDbLine
 10
137.800344999999993
 20
-95.3812599999999975
 30
0
 11
137.8028339999999901
 21
-95.3822909999999951
 31
0
  0
LINE
  5
31
330
22
100
AcDbEntity
  8
B.Silkscreen
  6
CONTINUOUS
100
AcDbLine
 10
137.8028339999999901
 20
-95.3822909999999951
 30
0
 11
137.8055219999999963
 21
-95.382481999999996
 31
0
  0
LINE
  5
32
330
22
100
AcDbEntity
  8
B.Silkscreen
  6
CONTINUOUS
100
AcDbLine
 10
137.8055219999999963
 20
-95.382481999999996
 30
0
 11
137.8192540000000008
 21
-95.3877370000000013
 31
0
  0
LINE
  5
33
330
22
100
AcDbEntity
  8
B.Silkscreen
  6
CONTINUOUS
100
AcDbLine
 10
137.8192540000000008
 20
-95.3877370000000013
 30
0
 11
137.9144919999999956
 21
-95.4353559999999987
 31
0
  0
LINE
  5
34
330
22
100
AcDbEntity
  8
B.Silkscreen
  6
CONTINUOUS
100
AcDbLine
 10
137.9144919999999956
 20
-95.4353559999999987
 30
0
 11
137.9207909999999799
 21
-95.439319999999995
 31
0
  0
LINE
  5
35
330
22
100
AcDbEntity
  8
B.Silkscreen
  6
CONTINUOUS
100
AcDbLine
 10
137.9207909999999799
 20
-95.439319999999995
 30
0
 11
137.9226189999999974
 21
-95.4400779999999997
 31
0
  0
LINE
  5
36
330
22
100
AcDbEntity
  8
B.Silkscreen
  6
CONTINUOUS
100
AcDbLine
 10
137.9226189999999974
 20
-95.4400779999999997
 30
0
 11
137.9246750000000077
 21
-95.4417660000000012
 31
0
  0
LINE
  5
37
330
22
100
AcDbEntity
  8
B.Silkscreen
  6
CONTINUOUS
100
AcDbLine
 10
137.9246750000000077
 20
-95.4417660000000012
 30
0
 11
137.9269349999999861
 21
-95.4431879999999921
 31
0
  0
LINE
  5
38
330
22
100
AcDbEntity
  8
B.Silkscreen
  6
CONTINUOUS
100
AcDbLine
 10
137.9269349999999861
 20
-95.4431879999999921
 30
0
 11
137.9282340000000033
 21
-95.4446859999999901
 31
0
  0
LINE
  5
39
330
22
100
AcDbEntity
  8
B.Silkscreen
  6
CONTINUOUS
100
AcDbLine
 10
137.9282340000000033
 20
-95.4446859999999901
 30
0
 11
137.9339839999999811
 21
-95.4494049999999987
 31
0
  0
LINE
  5
3A
330
22
100
AcDbEntity
  8
B.Silkscreen
  6
CONTINUOUS
100
AcDbLine
 10
137.9339839999999811
 20
-95.4494049999999987
 30
0
 11
137.9816030000000069
 21
-95.4970239999999961
 31
0
  0
LINE
  5
3B
330
22
100
AcDbEntity
  8
B.Silkscreen
  6
CONTINUOUS
100
AcDbLine
 10
137.9816030000000069
 20
-95.4970239999999961
 30
0
 11
137.9909299999999917
 21
-95.508388999999994
 31
0
  0
LINE
  5
3C
330
22
100
AcDbEntity
  8
B.Silkscreen
  6
CONTINUOUS
100
AcDbLine
 10
137.9909299999999917
 20
-95.508388999999994
 30
0
 11
138.0021289999999965
 21
-95.5354249999999894
 31
0
  0
LINE
  5
3D
330
22
100
AcDbEntity
  8
B.Silkscreen
  6
CONTINUOUS
100
AcDbLine
 10
138.0021289999999965
 20
-95.5354249999999894
 30
0
 11
138.0021289999999965
 21
-95.5646879999999896
 31
0
  0
LINE
  5
3E
330
22
100
AcDbEntity
  8
B.Silkscreen
  6
CONTINUOUS
100
AcDbLine
 10
138.0021289999999965
 20
-95.5646879999999896
 30
0
 11
137.9909299999999917
 21
-95.5917239999999993
 31
0
  0
LINE
  5
3F
330
22
100
AcDbEntity
  8
B.Silkscreen
  6
CONTINUOUS
100
AcDbLine
 10
137.9909299999999917
 20
-95.5917239999999993
 30
0
 11
137.9702369999999974
 21
-95.6124169999999935
 31
0
  0
LINE
  5
40
330
22
100
AcDbEntity
  8
B.Silkscreen
  6
CONTINUOUS
100
AcDbLine
 10
137.9702369999999974
 20
-95.6124169999999935
 30
0
 11
137.9432009999999877
 21
-95.6236159999999984
 31
0
  0
LINE
  5
41
330
22
100
AcDbEntity
  8
B.Silkscreen
  6
CONTINUOUS
100
AcDbLine
 10
137.9432009999999877
 20
-95.6236159999999984
 30
0
 11
137.9139380000000017
 21
-95.6236159999999984
 31
0
  0
LINE
  5
42
330
22
100
AcDbEntity
  8
B.Silkscreen
  6
CONTINUOUS
100
AcDbLine
 10
137.9139380000000017
 20
-95.6236159999999984
 30
0
 11
137.8869019999999921
 21
-95.6124169999999935
 31
0
  0
LINE
  5
43
330
22
100
AcDbEntity
  8
B.Silkscreen
  6
CONTINUOUS
100
AcDbLine
 10
137.8869019999999921
 20
-95.6124169999999935
 30
0
 11
137.87553699999998
 21
-95.6030899999999946
 31
0
  0
LINE
  5
44
330
22
100
AcDbEntity
  8
B.Silkscreen
  6
CONTINUOUS
100
AcDbLine
 10
137.87553699999998
 20
-95.6030899999999946
 30
0
 11
137.8365239999999972
 21
-95.5640769999999975
 31
0
  0
LINE
  5
45
330
22
100
AcDbEntity
  8
B.Silkscreen
  6
CONTINUOUS
100
AcDbLine
 10
137.8365239999999972
 20
-95.5640769999999975
 30
0
 11
137.7680079999999805
 21
-95.5298189999999892
 31
0
  0
LINE
  5
46
330
22
100
AcDbEntity
  8
B.Silkscreen
  6
CONTINUOUS
100
AcDbLine
 10
137.7680079999999805
 20
-95.5298189999999892
 30
0
 11
137.5653230000000065
 21
-95.5298189999999892
 31
0
  0
LINE
  5
47
330
22
100
AcDbEntity
  8
B.Silkscreen
  6
CONTINUOUS
100
AcDbLine
 10
137.5653230000000065
 20
-95.5298189999999892
 30
0
 11
137.4968069999999898
 21
-95.5640769999999975
 31
0
  0
LINE
  5
48
330
22
100
AcDbEntity
  8
B.Silkscreen
  6
CONTINUOUS
100
AcDbLine
 10
137.4968069999999898
 20
-95.5640769999999975
 30
0
 11
137.466399999999993
 21
-95.5944839999999942
 31
0
  0
LINE
  5
49
330
22
100
AcDbEntity
  8
B.Silkscreen
  6
CONTINUOUS
100
AcDbLine
 10
137.466399999999993
 20
-95.5944839999999942
 30
0
 11
137.4321419999999989
 21
-95.6629999999999967
 31
0
  0
LINE
  5
4A
330
22
100
AcDbEntity
  8
B.Silkscreen
  6
CONTINUOUS
100
AcDbLine
 10
137.4321419999999989
 20
-95.6629999999999967
 30
0
 11
137.4321419999999989
 21
-95.72836199999999
 31
0
  0
LINE
  5
4B
330
22
100
AcDbEntity
  8
B.Silkscreen
  6
CONTINUOUS
100
AcDbLine
 10
137.4321419999999989
 20
-95.72836199999999
 30
0
 11
137.4703130000000044
 21
-95.8428759999999897
 31
0
  0
LINE
  5
4C
330
22
100
AcDbEntity
  8
B.Silkscreen
  6
CONTINUOUS
100
AcDbLine
 10
137.4703130000000044
 20
-95.8428759999999897
 30
0
 11
138.0292220000000043
 21
-96.4017860000000013
 31
0
  0
LINE
  5
4D
330
22
100
AcDbEntity
  8
B.Silkscreen
  6
CONTINUOUS
100
AcDbLine
 10
138.0292220000000043
 20
-96.4017860000000013
 30
0
 11
138.0385499999999865
 21
-96.4131509999999992
 31
0
  0
LINE
  5
4E
330
22
100
AcDbEntity
  8
B.Silkscreen
  6
CONTINUOUS
100
AcDbLine
 10
138.0385499999999865
 20
-96.4131509999999992
 30
0
 11
138.0497479999999939
 21
-96.440187999999992
 31
0
  0
LINE
  5
4F
330
22
100
AcDbEntity
  8
B.Silkscreen
  6
CONTINUOUS
100
AcDbLine
 10
138.0497479999999939
 20
-96.440187999999992
 30
0
 11
138.0497479999999939
 21
-96.4694509999999923
 31
0
  0
LINE
  5
50
330
22
100
AcDbEntity
  8
B.Silkscreen
  6
CONTINUOUS
100
AcDbLine
 10
138.0497479999999939
 20
-96.4694509999999923
 30
0
 11
138.0385489999999891
 21
-96.4964870000000019
 31
0
  0
LINE
  5
51
330
22
100
AcDbEntity
  8
B.Silkscreen
  6
CONTINUOUS
100
AcDbLine
 10
138.0385489999999891
 20
-96.4964870000000019
 30
0
 11
138.0178569999999922
 21
-96.5171799999999962
 31
0
  0
LINE
  5
52
330
22
100
AcDbEntity
  8
B.Silkscreen
  6
CONTINUOUS
100
AcDbLine
 10
138.0178569999999922
 20
-96.5171799999999962
 30
0
 11
137.9987390000000005
 21
-96.5250979999999998
 31
0
  0
LINE
  5
53
330
22
100
AcDbEntity
  8
B.Silkscreen
  6
CONTINUOUS
100
AcDbLine
 10
137.9987390000000005
 20
-96.5250979999999998
 30
0
 11
137.9908209999999826
 21
-96.5283779999999894
 31
0
  0
LINE
  5
54
330
22
100
AcDbEntity
  8
B.Silkscreen
  6
CONTINUOUS
100
AcDbLine
 10
137.9908209999999826
 20
-96.5283779999999894
 30
0
 11
137.9761890000000051
 21
-96.5298189999999892
 31
0
  0
LINE
  5
55
330
22
100
AcDbEntity
  8
B.Silkscreen
  6
CONTINUOUS
100
AcDbLine
 10
137.9761890000000051
 20
-96.5298189999999892
 30
0
 11
137.3571419999999819
 21
-96.5298189999999892
 31
0
  0
LINE
  5
56
330
22
100
AcDbEntity
  8
B.Silkscreen
  6
CONTINUOUS
100
AcDbLine
 10
137.3571419999999819
 20
-96.5298189999999892
 30
0
 11
137.3425100000000043
 21
-96.5283779999999894
 31
0
  0
LINE
  5
57
330
22
100
AcDbEntity
  8
B.Silkscreen
  6
CONTINUOUS
100
AcDbLine
 10
137.3425100000000043
 20
-96.5283779999999894
 30
0
 11
137.3154739999999947
 21
-96.5171789999999987
 31
0
  0
LINE
  5
58
330
22
100
AcDbEntity
  8
B.Silkscreen
  6
CONTINUOUS
100
AcDbLine
 10
137.3154739999999947
 20
-96.5171789999999987
 30
0
 11
137.2947819999999979
 21
-96.4964870000000019
 31
0
  0
LINE
  5
59
330
22
100
AcDbEntity
  8
B.Silkscreen
  6
CONTINUOUS
100
AcDbLine
 10
137.2947819999999979
 20
-96.4964870000000019
 30
0
 11
137.283582999999993
 21
-96.4694509999999923
 31
0
  0
LINE
  5
5A
330
22
100
AcDbEntity
  8
B.Silkscreen
  6
CONTINUOUS
100
AcDbLine
 10
137.283582999999993
 20
-96.4694509999999923
 30
0
 11
137.283582999999993
 21
-96.4401869999999946
 31
0
  0
LINE
  5
5B
330
22
100
AcDbEntity
  8
B.Silkscreen
  6
CONTINUOUS
100
AcDbLine
 10
137.283582999999993
 20
-96.4401869999999946
 30
0
 11
137.2947819999999979
 21
-96.4131509999999992
 31
0
  0
LINE
  5
5C
330
22
100
AcDbEntity
  8
B.Silkscreen
  6
CONTINUOUS
100
AcDbLine
 10
137.2947819999999979
 20
-96.4131509999999992
 30
0
 11
137.3154739999999947
 21
-96.3924590000000023
 31
0
  0
LINE
  5
5D
330
22
100
AcDbEntity
  8
B.Silkscreen
  6
CONTINUOUS
100
AcDbLine
 10
137.3154739999999947
 20
-96.3924590000000023
 30
0
 11
137.3425100000000043
 21
-96.3812599999999975
 31
0
  0
LINE
  5
5E
330
22
100
AcDbEntity
  8
B.Silkscreen
  6
CONTINUOUS
100
AcDbLine
 10
137.3425100000000043
 20
-96.3812599999999975
 30
0
 11
137.3571419999999819
 21
-96.3798189999999977
 31
0
  0
LINE
  5
5F
330
22
100
AcDbEntity
  8
B.Silkscreen
  6
CONTINUOUS
100
AcDbLine
 10
137.3571419999999819
 20
-96.3798189999999977
 30
0
 11
137.7951229999999896
 21
-96.3798189999999977
 31
0
  0
LINE
  5
60
330
22
100
AcDbEntity
  8
B.Silkscreen
  6
CONTINUOUS
100
AcDbLine
 10
137.7951229999999896
 20
-96.3798189999999977
 30
0
 11
137.3517279999999801
 21
-95.9364229999999907
 31
0
  0
LINE
  5
61
330
22
100
AcDbEntity
  8
B.Silkscreen
  6
CONTINUOUS
100
AcDbLine
 10
137.3517279999999801
 20
-95.9364229999999907
 30
0
 11
137.3424009999999953
 21
-95.9250579999999928
 31
0
  0
LINE
  5
62
330
22
100
AcDbEntity
  8
B.Silkscreen
  6
CONTINUOUS
100
AcDbLine
 10
137.3424009999999953
 20
-95.9250579999999928
 30
0
 11
137.341368999999986
 21
-95.9225670000000008
 31
0
  0
LINE
  5
63
330
22
100
AcDbEntity
  8
B.Silkscreen
  6
CONTINUOUS
100
AcDbLine
 10
137.341368999999986
 20
-95.9225670000000008
 30
0
 11
137.33960399999998
 21
-95.9205319999999944
 31
0
  0
LINE
  5
64
330
22
100
AcDbEntity
  8
B.Silkscreen
  6
CONTINUOUS
100
AcDbLine
 10
137.33960399999998
 20
-95.9205319999999944
 30
0
 11
137.3336099999999931
 21
-95.9071069999999963
 31
0
  0
LINE
  5
65
330
22
100
AcDbEntity
  8
B.Silkscreen
  6
CONTINUOUS
100
AcDbLine
 10
137.3336099999999931
 20
-95.9071069999999963
 30
0
 11
137.2859909999999957
 21
-95.7642499999999899
 31
0
  0
LINE
  5
66
330
22
100
AcDbEntity
  8
B.Silkscreen
  6
CONTINUOUS
100
AcDbLine
 10
137.2859909999999957
 20
-95.7642499999999899
 30
0
 11
137.2843409999999835
 21
-95.7569960000000009
 31
0
  0
LINE
  5
67
330
22
100
AcDbEntity
  8
B.Silkscreen
  6
CONTINUOUS
100
AcDbLine
 10
137.2843409999999835
 20
-95.7569960000000009
 30
0
 11
137.283582999999993
 21
-95.755164999999991
 31
0
  0
LINE
  5
68
330
22
100
AcDbEntity
  8
B.Silkscreen
  6
CONTINUOUS
100
AcDbLine
 10
137.283582999999993
 20
-95.755164999999991
 30
0
 11
137.2833210000000008
 21
-95.7525100000000009
 31
0
  0
LINE
  5
69
330
22
100
AcDbEntity
  8
B.Silkscreen
  6
CONTINUOUS
100
AcDbLine
 10
137.2833210000000008
 20
-95.7525100000000009
 30
0
 11
137.2827309999999841
 21
-95.7499129999999923
 31
0
  0
LINE
  5
6A
330
22
100
AcDbEntity
  8
B.Silkscreen
  6
CONTINUOUS
100
AcDbLine
 10
137.2827309999999841
 20
-95.7499129999999923
 30
0
 11
137.2828710000000001
 21
-95.7479379999999907
 31
0
  0
LINE
  5
6B
330
22
100
AcDbEntity
  8
B.Silkscreen
  6
CONTINUOUS
100
AcDbLine
 10
137.2828710000000001
 20
-95.7479379999999907
 30
0
 11
137.2821419999999932
 21
-95.7405329999999992
 31
0
  0
LINE
  5
6C
330
22
100
AcDbEntity
  8
B.Silkscreen
  6
CONTINUOUS
100
AcDbLine
 10
137.2821419999999932
 20
-95.7405329999999992
 30
0
 11
137.2821419999999932
 21
-95.6452949999999902
 31
0
  0
LINE
  5
6D
330
22
100
AcDbEntity
  8
B.Silkscreen
  6
CONTINUOUS
100
AcDbLine
 10
137.2821419999999932
 20
-95.6452949999999902
 30
0
 11
137.283582999999993
 21
-95.6306629999999984
 31
0
  0
LINE
  5
6E
330
22
100
AcDbEntity
  8
B.Silkscreen
  6
CONTINUOUS
100
AcDbLine
 10
137.283582999999993
 20
-95.6306629999999984
 30
0
 11
137.2846140000000048
 21
-95.6281729999999897
 31
0
  0
LINE
  5
6F
330
22
100
AcDbEntity
  8
B.Silkscreen
  6
CONTINUOUS
100
AcDbLine
 10
137.2846140000000048
 20
-95.6281729999999897
 30
0
 11
137.2848050000000057
 21
-95.6254859999999951
 31
0
  0
LINE
  5
70
330
22
100
AcDbEntity
  8
B.Silkscreen
  6
CONTINUOUS
100
AcDbLine
 10
137.2848050000000057
 20
-95.6254859999999951
 30
0
 11
137.2900599999999827
 21
-95.6117539999999906
 31
0
  0
LINE
  5
71
330
22
100
AcDbEntity
  8
B.Silkscreen
  6
CONTINUOUS
100
AcDbLine
 10
137.2900599999999827
 20
-95.6117539999999906
 30
0
 11
137.3376789999999801
 21
-95.5165159999999958
 31
0
  0
LINE
  5
72
330
22
100
AcDbEntity
  8
B.Silkscreen
  6
CONTINUOUS
100
AcDbLine
 10
137.3376789999999801
 20
-95.5165159999999958
 30
0
 11
137.3416430000000048
 21
-95.5102159999999998
 31
0
  0
LINE
  5
73
330
22
100
AcDbEntity
  8
B.Silkscreen
  6
CONTINUOUS
100
AcDbLine
 10
137.3416430000000048
 20
-95.5102159999999998
 30
0
 11
137.3424009999999953
 21
-95.508388999999994
 31
0
  0
LINE
  5
74
330
22
100
AcDbEntity
  8
B.Silkscreen
  6
CONTINUOUS
100
AcDbLine
 10
137.3424009999999953
 20
-95.508388999999994
 30
0
 11
137.3440889999999968
 21
-95.5063320000000004
 31
0
  0
LINE
  5
75
330
22
100
AcDbEntity
  8
B.Silkscreen
  6
CONTINUOUS
100
AcDbLine
 10
137.3440889999999968
 20
-95.5063320000000004
 30
0
 11
137.3455109999999877
 21
-95.5040729999999911
 31
0
  0
LINE
  5
76
330
22
100
AcDbEntity
  8
B.Silkscreen
  6
CONTINUOUS
100
AcDbLine
 10
137.3455109999999877
 20
-95.5040729999999911
 30
0
 11
137.3470089999999857
 21
-95.5027729999999906
 31
0
  0
LINE
  5
77
330
22
100
AcDbEntity
  8
B.Silkscreen
  6
CONTINUOUS
100
AcDbLine
 10
137.3470089999999857
 20
-95.5027729999999906
 30
0
 11
137.3517279999999801
 21
-95.4970239999999961
 31
0
  0
LINE
  5
78
330
22
100
AcDbEntity
  8
B.Silkscreen
  6
CONTINUOUS
100
AcDbLine
 10
137.3517279999999801
 20
-95.4970239999999961
 30
0
 11
137.3993470000000059
 21
-95.4494049999999987
 31
0
  0
LINE
  5
79
330
22
100
AcDbEntity
  8
B.Silkscreen
  6
CONTINUOUS
100
AcDbLine
 10
137.3993470000000059
 20
-95.4494049999999987
 30
0
 11
137.4050959999999861
 21
-95.4446859999999901
 31
0
  0
LINE
  5
7A
330
22
100
AcDbEntity
  8
B.Silkscreen
  6
CONTINUOUS
100
AcDbLine
 10
137.4050959999999861
 20
-95.4446859999999901
 30
0
 11
137.4063960000000009
 21
-95.4431879999999921
 31
0
  0
LINE
  5
7B
330
22
100
AcDbEntity
  8
B.Silkscreen
  6
CONTINUOUS
100
AcDbLine
 10
137.4063960000000009
 20
-95.4431879999999921
 30
0
 11
137.4086549999999818
 21
-95.4417660000000012
 31
0
  0
LINE
  5
7C
330
22
100
AcDbEntity
  8
B.Silkscreen
  6
CONTINUOUS
100
AcDbLine
 10
137.4086549999999818
 20
-95.4417660000000012
 30
0
 11
137.4107119999999895
 21
-95.4400779999999997
 31
0
  0
LINE
  5
7D
330
22
100
AcDbEntity
  8
B.Silkscreen
  6
CONTINUOUS
100
AcDbLine
 10
137.4107119999999895
 20
-95.4400779999999997
 30
0
 11
137.4125389999999811
 21
-95.439319999999995
 31
0
  0
LINE
  5
7E
330
22
100
AcDbEntity
  8
B.Silkscreen
  6
CONTINUOUS
100
AcDbLine
 10
137.4125389999999811
 20
-95.439319999999995
 30
0
 11
137.4188389999999913
 21
-95.4353559999999987
 31
0
  0
LINE
  5
7F
330
22
100
AcDbEntity
  8
B.Silkscreen
  6
CONTINUOUS
100
AcDbLine
 10
137.4188389999999913
 20
-95.4353559999999987
 30
0
 11
137.5140769999999861
 21
-95.3877370000000013
 31
0
  0
LINE
  5
80
330
22
100
AcDbEntity
  8
B.Silkscreen
  6
CONTINUOUS
100
AcDbLine
 10
137.5140769999999861
 20
-95.3877370000000013
 30
0
 11
137.5278079999999932
 21
-95.382481999999996
 31
0
  0
LINE
  5
81
330
22
100
AcDbEntity
  8
B.Silkscreen
  6
CONTINUOUS
100
AcDbLine
 10
137.5278079999999932
 20
-95.382481999999996
 30
0
 11
137.5304969999999969
 21
-95.3822899999999976
 31
0
  0
LINE
  5
82
330
22
100
AcDbEntity
  8
B.Silkscreen
  6
CONTINUOUS
100
AcDbLine
 10
137.5304969999999969
 20
-95.3822899999999976
 30
0
 11
137.532985999999994
 21
-95.3812599999999975
 31
0
  0
LINE
  5
83
330
22
100
AcDbEntity
  8
B.Silkscreen
  6
CONTINUOUS
100
AcDbLine
 10
137.532985999999994
 20
-95.3812599999999975
 30
0
 11
137.5476179999999999
 21
-95.3798189999999977
 31
0
  0
LINE
  5
84
330
22
100
AcDbEntity
  8
B.Silkscreen
  6
CONTINUOUS
100
AcDbLine
 10
137.5476179999999999
 20
-95.3798189999999977
 30
0
 11
137.785712999999987
 21
-95.3798189999999977
 31
0
  0
LINE
  5
85
330
22
100
AcDbEntity
  8
B.Silkscreen
  6
CONTINUOUS
100
AcDbLine
 10
137.785712999999987
 20
-95.3798189999999977
 30
0
 11
137.800344999999993
 21
-95.3812599999999975
 31
0
  0
LINE
  5
86
330
22
100
AcDbEntity
  8
B.Silkscreen
  6
CONTINUOUS
100
AcDbLine
 10
138.7527259999999956
 20
-95.3812599999999975
 30
0
 11
138.7552149999999926
 21
-95.3822909999999951
 31
0
  0
LINE
  5
87
330
22
100
AcDbEntity
  8
B.Silkscreen
  6
CONTINUOUS
100
AcDbLine
 10
138.7552149999999926
 20
-95.3822909999999951
 30
0
 11
138.7579029999999989
 21
-95.382481999999996
 31
0
  0
LINE
  5
88
330
22
100
AcDbEntity
  8
B.Silkscreen
  6
CONTINUOUS
100
AcDbLine
 10
138.7579029999999989
 20
-95.382481999999996
 30
0
 11
138.7716350000000034
 21
-95.3877370000000013
 31
0
  0
LINE
  5
89
330
22
100
AcDbEntity
  8
B.Silkscreen
  6
CONTINUOUS
100
AcDbLine
 10
138.7716350000000034
 20
-95.3877370000000013
 30
0
 11
138.8668729999999982
 21
-95.4353559999999987
 31
0
  0
LINE
  5
8A
330
22
100
AcDbEntity
  8
B.Silkscreen
  6
CONTINUOUS
100
AcDbLine
 10
138.8668729999999982
 20
-95.4353559999999987
 30
0
 11
138.8731719999999825
 21
-95.439319999999995
 31
0
  0
LINE
  5
8B
330
22
100
AcDbEntity
  8
B.Silkscreen
  6
CONTINUOUS
100
AcDbLine
 10
138.8731719999999825
 20
-95.439319999999995
 30
0
 11
138.875
 21
-95.4400779999999997
 31
0
  0
LINE
  5
8C
330
22
100
AcDbEntity
  8
B.Silkscreen
  6
CONTINUOUS
100
AcDbLine
 10
138.875
 20
-95.4400779999999997
 30
0
 11
138.8770559999999819
 21
-95.4417660000000012
 31
0
  0
LINE
  5
8D
330
22
100
AcDbEntity
  8
B.Silkscreen
  6
CONTINUOUS
100
AcDbLine
 10
138.8770559999999819
 20
-95.4417660000000012
 30
0
 11
138.8793159999999887
 21
-95.4431879999999921
 31
0
  0
LINE
  5
8E
330
22
100
AcDbEntity
  8
B.Silkscreen
  6
CONTINUOUS
100
AcDbLine
 10
138.8793159999999887
 20
-95.4431879999999921
 30
0
 11
138.8806150000000059
 21
-95.4446859999999901
 31
0
  0
LINE
  5
8F
330
22
100
AcDbEntity
  8
B.Silkscreen
  6
CONTINUOUS
100
AcDbLine
 10
138.8806150000000059
 20
-95.4446859999999901
 30
0
 11
138.8863649999999836
 21
-95.4494049999999987
 31
0
  0
LINE
  5
90
330
22
100
AcDbEntity
  8
B.Silkscreen
  6
CONTINUOUS
100
AcDbLine
 10
138.8863649999999836
 20
-95.4494049999999987
 30
0
 11
138.9339839999999811
 21
-95.4970239999999961
 31
0
  0
LINE
  5
91
330
22
100
AcDbEntity
  8
B.Silkscreen
  6
CONTINUOUS
100
AcDbLine
 10
138.9339839999999811
 20
-95.4970239999999961
 30
0
 11
138.9433109999999942
 21
-95.508388999999994
 31
0
  0
LINE
  5
92
330
22
100
AcDbEntity
  8
B.Silkscreen
  6
CONTINUOUS
100
AcDbLine
 10
138.9433109999999942
 20
-95.508388999999994
 30
0
 11
138.9545099999999991
 21
-95.5354249999999894
 31
0
  0
LINE
  5
93
330
22
100
AcDbEntity
  8
B.Silkscreen
  6
CONTINUOUS
100
AcDbLine
 10
138.9545099999999991
 20
-95.5354249999999894
 30
0
 11
138.9545099999999991
 21
-95.5646879999999896
 31
0
  0
LINE
  5
94
330
22
100
AcDbEntity
  8
B.Silkscreen
  6
CONTINUOUS
100
AcDbLine
 10
138.9545099999999991
 20
-95.5646879999999896
 30
0
 11
138.9433109999999942
 21
-95.5917239999999993
 31
0
  0
LINE
  5
95
330
22
100
AcDbEntity
  8
B.Silkscreen
  6
CONTINUOUS
100
AcDbLine
 10
138.9433109999999942
 20
-95.5917239999999993
 30
0
 11
138.9226179999999999
 21
-95.6124169999999935
 31
0
  0
LINE
  5
96
330
22
100
AcDbEntity
  8
B.Silkscreen
  6
CONTINUOUS
100
AcDbLine
 10
138.9226179999999999
 20
-95.6124169999999935
 30
0
 11
138.8955819999999903
 21
-95.6236159999999984
 31
0
  0
LINE
  5
97
330
22
100
AcDbEntity
  8
B.Silkscreen
  6
CONTINUOUS
100
AcDbLine
 10
138.8955819999999903
 20
-95.6236159999999984
 30
0
 11
138.8663190000000043
 21
-95.6236159999999984
 31
0
  0
LINE
  5
98
330
22
100
AcDbEntity
  8
B.Silkscreen
  6
CONTINUOUS
100
AcDbLine
 10
138.8663190000000043
 20
-95.6236159999999984
 30
0
 11
138.8392829999999947
 21
-95.6124169999999935
 31
0
  0
LINE
  5
99
330
22
100
AcDbEntity
  8
B.Silkscreen
  6
CONTINUOUS
100
AcDbLine
 10
138.8392829999999947
 20
-95.6124169999999935
 30
0
 11
138.8279179999999826
 21
-95.6030899999999946
 31
0
  0
LINE
  5
9A
330
22
100
AcDbEntity
  8
B.Silkscreen
  6
CONTINUOUS
100
AcDbLine
 10
138.8279179999999826
 20
-95.6030899999999946
 30
0
 11
138.7889049999999997
 21
-95.5640769999999975
 31
0
  0
LINE
  5
9B
330
22
100
AcDbEntity
  8
B.Silkscreen
  6
CONTINUOUS
100
AcDbLine
 10
138.7889049999999997
 20
-95.5640769999999975
 30
0
 11
138.7203889999999831
 21
-95.5298189999999892
 31
0
  0
LINE
  5
9C
330
22
100
AcDbEntity
  8
B.Silkscreen
  6
CONTINUOUS
100
AcDbLine
 10
138.7203889999999831
 20
-95.5298189999999892
 30
0
 11
138.5177039999999806
 21
-95.5298189999999892
 31
0
  0
LINE
  5
9D
330
22
100
AcDbEntity
  8
B.Silkscreen
  6
CONTINUOUS
100
AcDbLine
 10
138.5177039999999806
 20
-95.5298189999999892
 30
0
 11
138.4491879999999924
 21
-95.5640769999999975
 31
0
  0
LINE
  5
9E
330
22
100
AcDbEntity
  8
B.Silkscreen
  6
CONTINUOUS
100
AcDbLine
 10
138.4491879999999924
 20
-95.5640769999999975
 30
0
 11
138.4187809999999956
 21
-95.5944839999999942
 31
0
  0
LINE
  5
9F
330
22
100
AcDbEntity
  8
B.Silkscreen
  6
CONTINUOUS
100
AcDbLine
 10
138.4187809999999956
 20
-95.5944839999999942
 30
0
 11
138.3845230000000015
 21
-95.6629999999999967
 31
0
  0
LINE
  5
A0
330
22
100
AcDbEntity
  8
B.Silkscreen
  6
CONTINUOUS
100
AcDbLine
 10
138.3845230000000015
 20
-95.6629999999999967
 30
0
 11
138.3845230000000015
 21
-95.72836199999999
 31
0
  0
LINE
  5
A1
330
22
100
AcDbEntity
  8
B.Silkscreen
  6
CONTINUOUS
100
AcDbLine
 10
138.3845230000000015
 20
-95.72836199999999
 30
0
 11
138.422694000000007
 21
-95.8428759999999897
 31
0
  0
LINE
  5
A2
330
22
100
AcDbEntity
  8
B.Silkscreen
  6
CONTINUOUS
100
AcDbLine
 10
138.422694000000007
 20
-95.8428759999999897
 30
0
 11
138.9816030000000069
 21
-96.4017860000000013
 31
0
  0
LINE
  5
A3
330
22
100
AcDbEntity
  8
B.Silkscreen
  6
CONTINUOUS
100
AcDbLine
 10
138.9816030000000069
 20
-96.4017860000000013
 30
0
 11
138.9909309999999891
 21
-96.4131509999999992
 31
0
  0
LINE
  5
A4
330
22
100
AcDbEntity
  8
B.Silkscreen
  6
CONTINUOUS
100
AcDbLine
 10
138.9909309999999891
 20
-96.4131509999999992
 30
0
 11
139.0021289999999965
 21
-96.440187999999992
 31
0
  0
LINE
  5
A5
330
22
100
AcDbEntity
  8
B.Silkscreen
  6
CONTINUOUS
100
AcDbLine
 10
139.0021289999999965
 20
-96.440187999999992
 30
0
 11
139.0021289999999965
 21
-96.4694509999999923
 31
0
  0
LINE
  5
A6
330
22
100
AcDbEntity
  8
B.Silkscreen
  6
CONTINUOUS
100
AcDbLine
 10
139.0021289999999965
 20
-96.4694509999999923
 30
0
 11
138.9909299999999917
 21
-96.4964870000000019
 31
0
  0
LINE
  5
A7
330
22
100
AcDbEntity
  8
B.Silkscreen
  6
CONTINUOUS
100
AcDbLine
 10
138.9909299999999917
 20
-96.4964870000000019
 30
0
 11
138.9702379999999948
 21
-96.5171799999999962
 31
0
  0
LINE
  5
A8
330
22
100
AcDbEntity
  8
B.Silkscreen
  6
CONTINUOUS
100
AcDbLine
 10
138.9702379999999948
 20
-96.5171799999999962
 30
0
 11
138.9511200000000031
 21
-96.5250979999999998
 31
0
  0
LINE
  5
A9
330
22
100
AcDbEntity
  8
B.Silkscreen
  6
CONTINUOUS
100
AcDbLine
 10
138.9511200000000031
 20
-96.5250979999999998
 30
0
 11
138.9432019999999852
 21
-96.5283779999999894
 31
0
  0
LINE
  5
AA
330
22
100
AcDbEntity
  8
B.Silkscreen
  6
CONTINUOUS
100
AcDbLine
 10
138.9432019999999852
 20
-96.5283779999999894
 30
0
 11
138.9285700000000077
 21
-96.5298189999999892
 31
0
  0
LINE
  5
AB
330
22
100
AcDbEntity
  8
B.Silkscreen
  6
CONTINUOUS
100
AcDbLine
 10
138.9285700000000077
 20
-96.5298189999999892
 30
0
 11
138.3095229999999844
 21
-96.5298189999999892
 31
0
  0
LINE
  5
AC
330
22
100
AcDbEntity
  8
B.Silkscreen
  6
CONTINUOUS
100
AcDbLine
 10
138.3095229999999844
 20
-96.5298189999999892
 30
0
 11
138.2948910000000069
 21
-96.5283779999999894
 31
0
  0
LINE
  5
AD
330
22
100
AcDbEntity
  8
B.Silkscreen
  6
CONTINUOUS
100
AcDbLine
 10
138.2948910000000069
 20
-96.5283779999999894
 30
0
 11
138.2678549999999973
 21
-96.5171789999999987
 31
0
  0
LINE
  5
AE
330
22
100
AcDbEntity
  8
B.Silkscreen
  6
CONTINUOUS
100
AcDbLine
 10
138.2678549999999973
 20
-96.5171789999999987
 30
0
 11
138.2471630000000005
 21
-96.4964870000000019
 31
0
  0
LINE
  5
AF
330
22
100
AcDbEntity
  8
B.Silkscreen
  6
CONTINUOUS
100
AcDbLine
 10
138.2471630000000005
 20
-96.4964870000000019
 30
0
 11
138.2359639999999956
 21
-96.4694509999999923
 31
0
  0
LINE
  5
B0
330
22
100
AcDbEntity
  8
B.Silkscreen
  6
CONTINUOUS
100
AcDbLine
 10
138.2359639999999956
 20
-96.4694509999999923
 30
0
 11
138.2359639999999956
 21
-96.4401869999999946
 31
0
  0
LINE
  5
B1
330
22
100
AcDbEntity
  8
B.Silkscreen
  6
CONTINUOUS
100
AcDbLine
 10
138.2359639999999956
 20
-96.4401869999999946
 30
0
 11
138.2471630000000005
 21
-96.4131509999999992
 31
0
  0
LINE
  5
B2
330
22
100
AcDbEntity
  8
B.Silkscreen
  6
CONTINUOUS
100
AcDbLine
 10
138.2471630000000005
 20
-96.4131509999999992
 30
0
 11
138.2678549999999973
 21
-96.3924590000000023
 31
0
  0
LINE
  5
B3
330
22
100
AcDbEntity
  8
B.Silkscreen
  6
CONTINUOUS
100
AcDbLine
 10
138.2678549999999973
 20
-96.3924590000000023
 30
0
 11
138.2948910000000069
 21
-96.3812599999999975
 31
0
  0
LINE
  5
B4
330
22
100
AcDbEntity
  8
B.Silkscreen
  6
CONTINUOUS
100
AcDbLine
 10
138.2948910000000069
 20
-96.3812599999999975
 30
0
 11
138.3095229999999844
 21
-96.3798189999999977
 31
0
  0
LINE
  5
B5
330
22
100
AcDbEntity
  8
B.Silkscreen
  6
CONTINUOUS
100
AcDbLine
 10
138.3095229999999844
 20
-96.3798189999999977
 30
0
 11
138.7475039999999922
 21
-96.3798189999999977
 31
0
  0
LINE
  5
B6
330
22
100
AcDbEntity
  8
B.Silkscreen
  6
CONTINUOUS
100
AcDbLine
 10
138.7475039999999922
 20
-96.3798189999999977
 30
0
 11
138.3041089999999826
 21
-95.9364229999999907
 31
0
  0
LINE
  5
B7
330
22
100
AcDbEntity
  8
B.Silkscreen
  6
CONTINUOUS
100
AcDbLine
 10
138.3041089999999826
 20
-95.9364229999999907
 30
0
 11
138.2947819999999979
 21
-95.9250579999999928
 31
0
  0
LINE
  5
B8
330
22
100
AcDbEntity
  8
B.Silkscreen
  6
CONTINUOUS
100
AcDbLine
 10
138.2947819999999979
 20
-95.9250579999999928
 30
0
 11
138.2937499999999886
 21
-95.9225670000000008
 31
0
  0
LINE
  5
B9
330
22
100
AcDbEntity
  8
B.Silkscreen
  6
CONTINUOUS
100
AcDbLine
 10
138.2937499999999886
 20
-95.9225670000000008
 30
0
 11
138.2919849999999826
 21
-95.9205319999999944
 31
0
  0
LINE
  5
BA
330
22
100
AcDbEntity
  8
B.Silkscreen
  6
CONTINUOUS
100
AcDbLine
 10
138.2919849999999826
 20
-95.9205319999999944
 30
0
 11
138.2859909999999957
 21
-95.9071069999999963
 31
0
  0
LINE
  5
BB
330
22
100
AcDbEntity
  8
B.Silkscreen
  6
CONTINUOUS
100
AcDbLine
 10
138.2859909999999957
 20
-95.9071069999999963
 30
0
 11
138.2383719999999983
 21
-95.7642499999999899
 31
0
  0
LINE
  5
BC
330
22
100
AcDbEntity
  8
B.Silkscreen
  6
CONTINUOUS
100
AcDbLine
 10
138.2383719999999983
 20
-95.7642499999999899
 30
0
 11
138.2367219999999861
 21
-95.7569960000000009
 31
0
  0
LINE
  5
BD
330
22
100
AcDbEntity
  8
B.Silkscreen
  6
CONTINUOUS
100
AcDbLine
 10
138.2367219999999861
 20
-95.7569960000000009
 30
0
 11
138.2359639999999956
 21
-95.755164999999991
 31
0
  0
LINE
  5
BE
330
22
100
AcDbEntity
  8
B.Silkscreen
  6
CONTINUOUS
100
AcDbLine
 10
138.2359639999999956
 20
-95.755164999999991
 30
0
 11
138.2357020000000034
 21
-95.7525100000000009
 31
0
  0
LINE
  5
BF
330
22
100
AcDbEntity
  8
B.Silkscreen
  6
CONTINUOUS
100
AcDbLine
 10
138.2357020000000034
 20
-95.7525100000000009
 30
0
 11
138.2351119999999867
 21
-95.7499129999999923
 31
0
  0
LINE
  5
C0
330
22
100
AcDbEntity
  8
B.Silkscreen
  6
CONTINUOUS
100
AcDbLine
 10
138.2351119999999867
 20
-95.7499129999999923
 30
0
 11
138.2352520000000027
 21
-95.7479379999999907
 31
0
  0
LINE
  5
C1
330
22
100
AcDbEntity
  8
B.Silkscreen
  6
CONTINUOUS
100
AcDbLine
 10
138.2352520000000027
 20
-95.7479379999999907
 30
0
 11
138.2345229999999958
 21
-95.7405329999999992
 31
0
  0
LINE
  5
C2
330
22
100
AcDbEntity
  8
B.Silkscreen
  6
CONTINUOUS
100
AcDbLine
 10
138.2345229999999958
 20
-95.7405329999999992
 30
0
 11
138.2345229999999958
 21
-95.6452949999999902
 31
0
  0
LINE
  5
C3
330
22
100
AcDbEntity
  8
B.Silkscreen
  6
CONTINUOUS
100
AcDbLine
 10
138.2345229999999958
 20
-95.6452949999999902
 30
0
 11
138.2359639999999956
 21
-95.6306629999999984
 31
0
  0
LINE
  5
C4
330
22
100
AcDbEntity
  8
B.Silkscreen
  6
CONTINUOUS
100
AcDbLine
 10
138.2359639999999956
 20
-95.6306629999999984
 30
0
 11
138.2369950000000074
 21
-95.6281729999999897
 31
0
  0
LINE
  5
C5
330
22
100
AcDbEntity
  8
B.Silkscreen
  6
CONTINUOUS
100
AcDbLine
 10
138.2369950000000074
 20
-95.6281729999999897
 30
0
 11
138.2371859999999799
 21
-95.6254859999999951
 31
0
  0
LINE
  5
C6
330
22
100
AcDbEntity
  8
B.Silkscreen
  6
CONTINUOUS
100
AcDbLine
 10
138.2371859999999799
 20
-95.6254859999999951
 30
0
 11
138.2424409999999853
 21
-95.6117539999999906
 31
0
  0
LINE
  5
C7
330
22
100
AcDbEntity
  8
B.Silkscreen
  6
CONTINUOUS
100
AcDbLine
 10
138.2424409999999853
 20
-95.6117539999999906
 30
0
 11
138.2900599999999827
 21
-95.5165159999999958
 31
0
  0
LINE
  5
C8
330
22
100
AcDbEntity
  8
B.Silkscreen
  6
CONTINUOUS
100
AcDbLine
 10
138.2900599999999827
 20
-95.5165159999999958
 30
0
 11
138.2940240000000074
 21
-95.5102159999999998
 31
0
  0
LINE
  5
C9
330
22
100
AcDbEntity
  8
B.Silkscreen
  6
CONTINUOUS
100
AcDbLine
 10
138.2940240000000074
 20
-95.5102159999999998
 30
0
 11
138.2947819999999979
 21
-95.508388999999994
 31
0
  0
LINE
  5
CA
330
22
100
AcDbEntity
  8
B.Silkscreen
  6
CONTINUOUS
100
AcDbLine
 10
138.2947819999999979
 20
-95.508388999999994
 30
0
 11
138.2964699999999993
 21
-95.5063320000000004
 31
0
  0
LINE
  5
CB
330
22
100
AcDbEntity
  8
B.Silkscreen
  6
CONTINUOUS
100
AcDbLine
 10
138.2964699999999993
 20
-95.5063320000000004
 30
0
 11
138.2978919999999903
 21
-95.5040729999999911
 31
0
  0
LINE
  5
CC
330
22
100
AcDbEntity
  8
B.Silkscreen
  6
CONTINUOUS
100
AcDbLine
 10
138.2978919999999903
 20
-95.5040729999999911
 30
0
 11
138.2993899999999883
 21
-95.5027729999999906
 31
0
  0
LINE
  5
CD
330
22
100
AcDbEntity
  8
B.Silkscreen
  6
CONTINUOUS
100
AcDbLine
 10
138.2993899999999883
 20
-95.5027729999999906
 30
0
 11
138.3041089999999826
 21
-95.4970239999999961
 31
0
  0
LINE
  5
CE
330
22
100
AcDbEntity
  8
B.Silkscreen
  6
CONTINUOUS
100
AcDbLine
 10
138.3041089999999826
 20
-95.4970239999999961
 30
0
 11
138.3517279999999801
 21
-95.4494049999999987
 31
0
  0
LINE
  5
CF
330
22
100
AcDbEntity
  8
B.Silkscreen
  6
CONTINUOUS
100
AcDbLine
 10
138.3517279999999801
 20
-95.4494049999999987
 30
0
 11
138.3574769999999887
 21
-95.4446859999999901
 31
0
  0
LINE
  5
D0
330
22
100
AcDbEntity
  8
B.Silkscreen
  6
CONTINUOUS
100
AcDbLine
 10
138.3574769999999887
 20
-95.4446859999999901
 30
0
 11
138.3587770000000035
 21
-95.4431879999999921
 31
0
  0
LINE
  5
D1
330
22
100
AcDbEntity
  8
B.Silkscreen
  6
CONTINUOUS
100
AcDbLine
 10
138.3587770000000035
 20
-95.4431879999999921
 30
0
 11
138.3610359999999844
 21
-95.4417660000000012
 31
0
  0
LINE
  5
D2
330
22
100
AcDbEntity
  8
B.Silkscreen
  6
CONTINUOUS
100
AcDbLine
 10
138.3610359999999844
 20
-95.4417660000000012
 30
0
 11
138.3630929999999921
 21
-95.4400779999999997
 31
0
  0
LINE
  5
D3
330
22
100
AcDbEntity
  8
B.Silkscreen
  6
CONTINUOUS
100
AcDbLine
 10
138.3630929999999921
 20
-95.4400779999999997
 30
0
 11
138.3649199999999837
 21
-95.439319999999995
 31
0
  0
LINE
  5
D4
330
22
100
AcDbEntity
  8
B.Silkscreen
  6
CONTINUOUS
100
AcDbLine
 10
138.3649199999999837
 20
-95.439319999999995
 30
0
 11
138.3712199999999939
 21
-95.4353559999999987
 31
0
  0
LINE
  5
D5
330
22
100
AcDbEntity
  8
B.Silkscreen
  6
CONTINUOUS
100
AcDbLine
 10
138.3712199999999939
 20
-95.4353559999999987
 30
0
 11
138.4664579999999887
 21
-95.3877370000000013
 31
0
  0
LINE
  5
D6
330
22
100
AcDbEntity
  8
B.Silkscreen
  6
CONTINUOUS
100
AcDbLine
 10
138.4664579999999887
 20
-95.3877370000000013
 30
0
 11
138.4801889999999958
 21
-95.382481999999996
 31
0
  0
LINE
  5
D7
330
22
100
AcDbEntity
  8
B.Silkscreen
  6
CONTINUOUS
100
AcDbLine
 10
138.4801889999999958
 20
-95.382481999999996
 30
0
 11
138.4828779999999995
 21
-95.3822899999999976
 31
0
  0
LINE
  5
D8
330
22
100
AcDbEntity
  8
B.Silkscreen
  6
CONTINUOUS
100
AcDbLine
 10
138.4828779999999995
 20
-95.3822899999999976
 30
0
 11
138.4853669999999966
 21
-95.3812599999999975
 31
0
  0
LINE
  5
D9
330
22
100
AcDbEntity
  8
B.Silkscreen
  6
CONTINUOUS
100
AcDbLine
 10
138.4853669999999966
 20
-95.3812599999999975
 30
0
 11
138.4999990000000025
 21
-95.3798189999999977
 31
0
  0
LINE
  5
DA
330
22
100
AcDbEntity
  8
B.Silkscreen
  6
CONTINUOUS
100
AcDbLine
 10
138.4999990000000025
 20
-95.3798189999999977
 30
0
 11
138.7380939999999896
 21
-95.3798189999999977
 31
0
  0
LINE
  5
DB
330
22
100
AcDbEntity
  8
B.Silkscreen
  6
CONTINUOUS
100
AcDbLine
 10
138.7380939999999896
 20
-95.3798189999999977
 30
0
 11
138.7527259999999956
 21
-95.3812599999999975
 31
0
  0
LINE
  5
DC
330
22
100
AcDbEntity
  8
B.Silkscreen
  6
CONTINUOUS
100
AcDbLine
 10
139.8479639999999904
 20
-95.3812599999999975
 30
0
 11
139.875
 21
-95.3924590000000023
 31
0
  0
LINE
  5
DD
330
22
100
AcDbEntity
  8
B.Silkscreen
  6
CONTINUOUS
100
AcDbLine
 10
139.875
 20
-95.3924590000000023
 30
0
 11
139.8956919999999968
 21
-95.4131509999999992
 31
0
  0
LINE
  5
DE
330
22
100
AcDbEntity
  8
B.Silkscreen
  6
CONTINUOUS
100
AcDbLine
 10
139.8956919999999968
 20
-95.4131509999999992
 30
0
 11
139.9068910000000017
 21
-95.4401869999999946
 31
0
  0
LINE
  5
DF
330
22
100
AcDbEntity
  8
B.Silkscreen
  6
CONTINUOUS
100
AcDbLine
 10
139.9068910000000017
 20
-95.4401869999999946
 30
0
 11
139.9083320000000015
 21
-95.4548190000000005
 31
0
  0
LINE
  5
E0
330
22
100
AcDbEntity
  8
B.Silkscreen
  6
CONTINUOUS
100
AcDbLine
 10
139.9083320000000015
 20
-95.4548190000000005
 30
0
 11
139.9083320000000015
 21
-96.4548190000000005
 31
0
  0
LINE
  5
E1
330
22
100
AcDbEntity
  8
B.Silkscreen
  6
CONTINUOUS
100
AcDbLine
 10
139.9083320000000015
 20
-96.4548190000000005
 30
0
 11
139.9068910000000017
 21
-96.4694509999999923
 31
0
  0
LINE
  5
E2
330
22
100
AcDbEntity
  8
B.Silkscreen
  6
CONTINUOUS
100
AcDbLine
 10
139.9068910000000017
 20
-96.4694509999999923
 30
0
 11
139.8956919999999968
 21
-96.4964870000000019
 31
0
  0
LINE
  5
E3
330
22
100
AcDbEntity
  8
B.Silkscreen
  6
CONTINUOUS
100
AcDbLine
 10
139.8956919999999968
 20
-96.4964870000000019
 30
0
 11
139.875
 21
-96.5171789999999987
 31
0
  0
LINE
  5
E4
330
22
100
AcDbEntity
  8
B.Silkscreen
  6
CONTINUOUS
100
AcDbLine
 10
139.875
 20
-96.5171789999999987
 30
0
 11
139.8479639999999904
 21
-96.5283779999999894
 31
0
  0
LINE
  5
E5
330
22
100
AcDbEntity
  8
B.Silkscreen
  6
CONTINUOUS
100
AcDbLine
 10
139.8479639999999904
 20
-96.5283779999999894
 30
0
 11
139.8187000000000069
 21
-96.5283779999999894
 31
0
  0
LINE
  5
E6
330
22
100
AcDbEntity
  8
B.Silkscreen
  6
CONTINUOUS
100
AcDbLine
 10
139.8187000000000069
 20
-96.5283779999999894
 30
0
 11
139.7916639999999973
 21
-96.5171789999999987
 31
0
  0
LINE
  5
E7
330
22
100
AcDbEntity
  8
B.Silkscreen
  6
CONTINUOUS
100
AcDbLine
 10
139.7916639999999973
 20
-96.5171789999999987
 30
0
 11
139.7709720000000004
 21
-96.4964870000000019
 31
0
  0
LINE
  5
E8
330
22
100
AcDbEntity
  8
B.Silkscreen
  6
CONTINUOUS
100
AcDbLine
 10
139.7709720000000004
 20
-96.4964870000000019
 30
0
 11
139.7597729999999956
 21
-96.4694509999999923
 31
0
  0
LINE
  5
E9
330
22
100
AcDbEntity
  8
B.Silkscreen
  6
CONTINUOUS
100
AcDbLine
 10
139.7597729999999956
 20
-96.4694509999999923
 30
0
 11
139.7583319999999958
 21
-96.4548190000000005
 31
0
  0
LINE
  5
EA
330
22
100
AcDbEntity
  8
B.Silkscreen
  6
CONTINUOUS
100
AcDbLine
 10
139.7583319999999958
 20
-96.4548190000000005
 30
0
 11
139.7583319999999958
 21
-96.0536279999999891
 31
0
  0
LINE
  5
EB
330
22
100
AcDbEntity
  8
B.Silkscreen
  6
CONTINUOUS
100
AcDbLine
 10
139.7583319999999958
 20
-96.0536279999999891
 30
0
 11
139.4523800000000051
 21
-96.0536279999999891
 31
0
  0
LINE
  5
EC
330
22
100
AcDbEntity
  8
B.Silkscreen
  6
CONTINUOUS
100
AcDbLine
 10
139.4523800000000051
 20
-96.0536279999999891
 30
0
 11
139.4377479999999991
 21
-96.0521869999999893
 31
0
  0
LINE
  5
ED
330
22
100
AcDbEntity
  8
B.Silkscreen
  6
CONTINUOUS
100
AcDbLine
 10
139.4377479999999991
 20
-96.0521869999999893
 30
0
 11
139.4352590000000021
 21
-96.0511559999999918
 31
0
  0
LINE
  5
EE
330
22
100
AcDbEntity
  8
B.Silkscreen
  6
CONTINUOUS
100
AcDbLine
 10
139.4352590000000021
 20
-96.0511559999999918
 30
0
 11
139.4325699999999983
 21
-96.0509649999999908
 31
0
  0
LINE
  5
EF
330
22
100
AcDbEntity
  8
B.Silkscreen
  6
CONTINUOUS
100
AcDbLine
 10
139.4325699999999983
 20
-96.0509649999999908
 30
0
 11
139.4188389999999913
 21
-96.0457099999999997
 31
0
  0
LINE
  5
F0
330
22
100
AcDbEntity
  8
B.Silkscreen
  6
CONTINUOUS
100
AcDbLine
 10
139.4188389999999913
 20
-96.0457099999999997
 30
0
 11
139.3236009999999965
 21
-95.9980910000000023
 31
0
  0
LINE
  5
F1
330
22
100
AcDbEntity
  8
B.Silkscreen
  6
CONTINUOUS
100
AcDbLine
 10
139.3236009999999965
 20
-95.9980910000000023
 30
0
 11
139.3173009999999863
 21
-95.9941259999999943
 31
0
  0
LINE
  5
F2
330
22
100
AcDbEntity
  8
B.Silkscreen
  6
CONTINUOUS
100
AcDbLine
 10
139.3173009999999863
 20
-95.9941259999999943
 30
0
 11
139.3154739999999947
 21
-95.9933690000000013
 31
0
  0
LINE
  5
F3
330
22
100
AcDbEntity
  8
B.Silkscreen
  6
CONTINUOUS
100
AcDbLine
 10
139.3154739999999947
 20
-95.9933690000000013
 30
0
 11
139.313416999999987
 21
-95.9916800000000023
 31
0
  0
LINE
  5
F4
330
22
100
AcDbEntity
  8
B.Silkscreen
  6
CONTINUOUS
100
AcDbLine
 10
139.313416999999987
 20
-95.9916800000000023
 30
0
 11
139.311158000000006
 21
-95.9902589999999947
 31
0
  0
LINE
  5
F5
330
22
100
AcDbEntity
  8
B.Silkscreen
  6
CONTINUOUS
100
AcDbLine
 10
139.311158000000006
 20
-95.9902589999999947
 30
0
 11
139.3098579999999913
 21
-95.9887599999999992
 31
0
  0
LINE
  5
F6
330
22
100
AcDbEntity
  8
B.Silkscreen
  6
CONTINUOUS
100
AcDbLine
 10
139.3098579999999913
 20
-95.9887599999999992
 30
0
 11
139.3041089999999826
 21
-95.9840420000000023
 31
0
  0
LINE
  5
F7
330
22
100
AcDbEntity
  8
B.Silkscreen
  6
CONTINUOUS
100
AcDbLine
 10
139.3041089999999826
 20
-95.9840420000000023
 30
0
 11
139.2564899999999852
 21
-95.9364229999999907
 31
0
  0
LINE
  5
F8
330
22
100
AcDbEntity
  8
B.Silkscreen
  6
CONTINUOUS
100
AcDbLine
 10
139.2564899999999852
 20
-95.9364229999999907
 30
0
 11
139.2517709999999909
 21
-95.9306729999999988
 31
0
  0
LINE
  5
F9
330
22
100
AcDbEntity
  8
B.Silkscreen
  6
CONTINUOUS
100
AcDbLine
 10
139.2517709999999909
 20
-95.9306729999999988
 30
0
 11
139.2502729999999929
 21
-95.9293739999999957
 31
0
  0
LINE
  5
FA
330
22
100
AcDbEntity
  8
B.Silkscreen
  6
CONTINUOUS
100
AcDbLine
 10
139.2502729999999929
 20
-95.9293739999999957
 30
0
 11
139.2488510000000019
 21
-95.9271139999999889
 31
0
  0
LINE
  5
FB
330
22
100
AcDbEntity
  8
B.Silkscreen
  6
CONTINUOUS
100
AcDbLine
 10
139.2488510000000019
 20
-95.9271139999999889
 30
0
 11
139.2471630000000005
 21
-95.9250579999999928
 31
0
  0
LINE
  5
FC
330
22
100
AcDbEntity
  8
B.Silkscreen
  6
CONTINUOUS
100
AcDbLine
 10
139.2471630000000005
 20
-95.9250579999999928
 30
0
 11
139.2464049999999816
 21
-95.9232299999999896
 31
0
  0
LINE
  5
FD
330
22
100
AcDbEntity
  8
B.Silkscreen
  6
CONTINUOUS
100
AcDbLine
 10
139.2464049999999816
 20
-95.9232299999999896
 30
0
 11
139.2424409999999853
 21
-95.9169309999999911
 31
0
  0
LINE
  5
FE
330
22
100
AcDbEntity
  8
B.Silkscreen
  6
CONTINUOUS
100
AcDbLine
 10
139.2424409999999853
 20
-95.9169309999999911
 30
0
 11
139.1948219999999878
 21
-95.8216929999999962
 31
0
  0
LINE
  5
FF
330
22
100
AcDbEntity
  8
B.Silkscreen
  6
CONTINUOUS
100
AcDbLine
 10
139.1948219999999878
 20
-95.8216929999999962
 30
0
 11
139.1895669999999825
 21
-95.8079609999999917
 31
0
  0
LINE
  5
100
330
22
100
AcDbEntity
  8
B.Silkscreen
  6
CONTINUOUS
100
AcDbLine
 10
139.1895669999999825
 20
-95.8079609999999917
 30
0
 11
139.1893759999999816
 21
-95.8052729999999997
 31
0
  0
LINE
  5
101
330
22
100
AcDbEntity
  8
B.Silkscreen
  6
CONTINUOUS
100
AcDbLine
 10
139.1893759999999816
 20
-95.8052729999999997
 30
0
 11
139.1883449999999982
 21
-95.8027840000000026
 31
0
  0
LINE
  5
102
330
22
100
AcDbEntity
  8
B.Silkscreen
  6
CONTINUOUS
100
AcDbLine
 10
139.1883449999999982
 20
-95.8027840000000026
 30
0
 11
139.1869039999999984
 21
-95.7881519999999966
 31
0
  0
LINE
  5
103
330
22
100
AcDbEntity
  8
B.Silkscreen
  6
CONTINUOUS
100
AcDbLine
 10
139.1869039999999984
 20
-95.7881519999999966
 30
0
 11
139.1869039999999984
 21
-95.6452949999999902
 31
0
  0
LINE
  5
104
330
22
100
AcDbEntity
  8
B.Silkscreen
  6
CONTINUOUS
100
AcDbLine
 10
139.1869039999999984
 20
-95.6452949999999902
 30
0
 11
139.1883449999999982
 21
-95.6306629999999984
 31
0
  0
LINE
  5
105
330
22
100
AcDbEntity
  8
B.Silkscreen
  6
CONTINUOUS
100
AcDbLine
 10
139.1883449999999982
 20
-95.6306629999999984
 30
0
 11
139.1893759999999816
 21
-95.6281729999999897
 31
0
  0
LINE
  5
106
330
22
100
AcDbEntity
  8
B.Silkscreen
  6
CONTINUOUS
100
AcDbLine
 10
139.1893759999999816
 20
-95.6281729999999897
 30
0
 11
139.1895669999999825
 21
-95.6254859999999951
 31
0
  0
LINE
  5
107
330
22
100
AcDbEntity
  8
B.Silkscreen
  6
CONTINUOUS
100
AcDbLine
 10
139.1895669999999825
 20
-95.6254859999999951
 30
0
 11
139.1948219999999878
 21
-95.6117539999999906
 31
0
  0
LINE
  5
108
330
22
100
AcDbEntity
  8
B.Silkscreen
  6
CONTINUOUS
100
AcDbLine
 10
139.1948219999999878
 20
-95.6117539999999906
 30
0
 11
139.2424409999999853
 21
-95.5165159999999958
 31
0
  0
LINE
  5
109
330
22
100
AcDbEntity
  8
B.Silkscreen
  6
CONTINUOUS
100
AcDbLine
 10
139.2424409999999853
 20
-95.5165159999999958
 30
0
 11
139.2464049999999816
 21
-95.5102159999999998
 31
0
  0
LINE
  5
10A
330
22
100
AcDbEntity
  8
B.Silkscreen
  6
CONTINUOUS
100
AcDbLine
 10
139.2464049999999816
 20
-95.5102159999999998
 30
0
 11
139.2471630000000005
 21
-95.508388999999994
 31
0
  0
LINE
  5
10B
330
22
100
AcDbEntity
  8
B.Silkscreen
  6
CONTINUOUS
100
AcDbLine
 10
139.2471630000000005
 20
-95.508388999999994
 30
0
 11
139.2488510000000019
 21
-95.5063320000000004
 31
0
  0
LINE
  5
10C
330
22
100
AcDbEntity
  8
B.Silkscreen
  6
CONTINUOUS
100
AcDbLine
 10
139.2488510000000019
 20
-95.5063320000000004
 30
0
 11
139.2502729999999929
 21
-95.5040729999999911
 31
0
  0
LINE
  5
10D
330
22
100
AcDbEntity
  8
B.Silkscreen
  6
CONTINUOUS
100
AcDbLine
 10
139.2502729999999929
 20
-95.5040729999999911
 30
0
 11
139.2517709999999909
 21
-95.5027729999999906
 31
0
  0
LINE
  5
10E
330
22
100
AcDbEntity
  8
B.Silkscreen
  6
CONTINUOUS
100
AcDbLine
 10
139.2517709999999909
 20
-95.5027729999999906
 30
0
 11
139.2564899999999852
 21
-95.4970239999999961
 31
0
  0
LINE
  5
10F
330
22
100
AcDbEntity
  8
B.Silkscreen
  6
CONTINUOUS
100
AcDbLine
 10
139.2564899999999852
 20
-95.4970239999999961
 30
0
 11
139.3041089999999826
 21
-95.4494049999999987
 31
0
  0
LINE
  5
110
330
22
100
AcDbEntity
  8
B.Silkscreen
  6
CONTINUOUS
100
AcDbLine
 10
139.3041089999999826
 20
-95.4494049999999987
 30
0
 11
139.3098579999999913
 21
-95.4446859999999901
 31
0
  0
LINE
  5
111
330
22
100
AcDbEntity
  8
B.Silkscreen
  6
CONTINUOUS
100
AcDbLine
 10
139.3098579999999913
 20
-95.4446859999999901
 30
0
 11
139.311158000000006
 21
-95.4431879999999921
 31
0
  0
LINE
  5
112
330
22
100
AcDbEntity
  8
B.Silkscreen
  6
CONTINUOUS
100
AcDbLine
 10
139.311158000000006
 20
-95.4431879999999921
 30
0
 11
139.313416999999987
 21
-95.4417660000000012
 31
0
  0
LINE
  5
113
330
22
100
AcDbEntity
  8
B.Silkscreen
  6
CONTINUOUS
100
AcDbLine
 10
139.313416999999987
 20
-95.4417660000000012
 30
0
 11
139.3154739999999947
 21
-95.4400779999999997
 31
0
  0
LINE
  5
114
330
22
100
AcDbEntity
  8
B.Silkscreen
  6
CONTINUOUS
100
AcDbLine
 10
139.3154739999999947
 20
-95.4400779999999997
 30
0
 11
139.3173009999999863
 21
-95.439319999999995
 31
0
  0
LINE
  5
115
330
22
100
AcDbEntity
  8
B.Silkscreen
  6
CONTINUOUS
100
AcDbLine
 10
139.3173009999999863
 20
-95.439319999999995
 30
0
 11
139.3236009999999965
 21
-95.4353559999999987
 31
0
  0
LINE
  5
116
330
22
100
AcDbEntity
  8
B.Silkscreen
  6
CONTINUOUS
100
AcDbLine
 10
139.3236009999999965
 20
-95.4353559999999987
 30
0
 11
139.4188389999999913
 21
-95.3877370000000013
 31
0
  0
LINE
  5
117
330
22
100
AcDbEntity
  8
B.Silkscreen
  6
CONTINUOUS
100
AcDbLine
 10
139.4188389999999913
 20
-95.3877370000000013
 30
0
 11
139.4325699999999983
 21
-95.382481999999996
 31
0
  0
LINE
  5
118
330
22
100
AcDbEntity
  8
B.Silkscreen
  6
CONTINUOUS
100
AcDbLine
 10
139.4325699999999983
 20
-95.382481999999996
 30
0
 11
139.4352590000000021
 21
-95.3822899999999976
 31
0
  0
LINE
  5
119
330
22
100
AcDbEntity
  8
B.Silkscreen
  6
CONTINUOUS
100
AcDbLine
 10
139.4352590000000021
 20
-95.3822899999999976
 30
0
 11
139.4377479999999991
 21
-95.3812599999999975
 31
0
  0
LINE
  5
11A
330
22
100
AcDbEntity
  8
B.Silkscreen
  6
CONTINUOUS
100
AcDbLine
 10
139.4377479999999991
 20
-95.3812599999999975
 30
0
 11
139.4523800000000051
 21
-95.3798189999999977
 31
0
  0
LINE
  5
11B
330
22
100
AcDbEntity
  8
B.Silkscreen
  6
CONTINUOUS
100
AcDbLine
 10
139.4523800000000051
 20
-95.3798189999999977
 30
0
 11
139.8333319999999844
 21
-95.3798189999999977
 31
0
  0
LINE
  5
11C
330
22
100
AcDbEntity
  8
B.Silkscreen
  6
CONTINUOUS
100
AcDbLine
 10
139.8333319999999844
 20
-95.3798189999999977
 30
0
 11
139.8479639999999904
 21
-95.3812599999999975
 31
0
  0
LINE
  5
11D
330
22
100
AcDbEntity
  8
B.Silkscreen
  6
CONTINUOUS
100
AcDbLine
 10
139.401568999999995
 20
-95.5640769999999975
 30
0
 11
139.3711619999999982
 21
-95.5944839999999942
 31
0
  0
LINE
  5
11E
330
22
100
AcDbEntity
  8
B.Silkscreen
  6
CONTINUOUS
100
AcDbLine
 10
139.3711619999999982
 20
-95.5944839999999942
 30
0
 11
139.3369040000000041
 21
-95.6629999999999967
 31
0
  0
LINE
  5
11F
330
22
100
AcDbEntity
  8
B.Silkscreen
  6
CONTINUOUS
100
AcDbLine
 10
139.3369040000000041
 20
-95.6629999999999967
 30
0
 11
139.3369040000000041
 21
-95.7704469999999901
 31
0
  0
LINE
  5
120
330
22
100
AcDbEntity
  8
B.Silkscreen
  6
CONTINUOUS
100
AcDbLine
 10
139.3369040000000041
 20
-95.7704469999999901
 30
0
 11
139.3711619999999982
 21
-95.8389629999999926
 31
0
  0
LINE
  5
121
330
22
100
AcDbEntity
  8
B.Silkscreen
  6
CONTINUOUS
100
AcDbLine
 10
139.3711619999999982
 20
-95.8389629999999926
 30
0
 11
139.401568999999995
 21
-95.8693699999999893
 31
0
  0
LINE
  5
122
330
22
100
AcDbEntity
  8
B.Silkscreen
  6
CONTINUOUS
100
AcDbLine
 10
139.401568999999995
 20
-95.8693699999999893
 30
0
 11
139.4700849999999832
 21
-95.9036279999999977
 31
0
  0
LINE
  5
123
330
22
100
AcDbEntity
  8
B.Silkscreen
  6
CONTINUOUS
100
AcDbLine
 10
139.4700849999999832
 20
-95.9036279999999977
 30
0
 11
139.7583319999999958
 21
-95.9036279999999977
 31
0
  0
LINE
  5
124
330
22
100
AcDbEntity
  8
B.Silkscreen
  6
CONTINUOUS
100
AcDbLine
 10
139.7583319999999958
 20
-95.9036279999999977
 30
0
 11
139.7583319999999958
 21
-95.5298189999999892
 31
0
  0
LINE
  5
125
330
22
100
AcDbEntity
  8
B.Silkscreen
  6
CONTINUOUS
100
AcDbLine
 10
139.7583319999999958
 20
-95.5298189999999892
 30
0
 11
139.4700849999999832
 21
-95.5298189999999892
 31
0
  0
LINE
  5
126
330
22
100
AcDbEntity
  8
B.Silkscreen
  6
CONTINUOUS
100
AcDbLine
 10
139.4700849999999832
 20
-95.5298189999999892
 30
0
 11
139.401568999999995
 21
-95.5640769999999975
 31
0
  0
LINE
  5
127
330
22
100
AcDbEntity
  8
B.Silkscreen
  6
CONTINUOUS
100
AcDbLine
 10
140.7527259999999956
 20
-95.3812599999999975
 30
0
 11
140.7797620000000052
 21
-95.3924590000000023
 31
0
  0
LINE
  5
128
330
22
100
AcDbEntity
  8
B.Silkscreen
  6
CONTINUOUS
100
AcDbLine
 10
140.7797620000000052
 20
-95.3924590000000023
 30
0
 11
140.800454000000002
 21
-95.4131509999999992
 31
0
  0
LINE
  5
129
330
22
100
AcDbEntity
  8
B.Silkscreen
  6
CONTINUOUS
100
AcDbLine
 10
140.800454000000002
 20
-95.4131509999999992
 30
0
 11
140.8116530000000068
 21
-95.4401869999999946
 31
0
  0
LINE
  5
12A
330
22
100
AcDbEntity
  8
B.Silkscreen
  6
CONTINUOUS
100
AcDbLine
 10
140.8116530000000068
 20
-95.4401869999999946
 30
0
 11
140.8116530000000068
 21
-95.4694509999999923
 31
0
  0
LINE
  5
12B
330
22
100
AcDbEntity
  8
B.Silkscreen
  6
CONTINUOUS
100
AcDbLine
 10
140.8116530000000068
 20
-95.4694509999999923
 30
0
 11
140.800454000000002
 21
-95.4964870000000019
 31
0
  0
LINE
  5
12C
330
22
100
AcDbEntity
  8
B.Silkscreen
  6
CONTINUOUS
100
AcDbLine
 10
140.800454000000002
 20
-95.4964870000000019
 30
0
 11
140.7797620000000052
 21
-95.5171789999999987
 31
0
  0
LINE
  5
12D
330
22
100
AcDbEntity
  8
B.Silkscreen
  6
CONTINUOUS
100
AcDbLine
 10
140.7797620000000052
 20
-95.5171789999999987
 30
0
 11
140.7527259999999956
 21
-95.5283779999999894
 31
0
  0
LINE
  5
12E
330
22
100
AcDbEntity
  8
B.Silkscreen
  6
CONTINUOUS
100
AcDbLine
 10
140.7527259999999956
 20
-95.5283779999999894
 30
0
 11
140.7380939999999896
 21
-95.5298189999999892
 31
0
  0
LINE
  5
12F
330
22
100
AcDbEntity
  8
B.Silkscreen
  6
CONTINUOUS
100
AcDbLine
 10
140.7380939999999896
 20
-95.5298189999999892
 30
0
 11
140.5273799999999937
 21
-95.5298189999999892
 31
0
  0
LINE
  5
130
330
22
100
AcDbEntity
  8
B.Silkscreen
  6
CONTINUOUS
100
AcDbLine
 10
140.5273799999999937
 20
-95.5298189999999892
 30
0
 11
140.5273799999999937
 21
-96.4548190000000005
 31
0
  0
LINE
  5
131
330
22
100
AcDbEntity
  8
B.Silkscreen
  6
CONTINUOUS
100
AcDbLine
 10
140.5273799999999937
 20
-96.4548190000000005
 30
0
 11
140.5259389999999939
 21
-96.4694509999999923
 31
0
  0
LINE
  5
132
330
22
100
AcDbEntity
  8
B.Silkscreen
  6
CONTINUOUS
100
AcDbLine
 10
140.5259389999999939
 20
-96.4694509999999923
 30
0
 11
140.5147399999999891
 21
-96.4964870000000019
 31
0
  0
LINE
  5
133
330
22
100
AcDbEntity
  8
B.Silkscreen
  6
CONTINUOUS
100
AcDbLine
 10
140.5147399999999891
 20
-96.4964870000000019
 30
0
 11
140.4940479999999923
 21
-96.5171789999999987
 31
0
  0
LINE
  5
134
330
22
100
AcDbEntity
  8
B.Silkscreen
  6
CONTINUOUS
100
AcDbLine
 10
140.4940479999999923
 20
-96.5171789999999987
 30
0
 11
140.4670119999999827
 21
-96.5283779999999894
 31
0
  0
LINE
  5
135
330
22
100
AcDbEntity
  8
B.Silkscreen
  6
CONTINUOUS
100
AcDbLine
 10
140.4670119999999827
 20
-96.5283779999999894
 30
0
 11
140.4377479999999991
 21
-96.5283779999999894
 31
0
  0
LINE
  5
136
330
22
100
AcDbEntity
  8
B.Silkscreen
  6
CONTINUOUS
100
AcDbLine
 10
140.4377479999999991
 20
-96.5283779999999894
 30
0
 11
140.4107119999999895
 21
-96.5171789999999987
 31
0
  0
LINE
  5
137
330
22
100
AcDbEntity
  8
B.Silkscreen
  6
CONTINUOUS
100
AcDbLine
 10
140.4107119999999895
 20
-96.5171789999999987
 30
0
 11
140.3900199999999927
 21
-96.4964870000000019
 31
0
  0
LINE
  5
138
330
22
100
AcDbEntity
  8
B.Silkscreen
  6
CONTINUOUS
100
AcDbLine
 10
140.3900199999999927
 20
-96.4964870000000019
 30
0
 11
140.3788209999999879
 21
-96.4694509999999923
 31
0
  0
LINE
  5
139
330
22
100
AcDbEntity
  8
B.Silkscreen
  6
CONTINUOUS
100
AcDbLine
 10
140.3788209999999879
 20
-96.4694509999999923
 30
0
 11
140.3773799999999881
 21
-96.4548190000000005
 31
0
  0
LINE
  5
13A
330
22
100
AcDbEntity
  8
B.Silkscreen
  6
CONTINUOUS
100
AcDbLine
 10
140.3773799999999881
 20
-96.4548190000000005
 30
0
 11
140.3773799999999881
 21
-95.5298189999999892
 31
0
  0
LINE
  5
13B
330
22
100
AcDbEntity
  8
B.Silkscreen
  6
CONTINUOUS
100
AcDbLine
 10
140.3773799999999881
 20
-95.5298189999999892
 30
0
 11
140.1666659999999922
 21
-95.5298189999999892
 31
0
  0
LINE
  5
13C
330
22
100
AcDbEntity
  8
B.Silkscreen
  6
CONTINUOUS
100
AcDbLine
 10
140.1666659999999922
 20
-95.5298189999999892
 30
0
 11
140.1520339999999862
 21
-95.5283779999999894
 31
0
  0
LINE
  5
13D
330
22
100
AcDbEntity
  8
B.Silkscreen
  6
CONTINUOUS
100
AcDbLine
 10
140.1520339999999862
 20
-95.5283779999999894
 30
0
 11
140.124998000000005
 21
-95.5171789999999987
 31
0
  0
LINE
  5
13E
330
22
100
AcDbEntity
  8
B.Silkscreen
  6
CONTINUOUS
100
AcDbLine
 10
140.124998000000005
 20
-95.5171789999999987
 30
0
 11
140.1043059999999798
 21
-95.4964870000000019
 31
0
  0
LINE
  5
13F
330
22
100
AcDbEntity
  8
B.Silkscreen
  6
CONTINUOUS
100
AcDbLine
 10
140.1043059999999798
 20
-95.4964870000000019
 30
0
 11
140.0931070000000034
 21
-95.4694509999999923
 31
0
  0
LINE
  5
140
330
22
100
AcDbEntity
  8
B.Silkscreen
  6
CONTINUOUS
100
AcDbLine
 10
140.0931070000000034
 20
-95.4694509999999923
 30
0
 11
140.0931070000000034
 21
-95.4401869999999946
 31
0
  0
LINE
  5
141
330
22
100
AcDbEntity
  8
B.Silkscreen
  6
CONTINUOUS
100
AcDbLine
 10
140.0931070000000034
 20
-95.4401869999999946
 30
0
 11
140.1043059999999798
 21
-95.4131509999999992
 31
0
  0
LINE
  5
142
330
22
100
AcDbEntity
  8
B.Silkscreen
  6
CONTINUOUS
100
AcDbLine
 10
140.1043059999999798
 20
-95.4131509999999992
 30
0
 11
140.124998000000005
 21
-95.3924590000000023
 31
0
  0
LINE
  5
143
330
22
100
AcDbEntity
  8
B.Silkscreen
  6
CONTINUOUS
100
AcDbLine
 10
140.124998000000005
 20
-95.3924590000000023
 30
0
 11
140.1520339999999862
 21
-95.3812599999999975
 31
0
  0
LINE
  5
144
330
22
100
AcDbEntity
  8
B.Silkscreen
  6
CONTINUOUS
100
AcDbLine
 10
140.1520339999999862
 20
-95.3812599999999975
 30
0
 11
140.1666659999999922
 21
-95.3798189999999977
 31
0
  0
LINE
  5
145
330
22
100
AcDbEntity
  8
B.Silkscreen
  6
CONTINUOUS
100
AcDbLine
 10
140.1666659999999922
 20
-95.3798189999999977
 30
0
 11
140.7380939999999896
 21
-95.3798189999999977
 31
0
  0
LINE
  5
146
330
22
100
AcDbEntity
  8
B.Silkscreen
  6
CONTINUOUS
100
AcDbLine
 10
140.7380939999999896
 20
-95.3798189999999977
 30
0
 11
140.7527259999999956
 21
-95.3812599999999975
 31
0
  0
LINE
  5
147
330
22
100
AcDbEntity
  8
B.Silkscreen
  6
CONTINUOUS
100
AcDbLine
 10
116.4931879999999893
 20
-93.1334899999999948
 30
0
 11
116.6761109999999917
 21
-93.2092600000000004
 31
0
  0
LINE
  5
148
330
22
100
AcDbEntity
  8
B.Silkscreen
  6
CONTINUOUS
100
AcDbLine
 10
116.6761109999999917
 20
-93.2092600000000004
 30
0
 11
116.8407369999999901
 21
-93.3192590000000024
 31
0
  0
LINE
  5
149
330
22
100
AcDbEntity
  8
B.Silkscreen
  6
CONTINUOUS
100
AcDbLine
 10
116.8407369999999901
 20
-93.3192590000000024
 30
0
 11
116.9807409999999948
 21
-93.4592629999999929
 31
0
  0
LINE
  5
14A
330
22
100
AcDbEntity
  8
B.Silkscreen
  6
CONTINUOUS
100
AcDbLine
 10
116.9807409999999948
 20
-93.4592629999999929
 30
0
 11
117.0907399999999967
 21
-93.6238889999999913
 31
0
  0
LINE
  5
14B
330
22
100
AcDbEntity
  8
B.Silkscreen
  6
CONTINUOUS
100
AcDbLine
 10
117.0907399999999967
 20
-93.6238889999999913
 30
0
 11
117.1665099999999882
 21
-93.8068119999999936
 31
0
  0
LINE
  5
14C
330
22
100
AcDbEntity
  8
B.Silkscreen
  6
CONTINUOUS
100
AcDbLine
 10
117.1665099999999882
 20
-93.8068119999999936
 30
0
 11
117.2051369999999935
 21
-94.0010029999999972
 31
0
  0
LINE
  5
14D
330
22
100
AcDbEntity
  8
B.Silkscreen
  6
CONTINUOUS
100
AcDbLine
 10
117.2051369999999935
 20
-94.0010029999999972
 30
0
 11
117.2051369999999935
 21
-94.1989969999999914
 31
0
  0
LINE
  5
14E
330
22
100
AcDbEntity
  8
B.Silkscreen
  6
CONTINUOUS
100
AcDbLine
 10
117.2051369999999935
 20
-94.1989969999999914
 30
0
 11
117.1665099999999882
 21
-94.393187999999995
 31
0
  0
LINE
  5
14F
330
22
100
AcDbEntity
  8
B.Silkscreen
  6
CONTINUOUS
100
AcDbLine
 10
117.1665099999999882
 20
-94.393187999999995
 30
0
 11
117.0907399999999967
 21
-94.5761109999999974
 31
0
  0
LINE
  5
150
330
22
100
AcDbEntity
  8
B.Silkscreen
  6
CONTINUOUS
100
AcDbLine
 10
117.0907399999999967
 20
-94.5761109999999974
 30
0
 11
116.9807409999999948
 21
-94.7407369999999958
 31
0
  0
LINE
  5
151
330
22
100
AcDbEntity
  8
B.Silkscreen
  6
CONTINUOUS
100
AcDbLine
 10
116.9807409999999948
 20
-94.7407369999999958
 30
0
 11
116.8407369999999901
 21
-94.8807410000000004
 31
0
  0
LINE
  5
152
330
22
100
AcDbEntity
  8
B.Silkscreen
  6
CONTINUOUS
100
AcDbLine
 10
116.8407369999999901
 20
-94.8807410000000004
 30
0
 11
116.6761109999999917
 21
-94.9907400000000024
 31
0
  0
LINE
  5
153
330
22
100
AcDbEntity
  8
B.Silkscreen
  6
CONTINUOUS
100
AcDbLine
 10
116.6761109999999917
 20
-94.9907400000000024
 30
0
 11
116.4931879999999893
 21
-95.0665099999999939
 31
0
  0
LINE
  5
154
330
22
100
AcDbEntity
  8
B.Silkscreen
  6
CONTINUOUS
100
AcDbLine
 10
116.4931879999999893
 20
-95.0665099999999939
 30
0
 11
116.298997
 21
-95.1051369999999991
 31
0
  0
LINE
  5
155
330
22
100
AcDbEntity
  8
B.Silkscreen
  6
CONTINUOUS
100
AcDbLine
 10
116.298997
 20
-95.1051369999999991
 30
0
 11
116.1010029999999915
 21
-95.1051369999999991
 31
0
  0
LINE
  5
156
330
22
100
AcDbEntity
  8
B.Silkscreen
  6
CONTINUOUS
100
AcDbLine
 10
116.1010029999999915
 20
-95.1051369999999991
 30
0
 11
115.906811999999988
 21
-95.0665099999999939
 31
0
  0
LINE
  5
157
330
22
100
AcDbEntity
  8
B.Silkscreen
  6
CONTINUOUS
100
AcDbLine
 10
115.906811999999988
 20
-95.0665099999999939
 30
0
 11
115.7238889999999998
 21
-94.9907400000000024
 31
0
  0
LINE
  5
158
330
22
100
AcDbEntity
  8
B.Silkscreen
  6
CONTINUOUS
100
AcDbLine
 10
115.7238889999999998
 20
-94.9907400000000024
 30
0
 11
115.5592630000000014
 21
-94.8807410000000004
 31
0
  0
LINE
  5
159
330
22
100
AcDbEntity
  8
B.Silkscreen
  6
CONTINUOUS
100
AcDbLine
 10
115.5592630000000014
 20
-94.8807410000000004
 30
0
 11
115.4192589999999967
 21
-94.7407369999999958
 31
0
  0
LINE
  5
15A
330
22
100
AcDbEntity
  8
B.Silkscreen
  6
CONTINUOUS
100
AcDbLine
 10
115.4192589999999967
 20
-94.7407369999999958
 30
0
 11
115.3092599999999948
 21
-94.5761109999999974
 31
0
  0
LINE
  5
15B
330
22
100
AcDbEntity
  8
B.Silkscreen
  6
CONTINUOUS
100
AcDbLine
 10
115.3092599999999948
 20
-94.5761109999999974
 30
0
 11
115.2334899999999891
 21
-94.393187999999995
 31
0
  0
LINE
  5
15C
330
22
100
AcDbEntity
  8
B.Silkscreen
  6
CONTINUOUS
100
AcDbLine
 10
115.2334899999999891
 20
-94.393187999999995
 30
0
 11
115.194862999999998
 21
-94.1989969999999914
 31
0
  0
LINE
  5
15D
330
22
100
AcDbEntity
  8
B.Silkscreen
  6
CONTINUOUS
100
AcDbLine
 10
115.194862999999998
 20
-94.1989969999999914
 30
0
 11
115.194862999999998
 21
-94.0123430000000013
 31
0
  0
LINE
  5
15E
330
22
100
AcDbEntity
  8
B.Silkscreen
  6
CONTINUOUS
100
AcDbLine
 10
115.194862999999998
 20
-94.0123430000000013
 30
0
 11
115.194862999999998
 21
-94.0010029999999972
 31
0
  0
LINE
  5
15F
330
22
100
AcDbEntity
  8
B.Silkscreen
  6
CONTINUOUS
100
AcDbLine
 10
115.194862999999998
 20
-94.0010029999999972
 30
0
 11
115.2334899999999891
 21
-93.8068119999999936
 31
0
  0
LINE
  5
160
330
22
100
AcDbEntity
  8
B.Silkscreen
  6
CONTINUOUS
100
AcDbLine
 10
115.2334899999999891
 20
-93.8068119999999936
 30
0
 11
115.3092599999999948
 21
-93.6238889999999913
 31
0
  0
LINE
  5
161
330
22
100
AcDbEntity
  8
B.Silkscreen
  6
CONTINUOUS
100
AcDbLine
 10
115.3092599999999948
 20
-93.6238889999999913
 30
0
 11
115.4192589999999967
 21
-93.4592629999999929
 31
0
  0
LINE
  5
162
330
22
100
AcDbEntity
  8
B.Silkscreen
  6
CONTINUOUS
100
AcDbLine
 10
115.4192589999999967
 20
-93.4592629999999929
 30
0
 11
115.5592630000000014
 21
-93.3192590000000024
 31
0
  0
LINE
  5
163
330
22
100
AcDbEntity
  8
B.Silkscreen
  6
CONTINUOUS
100
AcDbLine
 10
115.5592630000000014
 20
-93.3192590000000024
 30
0
 11
115.7238889999999998
 21
-93.2092600000000004
 31
0
  0
LINE
  5
164
330
22
100
AcDbEntity
  8
B.Silkscreen
  6
CONTINUOUS
100
AcDbLine
 10
115.7238889999999998
 20
-93.2092600000000004
 30
0
 11
115.906811999999988
 21
-93.1334899999999948
 31
0
  0
LINE
  5
165
330
22
100
AcDbEntity
  8
B.Silkscreen
  6
CONTINUOUS
100
AcDbLine
 10
115.906811999999988
 20
-93.1334899999999948
 30
0
 11
116.1010029999999915
 21
-93.0948629999999895
 31
0
  0
LINE
  5
166
330
22
100
AcDbEntity
  8
B.Silkscreen
  6
CONTINUOUS
100
AcDbLine
 10
116.1010029999999915
 20
-93.0948629999999895
 30
0
 11
116.298997
 21
-93.0948629999999895
 31
0
  0
LINE
  5
167
330
22
100
AcDbEntity
  8
B.Silkscreen
  6
CONTINUOUS
100
AcDbLine
 10
116.298997
 20
-93.0948629999999895
 30
0
 11
116.4931879999999893
 21
-93.1334899999999948
 31
0
  0
LINE
  5
168
330
22
100
AcDbEntity
  8
B.Silkscreen
  6
CONTINUOUS
100
AcDbLine
 10
115.3099999999999881
 20
-94.1876570000000015
 30
0
 11
115.3442029999999932
 21
-94.3596029999999928
 31
0
  0
LINE
  5
169
330
22
100
AcDbEntity
  8
B.Silkscreen
  6
CONTINUOUS
100
AcDbLine
 10
115.3442029999999932
 20
-94.3596029999999928
 30
0
 11
115.4112930000000006
 21
-94.5215729999999894
 31
0
  0
LINE
  5
16A
330
22
100
AcDbEntity
  8
B.Silkscreen
  6
CONTINUOUS
100
AcDbLine
 10
115.4112930000000006
 20
-94.5215729999999894
 30
0
 11
115.5086919999999964
 21
-94.6673419999999908
 31
0
  0
LINE
  5
16B
330
22
100
AcDbEntity
  8
B.Silkscreen
  6
CONTINUOUS
100
AcDbLine
 10
115.5086919999999964
 20
-94.6673419999999908
 30
0
 11
115.6326579999999922
 21
-94.7913080000000008
 31
0
  0
LINE
  5
16C
330
22
100
AcDbEntity
  8
B.Silkscreen
  6
CONTINUOUS
100
AcDbLine
 10
115.6326579999999922
 20
-94.7913080000000008
 30
0
 11
115.7784269999999935
 21
-94.8887069999999966
 31
0
  0
LINE
  5
16D
330
22
100
AcDbEntity
  8
B.Silkscreen
  6
CONTINUOUS
100
AcDbLine
 10
115.7784269999999935
 20
-94.8887069999999966
 30
0
 11
115.9403969999999902
 21
-94.9557969999999898
 31
0
  0
LINE
  5
16E
330
22
100
AcDbEntity
  8
B.Silkscreen
  6
CONTINUOUS
100
AcDbLine
 10
115.9403969999999902
 20
-94.9557969999999898
 30
0
 11
116.1123429999999956
 21
-94.9899999999999949
 31
0
  0
LINE
  5
16F
330
22
100
AcDbEntity
  8
B.Silkscreen
  6
CONTINUOUS
100
AcDbLine
 10
116.1123429999999956
 20
-94.9899999999999949
 30
0
 11
116.2876569999999958
 21
-94.9899999999999949
 31
0
  0
LINE
  5
170
330
22
100
AcDbEntity
  8
B.Silkscreen
  6
CONTINUOUS
100
AcDbLine
 10
116.2876569999999958
 20
-94.9899999999999949
 30
0
 11
116.4596030000000013
 21
-94.9557969999999898
 31
0
  0
LINE
  5
171
330
22
100
AcDbEntity
  8
B.Silkscreen
  6
CONTINUOUS
100
AcDbLine
 10
116.4596030000000013
 20
-94.9557969999999898
 30
0
 11
116.6215729999999979
 21
-94.8887069999999966
 31
0
  0
LINE
  5
172
330
22
100
AcDbEntity
  8
B.Silkscreen
  6
CONTINUOUS
100
AcDbLine
 10
116.6215729999999979
 20
-94.8887069999999966
 30
0
 11
116.7673419999999993
 21
-94.7913080000000008
 31
0
  0
LINE
  5
173
330
22
100
AcDbEntity
  8
B.Silkscreen
  6
CONTINUOUS
100
AcDbLine
 10
116.7673419999999993
 20
-94.7913080000000008
 30
0
 11
116.8913079999999951
 21
-94.6673419999999908
 31
0
  0
LINE
  5
174
330
22
100
AcDbEntity
  8
B.Silkscreen
  6
CONTINUOUS
100
AcDbLine
 10
116.8913079999999951
 20
-94.6673419999999908
 30
0
 11
116.9887069999999909
 21
-94.5215729999999894
 31
0
  0
LINE
  5
175
330
22
100
AcDbEntity
  8
B.Silkscreen
  6
CONTINUOUS
100
AcDbLine
 10
116.9887069999999909
 20
-94.5215729999999894
 30
0
 11
117.0557969999999983
 21
-94.3596029999999928
 31
0
  0
LINE
  5
176
330
22
100
AcDbEntity
  8
B.Silkscreen
  6
CONTINUOUS
100
AcDbLine
 10
117.0557969999999983
 20
-94.3596029999999928
 30
0
 11
117.0899999999999892
 21
-94.1876570000000015
 31
0
  0
LINE
  5
177
330
22
100
AcDbEntity
  8
B.Silkscreen
  6
CONTINUOUS
100
AcDbLine
 10
117.0899999999999892
 20
-94.1876570000000015
 30
0
 11
117.0899999999999892
 21
-94.0123430000000013
 31
0
  0
LINE
  5
178
330
22
100
AcDbEntity
  8
B.Silkscreen
  6
CONTINUOUS
100
AcDbLine
 10
117.0899999999999892
 20
-94.0123430000000013
 30
0
 11
117.0557969999999983
 21
-93.8403969999999958
 31
0
  0
LINE
  5
179
330
22
100
AcDbEntity
  8
B.Silkscreen
  6
CONTINUOUS
100
AcDbLine
 10
117.0557969999999983
 20
-93.8403969999999958
 30
0
 11
116.9887069999999909
 21
-93.6784269999999992
 31
0
  0
LINE
  5
17A
330
22
100
AcDbEntity
  8
B.Silkscreen
  6
CONTINUOUS
100
AcDbLine
 10
116.9887069999999909
 20
-93.6784269999999992
 30
0
 11
116.8913079999999951
 21
-93.5326579999999979
 31
0
  0
LINE
  5
17B
330
22
100
AcDbEntity
  8
B.Silkscreen
  6
CONTINUOUS
100
AcDbLine
 10
116.8913079999999951
 20
-93.5326579999999979
 30
0
 11
116.7673419999999993
 21
-93.4086920000000021
 31
0
  0
LINE
  5
17C
330
22
100
AcDbEntity
  8
B.Silkscreen
  6
CONTINUOUS
100
AcDbLine
 10
116.7673419999999993
 20
-93.4086920000000021
 30
0
 11
116.6215729999999979
 21
-93.311292999999992
 31
0
  0
LINE
  5
17D
330
22
100
AcDbEntity
  8
B.Silkscreen
  6
CONTINUOUS
100
AcDbLine
 10
116.6215729999999979
 20
-93.311292999999992
 30
0
 11
116.4596030000000013
 21
-93.2442029999999988
 31
0
  0
LINE
  5
17E
330
22
100
AcDbEntity
  8
B.Silkscreen
  6
CONTINUOUS
100
AcDbLine
 10
116.4596030000000013
 20
-93.2442029999999988
 30
0
 11
116.2876569999999958
 21
-93.2099999999999937
 31
0
  0
LINE
  5
17F
330
22
100
AcDbEntity
  8
B.Silkscreen
  6
CONTINUOUS
100
AcDbLine
 10
116.2876569999999958
 20
-93.2099999999999937
 30
0
 11
116.1123429999999956
 21
-93.2099999999999937
 31
0
  0
LINE
  5
180
330
22
100
AcDbEntity
  8
B.Silkscreen
  6
CONTINUOUS
100
AcDbLine
 10
116.1123429999999956
 20
-93.2099999999999937
 30
0
 11
115.9403969999999902
 21
-93.2442029999999988
 31
0
  0
LINE
  5
181
330
22
100
AcDbEntity
  8
B.Silkscreen
  6
CONTINUOUS
100
AcDbLine
 10
115.9403969999999902
 20
-93.2442029999999988
 30
0
 11
115.7784269999999935
 21
-93.311292999999992
 31
0
  0
LINE
  5
182
330
22
100
AcDbEntity
  8
B.Silkscreen
  6
CONTINUOUS
100
AcDbLine
 10
115.7784269999999935
 20
-93.311292999999992
 30
0
 11
115.6326579999999922
 21
-93.4086920000000021
 31
0
  0
LINE
  5
183
330
22
100
AcDbEntity
  8
B.Silkscreen
  6
CONTINUOUS
100
AcDbLine
 10
115.6326579999999922
 20
-93.4086920000000021
 30
0
 11
115.5086919999999964
 21
-93.5326579999999979
 31
0
  0
LINE
  5
184
330
22
100
AcDbEntity
  8
B.Silkscreen
  6
CONTINUOUS
100
AcDbLine
 10
115.5086919999999964
 20
-93.5326579999999979
 30
0
 11
115.4112930000000006
 21
-93.6784269999999992
 31
0
  0
LINE
  5
185
330
22
100
AcDbEntity
  8
B.Silkscreen
  6
CONTINUOUS
100
AcDbLine
 10
115.4112930000000006
 20
-93.6784269999999992
 30
0
 11
115.3442029999999932
 21
-93.8403969999999958
 31
0
  0
LINE
  5
186
330
22
100
AcDbEntity
  8
B.Silkscreen
  6
CONTINUOUS
100
AcDbLine
 10
115.3442029999999932
 20
-93.8403969999999958
 30
0
 11
115.3099999999999881
 21
-94.0123430000000013
 31
0
  0
LINE
  5
187
330
22
100
AcDbEntity
  8
B.Silkscreen
  6
CONTINUOUS
100
AcDbLine
 10
115.3099999999999881
 20
-94.0123430000000013
 30
0
 11
115.3099999999999881
 21
-94.1876570000000015
 31
0
  0
LINE
  5
188
330
22
100
AcDbEntity
  8
B.Silkscreen
  6
CONTINUOUS
100
AcDbLine
 10
139.2931879999999865
 20
-93.0334900000000005
 30
0
 11
139.4761110000000031
 21
-93.1092599999999919
 31
0
  0
LINE
  5
189
330
22
100
AcDbEntity
  8
B.Silkscreen
  6
CONTINUOUS
100
AcDbLine
 10
139.4761110000000031
 20
-93.1092599999999919
 30
0
 11
139.6407370000000014
 21
-93.2192589999999939
 31
0
  0
LINE
  5
18A
330
22
100
AcDbEntity
  8
B.Silkscreen
  6
CONTINUOUS
100
AcDbLine
 10
139.6407370000000014
 20
-93.2192589999999939
 30
0
 11
139.7807410000000061
 21
-93.3592629999999986
 31
0
  0
LINE
  5
18B
330
22
100
AcDbEntity
  8
B.Silkscreen
  6
CONTINUOUS
100
AcDbLine
 10
139.7807410000000061
 20
-93.3592629999999986
 30
0
 11
139.8907399999999939
 21
-93.5238889999999969
 31
0
  0
LINE
  5
18C
330
22
100
AcDbEntity
  8
B.Silkscreen
  6
CONTINUOUS
100
AcDbLine
 10
139.8907399999999939
 20
-93.5238889999999969
 30
0
 11
139.9665099999999995
 21
-93.7068119999999993
 31
0
  0
LINE
  5
18D
330
22
100
AcDbEntity
  8
B.Silkscreen
  6
CONTINUOUS
100
AcDbLine
 10
139.9665099999999995
 20
-93.7068119999999993
 30
0
 11
140.0051369999999906
 21
-93.9010029999999887
 31
0
  0
LINE
  5
18E
330
22
100
AcDbEntity
  8
B.Silkscreen
  6
CONTINUOUS
100
AcDbLine
 10
140.0051369999999906
 20
-93.9010029999999887
 30
0
 11
140.0051369999999906
 21
-94.0989969999999971
 31
0
  0
LINE
  5
18F
330
22
100
AcDbEntity
  8
B.Silkscreen
  6
CONTINUOUS
100
AcDbLine
 10
140.0051369999999906
 20
-94.0989969999999971
 30
0
 11
139.9665099999999995
 21
-94.2931880000000007
 31
0
  0
LINE
  5
190
330
22
100
AcDbEntity
  8
B.Silkscreen
  6
CONTINUOUS
100
AcDbLine
 10
139.9665099999999995
 20
-94.2931880000000007
 30
0
 11
139.8907399999999939
 21
-94.4761109999999888
 31
0
  0
LINE
  5
191
330
22
100
AcDbEntity
  8
B.Silkscreen
  6
CONTINUOUS
100
AcDbLine
 10
139.8907399999999939
 20
-94.4761109999999888
 30
0
 11
139.7807410000000061
 21
-94.6407370000000014
 31
0
  0
LINE
  5
192
330
22
100
AcDbEntity
  8
B.Silkscreen
  6
CONTINUOUS
100
AcDbLine
 10
139.7807410000000061
 20
-94.6407370000000014
 30
0
 11
139.6407370000000014
 21
-94.7807409999999919
 31
0
  0
LINE
  5
193
330
22
100
AcDbEntity
  8
B.Silkscreen
  6
CONTINUOUS
100
AcDbLine
 10
139.6407370000000014
 20
-94.7807409999999919
 30
0
 11
139.4761110000000031
 21
-94.8907399999999939
 31
0
  0
LINE
  5
194
330
22
100
AcDbEntity
  8
B.Silkscreen
  6
CONTINUOUS
100
AcDbLine
 10
139.4761110000000031
 20
-94.8907399999999939
 30
0
 11
139.2931879999999865
 21
-94.9665099999999995
 31
0
  0
LINE
  5
195
330
22
100
AcDbEntity
  8
B.Silkscreen
  6
CONTINUOUS
100
AcDbLine
 10
139.2931879999999865
 20
-94.9665099999999995
 30
0
 11
139.0989969999999971
 21
-95.0051369999999906
 31
0
  0
LINE
  5
196
330
22
100
AcDbEntity
  8
B.Silkscreen
  6
CONTINUOUS
100
AcDbLine
 10
139.0989969999999971
 20
-95.0051369999999906
 30
0
 11
138.9010030000000029
 21
-95.0051369999999906
 31
0
  0
LINE
  5
197
330
22
100
AcDbEntity
  8
B.Silkscreen
  6
CONTINUOUS
100
AcDbLine
 10
138.9010030000000029
 20
-95.0051369999999906
 30
0
 11
138.7068119999999851
 21
-94.9665099999999995
 31
0
  0
LINE
  5
198
330
22
100
AcDbEntity
  8
B.Silkscreen
  6
CONTINUOUS
100
AcDbLine
 10
138.7068119999999851
 20
-94.9665099999999995
 30
0
 11
138.5238889999999969
 21
-94.8907399999999939
 31
0
  0
LINE
  5
199
330
22
100
AcDbEntity
  8
B.Silkscreen
  6
CONTINUOUS
100
AcDbLine
 10
138.5238889999999969
 20
-94.8907399999999939
 30
0
 11
138.3592629999999986
 21
-94.7807409999999919
 31
0
  0
LINE
  5
19A
330
22
100
AcDbEntity
  8
B.Silkscreen
  6
CONTINUOUS
100
AcDbLine
 10
138.3592629999999986
 20
-94.7807409999999919
 30
0
 11
138.2192589999999939
 21
-94.6407370000000014
 31
0
  0
LINE
  5
19B
330
22
100
AcDbEntity
  8
B.Silkscreen
  6
CONTINUOUS
100
AcDbLine
 10
138.2192589999999939
 20
-94.6407370000000014
 30
0
 11
138.1092600000000061
 21
-94.4761109999999888
 31
0
  0
LINE
  5
19C
330
22
100
AcDbEntity
  8
B.Silkscreen
  6
CONTINUOUS
100
AcDbLine
 10
138.1092600000000061
 20
-94.4761109999999888
 30
0
 11
138.0334900000000005
 21
-94.2931880000000007
 31
0
  0
LINE
  5
19D
330
22
100
AcDbEntity
  8
B.Silkscreen
  6
CONTINUOUS
100
AcDbLine
 10
138.0334900000000005
 20
-94.2931880000000007
 30
0
 11
137.994862999999981
 21
-94.0989969999999971
 31
0
  0
LINE
  5
19E
330
22
100
AcDbEntity
  8
B.Silkscreen
  6
CONTINUOUS
100
AcDbLine
 10
137.994862999999981
 20
-94.0989969999999971
 30
0
 11
137.994862999999981
 21
-93.9123429999999928
 31
0
  0
LINE
  5
19F
330
22
100
AcDbEntity
  8
B.Silkscreen
  6
CONTINUOUS
100
AcDbLine
 10
137.994862999999981
 20
-93.9123429999999928
 30
0
 11
137.994862999999981
 21
-93.9010029999999887
 31
0
  0
LINE
  5
1A0
330
22
100
AcDbEntity
  8
B.Silkscreen
  6
CONTINUOUS
100
AcDbLine
 10
137.994862999999981
 20
-93.9010029999999887
 30
0
 11
138.0334900000000005
 21
-93.7068119999999993
 31
0
  0
LINE
  5
1A1
330
22
100
AcDbEntity
  8
B.Silkscreen
  6
CONTINUOUS
100
AcDbLine
 10
138.0334900000000005
 20
-93.7068119999999993
 30
0
 11
138.1092600000000061
 21
-93.5238889999999969
 31
0
  0
LINE
  5
1A2
330
22
100
AcDbEntity
  8
B.Silkscreen
  6
CONTINUOUS
100
AcDbLine
 10
138.1092600000000061
 20
-93.5238889999999969
 30
0
 11
138.2192589999999939
 21
-93.3592629999999986
 31
0
  0
LINE
  5
1A3
330
22
100
AcDbEntity
  8
B.Silkscreen
  6
CONTINUOUS
100
AcDbLine
 10
138.2192589999999939
 20
-93.3592629999999986
 30
0
 11
138.3592629999999986
 21
-93.2192589999999939
 31
0
  0
LINE
  5
1A4
330
22
100
AcDbEntity
  8
B.Silkscreen
  6
CONTINUOUS
100
AcDbLine
 10
138.3592629999999986
 20
-93.2192589999999939
 30
0
 11
138.5238889999999969
 21
-93.1092599999999919
 31
0
  0
LINE
  5
1A5
330
22
100
AcDbEntity
  8
B.Silkscreen
  6
CONTINUOUS
100
AcDbLine
 10
138.5238889999999969
 20
-93.1092599999999919
 30
0
 11
138.7068119999999851
 21
-93.0334900000000005
 31
0
  0
LINE
  5
1A6
330
22
100
AcDbEntity
  8
B.Silkscreen
  6
CONTINUOUS
100
AcDbLine
 10
138.7068119999999851
 20
-93.0334900000000005
 30
0
 11
138.9010030000000029
 21
-92.9948629999999952
 31
0
  0
LINE
  5
1A7
330
22
100
AcDbEntity
  8
B.Silkscreen
  6
CONTINUOUS
100
AcDbLine
 10
138.9010030000000029
 20
-92.9948629999999952
 30
0
 11
139.0989969999999971
 21
-92.9948629999999952
 31
0
  0
LINE
  5
1A8
330
22
100
AcDbEntity
  8
B.Silkscreen
  6
CONTINUOUS
100
AcDbLine
 10
139.0989969999999971
 20
-92.9948629999999952
 30
0
 11
139.2931879999999865
 21
-93.0334900000000005
 31
0
  0
LINE
  5
1A9
330
22
100
AcDbEntity
  8
B.Silkscreen
  6
CONTINUOUS
100
AcDbLine
 10
138.1099999999999852
 20
-94.087656999999993
 30
0
 11
138.1442030000000045
 21
-94.2596029999999985
 31
0
  0
LINE
  5
1AA
330
22
100
AcDbEntity
  8
B.Silkscreen
  6
CONTINUOUS
100
AcDbLine
 10
138.1442030000000045
 20
-94.2596029999999985
 30
0
 11
138.2112929999999835
 21
-94.4215729999999951
 31
0
  0
LINE
  5
1AB
330
22
100
AcDbEntity
  8
B.Silkscreen
  6
CONTINUOUS
100
AcDbLine
 10
138.2112929999999835
 20
-94.4215729999999951
 30
0
 11
138.3086920000000077
 21
-94.5673419999999965
 31
0
  0
LINE
  5
1AC
330
22
100
AcDbEntity
  8
B.Silkscreen
  6
CONTINUOUS
100
AcDbLine
 10
138.3086920000000077
 20
-94.5673419999999965
 30
0
 11
138.4326580000000035
 21
-94.6913079999999923
 31
0
  0
LINE
  5
1AD
330
22
100
AcDbEntity
  8
B.Silkscreen
  6
CONTINUOUS
100
AcDbLine
 10
138.4326580000000035
 20
-94.6913079999999923
 30
0
 11
138.5784270000000049
 21
-94.7887070000000023
 31
0
  0
LINE
  5
1AE
330
22
100
AcDbEntity
  8
B.Silkscreen
  6
CONTINUOUS
100
AcDbLine
 10
138.5784270000000049
 20
-94.7887070000000023
 30
0
 11
138.7403970000000015
 21
-94.8557969999999955
 31
0
  0
LINE
  5
1AF
330
22
100
AcDbEntity
  8
B.Silkscreen
  6
CONTINUOUS
100
AcDbLine
 10
138.7403970000000015
 20
-94.8557969999999955
 30
0
 11
138.9123429999999928
 21
-94.8900000000000006
 31
0
  0
LINE
  5
1B0
330
22
100
AcDbEntity
  8
B.Silkscreen
  6
CONTINUOUS
100
AcDbLine
 10
138.9123429999999928
 20
-94.8900000000000006
 30
0
 11
139.0876570000000072
 21
-94.8900000000000006
 31
0
  0
LINE
  5
1B1
330
22
100
AcDbEntity
  8
B.Silkscreen
  6
CONTINUOUS
100
AcDbLine
 10
139.0876570000000072
 20
-94.8900000000000006
 30
0
 11
139.2596029999999985
 21
-94.8557969999999955
 31
0
  0
LINE
  5
1B2
330
22
100
AcDbEntity
  8
B.Silkscreen
  6
CONTINUOUS
100
AcDbLine
 10
139.2596029999999985
 20
-94.8557969999999955
 30
0
 11
139.4215729999999951
 21
-94.7887070000000023
 31
0
  0
LINE
  5
1B3
330
22
100
AcDbEntity
  8
B.Silkscreen
  6
CONTINUOUS
100
AcDbLine
 10
139.4215729999999951
 20
-94.7887070000000023
 30
0
 11
139.5673419999999965
 21
-94.6913079999999923
 31
0
  0
LINE
  5
1B4
330
22
100
AcDbEntity
  8
B.Silkscreen
  6
CONTINUOUS
100
AcDbLine
 10
139.5673419999999965
 20
-94.6913079999999923
 30
0
 11
139.6913079999999923
 21
-94.5673419999999965
 31
0
  0
LINE
  5
1B5
330
22
100
AcDbEntity
  8
B.Silkscreen
  6
CONTINUOUS
100
AcDbLine
 10
139.6913079999999923
 20
-94.5673419999999965
 30
0
 11
139.7887069999999881
 21
-94.4215729999999951
 31
0
  0
LINE
  5
1B6
330
22
100
AcDbEntity
  8
B.Silkscreen
  6
CONTINUOUS
100
AcDbLine
 10
139.7887069999999881
 20
-94.4215729999999951
 30
0
 11
139.8557969999999955
 21
-94.2596029999999985
 31
0
  0
LINE
  5
1B7
330
22
100
AcDbEntity
  8
B.Silkscreen
  6
CONTINUOUS
100
AcDbLine
 10
139.8557969999999955
 20
-94.2596029999999985
 30
0
 11
139.8899999999999864
 21
-94.087656999999993
 31
0
  0
LINE
  5
1B8
330
22
100
AcDbEntity
  8
B.Silkscreen
  6
CONTINUOUS
100
AcDbLine
 10
139.8899999999999864
 20
-94.087656999999993
 30
0
 11
139.8899999999999864
 21
-93.9123429999999928
 31
0
  0
LINE
  5
1B9
330
22
100
AcDbEntity
  8
B.Silkscreen
  6
CONTINUOUS
100
AcDbLine
 10
139.8899999999999864
 20
-93.9123429999999928
 30
0
 11
139.8557969999999955
 21
-93.7403970000000015
 31
0
  0
LINE
  5
1BA
330
22
100
AcDbEntity
  8
B.Silkscreen
  6
CONTINUOUS
100
AcDbLine
 10
139.8557969999999955
 20
-93.7403970000000015
 30
0
 11
139.7887069999999881
 21
-93.5784269999999907
 31
0
  0
LINE
  5
1BB
330
22
100
AcDbEntity
  8
B.Silkscreen
  6
CONTINUOUS
100
AcDbLine
 10
139.7887069999999881
 20
-93.5784269999999907
 30
0
 11
139.6913079999999923
 21
-93.4326579999999893
 31
0
  0
LINE
  5
1BC
330
22
100
AcDbEntity
  8
B.Silkscreen
  6
CONTINUOUS
100
AcDbLine
 10
139.6913079999999923
 20
-93.4326579999999893
 30
0
 11
139.5673419999999965
 21
-93.3086919999999935
 31
0
  0
LINE
  5
1BD
330
22
100
AcDbEntity
  8
B.Silkscreen
  6
CONTINUOUS
100
AcDbLine
 10
139.5673419999999965
 20
-93.3086919999999935
 30
0
 11
139.4215729999999951
 21
-93.2112929999999977
 31
0
  0
LINE
  5
1BE
330
22
100
AcDbEntity
  8
B.Silkscreen
  6
CONTINUOUS
100
AcDbLine
 10
139.4215729999999951
 20
-93.2112929999999977
 30
0
 11
139.2596029999999985
 21
-93.1442029999999903
 31
0
  0
LINE
  5
1BF
330
22
100
AcDbEntity
  8
B.Silkscreen
  6
CONTINUOUS
100
AcDbLine
 10
139.2596029999999985
 20
-93.1442029999999903
 30
0
 11
139.0876570000000072
 21
-93.1099999999999994
 31
0
  0
LINE
  5
1C0
330
22
100
AcDbEntity
  8
B.Silkscreen
  6
CONTINUOUS
100
AcDbLine
 10
139.0876570000000072
 20
-93.1099999999999994
 30
0
 11
138.9123429999999928
 21
-93.1099999999999994
 31
0
  0
LINE
  5
1C1
330
22
100
AcDbEntity
  8
B.Silkscreen
  6
CONTINUOUS
100
AcDbLine
 10
138.9123429999999928
 20
-93.1099999999999994
 30
0
 11
138.7403970000000015
 21
-93.1442029999999903
 31
0
  0
LINE
  5
1C2
330
22
100
AcDbEntity
  8
B.Silkscreen
  6
CONTINUOUS
100
AcDbLine
 10
138.7403970000000015
 20
-93.1442029999999903
 30
0
 11
138.5784270000000049
 21
-93.2112929999999977
 31
0
  0
LINE
  5
1C3
330
22
100
AcDbEntity
  8
B.Silkscreen
  6
CONTINUOUS
100
AcDbLine
 10
138.5784270000000049
 20
-93.2112929999999977
 30
0
 11
138.4326580000000035
 21
-93.3086919999999935
 31
0
  0
LINE
  5
1C4
330
22
100
AcDbEntity
  8
B.Silkscreen
  6
CONTINUOUS
100
AcDbLine
 10
138.4326580000000035
 20
-93.3086919999999935
 30
0
 11
138.3086920000000077
 21
-93.4326579999999893
 31
0
  0
LINE
  5
1C5
330
22
100
AcDbEntity
  8
B.Silkscreen
  6
CONTINUOUS
100
AcDbLine
 10
138.3086920000000077
 20
-93.4326579999999893
 30
0
 11
138.2112929999999835
 21
-93.5784269999999907
 31
0
  0
LINE
  5
1C6
330
22
100
AcDbEntity
  8
B.Silkscreen
  6
CONTINUOUS
100
AcDbLine
 10
138.2112929999999835
 20
-93.5784269999999907
 30
0
 11
138.1442030000000045
 21
-93.7403970000000015
 31
0
  0
LINE
  5
1C7
330
22
100
AcDbEntity
  8
B.Silkscreen
  6
CONTINUOUS
100
AcDbLine
 10
138.1442030000000045
 20
-93.7403970000000015
 30
0
 11
138.1099999999999852
 21
-93.9123429999999928
 31
0
  0
LINE
  5
1C8
330
22
100
AcDbEntity
  8
B.Silkscreen
  6
CONTINUOUS
100
AcDbLine
 10
138.1099999999999852
 20
-93.9123429999999928
 30
0
 11
138.1099999999999852
 21
-94.087656999999993
 31
0
  0
LINE
  5
1C9
330
22
100
AcDbEntity
  8
B.Silkscreen
  6
CONTINUOUS
100
AcDbLine
 10
160.1289170000000013
 20
-91.8812599999999975
 30
0
 11
160.1314059999999984
 21
-91.8822909999999951
 31
0
  0
LINE
  5
1CA
330
22
100
AcDbEntity
  8
B.Silkscreen
  6
CONTINUOUS
100
AcDbLine
 10
160.1314059999999984
 20
-91.8822909999999951
 30
0
 11
160.1340940000000046
 21
-91.882481999999996
 31
0
  0
LINE
  5
1CB
330
22
100
AcDbEntity
  8
B.Silkscreen
  6
CONTINUOUS
100
AcDbLine
 10
160.1340940000000046
 20
-91.882481999999996
 30
0
 11
160.1478259999999807
 21
-91.8877370000000013
 31
0
  0
LINE
  5
1CC
330
22
100
AcDbEntity
  8
B.Silkscreen
  6
CONTINUOUS
100
AcDbLine
 10
160.1478259999999807
 20
-91.8877370000000013
 30
0
 11
160.2430640000000039
 21
-91.9353559999999987
 31
0
  0
LINE
  5
1CD
330
22
100
AcDbEntity
  8
B.Silkscreen
  6
CONTINUOUS
100
AcDbLine
 10
160.2430640000000039
 20
-91.9353559999999987
 30
0
 11
160.2493629999999882
 21
-91.939319999999995
 31
0
  0
LINE
  5
1CE
330
22
100
AcDbEntity
  8
B.Silkscreen
  6
CONTINUOUS
100
AcDbLine
 10
160.2493629999999882
 20
-91.939319999999995
 30
0
 11
160.2511910000000057
 21
-91.9400779999999997
 31
0
  0
LINE
  5
1CF
330
22
100
AcDbEntity
  8
B.Silkscreen
  6
CONTINUOUS
100
AcDbLine
 10
160.2511910000000057
 20
-91.9400779999999997
 30
0
 11
160.2532469999999876
 21
-91.9417660000000012
 31
0
  0
LINE
  5
1D0
330
22
100
AcDbEntity
  8
B.Silkscreen
  6
CONTINUOUS
100
AcDbLine
 10
160.2532469999999876
 20
-91.9417660000000012
 30
0
 11
160.2555069999999944
 21
-91.9431879999999921
 31
0
  0
LINE
  5
1D1
330
22
100
AcDbEntity
  8
B.Silkscreen
  6
CONTINUOUS
100
AcDbLine
 10
160.2555069999999944
 20
-91.9431879999999921
 30
0
 11
160.2568059999999832
 21
-91.9446859999999901
 31
0
  0
LINE
  5
1D2
330
22
100
AcDbEntity
  8
B.Silkscreen
  6
CONTINUOUS
100
AcDbLine
 10
160.2568059999999832
 20
-91.9446859999999901
 30
0
 11
160.2625559999999894
 21
-91.9494049999999987
 31
0
  0
LINE
  5
1D3
330
22
100
AcDbEntity
  8
B.Silkscreen
  6
CONTINUOUS
100
AcDbLine
 10
160.2625559999999894
 20
-91.9494049999999987
 30
0
 11
160.3101749999999868
 21
-91.9970239999999961
 31
0
  0
LINE
  5
1D4
330
22
100
AcDbEntity
  8
B.Silkscreen
  6
CONTINUOUS
100
AcDbLine
 10
160.3101749999999868
 20
-91.9970239999999961
 30
0
 11
160.319502
 21
-92.008388999999994
 31
0
  0
LINE
  5
1D5
330
22
100
AcDbEntity
  8
B.Silkscreen
  6
CONTINUOUS
100
AcDbLine
 10
160.319502
 20
-92.008388999999994
 30
0
 11
160.3307010000000048
 21
-92.0354249999999894
 31
0
  0
LINE
  5
1D6
330
22
100
AcDbEntity
  8
B.Silkscreen
  6
CONTINUOUS
100
AcDbLine
 10
160.3307010000000048
 20
-92.0354249999999894
 30
0
 11
160.3307010000000048
 21
-92.0646879999999896
 31
0
  0
LINE
  5
1D7
330
22
100
AcDbEntity
  8
B.Silkscreen
  6
CONTINUOUS
100
AcDbLine
 10
160.3307010000000048
 20
-92.0646879999999896
 30
0
 11
160.319502
 21
-92.0917239999999993
 31
0
  0
LINE
  5
1D8
330
22
100
AcDbEntity
  8
B.Silkscreen
  6
CONTINUOUS
100
AcDbLine
 10
160.319502
 20
-92.0917239999999993
 30
0
 11
160.2988090000000057
 21
-92.1124169999999935
 31
0
  0
LINE
  5
1D9
330
22
100
AcDbEntity
  8
B.Silkscreen
  6
CONTINUOUS
100
AcDbLine
 10
160.2988090000000057
 20
-92.1124169999999935
 30
0
 11
160.271772999999996
 21
-92.1236159999999984
 31
0
  0
LINE
  5
1DA
330
22
100
AcDbEntity
  8
B.Silkscreen
  6
CONTINUOUS
100
AcDbLine
 10
160.271772999999996
 20
-92.1236159999999984
 30
0
 11
160.2425099999999816
 21
-92.1236159999999984
 31
0
  0
LINE
  5
1DB
330
22
100
AcDbEntity
  8
B.Silkscreen
  6
CONTINUOUS
100
AcDbLine
 10
160.2425099999999816
 20
-92.1236159999999984
 30
0
 11
160.2154740000000004
 21
-92.1124169999999935
 31
0
  0
LINE
  5
1DC
330
22
100
AcDbEntity
  8
B.Silkscreen
  6
CONTINUOUS
100
AcDbLine
 10
160.2154740000000004
 20
-92.1124169999999935
 30
0
 11
160.2041089999999883
 21
-92.1030899999999946
 31
0
  0
LINE
  5
1DD
330
22
100
AcDbEntity
  8
B.Silkscreen
  6
CONTINUOUS
100
AcDbLine
 10
160.2041089999999883
 20
-92.1030899999999946
 30
0
 11
160.1650960000000055
 21
-92.0640769999999975
 31
0
  0
LINE
  5
1DE
330
22
100
AcDbEntity
  8
B.Silkscreen
  6
CONTINUOUS
100
AcDbLine
 10
160.1650960000000055
 20
-92.0640769999999975
 30
0
 11
160.0965799999999888
 21
-92.0298189999999892
 31
0
  0
LINE
  5
1DF
330
22
100
AcDbEntity
  8
B.Silkscreen
  6
CONTINUOUS
100
AcDbLine
 10
160.0965799999999888
 20
-92.0298189999999892
 30
0
 11
159.8938949999999863
 21
-92.0298189999999892
 31
0
  0
LINE
  5
1E0
330
22
100
AcDbEntity
  8
B.Silkscreen
  6
CONTINUOUS
100
AcDbLine
 10
159.8938949999999863
 20
-92.0298189999999892
 30
0
 11
159.8253789999999981
 21
-92.0640769999999975
 31
0
  0
LINE
  5
1E1
330
22
100
AcDbEntity
  8
B.Silkscreen
  6
CONTINUOUS
100
AcDbLine
 10
159.8253789999999981
 20
-92.0640769999999975
 30
0
 11
159.7949720000000013
 21
-92.0944839999999942
 31
0
  0
LINE
  5
1E2
330
22
100
AcDbEntity
  8
B.Silkscreen
  6
CONTINUOUS
100
AcDbLine
 10
159.7949720000000013
 20
-92.0944839999999942
 30
0
 11
159.7607139999999788
 21
-92.1629999999999967
 31
0
  0
LINE
  5
1E3
330
22
100
AcDbEntity
  8
B.Silkscreen
  6
CONTINUOUS
100
AcDbLine
 10
159.7607139999999788
 20
-92.1629999999999967
 30
0
 11
159.7607139999999788
 21
-92.22836199999999
 31
0
  0
LINE
  5
1E4
330
22
100
AcDbEntity
  8
B.Silkscreen
  6
CONTINUOUS
100
AcDbLine
 10
159.7607139999999788
 20
-92.22836199999999
 30
0
 11
159.7988849999999843
 21
-92.3428759999999897
 31
0
  0
LINE
  5
1E5
330
22
100
AcDbEntity
  8
B.Silkscreen
  6
CONTINUOUS
100
AcDbLine
 10
159.7988849999999843
 20
-92.3428759999999897
 30
0
 11
160.3577939999999842
 21
-92.9017860000000013
 31
0
  0
LINE
  5
1E6
330
22
100
AcDbEntity
  8
B.Silkscreen
  6
CONTINUOUS
100
AcDbLine
 10
160.3577939999999842
 20
-92.9017860000000013
 30
0
 11
160.3671219999999948
 21
-92.9131509999999992
 31
0
  0
LINE
  5
1E7
330
22
100
AcDbEntity
  8
B.Silkscreen
  6
CONTINUOUS
100
AcDbLine
 10
160.3671219999999948
 20
-92.9131509999999992
 30
0
 11
160.3783200000000022
 21
-92.940187999999992
 31
0
  0
LINE
  5
1E8
330
22
100
AcDbEntity
  8
B.Silkscreen
  6
CONTINUOUS
100
AcDbLine
 10
160.3783200000000022
 20
-92.940187999999992
 30
0
 11
160.3783200000000022
 21
-92.9694509999999923
 31
0
  0
LINE
  5
1E9
330
22
100
AcDbEntity
  8
B.Silkscreen
  6
CONTINUOUS
100
AcDbLine
 10
160.3783200000000022
 20
-92.9694509999999923
 30
0
 11
160.3671209999999974
 21
-92.9964870000000019
 31
0
  0
LINE
  5
1EA
330
22
100
AcDbEntity
  8
B.Silkscreen
  6
CONTINUOUS
100
AcDbLine
 10
160.3671209999999974
 20
-92.9964870000000019
 30
0
 11
160.3464290000000005
 21
-93.0171799999999962
 31
0
  0
LINE
  5
1EB
330
22
100
AcDbEntity
  8
B.Silkscreen
  6
CONTINUOUS
100
AcDbLine
 10
160.3464290000000005
 20
-93.0171799999999962
 30
0
 11
160.3312369999999873
 21
-93.0234719999999982
 31
0
  0
LINE
  5
1EC
330
22
100
AcDbEntity
  8
B.Silkscreen
  6
CONTINUOUS
100
AcDbLine
 10
160.3312369999999873
 20
-93.0234719999999982
 30
0
 11
160.3193929999999909
 21
-93.0283779999999894
 31
0
  0
LINE
  5
1ED
330
22
100
AcDbEntity
  8
B.Silkscreen
  6
CONTINUOUS
100
AcDbLine
 10
160.3193929999999909
 20
-93.0283779999999894
 30
0
 11
160.304760999999985
 21
-93.0298189999999892
 31
0
  0
LINE
  5
1EE
330
22
100
AcDbEntity
  8
B.Silkscreen
  6
CONTINUOUS
100
AcDbLine
 10
160.304760999999985
 20
-93.0298189999999892
 30
0
 11
159.6857139999999902
 21
-93.0298189999999892
 31
0
  0
LINE
  5
1EF
330
22
100
AcDbEntity
  8
B.Silkscreen
  6
CONTINUOUS
100
AcDbLine
 10
159.6857139999999902
 20
-93.0298189999999892
 30
0
 11
159.6710819999999842
 21
-93.0283779999999894
 31
0
  0
LINE
  5
1F0
330
22
100
AcDbEntity
  8
B.Silkscreen
  6
CONTINUOUS
100
AcDbLine
 10
159.6710819999999842
 20
-93.0283779999999894
 30
0
 11
159.644046000000003
 21
-93.0171789999999987
 31
0
  0
LINE
  5
1F1
330
22
100
AcDbEntity
  8
B.Silkscreen
  6
CONTINUOUS
100
AcDbLine
 10
159.644046000000003
 20
-93.0171789999999987
 30
0
 11
159.6233540000000062
 21
-92.9964870000000019
 31
0
  0
LINE
  5
1F2
330
22
100
AcDbEntity
  8
B.Silkscreen
  6
CONTINUOUS
100
AcDbLine
 10
159.6233540000000062
 20
-92.9964870000000019
 30
0
 11
159.6121550000000013
 21
-92.9694509999999923
 31
0
  0
LINE
  5
1F3
330
22
100
AcDbEntity
  8
B.Silkscreen
  6
CONTINUOUS
100
AcDbLine
 10
159.6121550000000013
 20
-92.9694509999999923
 30
0
 11
159.6121550000000013
 21
-92.9401869999999946
 31
0
  0
LINE
  5
1F4
330
22
100
AcDbEntity
  8
B.Silkscreen
  6
CONTINUOUS
100
AcDbLine
 10
159.6121550000000013
 20
-92.9401869999999946
 30
0
 11
159.6233540000000062
 21
-92.9131509999999992
 31
0
  0
LINE
  5
1F5
330
22
100
AcDbEntity
  8
B.Silkscreen
  6
CONTINUOUS
100
AcDbLine
 10
159.6233540000000062
 20
-92.9131509999999992
 30
0
 11
159.644046000000003
 21
-92.8924590000000023
 31
0
  0
LINE
  5
1F6
330
22
100
AcDbEntity
  8
B.Silkscreen
  6
CONTINUOUS
100
AcDbLine
 10
159.644046000000003
 20
-92.8924590000000023
 30
0
 11
159.6710819999999842
 21
-92.8812599999999975
 31
0
  0
LINE
  5
1F7
330
22
100
AcDbEntity
  8
B.Silkscreen
  6
CONTINUOUS
100
AcDbLine
 10
159.6710819999999842
 20
-92.8812599999999975
 30
0
 11
159.6857139999999902
 21
-92.8798189999999977
 31
0
  0
LINE
  5
1F8
330
22
100
AcDbEntity
  8
B.Silkscreen
  6
CONTINUOUS
100
AcDbLine
 10
159.6857139999999902
 20
-92.8798189999999977
 30
0
 11
160.1236949999999979
 21
-92.8798189999999977
 31
0
  0
LINE
  5
1F9
330
22
100
AcDbEntity
  8
B.Silkscreen
  6
CONTINUOUS
100
AcDbLine
 10
160.1236949999999979
 20
-92.8798189999999977
 30
0
 11
159.6802999999999884
 21
-92.4364229999999907
 31
0
  0
LINE
  5
1FA
330
22
100
AcDbEntity
  8
B.Silkscreen
  6
CONTINUOUS
100
AcDbLine
 10
159.6802999999999884
 20
-92.4364229999999907
 30
0
 11
159.6709730000000036
 21
-92.4250579999999928
 31
0
  0
LINE
  5
1FB
330
22
100
AcDbEntity
  8
B.Silkscreen
  6
CONTINUOUS
100
AcDbLine
 10
159.6709730000000036
 20
-92.4250579999999928
 30
0
 11
159.6699409999999943
 21
-92.4225670000000008
 31
0
  0
LINE
  5
1FC
330
22
100
AcDbEntity
  8
B.Silkscreen
  6
CONTINUOUS
100
AcDbLine
 10
159.6699409999999943
 20
-92.4225670000000008
 30
0
 11
159.6681759999999883
 21
-92.4205319999999944
 31
0
  0
LINE
  5
1FD
330
22
100
AcDbEntity
  8
B.Silkscreen
  6
CONTINUOUS
100
AcDbLine
 10
159.6681759999999883
 20
-92.4205319999999944
 30
0
 11
159.6621820000000014
 21
-92.4071069999999963
 31
0
  0
LINE
  5
1FE
330
22
100
AcDbEntity
  8
B.Silkscreen
  6
CONTINUOUS
100
AcDbLine
 10
159.6621820000000014
 20
-92.4071069999999963
 30
0
 11
159.614563000000004
 21
-92.2642499999999899
 31
0
  0
LINE
  5
1FF
330
22
100
AcDbEntity
  8
B.Silkscreen
  6
CONTINUOUS
100
AcDbLine
 10
159.614563000000004
 20
-92.2642499999999899
 30
0
 11
159.6129129999999918
 21
-92.2569960000000009
 31
0
  0
LINE
  5
200
330
22
100
AcDbEntity
  8
B.Silkscreen
  6
CONTINUOUS
100
AcDbLine
 10
159.6129129999999918
 20
-92.2569960000000009
 30
0
 11
159.6121550000000013
 21
-92.255164999999991
 31
0
  0
LINE
  5
201
330
22
100
AcDbEntity
  8
B.Silkscreen
  6
CONTINUOUS
100
AcDbLine
 10
159.6121550000000013
 20
-92.255164999999991
 30
0
 11
159.6118929999999807
 21
-92.2525100000000009
 31
0
  0
LINE
  5
202
330
22
100
AcDbEntity
  8
B.Silkscreen
  6
CONTINUOUS
100
AcDbLine
 10
159.6118929999999807
 20
-92.2525100000000009
 30
0
 11
159.6113029999999924
 21
-92.2499129999999923
 31
0
  0
LINE
  5
203
330
22
100
AcDbEntity
  8
B.Silkscreen
  6
CONTINUOUS
100
AcDbLine
 10
159.6113029999999924
 20
-92.2499129999999923
 30
0
 11
159.61144299999998
 21
-92.2479379999999907
 31
0
  0
LINE
  5
204
330
22
100
AcDbEntity
  8
B.Silkscreen
  6
CONTINUOUS
100
AcDbLine
 10
159.61144299999998
 20
-92.2479379999999907
 30
0
 11
159.6107140000000015
 21
-92.2405329999999992
 31
0
  0
LINE
  5
205
330
22
100
AcDbEntity
  8
B.Silkscreen
  6
CONTINUOUS
100
AcDbLine
 10
159.6107140000000015
 20
-92.2405329999999992
 30
0
 11
159.6107140000000015
 21
-92.1452949999999902
 31
0
  0
LINE
  5
206
330
22
100
AcDbEntity
  8
B.Silkscreen
  6
CONTINUOUS
100
AcDbLine
 10
159.6107140000000015
 20
-92.1452949999999902
 30
0
 11
159.6121550000000013
 21
-92.1306629999999984
 31
0
  0
LINE
  5
207
330
22
100
AcDbEntity
  8
B.Silkscreen
  6
CONTINUOUS
100
AcDbLine
 10
159.6121550000000013
 20
-92.1306629999999984
 30
0
 11
159.6131859999999847
 21
-92.1281729999999897
 31
0
  0
LINE
  5
208
330
22
100
AcDbEntity
  8
B.Silkscreen
  6
CONTINUOUS
100
AcDbLine
 10
159.6131859999999847
 20
-92.1281729999999897
 30
0
 11
159.6133769999999856
 21
-92.1254859999999951
 31
0
  0
LINE
  5
209
330
22
100
AcDbEntity
  8
B.Silkscreen
  6
CONTINUOUS
100
AcDbLine
 10
159.6133769999999856
 20
-92.1254859999999951
 30
0
 11
159.618631999999991
 21
-92.1117539999999906
 31
0
  0
LINE
  5
20A
330
22
100
AcDbEntity
  8
B.Silkscreen
  6
CONTINUOUS
100
AcDbLine
 10
159.618631999999991
 20
-92.1117539999999906
 30
0
 11
159.6662509999999884
 21
-92.0165159999999958
 31
0
  0
LINE
  5
20B
330
22
100
AcDbEntity
  8
B.Silkscreen
  6
CONTINUOUS
100
AcDbLine
 10
159.6662509999999884
 20
-92.0165159999999958
 30
0
 11
159.6702149999999847
 21
-92.0102159999999998
 31
0
  0
LINE
  5
20C
330
22
100
AcDbEntity
  8
B.Silkscreen
  6
CONTINUOUS
100
AcDbLine
 10
159.6702149999999847
 20
-92.0102159999999998
 30
0
 11
159.6709730000000036
 21
-92.008388999999994
 31
0
  0
LINE
  5
20D
330
22
100
AcDbEntity
  8
B.Silkscreen
  6
CONTINUOUS
100
AcDbLine
 10
159.6709730000000036
 20
-92.008388999999994
 30
0
 11
159.6726610000000051
 21
-92.0063320000000004
 31
0
  0
LINE
  5
20E
330
22
100
AcDbEntity
  8
B.Silkscreen
  6
CONTINUOUS
100
AcDbLine
 10
159.6726610000000051
 20
-92.0063320000000004
 30
0
 11
159.674082999999996
 21
-92.0040729999999911
 31
0
  0
LINE
  5
20F
330
22
100
AcDbEntity
  8
B.Silkscreen
  6
CONTINUOUS
100
AcDbLine
 10
159.674082999999996
 20
-92.0040729999999911
 30
0
 11
159.675580999999994
 21
-92.0027729999999906
 31
0
  0
LINE
  5
210
330
22
100
AcDbEntity
  8
B.Silkscreen
  6
CONTINUOUS
100
AcDbLine
 10
159.675580999999994
 20
-92.0027729999999906
 30
0
 11
159.6802999999999884
 21
-91.9970239999999961
 31
0
  0
LINE
  5
211
330
22
100
AcDbEntity
  8
B.Silkscreen
  6
CONTINUOUS
100
AcDbLine
 10
159.6802999999999884
 20
-91.9970239999999961
 30
0
 11
159.7279189999999858
 21
-91.9494049999999987
 31
0
  0
LINE
  5
212
330
22
100
AcDbEntity
  8
B.Silkscreen
  6
CONTINUOUS
100
AcDbLine
 10
159.7279189999999858
 20
-91.9494049999999987
 30
0
 11
159.7336679999999944
 21
-91.9446859999999901
 31
0
  0
LINE
  5
213
330
22
100
AcDbEntity
  8
B.Silkscreen
  6
CONTINUOUS
100
AcDbLine
 10
159.7336679999999944
 20
-91.9446859999999901
 30
0
 11
159.7349679999999807
 21
-91.9431879999999921
 31
0
  0
LINE
  5
214
330
22
100
AcDbEntity
  8
B.Silkscreen
  6
CONTINUOUS
100
AcDbLine
 10
159.7349679999999807
 20
-91.9431879999999921
 30
0
 11
159.7372269999999901
 21
-91.9417660000000012
 31
0
  0
LINE
  5
215
330
22
100
AcDbEntity
  8
B.Silkscreen
  6
CONTINUOUS
100
AcDbLine
 10
159.7372269999999901
 20
-91.9417660000000012
 30
0
 11
159.7392839999999978
 21
-91.9400779999999997
 31
0
  0
LINE
  5
216
330
22
100
AcDbEntity
  8
B.Silkscreen
  6
CONTINUOUS
100
AcDbLine
 10
159.7392839999999978
 20
-91.9400779999999997
 30
0
 11
159.7411109999999894
 21
-91.939319999999995
 31
0
  0
LINE
  5
217
330
22
100
AcDbEntity
  8
B.Silkscreen
  6
CONTINUOUS
100
AcDbLine
 10
159.7411109999999894
 20
-91.939319999999995
 30
0
 11
159.7474109999999996
 21
-91.9353559999999987
 31
0
  0
LINE
  5
218
330
22
100
AcDbEntity
  8
B.Silkscreen
  6
CONTINUOUS
100
AcDbLine
 10
159.7474109999999996
 20
-91.9353559999999987
 30
0
 11
159.8426489999999944
 21
-91.8877370000000013
 31
0
  0
LINE
  5
219
330
22
100
AcDbEntity
  8
B.Silkscreen
  6
CONTINUOUS
100
AcDbLine
 10
159.8426489999999944
 20
-91.8877370000000013
 30
0
 11
159.8563800000000015
 21
-91.882481999999996
 31
0
  0
LINE
  5
21A
330
22
100
AcDbEntity
  8
B.Silkscreen
  6
CONTINUOUS
100
AcDbLine
 10
159.8563800000000015
 20
-91.882481999999996
 30
0
 11
159.8590690000000052
 21
-91.8822899999999976
 31
0
  0
LINE
  5
21B
330
22
100
AcDbEntity
  8
B.Silkscreen
  6
CONTINUOUS
100
AcDbLine
 10
159.8590690000000052
 20
-91.8822899999999976
 30
0
 11
159.8615580000000023
 21
-91.8812599999999975
 31
0
  0
LINE
  5
21C
330
22
100
AcDbEntity
  8
B.Silkscreen
  6
CONTINUOUS
100
AcDbLine
 10
159.8615580000000023
 20
-91.8812599999999975
 30
0
 11
159.8761899999999798
 21
-91.8798189999999977
 31
0
  0
LINE
  5
21D
330
22
100
AcDbEntity
  8
B.Silkscreen
  6
CONTINUOUS
100
AcDbLine
 10
159.8761899999999798
 20
-91.8798189999999977
 30
0
 11
160.1142849999999953
 21
-91.8798189999999977
 31
0
  0
LINE
  5
21E
330
22
100
AcDbEntity
  8
B.Silkscreen
  6
CONTINUOUS
100
AcDbLine
 10
160.1142849999999953
 20
-91.8798189999999977
 30
0
 11
160.1289170000000013
 21
-91.8812599999999975
 31
0
  0
LINE
  5
21F
330
22
100
AcDbEntity
  8
B.Silkscreen
  6
CONTINUOUS
100
AcDbLine
 10
163.026330999999999
 20
-91.8812599999999975
 30
0
 11
163.0336790000000065
 21
-91.8812599999999975
 31
0
  0
LINE
  5
220
330
22
100
AcDbEntity
  8
B.Silkscreen
  6
CONTINUOUS
100
AcDbLine
 10
163.0336790000000065
 20
-91.8812599999999975
 30
0
 11
163.0405389999999954
 21
-91.8841010000000011
 31
0
  0
LINE
  5
221
330
22
100
AcDbEntity
  8
B.Silkscreen
  6
CONTINUOUS
100
AcDbLine
 10
163.0405389999999954
 20
-91.8841010000000011
 30
0
 11
163.0478200000000015
 21
-91.885557999999989
 31
0
  0
LINE
  5
222
330
22
100
AcDbEntity
  8
B.Silkscreen
  6
CONTINUOUS
100
AcDbLine
 10
163.0478200000000015
 20
-91.885557999999989
 30
0
 11
163.0539249999999925
 21
-91.889645999999999
 31
0
  0
LINE
  5
223
330
22
100
AcDbEntity
  8
B.Silkscreen
  6
CONTINUOUS
100
AcDbLine
 10
163.0539249999999925
 20
-91.889645999999999
 30
0
 11
163.0607149999999876
 21
-91.8924590000000023
 31
0
  0
LINE
  5
224
330
22
100
AcDbEntity
  8
B.Silkscreen
  6
CONTINUOUS
100
AcDbLine
 10
163.0607149999999876
 20
-91.8924590000000023
 30
0
 11
163.0659650000000056
 21
-91.8977089999999919
 31
0
  0
LINE
  5
225
330
22
100
AcDbEntity
  8
B.Silkscreen
  6
CONTINUOUS
100
AcDbLine
 10
163.0659650000000056
 20
-91.8977089999999919
 30
0
 11
163.0721350000000029
 21
-91.9018409999999903
 31
0
  0
LINE
  5
226
330
22
100
AcDbEntity
  8
B.Silkscreen
  6
CONTINUOUS
100
AcDbLine
 10
163.0721350000000029
 20
-91.9018409999999903
 30
0
 11
163.0813550000000021
 21
-91.9130990000000025
 31
0
  0
LINE
  5
227
330
22
100
AcDbEntity
  8
B.Silkscreen
  6
CONTINUOUS
100
AcDbLine
 10
163.0813550000000021
 20
-91.9130990000000025
 30
0
 11
163.0814069999999845
 21
-91.9131509999999992
 31
0
  0
LINE
  5
228
330
22
100
AcDbEntity
  8
B.Silkscreen
  6
CONTINUOUS
100
AcDbLine
 10
163.0814069999999845
 20
-91.9131509999999992
 30
0
 11
163.0814159999999902
 21
-91.9131730000000005
 31
0
  0
LINE
  5
229
330
22
100
AcDbEntity
  8
B.Silkscreen
  6
CONTINUOUS
100
AcDbLine
 10
163.0814159999999902
 20
-91.9131730000000005
 30
0
 11
163.0814509999999871
 21
-91.9132159999999914
 31
0
  0
LINE
  5
22A
330
22
100
AcDbEntity
  8
B.Silkscreen
  6
CONTINUOUS
100
AcDbLine
 10
163.0814509999999871
 20
-91.9132159999999914
 30
0
 11
163.1725689999999815
 21
-92.0498939999999948
 31
0
  0
LINE
  5
22B
330
22
100
AcDbEntity
  8
B.Silkscreen
  6
CONTINUOUS
100
AcDbLine
 10
163.1725689999999815
 20
-92.0498939999999948
 30
0
 11
163.2539500000000032
 21
-92.1312750000000023
 31
0
  0
LINE
  5
22C
330
22
100
AcDbEntity
  8
B.Silkscreen
  6
CONTINUOUS
100
AcDbLine
 10
163.2539500000000032
 20
-92.1312750000000023
 30
0
 11
163.3383019999999988
 21
-92.173451
 31
0
  0
LINE
  5
22D
330
22
100
AcDbEntity
  8
B.Silkscreen
  6
CONTINUOUS
100
AcDbLine
 10
163.3383019999999988
 20
-92.173451
 30
0
 11
163.3507449999999892
 21
-92.1812829999999934
 31
0
  0
LINE
  5
22E
330
22
100
AcDbEntity
  8
B.Silkscreen
  6
CONTINUOUS
100
AcDbLine
 10
163.3507449999999892
 20
-92.1812829999999934
 30
0
 11
163.3699179999999842
 21
-92.2033909999999963
 31
0
  0
LINE
  5
22F
330
22
100
AcDbEntity
  8
B.Silkscreen
  6
CONTINUOUS
100
AcDbLine
 10
163.3699179999999842
 20
-92.2033909999999963
 30
0
 11
163.3791719999999827
 21
-92.2311519999999945
 31
0
  0
LINE
  5
230
330
22
100
AcDbEntity
  8
B.Silkscreen
  6
CONTINUOUS
100
AcDbLine
 10
163.3791719999999827
 20
-92.2311519999999945
 30
0
 11
163.3770979999999895
 21
-92.2603419999999943
 31
0
  0
LINE
  5
231
330
22
100
AcDbEntity
  8
B.Silkscreen
  6
CONTINUOUS
100
AcDbLine
 10
163.3770979999999895
 20
-92.2603419999999943
 30
0
 11
163.3640099999999791
 21
-92.2865169999999893
 31
0
  0
LINE
  5
232
330
22
100
AcDbEntity
  8
B.Silkscreen
  6
CONTINUOUS
100
AcDbLine
 10
163.3640099999999791
 20
-92.2865169999999893
 30
0
 11
163.3419030000000021
 21
-92.3056899999999985
 31
0
  0
LINE
  5
233
330
22
100
AcDbEntity
  8
B.Silkscreen
  6
CONTINUOUS
100
AcDbLine
 10
163.3419030000000021
 20
-92.3056899999999985
 30
0
 11
163.3141410000000064
 21
-92.314943999999997
 31
0
  0
LINE
  5
234
330
22
100
AcDbEntity
  8
B.Silkscreen
  6
CONTINUOUS
100
AcDbLine
 10
163.3141410000000064
 20
-92.314943999999997
 30
0
 11
163.2849510000000066
 21
-92.3128699999999895
 31
0
  0
LINE
  5
235
330
22
100
AcDbEntity
  8
B.Silkscreen
  6
CONTINUOUS
100
AcDbLine
 10
163.2849510000000066
 20
-92.3128699999999895
 30
0
 11
163.2712199999999996
 21
-92.3076149999999984
 31
0
  0
LINE
  5
236
330
22
100
AcDbEntity
  8
B.Silkscreen
  6
CONTINUOUS
100
AcDbLine
 10
163.2712199999999996
 20
-92.3076149999999984
 30
0
 11
163.1759820000000047
 21
-92.259996000000001
 31
0
  0
LINE
  5
237
330
22
100
AcDbEntity
  8
B.Silkscreen
  6
CONTINUOUS
100
AcDbLine
 10
163.1759820000000047
 20
-92.259996000000001
 30
0
 11
163.1696869999999819
 21
-92.2560330000000022
 31
0
  0
LINE
  5
238
330
22
100
AcDbEntity
  8
B.Silkscreen
  6
CONTINUOUS
100
AcDbLine
 10
163.1696869999999819
 20
-92.2560330000000022
 30
0
 11
163.167855000000003
 21
-92.2552749999999975
 31
0
  0
LINE
  5
239
330
22
100
AcDbEntity
  8
B.Silkscreen
  6
CONTINUOUS
100
AcDbLine
 10
163.167855000000003
 20
-92.2552749999999975
 30
0
 11
163.1657929999999794
 21
-92.2535829999999919
 31
0
  0
LINE
  5
23A
330
22
100
AcDbEntity
  8
B.Silkscreen
  6
CONTINUOUS
100
AcDbLine
 10
163.1657929999999794
 20
-92.2535829999999919
 30
0
 11
163.1635389999999859
 21
-92.2521639999999934
 31
0
  0
LINE
  5
23B
330
22
100
AcDbEntity
  8
B.Silkscreen
  6
CONTINUOUS
100
AcDbLine
 10
163.1635389999999859
 20
-92.2521639999999934
 30
0
 11
163.1622399999999971
 21
-92.2506669999999929
 31
0
  0
LINE
  5
23C
330
22
100
AcDbEntity
  8
B.Silkscreen
  6
CONTINUOUS
100
AcDbLine
 10
163.1622399999999971
 20
-92.2506669999999929
 30
0
 11
163.1564899999999909
 21
-92.245947000000001
 31
0
  0
LINE
  5
23D
330
22
100
AcDbEntity
  8
B.Silkscreen
  6
CONTINUOUS
100
AcDbLine
 10
163.1564899999999909
 20
-92.245947000000001
 30
0
 11
163.0940469999999891
 21
-92.1835039999999992
 31
0
  0
LINE
  5
23E
330
22
100
AcDbEntity
  8
B.Silkscreen
  6
CONTINUOUS
100
AcDbLine
 10
163.0940469999999891
 20
-92.1835039999999992
 30
0
 11
163.0940469999999891
 21
-92.8798189999999977
 31
0
  0
LINE
  5
23F
330
22
100
AcDbEntity
  8
B.Silkscreen
  6
CONTINUOUS
100
AcDbLine
 10
163.0940469999999891
 20
-92.8798189999999977
 30
0
 11
163.304760999999985
 21
-92.8798189999999977
 31
0
  0
LINE
  5
240
330
22
100
AcDbEntity
  8
B.Silkscreen
  6
CONTINUOUS
100
AcDbLine
 10
163.304760999999985
 20
-92.8798189999999977
 30
0
 11
163.3193929999999909
 21
-92.8812599999999975
 31
0
  0
LINE
  5
241
330
22
100
AcDbEntity
  8
B.Silkscreen
  6
CONTINUOUS
100
AcDbLine
 10
163.3193929999999909
 20
-92.8812599999999975
 30
0
 11
163.3464290000000005
 21
-92.8924590000000023
 31
0
  0
LINE
  5
242
330
22
100
AcDbEntity
  8
B.Silkscreen
  6
CONTINUOUS
100
AcDbLine
 10
163.3464290000000005
 20
-92.8924590000000023
 30
0
 11
163.3671209999999974
 21
-92.9131509999999992
 31
0
  0
LINE
  5
243
330
22
100
AcDbEntity
  8
B.Silkscreen
  6
CONTINUOUS
100
AcDbLine
 10
163.3671209999999974
 20
-92.9131509999999992
 30
0
 11
163.3783200000000022
 21
-92.9401869999999946
 31
0
  0
LINE
  5
244
330
22
100
AcDbEntity
  8
B.Silkscreen
  6
CONTINUOUS
100
AcDbLine
 10
163.3783200000000022
 20
-92.9401869999999946
 30
0
 11
163.3783200000000022
 21
-92.9694509999999923
 31
0
  0
LINE
  5
245
330
22
100
AcDbEntity
  8
B.Silkscreen
  6
CONTINUOUS
100
AcDbLine
 10
163.3783200000000022
 20
-92.9694509999999923
 30
0
 11
163.3671209999999974
 21
-92.9964870000000019
 31
0
  0
LINE
  5
246
330
22
100
AcDbEntity
  8
B.Silkscreen
  6
CONTINUOUS
100
AcDbLine
 10
163.3671209999999974
 20
-92.9964870000000019
 30
0
 11
163.3464290000000005
 21
-93.0171789999999987
 31
0
  0
LINE
  5
247
330
22
100
AcDbEntity
  8
B.Silkscreen
  6
CONTINUOUS
100
AcDbLine
 10
163.3464290000000005
 20
-93.0171789999999987
 30
0
 11
163.3193929999999909
 21
-93.0283779999999894
 31
0
  0
LINE
  5
248
330
22
100
AcDbEntity
  8
B.Silkscreen
  6
CONTINUOUS
100
AcDbLine
 10
163.3193929999999909
 20
-93.0283779999999894
 30
0
 11
163.304760999999985
 21
-93.0298189999999892
 31
0
  0
LINE
  5
249
330
22
100
AcDbEntity
  8
B.Silkscreen
  6
CONTINUOUS
100
AcDbLine
 10
163.304760999999985
 20
-93.0298189999999892
 30
0
 11
162.7333329999999876
 21
-93.0298189999999892
 31
0
  0
LINE
  5
24A
330
22
100
AcDbEntity
  8
B.Silkscreen
  6
CONTINUOUS
100
AcDbLine
 10
162.7333329999999876
 20
-93.0298189999999892
 30
0
 11
162.7187009999999816
 21
-93.0283779999999894
 31
0
  0
LINE
  5
24B
330
22
100
AcDbEntity
  8
B.Silkscreen
  6
CONTINUOUS
100
AcDbLine
 10
162.7187009999999816
 20
-93.0283779999999894
 30
0
 11
162.6916650000000004
 21
-93.0171789999999987
 31
0
  0
LINE
  5
24C
330
22
100
AcDbEntity
  8
B.Silkscreen
  6
CONTINUOUS
100
AcDbLine
 10
162.6916650000000004
 20
-93.0171789999999987
 30
0
 11
162.6709730000000036
 21
-92.9964870000000019
 31
0
  0
LINE
  5
24D
330
22
100
AcDbEntity
  8
B.Silkscreen
  6
CONTINUOUS
100
AcDbLine
 10
162.6709730000000036
 20
-92.9964870000000019
 30
0
 11
162.6597739999999988
 21
-92.9694509999999923
 31
0
  0
LINE
  5
24E
330
22
100
AcDbEntity
  8
B.Silkscreen
  6
CONTINUOUS
100
AcDbLine
 10
162.6597739999999988
 20
-92.9694509999999923
 30
0
 11
162.6597739999999988
 21
-92.9401869999999946
 31
0
  0
LINE
  5
24F
330
22
100
AcDbEntity
  8
B.Silkscreen
  6
CONTINUOUS
100
AcDbLine
 10
162.6597739999999988
 20
-92.9401869999999946
 30
0
 11
162.6709730000000036
 21
-92.9131509999999992
 31
0
  0
LINE
  5
250
330
22
100
AcDbEntity
  8
B.Silkscreen
  6
CONTINUOUS
100
AcDbLine
 10
162.6709730000000036
 20
-92.9131509999999992
 30
0
 11
162.6916650000000004
 21
-92.8924590000000023
 31
0
  0
LINE
  5
251
330
22
100
AcDbEntity
  8
B.Silkscreen
  6
CONTINUOUS
100
AcDbLine
 10
162.6916650000000004
 20
-92.8924590000000023
 30
0
 11
162.7187009999999816
 21
-92.8812599999999975
 31
0
  0
LINE
  5
252
330
22
100
AcDbEntity
  8
B.Silkscreen
  6
CONTINUOUS
100
AcDbLine
 10
162.7187009999999816
 20
-92.8812599999999975
 30
0
 11
162.7333329999999876
 21
-92.8798189999999977
 31
0
  0
LINE
  5
253
330
22
100
AcDbEntity
  8
B.Silkscreen
  6
CONTINUOUS
100
AcDbLine
 10
162.7333329999999876
 20
-92.8798189999999977
 30
0
 11
162.9440469999999834
 21
-92.8798189999999977
 31
0
  0
LINE
  5
254
330
22
100
AcDbEntity
  8
B.Silkscreen
  6
CONTINUOUS
100
AcDbLine
 10
162.9440469999999834
 20
-92.8798189999999977
 30
0
 11
162.9440469999999834
 21
-91.9548190000000005
 31
0
  0
LINE
  5
255
330
22
100
AcDbEntity
  8
B.Silkscreen
  6
CONTINUOUS
100
AcDbLine
 10
162.9440469999999834
 20
-91.9548190000000005
 30
0
 11
162.9440519999999992
 21
-91.9547659999999922
 31
0
  0
LINE
  5
256
330
22
100
AcDbEntity
  8
B.Silkscreen
  6
CONTINUOUS
100
AcDbLine
 10
162.9440519999999992
 20
-91.9547659999999922
 30
0
 11
162.9440469999999834
 21
-91.954740000000001
 31
0
  0
LINE
  5
257
330
22
100
AcDbEntity
  8
B.Silkscreen
  6
CONTINUOUS
100
AcDbLine
 10
162.9440469999999834
 20
-91.954740000000001
 30
0
 11
162.9440620000000024
 21
-91.9546629999999965
 31
0
  0
LINE
  5
258
330
22
100
AcDbEntity
  8
B.Silkscreen
  6
CONTINUOUS
100
AcDbLine
 10
162.9440620000000024
 20
-91.9546629999999965
 30
0
 11
162.9454879999999832
 21
-91.9401869999999946
 31
0
  0
LINE
  5
259
330
22
100
AcDbEntity
  8
B.Silkscreen
  6
CONTINUOUS
100
AcDbLine
 10
162.9454879999999832
 20
-91.9401869999999946
 30
0
 11
162.9483290000000011
 21
-91.9333259999999939
 31
0
  0
LINE
  5
25A
330
22
100
AcDbEntity
  8
B.Silkscreen
  6
CONTINUOUS
100
AcDbLine
 10
162.9483290000000011
 20
-91.9333259999999939
 30
0
 11
162.9497859999999889
 21
-91.9260459999999995
 31
0
  0
LINE
  5
25B
330
22
100
AcDbEntity
  8
B.Silkscreen
  6
CONTINUOUS
100
AcDbLine
 10
162.9497859999999889
 20
-91.9260459999999995
 30
0
 11
162.9538739999999848
 21
-91.9199399999999969
 31
0
  0
LINE
  5
25C
330
22
100
AcDbEntity
  8
B.Silkscreen
  6
CONTINUOUS
100
AcDbLine
 10
162.9538739999999848
 20
-91.9199399999999969
 30
0
 11
162.9566869999999881
 21
-91.9131509999999992
 31
0
  0
LINE
  5
25D
330
22
100
AcDbEntity
  8
B.Silkscreen
  6
CONTINUOUS
100
AcDbLine
 10
162.9566869999999881
 20
-91.9131509999999992
 30
0
 11
162.961937000000006
 21
-91.9078999999999979
 31
0
  0
LINE
  5
25E
330
22
100
AcDbEntity
  8
B.Silkscreen
  6
CONTINUOUS
100
AcDbLine
 10
162.961937000000006
 20
-91.9078999999999979
 30
0
 11
162.9660690000000045
 21
-91.9017309999999981
 31
0
  0
LINE
  5
25F
330
22
100
AcDbEntity
  8
B.Silkscreen
  6
CONTINUOUS
100
AcDbLine
 10
162.9660690000000045
 20
-91.9017309999999981
 30
0
 11
162.9721830000000011
 21
-91.8976540000000028
 31
0
  0
LINE
  5
260
330
22
100
AcDbEntity
  8
B.Silkscreen
  6
CONTINUOUS
100
AcDbLine
 10
162.9721830000000011
 20
-91.8976540000000028
 30
0
 11
162.9773789999999849
 21
-91.8924590000000023
 31
0
  0
LINE
  5
261
330
22
100
AcDbEntity
  8
B.Silkscreen
  6
CONTINUOUS
100
AcDbLine
 10
162.9773789999999849
 20
-91.8924590000000023
 30
0
 11
162.9842390000000023
 21
-91.8896170000000012
 31
0
  0
LINE
  5
262
330
22
100
AcDbEntity
  8
B.Silkscreen
  6
CONTINUOUS
100
AcDbLine
 10
162.9842390000000023
 20
-91.8896170000000012
 30
0
 11
162.9904180000000053
 21
-91.8854979999999983
 31
0
  0
LINE
  5
263
330
22
100
AcDbEntity
  8
B.Silkscreen
  6
CONTINUOUS
100
AcDbLine
 10
162.9904180000000053
 20
-91.8854979999999983
 30
0
 11
162.9976259999999968
 21
-91.8840719999999891
 31
0
  0
LINE
  5
264
330
22
100
AcDbEntity
  8
B.Silkscreen
  6
CONTINUOUS
100
AcDbLine
 10
162.9976259999999968
 20
-91.8840719999999891
 30
0
 11
163.0044149999999945
 21
-91.8812599999999975
 31
0
  0
LINE
  5
265
330
22
100
AcDbEntity
  8
B.Silkscreen
  6
CONTINUOUS
100
AcDbLine
 10
163.0044149999999945
 20
-91.8812599999999975
 30
0
 11
163.0118420000000015
 21
-91.8812599999999975
 31
0
  0
LINE
  5
266
330
22
100
AcDbEntity
  8
B.Silkscreen
  6
CONTINUOUS
100
AcDbLine
 10
163.0118420000000015
 20
-91.8812599999999975
 30
0
 11
163.019126
 21
-91.8798189999999977
 31
0
  0
LINE
  5
267
330
22
100
AcDbEntity
  8
B.Silkscreen
  6
CONTINUOUS
100
AcDbLine
 10
163.019126
 20
-91.8798189999999977
 30
0
 11
163.026330999999999
 21
-91.8812599999999975
 31
0
  0
LINE
  5
268
330
22
100
AcDbEntity
  8
B.Silkscreen
  6
CONTINUOUS
100
AcDbLine
 10
164.0812980000000039
 20
-91.8812599999999975
 30
0
 11
164.0837870000000009
 21
-91.8822909999999951
 31
0
  0
LINE
  5
269
330
22
100
AcDbEntity
  8
B.Silkscreen
  6
CONTINUOUS
100
AcDbLine
 10
164.0837870000000009
 20
-91.8822909999999951
 30
0
 11
164.0864749999999788
 21
-91.882481999999996
 31
0
  0
LINE
  5
26A
330
22
100
AcDbEntity
  8
B.Silkscreen
  6
CONTINUOUS
100
AcDbLine
 10
164.0864749999999788
 20
-91.882481999999996
 30
0
 11
164.1002069999999833
 21
-91.8877370000000013
 31
0
  0
LINE
  5
26B
330
22
100
AcDbEntity
  8
B.Silkscreen
  6
CONTINUOUS
100
AcDbLine
 10
164.1002069999999833
 20
-91.8877370000000013
 30
0
 11
164.1954450000000065
 21
-91.9353559999999987
 31
0
  0
LINE
  5
26C
330
22
100
AcDbEntity
  8
B.Silkscreen
  6
CONTINUOUS
100
AcDbLine
 10
164.1954450000000065
 20
-91.9353559999999987
 30
0
 11
164.2017439999999908
 21
-91.939319999999995
 31
0
  0
LINE
  5
26D
330
22
100
AcDbEntity
  8
B.Silkscreen
  6
CONTINUOUS
100
AcDbLine
 10
164.2017439999999908
 20
-91.939319999999995
 30
0
 11
164.2035719999999799
 21
-91.9400779999999997
 31
0
  0
LINE
  5
26E
330
22
100
AcDbEntity
  8
B.Silkscreen
  6
CONTINUOUS
100
AcDbLine
 10
164.2035719999999799
 20
-91.9400779999999997
 30
0
 11
164.2056279999999902
 21
-91.9417660000000012
 31
0
  0
LINE
  5
26F
330
22
100
AcDbEntity
  8
B.Silkscreen
  6
CONTINUOUS
100
AcDbLine
 10
164.2056279999999902
 20
-91.9417660000000012
 30
0
 11
164.207887999999997
 21
-91.9431879999999921
 31
0
  0
LINE
  5
270
330
22
100
AcDbEntity
  8
B.Silkscreen
  6
CONTINUOUS
100
AcDbLine
 10
164.207887999999997
 20
-91.9431879999999921
 30
0
 11
164.2091869999999858
 21
-91.9446859999999901
 31
0
  0
LINE
  5
271
330
22
100
AcDbEntity
  8
B.Silkscreen
  6
CONTINUOUS
100
AcDbLine
 10
164.2091869999999858
 20
-91.9446859999999901
 30
0
 11
164.2149369999999919
 21
-91.9494049999999987
 31
0
  0
LINE
  5
272
330
22
100
AcDbEntity
  8
B.Silkscreen
  6
CONTINUOUS
100
AcDbLine
 10
164.2149369999999919
 20
-91.9494049999999987
 30
0
 11
164.2625559999999894
 21
-91.9970239999999961
 31
0
  0
LINE
  5
273
330
22
100
AcDbEntity
  8
B.Silkscreen
  6
CONTINUOUS
100
AcDbLine
 10
164.2625559999999894
 20
-91.9970239999999961
 30
0
 11
164.2672739999999862
 21
-92.0027729999999906
 31
0
  0
LINE
  5
274
330
22
100
AcDbEntity
  8
B.Silkscreen
  6
CONTINUOUS
100
AcDbLine
 10
164.2672739999999862
 20
-92.0027729999999906
 30
0
 11
164.2687729999999817
 21
-92.0040729999999911
 31
0
  0
LINE
  5
275
330
22
100
AcDbEntity
  8
B.Silkscreen
  6
CONTINUOUS
100
AcDbLine
 10
164.2687729999999817
 20
-92.0040729999999911
 30
0
 11
164.2701940000000036
 21
-92.0063320000000004
 31
0
  0
LINE
  5
276
330
22
100
AcDbEntity
  8
B.Silkscreen
  6
CONTINUOUS
100
AcDbLine
 10
164.2701940000000036
 20
-92.0063320000000004
 30
0
 11
164.2718830000000025
 21
-92.008388999999994
 31
0
  0
LINE
  5
277
330
22
100
AcDbEntity
  8
B.Silkscreen
  6
CONTINUOUS
100
AcDbLine
 10
164.2718830000000025
 20
-92.008388999999994
 30
0
 11
164.2726399999999956
 21
-92.0102159999999998
 31
0
  0
LINE
  5
278
330
22
100
AcDbEntity
  8
B.Silkscreen
  6
CONTINUOUS
100
AcDbLine
 10
164.2726399999999956
 20
-92.0102159999999998
 30
0
 11
164.2766049999999893
 21
-92.0165159999999958
 31
0
  0
LINE
  5
279
330
22
100
AcDbEntity
  8
B.Silkscreen
  6
CONTINUOUS
100
AcDbLine
 10
164.2766049999999893
 20
-92.0165159999999958
 30
0
 11
164.3242239999999867
 21
-92.1117539999999906
 31
0
  0
LINE
  5
27A
330
22
100
AcDbEntity
  8
B.Silkscreen
  6
CONTINUOUS
100
AcDbLine
 10
164.3242239999999867
 20
-92.1117539999999906
 30
0
 11
164.3294789999999921
 21
-92.1254849999999976
 31
0
  0
LINE
  5
27B
330
22
100
AcDbEntity
  8
B.Silkscreen
  6
CONTINUOUS
100
AcDbLine
 10
164.3294789999999921
 20
-92.1254849999999976
 30
0
 11
164.329669999999993
 21
-92.1281740000000013
 31
0
  0
LINE
  5
27C
330
22
100
AcDbEntity
  8
B.Silkscreen
  6
CONTINUOUS
100
AcDbLine
 10
164.329669999999993
 20
-92.1281740000000013
 30
0
 11
164.3307010000000048
 21
-92.1306629999999984
 31
0
  0
LINE
  5
27D
330
22
100
AcDbEntity
  8
B.Silkscreen
  6
CONTINUOUS
100
AcDbLine
 10
164.3307010000000048
 20
-92.1306629999999984
 30
0
 11
164.3321420000000046
 21
-92.1452949999999902
 31
0
  0
LINE
  5
27E
330
22
100
AcDbEntity
  8
B.Silkscreen
  6
CONTINUOUS
100
AcDbLine
 10
164.3321420000000046
 20
-92.1452949999999902
 30
0
 11
164.3321420000000046
 21
-92.2405329999999992
 31
0
  0
LINE
  5
27F
330
22
100
AcDbEntity
  8
B.Silkscreen
  6
CONTINUOUS
100
AcDbLine
 10
164.3321420000000046
 20
-92.2405329999999992
 30
0
 11
164.3307010000000048
 21
-92.255164999999991
 31
0
  0
LINE
  5
280
330
22
100
AcDbEntity
  8
B.Silkscreen
  6
CONTINUOUS
100
AcDbLine
 10
164.3307010000000048
 20
-92.255164999999991
 30
0
 11
164.329669999999993
 21
-92.2576529999999906
 31
0
  0
LINE
  5
281
330
22
100
AcDbEntity
  8
B.Silkscreen
  6
CONTINUOUS
100
AcDbLine
 10
164.329669999999993
 20
-92.2576529999999906
 30
0
 11
164.3294789999999921
 21
-92.2603429999999918
 31
0
  0
LINE
  5
282
330
22
100
AcDbEntity
  8
B.Silkscreen
  6
CONTINUOUS
100
AcDbLine
 10
164.3294789999999921
 20
-92.2603429999999918
 30
0
 11
164.3242239999999867
 21
-92.2740739999999988
 31
0
  0
LINE
  5
283
330
22
100
AcDbEntity
  8
B.Silkscreen
  6
CONTINUOUS
100
AcDbLine
 10
164.3242239999999867
 20
-92.2740739999999988
 30
0
 11
164.2766049999999893
 21
-92.3693119999999936
 31
0
  0
LINE
  5
284
330
22
100
AcDbEntity
  8
B.Silkscreen
  6
CONTINUOUS
100
AcDbLine
 10
164.2766049999999893
 20
-92.3693119999999936
 30
0
 11
164.2726399999999956
 21
-92.3756109999999921
 31
0
  0
LINE
  5
285
330
22
100
AcDbEntity
  8
B.Silkscreen
  6
CONTINUOUS
100
AcDbLine
 10
164.2726399999999956
 20
-92.3756109999999921
 30
0
 11
164.2718830000000025
 21
-92.3774389999999954
 31
0
  0
LINE
  5
286
330
22
100
AcDbEntity
  8
B.Silkscreen
  6
CONTINUOUS
100
AcDbLine
 10
164.2718830000000025
 20
-92.3774389999999954
 30
0
 11
164.2701940000000036
 21
-92.3794949999999915
 31
0
  0
LINE
  5
287
330
22
100
AcDbEntity
  8
B.Silkscreen
  6
CONTINUOUS
100
AcDbLine
 10
164.2701940000000036
 20
-92.3794949999999915
 30
0
 11
164.2687729999999817
 21
-92.3817549999999983
 31
0
  0
LINE
  5
288
330
22
100
AcDbEntity
  8
B.Silkscreen
  6
CONTINUOUS
100
AcDbLine
 10
164.2687729999999817
 20
-92.3817549999999983
 30
0
 11
164.2672739999999862
 21
-92.3830540000000013
 31
0
  0
LINE
  5
289
330
22
100
AcDbEntity
  8
B.Silkscreen
  6
CONTINUOUS
100
AcDbLine
 10
164.2672739999999862
 20
-92.3830540000000013
 30
0
 11
164.2625559999999894
 21
-92.3888039999999933
 31
0
  0
LINE
  5
28A
330
22
100
AcDbEntity
  8
B.Silkscreen
  6
CONTINUOUS
100
AcDbLine
 10
164.2625559999999894
 20
-92.3888039999999933
 30
0
 11
164.2149369999999919
 21
-92.4364229999999907
 31
0
  0
LINE
  5
28B
330
22
100
AcDbEntity
  8
B.Silkscreen
  6
CONTINUOUS
100
AcDbLine
 10
164.2149369999999919
 20
-92.4364229999999907
 30
0
 11
164.2091869999999858
 21
-92.4411410000000018
 31
0
  0
LINE
  5
28C
330
22
100
AcDbEntity
  8
B.Silkscreen
  6
CONTINUOUS
100
AcDbLine
 10
164.2091869999999858
 20
-92.4411410000000018
 30
0
 11
164.207887999999997
 21
-92.4426399999999973
 31
0
  0
LINE
  5
28D
330
22
100
AcDbEntity
  8
B.Silkscreen
  6
CONTINUOUS
100
AcDbLine
 10
164.207887999999997
 20
-92.4426399999999973
 30
0
 11
164.2056279999999902
 21
-92.4440609999999907
 31
0
  0
LINE
  5
28E
330
22
100
AcDbEntity
  8
B.Silkscreen
  6
CONTINUOUS
100
AcDbLine
 10
164.2056279999999902
 20
-92.4440609999999907
 30
0
 11
164.2035719999999799
 21
-92.4457499999999897
 31
0
  0
LINE
  5
28F
330
22
100
AcDbEntity
  8
B.Silkscreen
  6
CONTINUOUS
100
AcDbLine
 10
164.2035719999999799
 20
-92.4457499999999897
 30
0
 11
164.2017439999999908
 21
-92.4465069999999969
 31
0
  0
LINE
  5
290
330
22
100
AcDbEntity
  8
B.Silkscreen
  6
CONTINUOUS
100
AcDbLine
 10
164.2017439999999908
 20
-92.4465069999999969
 30
0
 11
164.1954450000000065
 21
-92.4504719999999907
 31
0
  0
LINE
  5
291
330
22
100
AcDbEntity
  8
B.Silkscreen
  6
CONTINUOUS
100
AcDbLine
 10
164.1954450000000065
 20
-92.4504719999999907
 30
0
 11
164.1002069999999833
 21
-92.4980910000000023
 31
0
  0
LINE
  5
292
330
22
100
AcDbEntity
  8
B.Silkscreen
  6
CONTINUOUS
100
AcDbLine
 10
164.1002069999999833
 20
-92.4980910000000023
 30
0
 11
164.0991369999999847
 21
-92.4984999999999928
 31
0
  0
LINE
  5
293
330
22
100
AcDbEntity
  8
B.Silkscreen
  6
CONTINUOUS
100
AcDbLine
 10
164.0991369999999847
 20
-92.4984999999999928
 30
0
 11
164.098702000000003
 21
-92.4988230000000016
 31
0
  0
LINE
  5
294
330
22
100
AcDbEntity
  8
B.Silkscreen
  6
CONTINUOUS
100
AcDbLine
 10
164.098702000000003
 20
-92.4988230000000016
 30
0
 11
164.0925560000000019
 21
-92.501018000000002
 31
0
  0
LINE
  5
295
330
22
100
AcDbEntity
  8
B.Silkscreen
  6
CONTINUOUS
100
AcDbLine
 10
164.0925560000000019
 20
-92.501018000000002
 30
0
 11
164.0864749999999788
 21
-92.5033459999999934
 31
0
  0
LINE
  5
296
330
22
100
AcDbEntity
  8
B.Silkscreen
  6
CONTINUOUS
100
AcDbLine
 10
164.0864749999999788
 20
-92.5033459999999934
 30
0
 11
164.0859350000000063
 21
-92.5033839999999969
 31
0
  0
LINE
  5
297
330
22
100
AcDbEntity
  8
B.Silkscreen
  6
CONTINUOUS
100
AcDbLine
 10
164.0859350000000063
 20
-92.5033839999999969
 30
0
 11
164.084856000000002
 21
-92.5037699999999887
 31
0
  0
LINE
  5
298
330
22
100
AcDbEntity
  8
B.Silkscreen
  6
CONTINUOUS
100
AcDbLine
 10
164.084856000000002
 20
-92.5037699999999887
 30
0
 11
163.9023660000000007
 21
-92.5493919999999974
 31
0
  0
LINE
  5
299
330
22
100
AcDbEntity
  8
B.Silkscreen
  6
CONTINUOUS
100
AcDbLine
 10
163.9023660000000007
 20
-92.5493919999999974
 30
0
 11
163.8253789999999981
 21
-92.5878859999999975
 31
0
  0
LINE
  5
29A
330
22
100
AcDbEntity
  8
B.Silkscreen
  6
CONTINUOUS
100
AcDbLine
 10
163.8253789999999981
 20
-92.5878859999999975
 30
0
 11
163.7949720000000013
 21
-92.6182929999999942
 31
0
  0
LINE
  5
29B
330
22
100
AcDbEntity
  8
B.Silkscreen
  6
CONTINUOUS
100
AcDbLine
 10
163.7949720000000013
 20
-92.6182929999999942
 30
0
 11
163.7607139999999788
 21
-92.6868089999999967
 31
0
  0
LINE
  5
29C
330
22
100
AcDbEntity
  8
B.Silkscreen
  6
CONTINUOUS
100
AcDbLine
 10
163.7607139999999788
 20
-92.6868089999999967
 30
0
 11
163.7607139999999788
 21
-92.7466369999999927
 31
0
  0
LINE
  5
29D
330
22
100
AcDbEntity
  8
B.Silkscreen
  6
CONTINUOUS
100
AcDbLine
 10
163.7607139999999788
 20
-92.7466369999999927
 30
0
 11
163.7949720000000013
 21
-92.8151529999999951
 31
0
  0
LINE
  5
29E
330
22
100
AcDbEntity
  8
B.Silkscreen
  6
CONTINUOUS
100
AcDbLine
 10
163.7949720000000013
 20
-92.8151529999999951
 30
0
 11
163.8253789999999981
 21
-92.8455609999999893
 31
0
  0
LINE
  5
29F
330
22
100
AcDbEntity
  8
B.Silkscreen
  6
CONTINUOUS
100
AcDbLine
 10
163.8253789999999981
 20
-92.8455609999999893
 30
0
 11
163.8938949999999863
 21
-92.8798189999999977
 31
0
  0
LINE
  5
2A0
330
22
100
AcDbEntity
  8
B.Silkscreen
  6
CONTINUOUS
100
AcDbLine
 10
163.8938949999999863
 20
-92.8798189999999977
 30
0
 11
164.1021149999999977
 21
-92.8798189999999977
 31
0
  0
LINE
  5
2A1
330
22
100
AcDbEntity
  8
B.Silkscreen
  6
CONTINUOUS
100
AcDbLine
 10
164.1021149999999977
 20
-92.8798189999999977
 30
0
 11
164.2334239999999852
 21
-92.8360490000000027
 31
0
  0
LINE
  5
2A2
330
22
100
AcDbEntity
  8
B.Silkscreen
  6
CONTINUOUS
100
AcDbLine
 10
164.2334239999999852
 20
-92.8360490000000027
 30
0
 11
164.247760999999997
 21
-92.8327889999999911
 31
0
  0
LINE
  5
2A3
330
22
100
AcDbEntity
  8
B.Silkscreen
  6
CONTINUOUS
100
AcDbLine
 10
164.247760999999997
 20
-92.8327889999999911
 30
0
 11
164.2769509999999968
 21
-92.8348639999999961
 31
0
  0
LINE
  5
2A4
330
22
100
AcDbEntity
  8
B.Silkscreen
  6
CONTINUOUS
100
AcDbLine
 10
164.2769509999999968
 20
-92.8348639999999961
 30
0
 11
164.3031249999999943
 21
-92.8479499999999973
 31
0
  0
LINE
  5
2A5
330
22
100
AcDbEntity
  8
B.Silkscreen
  6
CONTINUOUS
100
AcDbLine
 10
164.3031249999999943
 20
-92.8479499999999973
 30
0
 11
164.3222989999999868
 21
-92.8700580000000002
 31
0
  0
LINE
  5
2A6
330
22
100
AcDbEntity
  8
B.Silkscreen
  6
CONTINUOUS
100
AcDbLine
 10
164.3222989999999868
 20
-92.8700580000000002
 30
0
 11
164.3315529999999853
 21
-92.8978199999999958
 31
0
  0
LINE
  5
2A7
330
22
100
AcDbEntity
  8
B.Silkscreen
  6
CONTINUOUS
100
AcDbLine
 10
164.3315529999999853
 20
-92.8978199999999958
 30
0
 11
164.3294779999999946
 21
-92.9270099999999957
 31
0
  0
LINE
  5
2A8
330
22
100
AcDbEntity
  8
B.Silkscreen
  6
CONTINUOUS
100
AcDbLine
 10
164.3294779999999946
 20
-92.9270099999999957
 30
0
 11
164.3163909999999817
 21
-92.9531829999999957
 31
0
  0
LINE
  5
2A9
330
22
100
AcDbEntity
  8
B.Silkscreen
  6
CONTINUOUS
100
AcDbLine
 10
164.3163909999999817
 20
-92.9531829999999957
 30
0
 11
164.2942840000000047
 21
-92.9723570000000024
 31
0
  0
LINE
  5
2AA
330
22
100
AcDbEntity
  8
B.Silkscreen
  6
CONTINUOUS
100
AcDbLine
 10
164.2942840000000047
 20
-92.9723570000000024
 30
0
 11
164.2808589999999924
 21
-92.9783509999999893
 31
0
  0
LINE
  5
2AB
330
22
100
AcDbEntity
  8
B.Silkscreen
  6
CONTINUOUS
100
AcDbLine
 10
164.2808589999999924
 20
-92.9783509999999893
 30
0
 11
164.1380020000000002
 21
-93.0259700000000009
 31
0
  0
LINE
  5
2AC
330
22
100
AcDbEntity
  8
B.Silkscreen
  6
CONTINUOUS
100
AcDbLine
 10
164.1380020000000002
 20
-93.0259700000000009
 30
0
 11
164.1307479999999828
 21
-93.0276190000000014
 31
0
  0
LINE
  5
2AD
330
22
100
AcDbEntity
  8
B.Silkscreen
  6
CONTINUOUS
100
AcDbLine
 10
164.1307479999999828
 20
-93.0276190000000014
 30
0
 11
164.1289170000000013
 21
-93.0283779999999894
 31
0
  0
LINE
  5
2AE
330
22
100
AcDbEntity
  8
B.Silkscreen
  6
CONTINUOUS
100
AcDbLine
 10
164.1289170000000013
 20
-93.0283779999999894
 30
0
 11
164.126261999999997
 21
-93.0286389999999983
 31
0
  0
LINE
  5
2AF
330
22
100
AcDbEntity
  8
B.Silkscreen
  6
CONTINUOUS
100
AcDbLine
 10
164.126261999999997
 20
-93.0286389999999983
 30
0
 11
164.1236649999999884
 21
-93.0292299999999983
 31
0
  0
LINE
  5
2B0
330
22
100
AcDbEntity
  8
B.Silkscreen
  6
CONTINUOUS
100
AcDbLine
 10
164.1236649999999884
 20
-93.0292299999999983
 30
0
 11
164.121690000000001
 21
-93.029088999999999
 31
0
  0
LINE
  5
2B1
330
22
100
AcDbEntity
  8
B.Silkscreen
  6
CONTINUOUS
100
AcDbLine
 10
164.121690000000001
 20
-93.029088999999999
 30
0
 11
164.1142849999999953
 21
-93.0298189999999892
 31
0
  0
LINE
  5
2B2
330
22
100
AcDbEntity
  8
B.Silkscreen
  6
CONTINUOUS
100
AcDbLine
 10
164.1142849999999953
 20
-93.0298189999999892
 30
0
 11
163.8761899999999798
 21
-93.0298189999999892
 31
0
  0
LINE
  5
2B3
330
22
100
AcDbEntity
  8
B.Silkscreen
  6
CONTINUOUS
100
AcDbLine
 10
163.8761899999999798
 20
-93.0298189999999892
 30
0
 11
163.8615580000000023
 21
-93.0283779999999894
 31
0
  0
LINE
  5
2B4
330
22
100
AcDbEntity
  8
B.Silkscreen
  6
CONTINUOUS
100
AcDbLine
 10
163.8615580000000023
 20
-93.0283779999999894
 30
0
 11
163.8590690000000052
 21
-93.0273469999999918
 31
0
  0
LINE
  5
2B5
330
22
100
AcDbEntity
  8
B.Silkscreen
  6
CONTINUOUS
100
AcDbLine
 10
163.8590690000000052
 20
-93.0273469999999918
 30
0
 11
163.8563800000000015
 21
-93.0271559999999909
 31
0
  0
LINE
  5
2B6
330
22
100
AcDbEntity
  8
B.Silkscreen
  6
CONTINUOUS
100
AcDbLine
 10
163.8563800000000015
 20
-93.0271559999999909
 30
0
 11
163.8426489999999944
 21
-93.0219009999999997
 31
0
  0
LINE
  5
2B7
330
22
100
AcDbEntity
  8
B.Silkscreen
  6
CONTINUOUS
100
AcDbLine
 10
163.8426489999999944
 20
-93.0219009999999997
 30
0
 11
163.7474109999999996
 21
-92.9742820000000023
 31
0
  0
LINE
  5
2B8
330
22
100
AcDbEntity
  8
B.Silkscreen
  6
CONTINUOUS
100
AcDbLine
 10
163.7474109999999996
 20
-92.9742820000000023
 30
0
 11
163.7411109999999894
 21
-92.9703169999999943
 31
0
  0
LINE
  5
2B9
330
22
100
AcDbEntity
  8
B.Silkscreen
  6
CONTINUOUS
100
AcDbLine
 10
163.7411109999999894
 20
-92.9703169999999943
 30
0
 11
163.7392839999999978
 21
-92.9695600000000013
 31
0
  0
LINE
  5
2BA
330
22
100
AcDbEntity
  8
B.Silkscreen
  6
CONTINUOUS
100
AcDbLine
 10
163.7392839999999978
 20
-92.9695600000000013
 30
0
 11
163.7372269999999901
 21
-92.9678719999999998
 31
0
  0
LINE
  5
2BB
330
22
100
AcDbEntity
  8
B.Silkscreen
  6
CONTINUOUS
100
AcDbLine
 10
163.7372269999999901
 20
-92.9678719999999998
 30
0
 11
163.7349679999999807
 21
-92.9664499999999947
 31
0
  0
LINE
  5
2BC
330
22
100
AcDbEntity
  8
B.Silkscreen
  6
CONTINUOUS
100
AcDbLine
 10
163.7349679999999807
 20
-92.9664499999999947
 30
0
 11
163.733666999999997
 21
-92.9649500000000018
 31
0
  0
LINE
  5
2BD
330
22
100
AcDbEntity
  8
B.Silkscreen
  6
CONTINUOUS
100
AcDbLine
 10
163.733666999999997
 20
-92.9649500000000018
 30
0
 11
163.7279179999999883
 21
-92.9602319999999906
 31
0
  0
LINE
  5
2BE
330
22
100
AcDbEntity
  8
B.Silkscreen
  6
CONTINUOUS
100
AcDbLine
 10
163.7279179999999883
 20
-92.9602319999999906
 30
0
 11
163.6802989999999909
 21
-92.9126119999999958
 31
0
  0
LINE
  5
2BF
330
22
100
AcDbEntity
  8
B.Silkscreen
  6
CONTINUOUS
100
AcDbLine
 10
163.6802989999999909
 20
-92.9126119999999958
 30
0
 11
163.675580999999994
 21
-92.9068630000000013
 31
0
  0
LINE
  5
2C0
330
22
100
AcDbEntity
  8
B.Silkscreen
  6
CONTINUOUS
100
AcDbLine
 10
163.675580999999994
 20
-92.9068630000000013
 30
0
 11
163.674082999999996
 21
-92.9055639999999983
 31
0
  0
LINE
  5
2C1
330
22
100
AcDbEntity
  8
B.Silkscreen
  6
CONTINUOUS
100
AcDbLine
 10
163.674082999999996
 20
-92.9055639999999983
 30
0
 11
163.6726610000000051
 21
-92.9033049999999889
 31
0
  0
LINE
  5
2C2
330
22
100
AcDbEntity
  8
B.Silkscreen
  6
CONTINUOUS
100
AcDbLine
 10
163.6726610000000051
 20
-92.9033049999999889
 30
0
 11
163.6709720000000061
 21
-92.9012469999999979
 31
0
  0
LINE
  5
2C3
330
22
100
AcDbEntity
  8
B.Silkscreen
  6
CONTINUOUS
100
AcDbLine
 10
163.6709720000000061
 20
-92.9012469999999979
 30
0
 11
163.6702139999999872
 21
-92.8994169999999997
 31
0
  0
LINE
  5
2C4
330
22
100
AcDbEntity
  8
B.Silkscreen
  6
CONTINUOUS
100
AcDbLine
 10
163.6702139999999872
 20
-92.8994169999999997
 30
0
 11
163.6662509999999884
 21
-92.8931209999999936
 31
0
  0
LINE
  5
2C5
330
22
100
AcDbEntity
  8
B.Silkscreen
  6
CONTINUOUS
100
AcDbLine
 10
163.6662509999999884
 20
-92.8931209999999936
 30
0
 11
163.618631999999991
 21
-92.7978829999999988
 31
0
  0
LINE
  5
2C6
330
22
100
AcDbEntity
  8
B.Silkscreen
  6
CONTINUOUS
100
AcDbLine
 10
163.618631999999991
 20
-92.7978829999999988
 30
0
 11
163.6133769999999856
 21
-92.7841509999999943
 31
0
  0
LINE
  5
2C7
330
22
100
AcDbEntity
  8
B.Silkscreen
  6
CONTINUOUS
100
AcDbLine
 10
163.6133769999999856
 20
-92.7841509999999943
 30
0
 11
163.6131859999999847
 21
-92.7814630000000022
 31
0
  0
LINE
  5
2C8
330
22
100
AcDbEntity
  8
B.Silkscreen
  6
CONTINUOUS
100
AcDbLine
 10
163.6131859999999847
 20
-92.7814630000000022
 30
0
 11
163.6121550000000013
 21
-92.778973999999991
 31
0
  0
LINE
  5
2C9
330
22
100
AcDbEntity
  8
B.Silkscreen
  6
CONTINUOUS
100
AcDbLine
 10
163.6121550000000013
 20
-92.778973999999991
 30
0
 11
163.6107140000000015
 21
-92.7643419999999992
 31
0
  0
LINE
  5
2CA
330
22
100
AcDbEntity
  8
B.Silkscreen
  6
CONTINUOUS
100
AcDbLine
 10
163.6107140000000015
 20
-92.7643419999999992
 30
0
 11
163.6107140000000015
 21
-92.6691039999999902
 31
0
  0
LINE
  5
2CB
330
22
100
AcDbEntity
  8
B.Silkscreen
  6
CONTINUOUS
100
AcDbLine
 10
163.6107140000000015
 20
-92.6691039999999902
 30
0
 11
163.6121550000000013
 21
-92.6544719999999984
 31
0
  0
LINE
  5
2CC
330
22
100
AcDbEntity
  8
B.Silkscreen
  6
CONTINUOUS
100
AcDbLine
 10
163.6121550000000013
 20
-92.6544719999999984
 30
0
 11
163.6131859999999847
 21
-92.6519819999999896
 31
0
  0
LINE
  5
2CD
330
22
100
AcDbEntity
  8
B.Silkscreen
  6
CONTINUOUS
100
AcDbLine
 10
163.6131859999999847
 20
-92.6519819999999896
 30
0
 11
163.6133769999999856
 21
-92.6492949999999951
 31
0
  0
LINE
  5
2CE
330
22
100
AcDbEntity
  8
B.Silkscreen
  6
CONTINUOUS
100
AcDbLine
 10
163.6133769999999856
 20
-92.6492949999999951
 30
0
 11
163.618631999999991
 21
-92.6355629999999906
 31
0
  0
LINE
  5
2CF
330
22
100
AcDbEntity
  8
B.Silkscreen
  6
CONTINUOUS
100
AcDbLine
 10
163.618631999999991
 20
-92.6355629999999906
 30
0
 11
163.6662509999999884
 21
-92.5403249999999957
 31
0
  0
LINE
  5
2D0
330
22
100
AcDbEntity
  8
B.Silkscreen
  6
CONTINUOUS
100
AcDbLine
 10
163.6662509999999884
 20
-92.5403249999999957
 30
0
 11
163.6702149999999847
 21
-92.5340249999999997
 31
0
  0
LINE
  5
2D1
330
22
100
AcDbEntity
  8
B.Silkscreen
  6
CONTINUOUS
100
AcDbLine
 10
163.6702149999999847
 20
-92.5340249999999997
 30
0
 11
163.6709730000000036
 21
-92.532197999999994
 31
0
  0
LINE
  5
2D2
330
22
100
AcDbEntity
  8
B.Silkscreen
  6
CONTINUOUS
100
AcDbLine
 10
163.6709730000000036
 20
-92.532197999999994
 30
0
 11
163.6726610000000051
 21
-92.5301410000000004
 31
0
  0
LINE
  5
2D3
330
22
100
AcDbEntity
  8
B.Silkscreen
  6
CONTINUOUS
100
AcDbLine
 10
163.6726610000000051
 20
-92.5301410000000004
 30
0
 11
163.674082999999996
 21
-92.5278819999999911
 31
0
  0
LINE
  5
2D4
330
22
100
AcDbEntity
  8
B.Silkscreen
  6
CONTINUOUS
100
AcDbLine
 10
163.674082999999996
 20
-92.5278819999999911
 30
0
 11
163.675580999999994
 21
-92.5265819999999906
 31
0
  0
LINE
  5
2D5
330
22
100
AcDbEntity
  8
B.Silkscreen
  6
CONTINUOUS
100
AcDbLine
 10
163.675580999999994
 20
-92.5265819999999906
 30
0
 11
163.6802999999999884
 21
-92.5208329999999961
 31
0
  0
LINE
  5
2D6
330
22
100
AcDbEntity
  8
B.Silkscreen
  6
CONTINUOUS
100
AcDbLine
 10
163.6802999999999884
 20
-92.5208329999999961
 30
0
 11
163.7279189999999858
 21
-92.4732139999999987
 31
0
  0
LINE
  5
2D7
330
22
100
AcDbEntity
  8
B.Silkscreen
  6
CONTINUOUS
100
AcDbLine
 10
163.7279189999999858
 20
-92.4732139999999987
 30
0
 11
163.7336679999999944
 21
-92.4684949999999901
 31
0
  0
LINE
  5
2D8
330
22
100
AcDbEntity
  8
B.Silkscreen
  6
CONTINUOUS
100
AcDbLine
 10
163.7336679999999944
 20
-92.4684949999999901
 30
0
 11
163.7349679999999807
 21
-92.4669969999999921
 31
0
  0
LINE
  5
2D9
330
22
100
AcDbEntity
  8
B.Silkscreen
  6
CONTINUOUS
100
AcDbLine
 10
163.7349679999999807
 20
-92.4669969999999921
 30
0
 11
163.7372269999999901
 21
-92.4655750000000012
 31
0
  0
LINE
  5
2DA
330
22
100
AcDbEntity
  8
B.Silkscreen
  6
CONTINUOUS
100
AcDbLine
 10
163.7372269999999901
 20
-92.4655750000000012
 30
0
 11
163.7392839999999978
 21
-92.4638869999999997
 31
0
  0
LINE
  5
2DB
330
22
100
AcDbEntity
  8
B.Silkscreen
  6
CONTINUOUS
100
AcDbLine
 10
163.7392839999999978
 20
-92.4638869999999997
 30
0
 11
163.7411109999999894
 21
-92.463128999999995
 31
0
  0
LINE
  5
2DC
330
22
100
AcDbEntity
  8
B.Silkscreen
  6
CONTINUOUS
100
AcDbLine
 10
163.7411109999999894
 20
-92.463128999999995
 30
0
 11
163.7474109999999996
 21
-92.4591649999999987
 31
0
  0
LINE
  5
2DD
330
22
100
AcDbEntity
  8
B.Silkscreen
  6
CONTINUOUS
100
AcDbLine
 10
163.7474109999999996
 20
-92.4591649999999987
 30
0
 11
163.8426489999999944
 21
-92.4115460000000013
 31
0
  0
LINE
  5
2DE
330
22
100
AcDbEntity
  8
B.Silkscreen
  6
CONTINUOUS
100
AcDbLine
 10
163.8426489999999944
 20
-92.4115460000000013
 30
0
 11
163.8437179999999955
 21
-92.4111359999999991
 31
0
  0
LINE
  5
2DF
330
22
100
AcDbEntity
  8
B.Silkscreen
  6
CONTINUOUS
100
AcDbLine
 10
163.8437179999999955
 20
-92.4111359999999991
 30
0
 11
163.8441540000000032
 21
-92.410814000000002
 31
0
  0
LINE
  5
2E0
330
22
100
AcDbEntity
  8
B.Silkscreen
  6
CONTINUOUS
100
AcDbLine
 10
163.8441540000000032
 20
-92.410814000000002
 30
0
 11
163.8502900000000011
 21
-92.4086209999999966
 31
0
  0
LINE
  5
2E1
330
22
100
AcDbEntity
  8
B.Silkscreen
  6
CONTINUOUS
100
AcDbLine
 10
163.8502900000000011
 20
-92.4086209999999966
 30
0
 11
163.8563800000000015
 21
-92.406290999999996
 31
0
  0
LINE
  5
2E2
330
22
100
AcDbEntity
  8
B.Silkscreen
  6
CONTINUOUS
100
AcDbLine
 10
163.8563800000000015
 20
-92.406290999999996
 30
0
 11
163.8569200000000023
 21
-92.406251999999995
 31
0
  0
LINE
  5
2E3
330
22
100
AcDbEntity
  8
B.Silkscreen
  6
CONTINUOUS
100
AcDbLine
 10
163.8569200000000023
 20
-92.406251999999995
 30
0
 11
163.8580000000000041
 21
-92.4058670000000006
 31
0
  0
LINE
  5
2E4
330
22
100
AcDbEntity
  8
B.Silkscreen
  6
CONTINUOUS
100
AcDbLine
 10
163.8580000000000041
 20
-92.4058670000000006
 30
0
 11
164.0404900000000055
 21
-92.3602439999999945
 31
0
  0
LINE
  5
2E5
330
22
100
AcDbEntity
  8
B.Silkscreen
  6
CONTINUOUS
100
AcDbLine
 10
164.0404900000000055
 20
-92.3602439999999945
 30
0
 11
164.1174769999999796
 21
-92.3217509999999919
 31
0
  0
LINE
  5
2E6
330
22
100
AcDbEntity
  8
B.Silkscreen
  6
CONTINUOUS
100
AcDbLine
 10
164.1174769999999796
 20
-92.3217509999999919
 30
0
 11
164.1478840000000048
 21
-92.2913439999999952
 31
0
  0
LINE
  5
2E7
330
22
100
AcDbEntity
  8
B.Silkscreen
  6
CONTINUOUS
100
AcDbLine
 10
164.1478840000000048
 20
-92.2913439999999952
 30
0
 11
164.1821419999999989
 21
-92.2228279999999927
 31
0
  0
LINE
  5
2E8
330
22
100
AcDbEntity
  8
B.Silkscreen
  6
CONTINUOUS
100
AcDbLine
 10
164.1821419999999989
 20
-92.2228279999999927
 30
0
 11
164.1821419999999989
 21
-92.1629999999999967
 31
0
  0
LINE
  5
2E9
330
22
100
AcDbEntity
  8
B.Silkscreen
  6
CONTINUOUS
100
AcDbLine
 10
164.1821419999999989
 20
-92.1629999999999967
 30
0
 11
164.1478840000000048
 21
-92.0944839999999942
 31
0
  0
LINE
  5
2EA
330
22
100
AcDbEntity
  8
B.Silkscreen
  6
CONTINUOUS
100
AcDbLine
 10
164.1478840000000048
 20
-92.0944839999999942
 30
0
 11
164.1174769999999796
 21
-92.0640769999999975
 31
0
  0
LINE
  5
2EB
330
22
100
AcDbEntity
  8
B.Silkscreen
  6
CONTINUOUS
100
AcDbLine
 10
164.1174769999999796
 20
-92.0640769999999975
 30
0
 11
164.0489609999999914
 21
-92.0298189999999892
 31
0
  0
LINE
  5
2EC
330
22
100
AcDbEntity
  8
B.Silkscreen
  6
CONTINUOUS
100
AcDbLine
 10
164.0489609999999914
 20
-92.0298189999999892
 30
0
 11
163.84074099999998
 21
-92.0298189999999892
 31
0
  0
LINE
  5
2ED
330
22
100
AcDbEntity
  8
B.Silkscreen
  6
CONTINUOUS
100
AcDbLine
 10
163.84074099999998
 20
-92.0298189999999892
 30
0
 11
163.709430999999995
 21
-92.0735889999999984
 31
0
  0
LINE
  5
2EE
330
22
100
AcDbEntity
  8
B.Silkscreen
  6
CONTINUOUS
100
AcDbLine
 10
163.709430999999995
 20
-92.0735889999999984
 30
0
 11
163.6950939999999832
 21
-92.0768489999999957
 31
0
  0
LINE
  5
2EF
330
22
100
AcDbEntity
  8
B.Silkscreen
  6
CONTINUOUS
100
AcDbLine
 10
163.6950939999999832
 20
-92.0768489999999957
 30
0
 11
163.6659039999999834
 21
-92.0747739999999908
 31
0
  0
LINE
  5
2F0
330
22
100
AcDbEntity
  8
B.Silkscreen
  6
CONTINUOUS
100
AcDbLine
 10
163.6659039999999834
 20
-92.0747739999999908
 30
0
 11
163.6397309999999834
 21
-92.0616879999999895
 31
0
  0
LINE
  5
2F1
330
22
100
AcDbEntity
  8
B.Silkscreen
  6
CONTINUOUS
100
AcDbLine
 10
163.6397309999999834
 20
-92.0616879999999895
 30
0
 11
163.6205569999999909
 21
-92.0395809999999983
 31
0
  0
LINE
  5
2F2
330
22
100
AcDbEntity
  8
B.Silkscreen
  6
CONTINUOUS
100
AcDbLine
 10
163.6205569999999909
 20
-92.0395809999999983
 30
0
 11
163.6113029999999924
 21
-92.011817999999991
 31
0
  0
LINE
  5
2F3
330
22
100
AcDbEntity
  8
B.Silkscreen
  6
CONTINUOUS
100
AcDbLine
 10
163.6113029999999924
 20
-92.011817999999991
 30
0
 11
163.6133779999999831
 21
-91.9826279999999912
 31
0
  0
LINE
  5
2F4
330
22
100
AcDbEntity
  8
B.Silkscreen
  6
CONTINUOUS
100
AcDbLine
 10
163.6133779999999831
 20
-91.9826279999999912
 30
0
 11
163.6264639999999986
 21
-91.9564549999999912
 31
0
  0
LINE
  5
2F5
330
22
100
AcDbEntity
  8
B.Silkscreen
  6
CONTINUOUS
100
AcDbLine
 10
163.6264639999999986
 20
-91.9564549999999912
 30
0
 11
163.648571000000004
 21
-91.9372809999999987
 31
0
  0
LINE
  5
2F6
330
22
100
AcDbEntity
  8
B.Silkscreen
  6
CONTINUOUS
100
AcDbLine
 10
163.648571000000004
 20
-91.9372809999999987
 30
0
 11
163.6619969999999853
 21
-91.9312869999999975
 31
0
  0
LINE
  5
2F7
330
22
100
AcDbEntity
  8
B.Silkscreen
  6
CONTINUOUS
100
AcDbLine
 10
163.6619969999999853
 20
-91.9312869999999975
 30
0
 11
163.8048529999999801
 21
-91.8836680000000001
 31
0
  0
LINE
  5
2F8
330
22
100
AcDbEntity
  8
B.Silkscreen
  6
CONTINUOUS
100
AcDbLine
 10
163.8048529999999801
 20
-91.8836680000000001
 30
0
 11
163.8121079999999949
 21
-91.8820180000000022
 31
0
  0
LINE
  5
2F9
330
22
100
AcDbEntity
  8
B.Silkscreen
  6
CONTINUOUS
100
AcDbLine
 10
163.8121079999999949
 20
-91.8820180000000022
 30
0
 11
163.8139390000000049
 21
-91.8812599999999975
 31
0
  0
LINE
  5
2FA
330
22
100
AcDbEntity
  8
B.Silkscreen
  6
CONTINUOUS
100
AcDbLine
 10
163.8139390000000049
 20
-91.8812599999999975
 30
0
 11
163.8165919999999858
 21
-91.8809979999999911
 31
0
  0
LINE
  5
2FB
330
22
100
AcDbEntity
  8
B.Silkscreen
  6
CONTINUOUS
100
AcDbLine
 10
163.8165919999999858
 20
-91.8809979999999911
 30
0
 11
163.8191899999999919
 21
-91.8804080000000027
 31
0
  0
LINE
  5
2FC
330
22
100
AcDbEntity
  8
B.Silkscreen
  6
CONTINUOUS
100
AcDbLine
 10
163.8191899999999919
 20
-91.8804080000000027
 30
0
 11
163.8211639999999818
 21
-91.8805479999999903
 31
0
  0
LINE
  5
2FD
330
22
100
AcDbEntity
  8
B.Silkscreen
  6
CONTINUOUS
100
AcDbLine
 10
163.8211639999999818
 20
-91.8805479999999903
 30
0
 11
163.8285709999999824
 21
-91.8798189999999977
 31
0
  0
LINE
  5
2FE
330
22
100
AcDbEntity
  8
B.Silkscreen
  6
CONTINUOUS
100
AcDbLine
 10
163.8285709999999824
 20
-91.8798189999999977
 30
0
 11
164.0666659999999979
 21
-91.8798189999999977
 31
0
  0
LINE
  5
2FF
330
22
100
AcDbEntity
  8
B.Silkscreen
  6
CONTINUOUS
100
AcDbLine
 10
164.0666659999999979
 20
-91.8798189999999977
 30
0
 11
164.0812980000000039
 21
-91.8812599999999975
 31
0
  0
LINE
  5
300
330
22
100
AcDbEntity
  8
B.Silkscreen
  6
CONTINUOUS
100
AcDbLine
 10
165.0607149999999876
 20
-91.8924590000000023
 30
0
 11
165.0814069999999845
 21
-91.9131509999999992
 31
0
  0
LINE
  5
301
330
22
100
AcDbEntity
  8
B.Silkscreen
  6
CONTINUOUS
100
AcDbLine
 10
165.0814069999999845
 20
-91.9131509999999992
 30
0
 11
165.0926059999999893
 21
-91.9401869999999946
 31
0
  0
LINE
  5
302
330
22
100
AcDbEntity
  8
B.Silkscreen
  6
CONTINUOUS
100
AcDbLine
 10
165.0926059999999893
 20
-91.9401869999999946
 30
0
 11
165.0940469999999891
 21
-91.9548190000000005
 31
0
  0
LINE
  5
303
330
22
100
AcDbEntity
  8
B.Silkscreen
  6
CONTINUOUS
100
AcDbLine
 10
165.0940469999999891
 20
-91.9548190000000005
 30
0
 11
165.0940469999999891
 21
-92.9548190000000005
 31
0
  0
LINE
  5
304
330
22
100
AcDbEntity
  8
B.Silkscreen
  6
CONTINUOUS
100
AcDbLine
 10
165.0940469999999891
 20
-92.9548190000000005
 30
0
 11
165.0926059999999893
 21
-92.9694509999999923
 31
0
  0
LINE
  5
305
330
22
100
AcDbEntity
  8
B.Silkscreen
  6
CONTINUOUS
100
AcDbLine
 10
165.0926059999999893
 20
-92.9694509999999923
 30
0
 11
165.0814069999999845
 21
-92.9964870000000019
 31
0
  0
LINE
  5
306
330
22
100
AcDbEntity
  8
B.Silkscreen
  6
CONTINUOUS
100
AcDbLine
 10
165.0814069999999845
 20
-92.9964870000000019
 30
0
 11
165.0607149999999876
 21
-93.0171789999999987
 31
0
  0
LINE
  5
307
330
22
100
AcDbEntity
  8
B.Silkscreen
  6
CONTINUOUS
100
AcDbLine
 10
165.0607149999999876
 20
-93.0171789999999987
 30
0
 11
165.0336790000000065
 21
-93.0283779999999894
 31
0
  0
LINE
  5
308
330
22
100
AcDbEntity
  8
B.Silkscreen
  6
CONTINUOUS
100
AcDbLine
 10
165.0336790000000065
 20
-93.0283779999999894
 30
0
 11
165.0190470000000005
 21
-93.0298189999999892
 31
0
  0
LINE
  5
309
330
22
100
AcDbEntity
  8
B.Silkscreen
  6
CONTINUOUS
100
AcDbLine
 10
165.0190470000000005
 20
-93.0298189999999892
 30
0
 11
164.5428569999999979
 21
-93.0298189999999892
 31
0
  0
LINE
  5
30A
330
22
100
AcDbEntity
  8
B.Silkscreen
  6
CONTINUOUS
100
AcDbLine
 10
164.5428569999999979
 20
-93.0298189999999892
 30
0
 11
164.528224999999992
 21
-93.0283779999999894
 31
0
  0
LINE
  5
30B
330
22
100
AcDbEntity
  8
B.Silkscreen
  6
CONTINUOUS
100
AcDbLine
 10
164.528224999999992
 20
-93.0283779999999894
 30
0
 11
164.5011889999999823
 21
-93.0171789999999987
 31
0
  0
LINE
  5
30C
330
22
100
AcDbEntity
  8
B.Silkscreen
  6
CONTINUOUS
100
AcDbLine
 10
164.5011889999999823
 20
-93.0171789999999987
 30
0
 11
164.4804969999999855
 21
-92.9964870000000019
 31
0
  0
LINE
  5
30D
330
22
100
AcDbEntity
  8
B.Silkscreen
  6
CONTINUOUS
100
AcDbLine
 10
164.4804969999999855
 20
-92.9964870000000019
 30
0
 11
164.4692979999999807
 21
-92.9694509999999923
 31
0
  0
LINE
  5
30E
330
22
100
AcDbEntity
  8
B.Silkscreen
  6
CONTINUOUS
100
AcDbLine
 10
164.4692979999999807
 20
-92.9694509999999923
 30
0
 11
164.4692979999999807
 21
-92.9401869999999946
 31
0
  0
LINE
  5
30F
330
22
100
AcDbEntity
  8
B.Silkscreen
  6
CONTINUOUS
100
AcDbLine
 10
164.4692979999999807
 20
-92.9401869999999946
 30
0
 11
164.4804969999999855
 21
-92.9131509999999992
 31
0
  0
LINE
  5
310
330
22
100
AcDbEntity
  8
B.Silkscreen
  6
CONTINUOUS
100
AcDbLine
 10
164.4804969999999855
 20
-92.9131509999999992
 30
0
 11
164.5011889999999823
 21
-92.8924590000000023
 31
0
  0
LINE
  5
311
330
22
100
AcDbEntity
  8
B.Silkscreen
  6
CONTINUOUS
100
AcDbLine
 10
164.5011889999999823
 20
-92.8924590000000023
 30
0
 11
164.528224999999992
 21
-92.8812599999999975
 31
0
  0
LINE
  5
312
330
22
100
AcDbEntity
  8
B.Silkscreen
  6
CONTINUOUS
100
AcDbLine
 10
164.528224999999992
 20
-92.8812599999999975
 30
0
 11
164.5428569999999979
 21
-92.8798189999999977
 31
0
  0
LINE
  5
313
330
22
100
AcDbEntity
  8
B.Silkscreen
  6
CONTINUOUS
100
AcDbLine
 10
164.5428569999999979
 20
-92.8798189999999977
 30
0
 11
164.9440469999999834
 21
-92.8798189999999977
 31
0
  0
LINE
  5
314
330
22
100
AcDbEntity
  8
B.Silkscreen
  6
CONTINUOUS
100
AcDbLine
 10
164.9440469999999834
 20
-92.8798189999999977
 30
0
 11
164.9440469999999834
 21
-91.9548190000000005
 31
0
  0
LINE
  5
315
330
22
100
AcDbEntity
  8
B.Silkscreen
  6
CONTINUOUS
100
AcDbLine
 10
164.9440469999999834
 20
-91.9548190000000005
 30
0
 11
164.9454879999999832
 21
-91.9401869999999946
 31
0
  0
LINE
  5
316
330
22
100
AcDbEntity
  8
B.Silkscreen
  6
CONTINUOUS
100
AcDbLine
 10
164.9454879999999832
 20
-91.9401869999999946
 30
0
 11
164.9566869999999881
 21
-91.9131509999999992
 31
0
  0
LINE
  5
317
330
22
100
AcDbEntity
  8
B.Silkscreen
  6
CONTINUOUS
100
AcDbLine
 10
164.9566869999999881
 20
-91.9131509999999992
 30
0
 11
164.9773789999999849
 21
-91.8924590000000023
 31
0
  0
LINE
  5
318
330
22
100
AcDbEntity
  8
B.Silkscreen
  6
CONTINUOUS
100
AcDbLine
 10
164.9773789999999849
 20
-91.8924590000000023
 30
0
 11
165.0044149999999945
 21
-91.8812599999999975
 31
0
  0
LINE
  5
319
330
22
100
AcDbEntity
  8
B.Silkscreen
  6
CONTINUOUS
100
AcDbLine
 10
165.0044149999999945
 20
-91.8812599999999975
 30
0
 11
165.0336790000000065
 21
-91.8812599999999975
 31
0
  0
LINE
  5
31A
330
22
100
AcDbEntity
  8
B.Silkscreen
  6
CONTINUOUS
100
AcDbLine
 10
165.0336790000000065
 20
-91.8812599999999975
 30
0
 11
165.0607149999999876
 21
-91.8924590000000023
 31
0
  0
LINE
  5
31B
330
22
100
AcDbEntity
  8
B.Silkscreen
  6
CONTINUOUS
100
AcDbLine
 10
162.0812980000000039
 20
-91.8812599999999975
 30
0
 11
162.1083339999999851
 21
-91.8924590000000023
 31
0
  0
LINE
  5
31C
330
22
100
AcDbEntity
  8
B.Silkscreen
  6
CONTINUOUS
100
AcDbLine
 10
162.1083339999999851
 20
-91.8924590000000023
 30
0
 11
162.1290259999999819
 21
-91.9131509999999992
 31
0
  0
LINE
  5
31D
330
22
100
AcDbEntity
  8
B.Silkscreen
  6
CONTINUOUS
100
AcDbLine
 10
162.1290259999999819
 20
-91.9131509999999992
 30
0
 11
162.1402249999999867
 21
-91.9401869999999946
 31
0
  0
LINE
  5
31E
330
22
100
AcDbEntity
  8
B.Silkscreen
  6
CONTINUOUS
100
AcDbLine
 10
162.1402249999999867
 20
-91.9401869999999946
 30
0
 11
162.1416659999999865
 21
-91.9548190000000005
 31
0
  0
LINE
  5
31F
330
22
100
AcDbEntity
  8
B.Silkscreen
  6
CONTINUOUS
100
AcDbLine
 10
162.1416659999999865
 20
-91.9548190000000005
 30
0
 11
162.1416659999999865
 21
-92.9548190000000005
 31
0
  0
LINE
  5
320
330
22
100
AcDbEntity
  8
B.Silkscreen
  6
CONTINUOUS
100
AcDbLine
 10
162.1416659999999865
 20
-92.9548190000000005
 30
0
 11
162.1402249999999867
 21
-92.9694509999999923
 31
0
  0
LINE
  5
321
330
22
100
AcDbEntity
  8
B.Silkscreen
  6
CONTINUOUS
100
AcDbLine
 10
162.1402249999999867
 20
-92.9694509999999923
 30
0
 11
162.1290259999999819
 21
-92.9964870000000019
 31
0
  0
LINE
  5
322
330
22
100
AcDbEntity
  8
B.Silkscreen
  6
CONTINUOUS
100
AcDbLine
 10
162.1290259999999819
 20
-92.9964870000000019
 30
0
 11
162.1083339999999851
 21
-93.0171789999999987
 31
0
  0
LINE
  5
323
330
22
100
AcDbEntity
  8
B.Silkscreen
  6
CONTINUOUS
100
AcDbLine
 10
162.1083339999999851
 20
-93.0171789999999987
 30
0
 11
162.0812980000000039
 21
-93.0283779999999894
 31
0
  0
LINE
  5
324
330
22
100
AcDbEntity
  8
B.Silkscreen
  6
CONTINUOUS
100
AcDbLine
 10
162.0812980000000039
 20
-93.0283779999999894
 30
0
 11
162.0520339999999919
 21
-93.0283779999999894
 31
0
  0
LINE
  5
325
330
22
100
AcDbEntity
  8
B.Silkscreen
  6
CONTINUOUS
100
AcDbLine
 10
162.0520339999999919
 20
-93.0283779999999894
 30
0
 11
162.0249979999999823
 21
-93.0171789999999987
 31
0
  0
LINE
  5
326
330
22
100
AcDbEntity
  8
B.Silkscreen
  6
CONTINUOUS
100
AcDbLine
 10
162.0249979999999823
 20
-93.0171789999999987
 30
0
 11
162.0043059999999855
 21
-92.9964870000000019
 31
0
  0
LINE
  5
327
330
22
100
AcDbEntity
  8
B.Silkscreen
  6
CONTINUOUS
100
AcDbLine
 10
162.0043059999999855
 20
-92.9964870000000019
 30
0
 11
161.9931069999999806
 21
-92.9694509999999923
 31
0
  0
LINE
  5
328
330
22
100
AcDbEntity
  8
B.Silkscreen
  6
CONTINUOUS
100
AcDbLine
 10
161.9931069999999806
 20
-92.9694509999999923
 30
0
 11
161.9916659999999808
 21
-92.9548190000000005
 31
0
  0
LINE
  5
329
330
22
100
AcDbEntity
  8
B.Silkscreen
  6
CONTINUOUS
100
AcDbLine
 10
161.9916659999999808
 20
-92.9548190000000005
 30
0
 11
161.9916659999999808
 21
-92.5536279999999891
 31
0
  0
LINE
  5
32A
330
22
100
AcDbEntity
  8
B.Silkscreen
  6
CONTINUOUS
100
AcDbLine
 10
161.9916659999999808
 20
-92.5536279999999891
 30
0
 11
161.8676199999999881
 21
-92.5536279999999891
 31
0
  0
LINE
  5
32B
330
22
100
AcDbEntity
  8
B.Silkscreen
  6
CONTINUOUS
100
AcDbLine
 10
161.8676199999999881
 20
-92.5536279999999891
 30
0
 11
161.5566800000000001
 21
-92.9978289999999959
 31
0
  0
LINE
  5
32C
330
22
100
AcDbEntity
  8
B.Silkscreen
  6
CONTINUOUS
100
AcDbLine
 10
161.5566800000000001
 20
-92.9978289999999959
 30
0
 11
161.5471090000000061
 21
-93.0089889999999997
 31
0
  0
LINE
  5
32D
330
22
100
AcDbEntity
  8
B.Silkscreen
  6
CONTINUOUS
100
AcDbLine
 10
161.5471090000000061
 20
-93.0089889999999997
 30
0
 11
161.5224299999999857
 21
-93.024715999999998
 31
0
  0
LINE
  5
32E
330
22
100
AcDbEntity
  8
B.Silkscreen
  6
CONTINUOUS
100
AcDbLine
 10
161.5224299999999857
 20
-93.024715999999998
 30
0
 11
161.4936129999999821
 21
-93.029800999999992
 31
0
  0
LINE
  5
32F
330
22
100
AcDbEntity
  8
B.Silkscreen
  6
CONTINUOUS
100
AcDbLine
 10
161.4936129999999821
 20
-93.029800999999992
 30
0
 11
161.4650419999999826
 21
-93.0234719999999982
 31
0
  0
LINE
  5
330
330
22
100
AcDbEntity
  8
B.Silkscreen
  6
CONTINUOUS
100
AcDbLine
 10
161.4650419999999826
 20
-93.0234719999999982
 30
0
 11
161.4410680000000013
 21
-93.0066899999999919
 31
0
  0
LINE
  5
331
330
22
100
AcDbEntity
  8
B.Silkscreen
  6
CONTINUOUS
100
AcDbLine
 10
161.4410680000000013
 20
-93.0066899999999919
 30
0
 11
161.4253410000000031
 21
-92.982011
 31
0
  0
LINE
  5
332
330
22
100
AcDbEntity
  8
B.Silkscreen
  6
CONTINUOUS
100
AcDbLine
 10
161.4253410000000031
 20
-92.982011
 30
0
 11
161.4202559999999949
 21
-92.9531939999999963
 31
0
  0
LINE
  5
333
330
22
100
AcDbEntity
  8
B.Silkscreen
  6
CONTINUOUS
100
AcDbLine
 10
161.4202559999999949
 20
-92.9531939999999963
 30
0
 11
161.4265849999999887
 21
-92.9246229999999969
 31
0
  0
LINE
  5
334
330
22
100
AcDbEntity
  8
B.Silkscreen
  6
CONTINUOUS
100
AcDbLine
 10
161.4265849999999887
 20
-92.9246229999999969
 30
0
 11
161.433796000000001
 21
-92.911808999999991
 31
0
  0
LINE
  5
335
330
22
100
AcDbEntity
  8
B.Silkscreen
  6
CONTINUOUS
100
AcDbLine
 10
161.433796000000001
 20
-92.911808999999991
 30
0
 11
161.6845989999999915
 21
-92.5535179999999968
 31
0
  0
LINE
  5
336
330
22
100
AcDbEntity
  8
B.Silkscreen
  6
CONTINUOUS
100
AcDbLine
 10
161.6845989999999915
 20
-92.5535179999999968
 30
0
 11
161.6710819999999842
 21
-92.5521869999999893
 31
0
  0
LINE
  5
337
330
22
100
AcDbEntity
  8
B.Silkscreen
  6
CONTINUOUS
100
AcDbLine
 10
161.6710819999999842
 20
-92.5521869999999893
 30
0
 11
161.6685929999999871
 21
-92.5511559999999918
 31
0
  0
LINE
  5
338
330
22
100
AcDbEntity
  8
B.Silkscreen
  6
CONTINUOUS
100
AcDbLine
 10
161.6685929999999871
 20
-92.5511559999999918
 30
0
 11
161.6659039999999834
 21
-92.5509649999999908
 31
0
  0
LINE
  5
339
330
22
100
AcDbEntity
  8
B.Silkscreen
  6
CONTINUOUS
100
AcDbLine
 10
161.6659039999999834
 20
-92.5509649999999908
 30
0
 11
161.6521730000000048
 21
-92.5457099999999997
 31
0
  0
LINE
  5
33A
330
22
100
AcDbEntity
  8
B.Silkscreen
  6
CONTINUOUS
100
AcDbLine
 10
161.6521730000000048
 20
-92.5457099999999997
 30
0
 11
161.5569349999999815
 21
-92.4980910000000023
 31
0
  0
LINE
  5
33B
330
22
100
AcDbEntity
  8
B.Silkscreen
  6
CONTINUOUS
100
AcDbLine
 10
161.5569349999999815
 20
-92.4980910000000023
 30
0
 11
161.5506349999999998
 21
-92.4941259999999943
 31
0
  0
LINE
  5
33C
330
22
100
AcDbEntity
  8
B.Silkscreen
  6
CONTINUOUS
100
AcDbLine
 10
161.5506349999999998
 20
-92.4941259999999943
 30
0
 11
161.5488079999999798
 21
-92.4933690000000013
 31
0
  0
LINE
  5
33D
330
22
100
AcDbEntity
  8
B.Silkscreen
  6
CONTINUOUS
100
AcDbLine
 10
161.5488079999999798
 20
-92.4933690000000013
 30
0
 11
161.5467510000000004
 21
-92.4916800000000023
 31
0
  0
LINE
  5
33E
330
22
100
AcDbEntity
  8
B.Silkscreen
  6
CONTINUOUS
100
AcDbLine
 10
161.5467510000000004
 20
-92.4916800000000023
 30
0
 11
161.5444919999999911
 21
-92.4902589999999947
 31
0
  0
LINE
  5
33F
330
22
100
AcDbEntity
  8
B.Silkscreen
  6
CONTINUOUS
100
AcDbLine
 10
161.5444919999999911
 20
-92.4902589999999947
 30
0
 11
161.5431920000000048
 21
-92.4887599999999992
 31
0
  0
LINE
  5
340
330
22
100
AcDbEntity
  8
B.Silkscreen
  6
CONTINUOUS
100
AcDbLine
 10
161.5431920000000048
 20
-92.4887599999999992
 30
0
 11
161.5374429999999961
 21
-92.4840420000000023
 31
0
  0
LINE
  5
341
330
22
100
AcDbEntity
  8
B.Silkscreen
  6
CONTINUOUS
100
AcDbLine
 10
161.5374429999999961
 20
-92.4840420000000023
 30
0
 11
161.4898239999999987
 21
-92.4364229999999907
 31
0
  0
LINE
  5
342
330
22
100
AcDbEntity
  8
B.Silkscreen
  6
CONTINUOUS
100
AcDbLine
 10
161.4898239999999987
 20
-92.4364229999999907
 30
0
 11
161.4851050000000043
 21
-92.4306729999999988
 31
0
  0
LINE
  5
343
330
22
100
AcDbEntity
  8
B.Silkscreen
  6
CONTINUOUS
100
AcDbLine
 10
161.4851050000000043
 20
-92.4306729999999988
 30
0
 11
161.4836070000000063
 21
-92.4293739999999957
 31
0
  0
LINE
  5
344
330
22
100
AcDbEntity
  8
B.Silkscreen
  6
CONTINUOUS
100
AcDbLine
 10
161.4836070000000063
 20
-92.4293739999999957
 30
0
 11
161.482184999999987
 21
-92.4271139999999889
 31
0
  0
LINE
  5
345
330
22
100
AcDbEntity
  8
B.Silkscreen
  6
CONTINUOUS
100
AcDbLine
 10
161.482184999999987
 20
-92.4271139999999889
 30
0
 11
161.4804969999999855
 21
-92.4250579999999928
 31
0
  0
LINE
  5
346
330
22
100
AcDbEntity
  8
B.Silkscreen
  6
CONTINUOUS
100
AcDbLine
 10
161.4804969999999855
 20
-92.4250579999999928
 30
0
 11
161.479738999999995
 21
-92.4232299999999896
 31
0
  0
LINE
  5
347
330
22
100
AcDbEntity
  8
B.Silkscreen
  6
CONTINUOUS
100
AcDbLine
 10
161.479738999999995
 20
-92.4232299999999896
 30
0
 11
161.4757749999999987
 21
-92.4169309999999911
 31
0
  0
LINE
  5
348
330
22
100
AcDbEntity
  8
B.Silkscreen
  6
CONTINUOUS
100
AcDbLine
 10
161.4757749999999987
 20
-92.4169309999999911
 30
0
 11
161.4281560000000013
 21
-92.3216929999999962
 31
0
  0
LINE
  5
349
330
22
100
AcDbEntity
  8
B.Silkscreen
  6
CONTINUOUS
100
AcDbLine
 10
161.4281560000000013
 20
-92.3216929999999962
 30
0
 11
161.422900999999996
 21
-92.3079609999999917
 31
0
  0
LINE
  5
34A
330
22
100
AcDbEntity
  8
B.Silkscreen
  6
CONTINUOUS
100
AcDbLine
 10
161.422900999999996
 20
-92.3079609999999917
 30
0
 11
161.422709999999995
 21
-92.3052729999999997
 31
0
  0
LINE
  5
34B
330
22
100
AcDbEntity
  8
B.Silkscreen
  6
CONTINUOUS
100
AcDbLine
 10
161.422709999999995
 20
-92.3052729999999997
 30
0
 11
161.4216789999999833
 21
-92.3027840000000026
 31
0
  0
LINE
  5
34C
330
22
100
AcDbEntity
  8
B.Silkscreen
  6
CONTINUOUS
100
AcDbLine
 10
161.4216789999999833
 20
-92.3027840000000026
 30
0
 11
161.4202379999999835
 21
-92.2881519999999966
 31
0
  0
LINE
  5
34D
330
22
100
AcDbEntity
  8
B.Silkscreen
  6
CONTINUOUS
100
AcDbLine
 10
161.4202379999999835
 20
-92.2881519999999966
 30
0
 11
161.4202379999999835
 21
-92.1452949999999902
 31
0
  0
LINE
  5
34E
330
22
100
AcDbEntity
  8
B.Silkscreen
  6
CONTINUOUS
100
AcDbLine
 10
161.4202379999999835
 20
-92.1452949999999902
 30
0
 11
161.4216789999999833
 21
-92.1306629999999984
 31
0
  0
LINE
  5
34F
330
22
100
AcDbEntity
  8
B.Silkscreen
  6
CONTINUOUS
100
AcDbLine
 10
161.4216789999999833
 20
-92.1306629999999984
 30
0
 11
161.422709999999995
 21
-92.1281729999999897
 31
0
  0
LINE
  5
350
330
22
100
AcDbEntity
  8
B.Silkscreen
  6
CONTINUOUS
100
AcDbLine
 10
161.422709999999995
 20
-92.1281729999999897
 30
0
 11
161.422900999999996
 21
-92.1254859999999951
 31
0
  0
LINE
  5
351
330
22
100
AcDbEntity
  8
B.Silkscreen
  6
CONTINUOUS
100
AcDbLine
 10
161.422900999999996
 20
-92.1254859999999951
 30
0
 11
161.4281560000000013
 21
-92.1117539999999906
 31
0
  0
LINE
  5
352
330
22
100
AcDbEntity
  8
B.Silkscreen
  6
CONTINUOUS
100
AcDbLine
 10
161.4281560000000013
 20
-92.1117539999999906
 30
0
 11
161.4757749999999987
 21
-92.0165159999999958
 31
0
  0
LINE
  5
353
330
22
100
AcDbEntity
  8
B.Silkscreen
  6
CONTINUOUS
100
AcDbLine
 10
161.4757749999999987
 20
-92.0165159999999958
 30
0
 11
161.479738999999995
 21
-92.0102159999999998
 31
0
  0
LINE
  5
354
330
22
100
AcDbEntity
  8
B.Silkscreen
  6
CONTINUOUS
100
AcDbLine
 10
161.479738999999995
 20
-92.0102159999999998
 30
0
 11
161.4804969999999855
 21
-92.008388999999994
 31
0
  0
LINE
  5
355
330
22
100
AcDbEntity
  8
B.Silkscreen
  6
CONTINUOUS
100
AcDbLine
 10
161.4804969999999855
 20
-92.008388999999994
 30
0
 11
161.482184999999987
 21
-92.0063320000000004
 31
0
  0
LINE
  5
356
330
22
100
AcDbEntity
  8
B.Silkscreen
  6
CONTINUOUS
100
AcDbLine
 10
161.482184999999987
 20
-92.0063320000000004
 30
0
 11
161.4836070000000063
 21
-92.0040729999999911
 31
0
  0
LINE
  5
357
330
22
100
AcDbEntity
  8
B.Silkscreen
  6
CONTINUOUS
100
AcDbLine
 10
161.4836070000000063
 20
-92.0040729999999911
 30
0
 11
161.4851050000000043
 21
-92.0027729999999906
 31
0
  0
LINE
  5
358
330
22
100
AcDbEntity
  8
B.Silkscreen
  6
CONTINUOUS
100
AcDbLine
 10
161.4851050000000043
 20
-92.0027729999999906
 30
0
 11
161.4898239999999987
 21
-91.9970239999999961
 31
0
  0
LINE
  5
359
330
22
100
AcDbEntity
  8
B.Silkscreen
  6
CONTINUOUS
100
AcDbLine
 10
161.4898239999999987
 20
-91.9970239999999961
 30
0
 11
161.5374429999999961
 21
-91.9494049999999987
 31
0
  0
LINE
  5
35A
330
22
100
AcDbEntity
  8
B.Silkscreen
  6
CONTINUOUS
100
AcDbLine
 10
161.5374429999999961
 20
-91.9494049999999987
 30
0
 11
161.5431920000000048
 21
-91.9446859999999901
 31
0
  0
LINE
  5
35B
330
22
100
AcDbEntity
  8
B.Silkscreen
  6
CONTINUOUS
100
AcDbLine
 10
161.5431920000000048
 20
-91.9446859999999901
 30
0
 11
161.5444919999999911
 21
-91.9431879999999921
 31
0
  0
LINE
  5
35C
330
22
100
AcDbEntity
  8
B.Silkscreen
  6
CONTINUOUS
100
AcDbLine
 10
161.5444919999999911
 20
-91.9431879999999921
 30
0
 11
161.5467510000000004
 21
-91.9417660000000012
 31
0
  0
LINE
  5
35D
330
22
100
AcDbEntity
  8
B.Silkscreen
  6
CONTINUOUS
100
AcDbLine
 10
161.5467510000000004
 20
-91.9417660000000012
 30
0
 11
161.5488079999999798
 21
-91.9400779999999997
 31
0
  0
LINE
  5
35E
330
22
100
AcDbEntity
  8
B.Silkscreen
  6
CONTINUOUS
100
AcDbLine
 10
161.5488079999999798
 20
-91.9400779999999997
 30
0
 11
161.5506349999999998
 21
-91.939319999999995
 31
0
  0
LINE
  5
35F
330
22
100
AcDbEntity
  8
B.Silkscreen
  6
CONTINUOUS
100
AcDbLine
 10
161.5506349999999998
 20
-91.939319999999995
 30
0
 11
161.5569349999999815
 21
-91.9353559999999987
 31
0
  0
LINE
  5
360
330
22
100
AcDbEntity
  8
B.Silkscreen
  6
CONTINUOUS
100
AcDbLine
 10
161.5569349999999815
 20
-91.9353559999999987
 30
0
 11
161.6521730000000048
 21
-91.8877370000000013
 31
0
  0
LINE
  5
361
330
22
100
AcDbEntity
  8
B.Silkscreen
  6
CONTINUOUS
100
AcDbLine
 10
161.6521730000000048
 20
-91.8877370000000013
 30
0
 11
161.6659039999999834
 21
-91.882481999999996
 31
0
  0
LINE
  5
362
330
22
100
AcDbEntity
  8
B.Silkscreen
  6
CONTINUOUS
100
AcDbLine
 10
161.6659039999999834
 20
-91.882481999999996
 30
0
 11
161.6685929999999871
 21
-91.8822899999999976
 31
0
  0
LINE
  5
363
330
22
100
AcDbEntity
  8
B.Silkscreen
  6
CONTINUOUS
100
AcDbLine
 10
161.6685929999999871
 20
-91.8822899999999976
 30
0
 11
161.6710819999999842
 21
-91.8812599999999975
 31
0
  0
LINE
  5
364
330
22
100
AcDbEntity
  8
B.Silkscreen
  6
CONTINUOUS
100
AcDbLine
 10
161.6710819999999842
 20
-91.8812599999999975
 30
0
 11
161.6857139999999902
 21
-91.8798189999999977
 31
0
  0
LINE
  5
365
330
22
100
AcDbEntity
  8
B.Silkscreen
  6
CONTINUOUS
100
AcDbLine
 10
161.6857139999999902
 20
-91.8798189999999977
 30
0
 11
162.0666659999999979
 21
-91.8798189999999977
 31
0
  0
LINE
  5
366
330
22
100
AcDbEntity
  8
B.Silkscreen
  6
CONTINUOUS
100
AcDbLine
 10
162.0666659999999979
 20
-91.8798189999999977
 30
0
 11
162.0812980000000039
 21
-91.8812599999999975
 31
0
  0
LINE
  5
367
330
22
100
AcDbEntity
  8
B.Silkscreen
  6
CONTINUOUS
100
AcDbLine
 10
161.63490299999998
 20
-92.0640769999999975
 30
0
 11
161.6044959999999833
 21
-92.0944839999999942
 31
0
  0
LINE
  5
368
330
22
100
AcDbEntity
  8
B.Silkscreen
  6
CONTINUOUS
100
AcDbLine
 10
161.6044959999999833
 20
-92.0944839999999942
 30
0
 11
161.5702379999999891
 21
-92.1629999999999967
 31
0
  0
LINE
  5
369
330
22
100
AcDbEntity
  8
B.Silkscreen
  6
CONTINUOUS
100
AcDbLine
 10
161.5702379999999891
 20
-92.1629999999999967
 30
0
 11
161.5702379999999891
 21
-92.2704469999999901
 31
0
  0
LINE
  5
36A
330
22
100
AcDbEntity
  8
B.Silkscreen
  6
CONTINUOUS
100
AcDbLine
 10
161.5702379999999891
 20
-92.2704469999999901
 30
0
 11
161.6044959999999833
 21
-92.3389629999999926
 31
0
  0
LINE
  5
36B
330
22
100
AcDbEntity
  8
B.Silkscreen
  6
CONTINUOUS
100
AcDbLine
 10
161.6044959999999833
 20
-92.3389629999999926
 30
0
 11
161.63490299999998
 21
-92.3693699999999893
 31
0
  0
LINE
  5
36C
330
22
100
AcDbEntity
  8
B.Silkscreen
  6
CONTINUOUS
100
AcDbLine
 10
161.63490299999998
 20
-92.3693699999999893
 30
0
 11
161.7034189999999967
 21
-92.4036279999999977
 31
0
  0
LINE
  5
36D
330
22
100
AcDbEntity
  8
B.Silkscreen
  6
CONTINUOUS
100
AcDbLine
 10
161.7034189999999967
 20
-92.4036279999999977
 30
0
 11
161.9916659999999808
 21
-92.4036279999999977
 31
0
  0
LINE
  5
36E
330
22
100
AcDbEntity
  8
B.Silkscreen
  6
CONTINUOUS
100
AcDbLine
 10
161.9916659999999808
 20
-92.4036279999999977
 30
0
 11
161.9916659999999808
 21
-92.0298189999999892
 31
0
  0
LINE
  5
36F
330
22
100
AcDbEntity
  8
B.Silkscreen
  6
CONTINUOUS
100
AcDbLine
 10
161.9916659999999808
 20
-92.0298189999999892
 30
0
 11
161.7034189999999967
 21
-92.0298189999999892
 31
0
  0
LINE
  5
370
330
22
100
AcDbEntity
  8
B.Silkscreen
  6
CONTINUOUS
100
AcDbLine
 10
161.7034189999999967
 20
-92.0298189999999892
 30
0
 11
161.63490299999998
 21
-92.0640769999999975
 31
0
  0
LINE
  5
371
330
22
100
AcDbEntity
  8
B.Silkscreen
  6
CONTINUOUS
100
AcDbLine
 10
161.2466649999999788
 20
-91.8896620000000013
 30
0
 11
161.2687729999999817
 21
-91.9088359999999938
 31
0
  0
LINE
  5
372
330
22
100
AcDbEntity
  8
B.Silkscreen
  6
CONTINUOUS
100
AcDbLine
 10
161.2687729999999817
 20
-91.9088359999999938
 30
0
 11
161.2818589999999972
 21
-91.9350099999999912
 31
0
  0
LINE
  5
373
330
22
100
AcDbEntity
  8
B.Silkscreen
  6
CONTINUOUS
100
AcDbLine
 10
161.2818589999999972
 20
-91.9350099999999912
 30
0
 11
161.2839339999999879
 21
-91.9641999999999911
 31
0
  0
LINE
  5
374
330
22
100
AcDbEntity
  8
B.Silkscreen
  6
CONTINUOUS
100
AcDbLine
 10
161.2839339999999879
 20
-91.9641999999999911
 30
0
 11
161.2806740000000048
 21
-91.9785359999999912
 31
0
  0
LINE
  5
375
330
22
100
AcDbEntity
  8
B.Silkscreen
  6
CONTINUOUS
100
AcDbLine
 10
161.2806740000000048
 20
-91.9785359999999912
 30
0
 11
160.9473409999999944
 21
-92.9785359999999912
 31
0
  0
LINE
  5
376
330
22
100
AcDbEntity
  8
B.Silkscreen
  6
CONTINUOUS
100
AcDbLine
 10
160.9473409999999944
 20
-92.9785359999999912
 30
0
 11
160.9413469999999791
 21
-92.9919620000000009
 31
0
  0
LINE
  5
377
330
22
100
AcDbEntity
  8
B.Silkscreen
  6
CONTINUOUS
100
AcDbLine
 10
160.9413469999999791
 20
-92.9919620000000009
 30
0
 11
160.9378350000000069
 21
-92.9960099999999983
 31
0
  0
LINE
  5
378
330
22
100
AcDbEntity
  8
B.Silkscreen
  6
CONTINUOUS
100
AcDbLine
 10
160.9378350000000069
 20
-92.9960099999999983
 30
0
 11
160.9354399999999998
 21
-93.0008019999999931
 31
0
  0
LINE
  5
379
330
22
100
AcDbEntity
  8
B.Silkscreen
  6
CONTINUOUS
100
AcDbLine
 10
160.9354399999999998
 20
-93.0008019999999931
 30
0
 11
160.9283360000000016
 21
-93.0069629999999989
 31
0
  0
LINE
  5
37A
330
22
100
AcDbEntity
  8
B.Silkscreen
  6
CONTINUOUS
100
AcDbLine
 10
160.9283360000000016
 20
-93.0069629999999989
 30
0
 11
160.9221729999999866
 21
-93.0140689999999921
 31
0
  0
LINE
  5
37B
330
22
100
AcDbEntity
  8
B.Silkscreen
  6
CONTINUOUS
100
AcDbLine
 10
160.9221729999999866
 20
-93.0140689999999921
 30
0
 11
160.9173789999999826
 21
-93.0164649999999966
 31
0
  0
LINE
  5
37C
330
22
100
AcDbEntity
  8
B.Silkscreen
  6
CONTINUOUS
100
AcDbLine
 10
160.9173789999999826
 20
-93.0164649999999966
 30
0
 11
160.9133319999999969
 21
-93.0199759999999998
 31
0
  0
LINE
  5
37D
330
22
100
AcDbEntity
  8
B.Silkscreen
  6
CONTINUOUS
100
AcDbLine
 10
160.9133319999999969
 20
-93.0199759999999998
 30
0
 11
160.9044099999999844
 21
-93.022948999999997
 31
0
  0
LINE
  5
37E
330
22
100
AcDbEntity
  8
B.Silkscreen
  6
CONTINUOUS
100
AcDbLine
 10
160.9044099999999844
 20
-93.022948999999997
 30
0
 11
160.8959999999999866
 21
-93.0271549999999934
 31
0
  0
LINE
  5
37F
330
22
100
AcDbEntity
  8
B.Silkscreen
  6
CONTINUOUS
100
AcDbLine
 10
160.8959999999999866
 20
-93.0271549999999934
 30
0
 11
160.8906549999999811
 21
-93.0275340000000028
 31
0
  0
LINE
  5
380
330
22
100
AcDbEntity
  8
B.Silkscreen
  6
CONTINUOUS
100
AcDbLine
 10
160.8906549999999811
 20
-93.0275340000000028
 30
0
 11
160.8855700000000013
 21
-93.0292299999999983
 31
0
  0
LINE
  5
381
330
22
100
AcDbEntity
  8
B.Silkscreen
  6
CONTINUOUS
100
AcDbLine
 10
160.8855700000000013
 20
-93.0292299999999983
 30
0
 11
160.8761899999999798
 21
-93.0285629999999912
 31
0
  0
LINE
  5
382
330
22
100
AcDbEntity
  8
B.Silkscreen
  6
CONTINUOUS
100
AcDbLine
 10
160.8761899999999798
 20
-93.0285629999999912
 30
0
 11
160.8668099999999868
 21
-93.0292299999999983
 31
0
  0
LINE
  5
383
330
22
100
AcDbEntity
  8
B.Silkscreen
  6
CONTINUOUS
100
AcDbLine
 10
160.8668099999999868
 20
-93.0292299999999983
 30
0
 11
160.8617239999999811
 21
-93.0275340000000028
 31
0
  0
LINE
  5
384
330
22
100
AcDbEntity
  8
B.Silkscreen
  6
CONTINUOUS
100
AcDbLine
 10
160.8617239999999811
 20
-93.0275340000000028
 30
0
 11
160.8563800000000015
 21
-93.0271549999999934
 31
0
  0
LINE
  5
385
330
22
100
AcDbEntity
  8
B.Silkscreen
  6
CONTINUOUS
100
AcDbLine
 10
160.8563800000000015
 20
-93.0271549999999934
 30
0
 11
160.8479719999999986
 21
-93.0229499999999945
 31
0
  0
LINE
  5
386
330
22
100
AcDbEntity
  8
B.Silkscreen
  6
CONTINUOUS
100
AcDbLine
 10
160.8479719999999986
 20
-93.0229499999999945
 30
0
 11
160.8390469999999937
 21
-93.0199759999999998
 31
0
  0
LINE
  5
387
330
22
100
AcDbEntity
  8
B.Silkscreen
  6
CONTINUOUS
100
AcDbLine
 10
160.8390469999999937
 20
-93.0199759999999998
 30
0
 11
160.8349959999999896
 21
-93.01646199999999
 31
0
  0
LINE
  5
388
330
22
100
AcDbEntity
  8
B.Silkscreen
  6
CONTINUOUS
100
AcDbLine
 10
160.8349959999999896
 20
-93.01646199999999
 30
0
 11
160.8302070000000015
 21
-93.0140679999999946
 31
0
  0
LINE
  5
389
330
22
100
AcDbEntity
  8
B.Silkscreen
  6
CONTINUOUS
100
AcDbLine
 10
160.8302070000000015
 20
-93.0140679999999946
 30
0
 11
160.8240480000000048
 21
-93.0069669999999888
 31
0
  0
LINE
  5
38A
330
22
100
AcDbEntity
  8
B.Silkscreen
  6
CONTINUOUS
100
AcDbLine
 10
160.8240480000000048
 20
-93.0069669999999888
 30
0
 11
160.8169399999999882
 21
-93.0008019999999931
 31
0
  0
LINE
  5
38B
330
22
100
AcDbEntity
  8
B.Silkscreen
  6
CONTINUOUS
100
AcDbLine
 10
160.8169399999999882
 20
-93.0008019999999931
 30
0
 11
160.8145429999999863
 21
-92.9960079999999891
 31
0
  0
LINE
  5
38C
330
22
100
AcDbEntity
  8
B.Silkscreen
  6
CONTINUOUS
100
AcDbLine
 10
160.8145429999999863
 20
-92.9960079999999891
 30
0
 11
160.8110329999999806
 21
-92.9919609999999892
 31
0
  0
LINE
  5
38D
330
22
100
AcDbEntity
  8
B.Silkscreen
  6
CONTINUOUS
100
AcDbLine
 10
160.8110329999999806
 20
-92.9919609999999892
 30
0
 11
160.8050389999999936
 21
-92.9785359999999912
 31
0
  0
LINE
  5
38E
330
22
100
AcDbEntity
  8
B.Silkscreen
  6
CONTINUOUS
100
AcDbLine
 10
160.8050389999999936
 20
-92.9785359999999912
 30
0
 11
160.4717059999999833
 21
-91.9785359999999912
 31
0
  0
LINE
  5
38F
330
22
100
AcDbEntity
  8
B.Silkscreen
  6
CONTINUOUS
100
AcDbLine
 10
160.4717059999999833
 20
-91.9785359999999912
 30
0
 11
160.4684460000000001
 21
-91.9641989999999936
 31
0
  0
LINE
  5
390
330
22
100
AcDbEntity
  8
B.Silkscreen
  6
CONTINUOUS
100
AcDbLine
 10
160.4684460000000001
 20
-91.9641989999999936
 30
0
 11
160.4705209999999909
 21
-91.9350089999999938
 31
0
  0
LINE
  5
391
330
22
100
AcDbEntity
  8
B.Silkscreen
  6
CONTINUOUS
100
AcDbLine
 10
160.4705209999999909
 20
-91.9350089999999938
 30
0
 11
160.4836070000000063
 21
-91.9088359999999938
 31
0
  0
LINE
  5
392
330
22
100
AcDbEntity
  8
B.Silkscreen
  6
CONTINUOUS
100
AcDbLine
 10
160.4836070000000063
 20
-91.9088359999999938
 30
0
 11
160.5057139999999833
 21
-91.8896620000000013
 31
0
  0
LINE
  5
393
330
22
100
AcDbEntity
  8
B.Silkscreen
  6
CONTINUOUS
100
AcDbLine
 10
160.5057139999999833
 20
-91.8896620000000013
 30
0
 11
160.5334770000000049
 21
-91.8804080000000027
 31
0
  0
LINE
  5
394
330
22
100
AcDbEntity
  8
B.Silkscreen
  6
CONTINUOUS
100
AcDbLine
 10
160.5334770000000049
 20
-91.8804080000000027
 30
0
 11
160.5626670000000047
 21
-91.8824829999999935
 31
0
  0
LINE
  5
395
330
22
100
AcDbEntity
  8
B.Silkscreen
  6
CONTINUOUS
100
AcDbLine
 10
160.5626670000000047
 20
-91.8824829999999935
 30
0
 11
160.5888400000000047
 21
-91.8955689999999947
 31
0
  0
LINE
  5
396
330
22
100
AcDbEntity
  8
B.Silkscreen
  6
CONTINUOUS
100
AcDbLine
 10
160.5888400000000047
 20
-91.8955689999999947
 30
0
 11
160.6080139999999972
 21
-91.9176760000000002
 31
0
  0
LINE
  5
397
330
22
100
AcDbEntity
  8
B.Silkscreen
  6
CONTINUOUS
100
AcDbLine
 10
160.6080139999999972
 20
-91.9176760000000002
 30
0
 11
160.6140079999999841
 21
-91.9311019999999957
 31
0
  0
LINE
  5
398
330
22
100
AcDbEntity
  8
B.Silkscreen
  6
CONTINUOUS
100
AcDbLine
 10
160.6140079999999841
 20
-91.9311019999999957
 30
0
 11
160.8761899999999798
 21
-92.717647999999997
 31
0
  0
LINE
  5
399
330
22
100
AcDbEntity
  8
B.Silkscreen
  6
CONTINUOUS
100
AcDbLine
 10
160.8761899999999798
 20
-92.717647999999997
 30
0
 11
161.1383720000000039
 21
-91.9311019999999957
 31
0
  0
LINE
  5
39A
330
22
100
AcDbEntity
  8
B.Silkscreen
  6
CONTINUOUS
100
AcDbLine
 10
161.1383720000000039
 20
-91.9311019999999957
 30
0
 11
161.1443659999999909
 21
-91.9176769999999976
 31
0
  0
LINE
  5
39B
330
22
100
AcDbEntity
  8
B.Silkscreen
  6
CONTINUOUS
100
AcDbLine
 10
161.1443659999999909
 20
-91.9176769999999976
 30
0
 11
161.1635399999999834
 21
-91.8955699999999922
 31
0
  0
LINE
  5
39C
330
22
100
AcDbEntity
  8
B.Silkscreen
  6
CONTINUOUS
100
AcDbLine
 10
161.1635399999999834
 20
-91.8955699999999922
 30
0
 11
161.1897129999999834
 21
-91.8824829999999935
 31
0
  0
LINE
  5
39D
330
22
100
AcDbEntity
  8
B.Silkscreen
  6
CONTINUOUS
100
AcDbLine
 10
161.1897129999999834
 20
-91.8824829999999935
 30
0
 11
161.2189029999999832
 21
-91.8804080000000027
 31
0
  0
LINE
  5
39E
330
22
100
AcDbEntity
  8
B.Silkscreen
  6
CONTINUOUS
100
AcDbLine
 10
161.2189029999999832
 20
-91.8804080000000027
 30
0
 11
161.2466649999999788
 21
-91.8896620000000013
 31
0
  0
LINE
  5
39F
330
22
100
AcDbEntity
  8
B.Silkscreen
  6
CONTINUOUS
100
AcDbLine
 10
115.0863619999999941
 20
-91.8323510000000027
 30
0
 11
115.0881909999999948
 21
-91.8321689999999933
 31
0
  0
LINE
  5
3A0
330
22
100
AcDbEntity
  8
B.Silkscreen
  6
CONTINUOUS
100
AcDbLine
 10
115.0881909999999948
 20
-91.8321689999999933
 30
0
 11
115.0899769999999904
 21
-91.8327069999999992
 31
0
  0
LINE
  5
3A1
330
22
100
AcDbEntity
  8
B.Silkscreen
  6
CONTINUOUS
100
AcDbLine
 10
115.0899769999999904
 20
-91.8327069999999992
 30
0
 11
115.0955829999999906
 21
-91.8332599999999957
 31
0
  0
LINE
  5
3A2
330
22
100
AcDbEntity
  8
B.Silkscreen
  6
CONTINUOUS
100
AcDbLine
 10
115.0955829999999906
 20
-91.8332599999999957
 30
0
 11
115.1057089999999903
 21
-91.8374539999999939
 31
0
  0
LINE
  5
3A3
330
22
100
AcDbEntity
  8
B.Silkscreen
  6
CONTINUOUS
100
AcDbLine
 10
115.1057089999999903
 20
-91.8374539999999939
 30
0
 11
115.1162069999999886
 21
-91.8406219999999962
 31
0
  0
LINE
  5
3A4
330
22
100
AcDbEntity
  8
B.Silkscreen
  6
CONTINUOUS
100
AcDbLine
 10
115.1162069999999886
 20
-91.8406219999999962
 30
0
 11
115.1191299999999984
 21
-91.8430129999999991
 31
0
  0
LINE
  5
3A5
330
22
100
AcDbEntity
  8
B.Silkscreen
  6
CONTINUOUS
100
AcDbLine
 10
115.1191299999999984
 20
-91.8430129999999991
 30
0
 11
115.1226190000000003
 21
-91.8444590000000005
 31
0
  0
LINE
  5
3A6
330
22
100
AcDbEntity
  8
B.Silkscreen
  6
CONTINUOUS
100
AcDbLine
 10
115.1226190000000003
 20
-91.8444590000000005
 30
0
 11
115.1303719999999942
 21
-91.8522119999999944
 31
0
  0
LINE
  5
3A7
330
22
100
AcDbEntity
  8
B.Silkscreen
  6
CONTINUOUS
100
AcDbLine
 10
115.1303719999999942
 20
-91.8522119999999944
 30
0
 11
115.1388549999999924
 21
-91.8591529999999921
 31
0
  0
LINE
  5
3A8
330
22
100
AcDbEntity
  8
B.Silkscreen
  6
CONTINUOUS
100
AcDbLine
 10
115.1388549999999924
 20
-91.8591529999999921
 30
0
 11
115.1406389999999931
 21
-91.8624789999999933
 31
0
  0
LINE
  5
3A9
330
22
100
AcDbEntity
  8
B.Silkscreen
  6
CONTINUOUS
100
AcDbLine
 10
115.1406389999999931
 20
-91.8624789999999933
 30
0
 11
115.1433109999999971
 21
-91.8651509999999973
 31
0
  0
LINE
  5
3AA
330
22
100
AcDbEntity
  8
B.Silkscreen
  6
CONTINUOUS
100
AcDbLine
 10
115.1433109999999971
 20
-91.8651509999999973
 30
0
 11
115.1475059999999928
 21
-91.8752799999999894
 31
0
  0
LINE
  5
3AB
330
22
100
AcDbEntity
  8
B.Silkscreen
  6
CONTINUOUS
100
AcDbLine
 10
115.1475059999999928
 20
-91.8752799999999894
 30
0
 11
115.1526889999999952
 21
-91.8849400000000003
 31
0
  0
LINE
  5
3AC
330
22
100
AcDbEntity
  8
B.Silkscreen
  6
CONTINUOUS
100
AcDbLine
 10
115.1526889999999952
 20
-91.8849400000000003
 30
0
 11
115.1537959999999998
 21
-91.8904639999999944
 31
0
  0
LINE
  5
3AD
330
22
100
AcDbEntity
  8
B.Silkscreen
  6
CONTINUOUS
100
AcDbLine
 10
115.1537959999999998
 20
-91.8904639999999944
 30
0
 11
115.1545099999999877
 21
-91.8921869999999927
 31
0
  0
LINE
  5
3AE
330
22
100
AcDbEntity
  8
B.Silkscreen
  6
CONTINUOUS
100
AcDbLine
 10
115.1545099999999877
 20
-91.8921869999999927
 30
0
 11
115.1545099999999877
 21
-91.89402299999999
 31
0
  0
LINE
  5
3AF
330
22
100
AcDbEntity
  8
B.Silkscreen
  6
CONTINUOUS
100
AcDbLine
 10
115.1545099999999877
 20
-91.89402299999999
 30
0
 11
115.1555789999999888
 21
-91.8993559999999974
 31
0
  0
LINE
  5
3B0
330
22
100
AcDbEntity
  8
B.Silkscreen
  6
CONTINUOUS
100
AcDbLine
 10
115.1555789999999888
 20
-91.8993559999999974
 30
0
 11
115.2031980000000004
 21
-92.3755459999999999
 31
0
  0
LINE
  5
3B1
330
22
100
AcDbEntity
  8
B.Silkscreen
  6
CONTINUOUS
100
AcDbLine
 10
115.2031980000000004
 20
-92.3755459999999999
 30
0
 11
115.2032200000000017
 21
-92.3902489999999972
 31
0
  0
LINE
  5
3B2
330
22
100
AcDbEntity
  8
B.Silkscreen
  6
CONTINUOUS
100
AcDbLine
 10
115.2032200000000017
 20
-92.3902489999999972
 30
0
 11
115.2021289999999993
 21
-92.3938639999999936
 31
0
  0
LINE
  5
3B3
330
22
100
AcDbEntity
  8
B.Silkscreen
  6
CONTINUOUS
100
AcDbLine
 10
115.2021289999999993
 20
-92.3938639999999936
 30
0
 11
115.2021289999999993
 21
-92.3976399999999956
 31
0
  0
LINE
  5
3B4
330
22
100
AcDbEntity
  8
B.Silkscreen
  6
CONTINUOUS
100
AcDbLine
 10
115.2021289999999993
 20
-92.3976399999999956
 30
0
 11
115.1979350000000011
 21
-92.4077640000000002
 31
0
  0
LINE
  5
3B5
330
22
100
AcDbEntity
  8
B.Silkscreen
  6
CONTINUOUS
100
AcDbLine
 10
115.1979350000000011
 20
-92.4077640000000002
 30
0
 11
115.1947669999999988
 21
-92.418264999999991
 31
0
  0
LINE
  5
3B6
330
22
100
AcDbEntity
  8
B.Silkscreen
  6
CONTINUOUS
100
AcDbLine
 10
115.1947669999999988
 20
-92.418264999999991
 30
0
 11
115.1923740000000009
 21
-92.4211889999999983
 31
0
  0
LINE
  5
3B7
330
22
100
AcDbEntity
  8
B.Silkscreen
  6
CONTINUOUS
100
AcDbLine
 10
115.1923740000000009
 20
-92.4211889999999983
 30
0
 11
115.1909299999999945
 21
-92.4246759999999909
 31
0
  0
LINE
  5
3B8
330
22
100
AcDbEntity
  8
B.Silkscreen
  6
CONTINUOUS
100
AcDbLine
 10
115.1909299999999945
 20
-92.4246759999999909
 30
0
 11
115.1831809999999905
 21
-92.4324239999999975
 31
0
  0
LINE
  5
3B9
330
22
100
AcDbEntity
  8
B.Silkscreen
  6
CONTINUOUS
100
AcDbLine
 10
115.1831809999999905
 20
-92.4324239999999975
 30
0
 11
115.1762359999999887
 21
-92.4409129999999948
 31
0
  0
LINE
  5
3BA
330
22
100
AcDbEntity
  8
B.Silkscreen
  6
CONTINUOUS
100
AcDbLine
 10
115.1762359999999887
 20
-92.4409129999999948
 30
0
 11
115.172906999999995
 21
-92.4426979999999929
 31
0
  0
LINE
  5
3BB
330
22
100
AcDbEntity
  8
B.Silkscreen
  6
CONTINUOUS
100
AcDbLine
 10
115.172906999999995
 20
-92.4426979999999929
 30
0
 11
115.1702370000000002
 21
-92.4453689999999995
 31
0
  0
LINE
  5
3BC
330
22
100
AcDbEntity
  8
B.Silkscreen
  6
CONTINUOUS
100
AcDbLine
 10
115.1702370000000002
 20
-92.4453689999999995
 30
0
 11
115.160111999999998
 21
-92.4495620000000002
 31
0
  0
LINE
  5
3BD
330
22
100
AcDbEntity
  8
B.Silkscreen
  6
CONTINUOUS
100
AcDbLine
 10
115.160111999999998
 20
-92.4495620000000002
 30
0
 11
115.1504489999999947
 21
-92.4547469999999976
 31
0
  0
LINE
  5
3BE
330
22
100
AcDbEntity
  8
B.Silkscreen
  6
CONTINUOUS
100
AcDbLine
 10
115.1504489999999947
 20
-92.4547469999999976
 30
0
 11
115.146688999999995
 21
-92.4551220000000029
 31
0
  0
LINE
  5
3BF
330
22
100
AcDbEntity
  8
B.Silkscreen
  6
CONTINUOUS
100
AcDbLine
 10
115.146688999999995
 20
-92.4551220000000029
 30
0
 11
115.1432009999999906
 21
-92.4565679999999901
 31
0
  0
LINE
  5
3C0
330
22
100
AcDbEntity
  8
B.Silkscreen
  6
CONTINUOUS
100
AcDbLine
 10
115.1432009999999906
 20
-92.4565679999999901
 30
0
 11
115.1322399999999959
 21
-92.4565679999999901
 31
0
  0
LINE
  5
3C1
330
22
100
AcDbEntity
  8
B.Silkscreen
  6
CONTINUOUS
100
AcDbLine
 10
115.1322399999999959
 20
-92.4565679999999901
 30
0
 11
115.1213300000000004
 21
-92.4576589999999925
 31
0
  0
LINE
  5
3C2
330
22
100
AcDbEntity
  8
B.Silkscreen
  6
CONTINUOUS
100
AcDbLine
 10
115.1213300000000004
 20
-92.4576589999999925
 30
0
 11
115.1177139999999923
 21
-92.4565679999999901
 31
0
  0
LINE
  5
3C3
330
22
100
AcDbEntity
  8
B.Silkscreen
  6
CONTINUOUS
100
AcDbLine
 10
115.1177139999999923
 20
-92.4565679999999901
 30
0
 11
115.1139379999999903
 21
-92.4565679999999901
 31
0
  0
LINE
  5
3C4
330
22
100
AcDbEntity
  8
B.Silkscreen
  6
CONTINUOUS
100
AcDbLine
 10
115.1139379999999903
 20
-92.4565679999999901
 30
0
 11
115.1038109999999932
 21
-92.4523729999999944
 31
0
  0
LINE
  5
3C5
330
22
100
AcDbEntity
  8
B.Silkscreen
  6
CONTINUOUS
100
AcDbLine
 10
115.1038109999999932
 20
-92.4523729999999944
 30
0
 11
115.0933139999999923
 21
-92.4492059999999896
 31
0
  0
LINE
  5
3C6
330
22
100
AcDbEntity
  8
B.Silkscreen
  6
CONTINUOUS
100
AcDbLine
 10
115.0933139999999923
 20
-92.4492059999999896
 30
0
 11
115.0903899999999993
 21
-92.4468139999999892
 31
0
  0
LINE
  5
3C7
330
22
100
AcDbEntity
  8
B.Silkscreen
  6
CONTINUOUS
100
AcDbLine
 10
115.0903899999999993
 20
-92.4468139999999892
 30
0
 11
115.0869019999999949
 21
-92.4453689999999995
 31
0
  0
LINE
  5
3C8
330
22
100
AcDbEntity
  8
B.Silkscreen
  6
CONTINUOUS
100
AcDbLine
 10
115.0869019999999949
 20
-92.4453689999999995
 30
0
 11
115.0755369999999971
 21
-92.4360420000000005
 31
0
  0
LINE
  5
3C9
330
22
100
AcDbEntity
  8
B.Silkscreen
  6
CONTINUOUS
100
AcDbLine
 10
115.0755369999999971
 20
-92.4360420000000005
 30
0
 11
115.036524
 21
-92.3970289999999892
 31
0
  0
LINE
  5
3CA
330
22
100
AcDbEntity
  8
B.Silkscreen
  6
CONTINUOUS
100
AcDbLine
 10
115.036524
 20
-92.3970289999999892
 30
0
 11
114.9680079999999975
 21
-92.3627709999999951
 31
0
  0
LINE
  5
3CB
330
22
100
AcDbEntity
  8
B.Silkscreen
  6
CONTINUOUS
100
AcDbLine
 10
114.9680079999999975
 20
-92.3627709999999951
 30
0
 11
114.7653229999999951
 21
-92.3627709999999951
 31
0
  0
LINE
  5
3CC
330
22
100
AcDbEntity
  8
B.Silkscreen
  6
CONTINUOUS
100
AcDbLine
 10
114.7653229999999951
 20
-92.3627709999999951
 30
0
 11
114.6968069999999926
 21
-92.3970289999999892
 31
0
  0
LINE
  5
3CD
330
22
100
AcDbEntity
  8
B.Silkscreen
  6
CONTINUOUS
100
AcDbLine
 10
114.6968069999999926
 20
-92.3970289999999892
 30
0
 11
114.6663999999999959
 21
-92.4274360000000001
 31
0
  0
LINE
  5
3CE
330
22
100
AcDbEntity
  8
B.Silkscreen
  6
CONTINUOUS
100
AcDbLine
 10
114.6663999999999959
 20
-92.4274360000000001
 30
0
 11
114.6321420000000018
 21
-92.4959520000000026
 31
0
  0
LINE
  5
3CF
330
22
100
AcDbEntity
  8
B.Silkscreen
  6
CONTINUOUS
100
AcDbLine
 10
114.6321420000000018
 20
-92.4959520000000026
 30
0
 11
114.6321420000000018
 21
-92.6986369999999908
 31
0
  0
LINE
  5
3D0
330
22
100
AcDbEntity
  8
B.Silkscreen
  6
CONTINUOUS
100
AcDbLine
 10
114.6321420000000018
 20
-92.6986369999999908
 30
0
 11
114.6663999999999959
 21
-92.7671529999999933
 31
0
  0
LINE
  5
3D1
330
22
100
AcDbEntity
  8
B.Silkscreen
  6
CONTINUOUS
100
AcDbLine
 10
114.6663999999999959
 20
-92.7671529999999933
 30
0
 11
114.6968069999999926
 21
-92.7975610000000017
 31
0
  0
LINE
  5
3D2
330
22
100
AcDbEntity
  8
B.Silkscreen
  6
CONTINUOUS
100
AcDbLine
 10
114.6968069999999926
 20
-92.7975610000000017
 30
0
 11
114.7653229999999951
 21
-92.8318189999999959
 31
0
  0
LINE
  5
3D3
330
22
100
AcDbEntity
  8
B.Silkscreen
  6
CONTINUOUS
100
AcDbLine
 10
114.7653229999999951
 20
-92.8318189999999959
 30
0
 11
114.9680079999999975
 21
-92.8318189999999959
 31
0
  0
LINE
  5
3D4
330
22
100
AcDbEntity
  8
B.Silkscreen
  6
CONTINUOUS
100
AcDbLine
 10
114.9680079999999975
 20
-92.8318189999999959
 30
0
 11
115.0365229999999883
 21
-92.7975610000000017
 31
0
  0
LINE
  5
3D5
330
22
100
AcDbEntity
  8
B.Silkscreen
  6
CONTINUOUS
100
AcDbLine
 10
115.0365229999999883
 20
-92.7975610000000017
 30
0
 11
115.0755359999999996
 21
-92.7585479999999905
 31
0
  0
LINE
  5
3D6
330
22
100
AcDbEntity
  8
B.Silkscreen
  6
CONTINUOUS
100
AcDbLine
 10
115.0755359999999996
 20
-92.7585479999999905
 30
0
 11
115.0869019999999949
 21
-92.749219999999994
 31
0
  0
LINE
  5
3D7
330
22
100
AcDbEntity
  8
B.Silkscreen
  6
CONTINUOUS
100
AcDbLine
 10
115.0869019999999949
 20
-92.749219999999994
 30
0
 11
115.1139379999999903
 21
-92.7380209999999892
 31
0
  0
LINE
  5
3D8
330
22
100
AcDbEntity
  8
B.Silkscreen
  6
CONTINUOUS
100
AcDbLine
 10
115.1139379999999903
 20
-92.7380209999999892
 30
0
 11
115.1432009999999906
 21
-92.7380209999999892
 31
0
  0
LINE
  5
3D9
330
22
100
AcDbEntity
  8
B.Silkscreen
  6
CONTINUOUS
100
AcDbLine
 10
115.1432009999999906
 20
-92.7380209999999892
 30
0
 11
115.1702370000000002
 21
-92.7492189999999965
 31
0
  0
LINE
  5
3DA
330
22
100
AcDbEntity
  8
B.Silkscreen
  6
CONTINUOUS
100
AcDbLine
 10
115.1702370000000002
 20
-92.7492189999999965
 30
0
 11
115.1909299999999945
 21
-92.7699119999999908
 31
0
  0
LINE
  5
3DB
330
22
100
AcDbEntity
  8
B.Silkscreen
  6
CONTINUOUS
100
AcDbLine
 10
115.1909299999999945
 20
-92.7699119999999908
 30
0
 11
115.2021289999999993
 21
-92.7969480000000004
 31
0
  0
LINE
  5
3DC
330
22
100
AcDbEntity
  8
B.Silkscreen
  6
CONTINUOUS
100
AcDbLine
 10
115.2021289999999993
 20
-92.7969480000000004
 30
0
 11
115.2021289999999993
 21
-92.8262110000000007
 31
0
  0
LINE
  5
3DD
330
22
100
AcDbEntity
  8
B.Silkscreen
  6
CONTINUOUS
100
AcDbLine
 10
115.2021289999999993
 20
-92.8262110000000007
 30
0
 11
115.190930999999992
 21
-92.8532469999999961
 31
0
  0
LINE
  5
3DE
330
22
100
AcDbEntity
  8
B.Silkscreen
  6
CONTINUOUS
100
AcDbLine
 10
115.190930999999992
 20
-92.8532469999999961
 30
0
 11
115.1816029999999955
 21
-92.8646129999999914
 31
0
  0
LINE
  5
3DF
330
22
100
AcDbEntity
  8
B.Silkscreen
  6
CONTINUOUS
100
AcDbLine
 10
115.1816029999999955
 20
-92.8646129999999914
 30
0
 11
115.1339849999999956
 21
-92.9122319999999888
 31
0
  0
LINE
  5
3E0
330
22
100
AcDbEntity
  8
B.Silkscreen
  6
CONTINUOUS
100
AcDbLine
 10
115.1339849999999956
 20
-92.9122319999999888
 30
0
 11
115.1282349999999894
 21
-92.9169499999999999
 31
0
  0
LINE
  5
3E1
330
22
100
AcDbEntity
  8
B.Silkscreen
  6
CONTINUOUS
100
AcDbLine
 10
115.1282349999999894
 20
-92.9169499999999999
 30
0
 11
115.1269349999999889
 21
-92.9184499999999929
 31
0
  0
LINE
  5
3E2
330
22
100
AcDbEntity
  8
B.Silkscreen
  6
CONTINUOUS
100
AcDbLine
 10
115.1269349999999889
 20
-92.9184499999999929
 30
0
 11
115.1246749999999963
 21
-92.919871999999998
 31
0
  0
LINE
  5
3E3
330
22
100
AcDbEntity
  8
B.Silkscreen
  6
CONTINUOUS
100
AcDbLine
 10
115.1246749999999963
 20
-92.919871999999998
 30
0
 11
115.1226190000000003
 21
-92.9215599999999995
 31
0
  0
LINE
  5
3E4
330
22
100
AcDbEntity
  8
B.Silkscreen
  6
CONTINUOUS
100
AcDbLine
 10
115.1226190000000003
 20
-92.9215599999999995
 30
0
 11
115.120790999999997
 21
-92.9223169999999925
 31
0
  0
LINE
  5
3E5
330
22
100
AcDbEntity
  8
B.Silkscreen
  6
CONTINUOUS
100
AcDbLine
 10
115.120790999999997
 20
-92.9223169999999925
 30
0
 11
115.1144919999999985
 21
-92.9262820000000005
 31
0
  0
LINE
  5
3E6
330
22
100
AcDbEntity
  8
B.Silkscreen
  6
CONTINUOUS
100
AcDbLine
 10
115.1144919999999985
 20
-92.9262820000000005
 30
0
 11
115.0192539999999894
 21
-92.9739009999999979
 31
0
  0
LINE
  5
3E7
330
22
100
AcDbEntity
  8
B.Silkscreen
  6
CONTINUOUS
100
AcDbLine
 10
115.0192539999999894
 20
-92.9739009999999979
 30
0
 11
115.0055219999999991
 21
-92.979155999999989
 31
0
  0
LINE
  5
3E8
330
22
100
AcDbEntity
  8
B.Silkscreen
  6
CONTINUOUS
100
AcDbLine
 10
115.0055219999999991
 20
-92.979155999999989
 30
0
 11
115.0028339999999929
 21
-92.9793459999999925
 31
0
  0
LINE
  5
3E9
330
22
100
AcDbEntity
  8
B.Silkscreen
  6
CONTINUOUS
100
AcDbLine
 10
115.0028339999999929
 20
-92.9793459999999925
 30
0
 11
115.0003449999999958
 21
-92.9803780000000017
 31
0
  0
LINE
  5
3EA
330
22
100
AcDbEntity
  8
B.Silkscreen
  6
CONTINUOUS
100
AcDbLine
 10
115.0003449999999958
 20
-92.9803780000000017
 30
0
 11
114.9857129999999898
 21
-92.9818190000000016
 31
0
  0
LINE
  5
3EB
330
22
100
AcDbEntity
  8
B.Silkscreen
  6
CONTINUOUS
100
AcDbLine
 10
114.9857129999999898
 20
-92.9818190000000016
 30
0
 11
114.7476179999999886
 21
-92.9818190000000016
 31
0
  0
LINE
  5
3EC
330
22
100
AcDbEntity
  8
B.Silkscreen
  6
CONTINUOUS
100
AcDbLine
 10
114.7476179999999886
 20
-92.9818190000000016
 30
0
 11
114.7329859999999968
 21
-92.9803780000000017
 31
0
  0
LINE
  5
3ED
330
22
100
AcDbEntity
  8
B.Silkscreen
  6
CONTINUOUS
100
AcDbLine
 10
114.7329859999999968
 20
-92.9803780000000017
 30
0
 11
114.7304969999999997
 21
-92.97934699999999
 31
0
  0
LINE
  5
3EE
330
22
100
AcDbEntity
  8
B.Silkscreen
  6
CONTINUOUS
100
AcDbLine
 10
114.7304969999999997
 20
-92.97934699999999
 30
0
 11
114.727807999999996
 21
-92.979155999999989
 31
0
  0
LINE
  5
3EF
330
22
100
AcDbEntity
  8
B.Silkscreen
  6
CONTINUOUS
100
AcDbLine
 10
114.727807999999996
 20
-92.979155999999989
 30
0
 11
114.714076999999989
 21
-92.9739009999999979
 31
0
  0
LINE
  5
3F0
330
22
100
AcDbEntity
  8
B.Silkscreen
  6
CONTINUOUS
100
AcDbLine
 10
114.714076999999989
 20
-92.9739009999999979
 30
0
 11
114.6188389999999941
 21
-92.9262820000000005
 31
0
  0
LINE
  5
3F1
330
22
100
AcDbEntity
  8
B.Silkscreen
  6
CONTINUOUS
100
AcDbLine
 10
114.6188389999999941
 20
-92.9262820000000005
 30
0
 11
114.6125389999999982
 21
-92.9223169999999925
 31
0
  0
LINE
  5
3F2
330
22
100
AcDbEntity
  8
B.Silkscreen
  6
CONTINUOUS
100
AcDbLine
 10
114.6125389999999982
 20
-92.9223169999999925
 30
0
 11
114.6107119999999924
 21
-92.9215599999999995
 31
0
  0
LINE
  5
3F3
330
22
100
AcDbEntity
  8
B.Silkscreen
  6
CONTINUOUS
100
AcDbLine
 10
114.6107119999999924
 20
-92.9215599999999995
 30
0
 11
114.6086549999999988
 21
-92.919871999999998
 31
0
  0
LINE
  5
3F4
330
22
100
AcDbEntity
  8
B.Silkscreen
  6
CONTINUOUS
100
AcDbLine
 10
114.6086549999999988
 20
-92.919871999999998
 30
0
 11
114.6063959999999895
 21
-92.9184499999999929
 31
0
  0
LINE
  5
3F5
330
22
100
AcDbEntity
  8
B.Silkscreen
  6
CONTINUOUS
100
AcDbLine
 10
114.6063959999999895
 20
-92.9184499999999929
 30
0
 11
114.6050949999999915
 21
-92.9169499999999999
 31
0
  0
LINE
  5
3F6
330
22
100
AcDbEntity
  8
B.Silkscreen
  6
CONTINUOUS
100
AcDbLine
 10
114.6050949999999915
 20
-92.9169499999999999
 30
0
 11
114.599345999999997
 21
-92.9122319999999888
 31
0
  0
LINE
  5
3F7
330
22
100
AcDbEntity
  8
B.Silkscreen
  6
CONTINUOUS
100
AcDbLine
 10
114.599345999999997
 20
-92.9122319999999888
 30
0
 11
114.5517269999999996
 21
-92.8646119999999939
 31
0
  0
LINE
  5
3F8
330
22
100
AcDbEntity
  8
B.Silkscreen
  6
CONTINUOUS
100
AcDbLine
 10
114.5517269999999996
 20
-92.8646119999999939
 30
0
 11
114.5470089999999885
 21
-92.8588629999999995
 31
0
  0
LINE
  5
3F9
330
22
100
AcDbEntity
  8
B.Silkscreen
  6
CONTINUOUS
100
AcDbLine
 10
114.5470089999999885
 20
-92.8588629999999995
 30
0
 11
114.5455109999999905
 21
-92.8575639999999964
 31
0
  0
LINE
  5
3FA
330
22
100
AcDbEntity
  8
B.Silkscreen
  6
CONTINUOUS
100
AcDbLine
 10
114.5455109999999905
 20
-92.8575639999999964
 30
0
 11
114.5440889999999996
 21
-92.8553050000000013
 31
0
  0
LINE
  5
3FB
330
22
100
AcDbEntity
  8
B.Silkscreen
  6
CONTINUOUS
100
AcDbLine
 10
114.5440889999999996
 20
-92.8553050000000013
 30
0
 11
114.5424000000000007
 21
-92.8532469999999961
 31
0
  0
LINE
  5
3FC
330
22
100
AcDbEntity
  8
B.Silkscreen
  6
CONTINUOUS
100
AcDbLine
 10
114.5424000000000007
 20
-92.8532469999999961
 30
0
 11
114.541641999999996
 21
-92.8514169999999979
 31
0
  0
LINE
  5
3FD
330
22
100
AcDbEntity
  8
B.Silkscreen
  6
CONTINUOUS
100
AcDbLine
 10
114.541641999999996
 20
-92.8514169999999979
 30
0
 11
114.5376789999999971
 21
-92.8451209999999918
 31
0
  0
LINE
  5
3FE
330
22
100
AcDbEntity
  8
B.Silkscreen
  6
CONTINUOUS
100
AcDbLine
 10
114.5376789999999971
 20
-92.8451209999999918
 30
0
 11
114.4900599999999997
 21
-92.749882999999997
 31
0
  0
LINE
  5
3FF
330
22
100
AcDbEntity
  8
B.Silkscreen
  6
CONTINUOUS
100
AcDbLine
 10
114.4900599999999997
 20
-92.749882999999997
 30
0
 11
114.4848049999999944
 21
-92.7361509999999925
 31
0
  0
LINE
  5
400
330
22
100
AcDbEntity
  8
B.Silkscreen
  6
CONTINUOUS
100
AcDbLine
 10
114.4848049999999944
 20
-92.7361509999999925
 30
0
 11
114.4846139999999934
 21
-92.7334630000000004
 31
0
  0
LINE
  5
401
330
22
100
AcDbEntity
  8
B.Silkscreen
  6
CONTINUOUS
100
AcDbLine
 10
114.4846139999999934
 20
-92.7334630000000004
 30
0
 11
114.4835829999999959
 21
-92.7309739999999891
 31
0
  0
LINE
  5
402
330
22
100
AcDbEntity
  8
B.Silkscreen
  6
CONTINUOUS
100
AcDbLine
 10
114.4835829999999959
 20
-92.7309739999999891
 30
0
 11
114.4821419999999961
 21
-92.7163419999999974
 31
0
  0
LINE
  5
403
330
22
100
AcDbEntity
  8
B.Silkscreen
  6
CONTINUOUS
100
AcDbLine
 10
114.4821419999999961
 20
-92.7163419999999974
 30
0
 11
114.4821419999999961
 21
-92.4782469999999961
 31
0
  0
LINE
  5
404
330
22
100
AcDbEntity
  8
B.Silkscreen
  6
CONTINUOUS
100
AcDbLine
 10
114.4821419999999961
 20
-92.4782469999999961
 30
0
 11
114.4835829999999959
 21
-92.4636149999999901
 31
0
  0
LINE
  5
405
330
22
100
AcDbEntity
  8
B.Silkscreen
  6
CONTINUOUS
100
AcDbLine
 10
114.4835829999999959
 20
-92.4636149999999901
 30
0
 11
114.4846139999999934
 21
-92.4611249999999956
 31
0
  0
LINE
  5
406
330
22
100
AcDbEntity
  8
B.Silkscreen
  6
CONTINUOUS
100
AcDbLine
 10
114.4846139999999934
 20
-92.4611249999999956
 30
0
 11
114.4848049999999944
 21
-92.458438000000001
 31
0
  0
LINE
  5
407
330
22
100
AcDbEntity
  8
B.Silkscreen
  6
CONTINUOUS
100
AcDbLine
 10
114.4848049999999944
 20
-92.458438000000001
 30
0
 11
114.4900599999999997
 21
-92.4447059999999965
 31
0
  0
LINE
  5
408
330
22
100
AcDbEntity
  8
B.Silkscreen
  6
CONTINUOUS
100
AcDbLine
 10
114.4900599999999997
 20
-92.4447059999999965
 30
0
 11
114.5376789999999971
 21
-92.3494680000000017
 31
0
  0
LINE
  5
409
330
22
100
AcDbEntity
  8
B.Silkscreen
  6
CONTINUOUS
100
AcDbLine
 10
114.5376789999999971
 20
-92.3494680000000017
 30
0
 11
114.5416429999999934
 21
-92.3431679999999915
 31
0
  0
LINE
  5
40A
330
22
100
AcDbEntity
  8
B.Silkscreen
  6
CONTINUOUS
100
AcDbLine
 10
114.5416429999999934
 20
-92.3431679999999915
 30
0
 11
114.5424009999999981
 21
-92.3413409999999999
 31
0
  0
LINE
  5
40B
330
22
100
AcDbEntity
  8
B.Silkscreen
  6
CONTINUOUS
100
AcDbLine
 10
114.5424009999999981
 20
-92.3413409999999999
 30
0
 11
114.5440889999999996
 21
-92.3392839999999921
 31
0
  0
LINE
  5
40C
330
22
100
AcDbEntity
  8
B.Silkscreen
  6
CONTINUOUS
100
AcDbLine
 10
114.5440889999999996
 20
-92.3392839999999921
 30
0
 11
114.5455109999999905
 21
-92.337024999999997
 31
0
  0
LINE
  5
40D
330
22
100
AcDbEntity
  8
B.Silkscreen
  6
CONTINUOUS
100
AcDbLine
 10
114.5455109999999905
 20
-92.337024999999997
 30
0
 11
114.5470089999999885
 21
-92.3357249999999965
 31
0
  0
LINE
  5
40E
330
22
100
AcDbEntity
  8
B.Silkscreen
  6
CONTINUOUS
100
AcDbLine
 10
114.5470089999999885
 20
-92.3357249999999965
 30
0
 11
114.5517279999999971
 21
-92.329976000000002
 31
0
  0
LINE
  5
40F
330
22
100
AcDbEntity
  8
B.Silkscreen
  6
CONTINUOUS
100
AcDbLine
 10
114.5517279999999971
 20
-92.329976000000002
 30
0
 11
114.5993469999999945
 21
-92.2823569999999904
 31
0
  0
LINE
  5
410
330
22
100
AcDbEntity
  8
B.Silkscreen
  6
CONTINUOUS
100
AcDbLine
 10
114.5993469999999945
 20
-92.2823569999999904
 30
0
 11
114.605095999999989
 21
-92.2776379999999961
 31
0
  0
LINE
  5
411
330
22
100
AcDbEntity
  8
B.Silkscreen
  6
CONTINUOUS
100
AcDbLine
 10
114.605095999999989
 20
-92.2776379999999961
 30
0
 11
114.6063959999999895
 21
-92.2761399999999981
 31
0
  0
LINE
  5
412
330
22
100
AcDbEntity
  8
B.Silkscreen
  6
CONTINUOUS
100
AcDbLine
 10
114.6063959999999895
 20
-92.2761399999999981
 30
0
 11
114.6086549999999988
 21
-92.2747179999999929
 31
0
  0
LINE
  5
413
330
22
100
AcDbEntity
  8
B.Silkscreen
  6
CONTINUOUS
100
AcDbLine
 10
114.6086549999999988
 20
-92.2747179999999929
 30
0
 11
114.6107119999999924
 21
-92.2730299999999914
 31
0
  0
LINE
  5
414
330
22
100
AcDbEntity
  8
B.Silkscreen
  6
CONTINUOUS
100
AcDbLine
 10
114.6107119999999924
 20
-92.2730299999999914
 30
0
 11
114.6125389999999982
 21
-92.272272000000001
 31
0
  0
LINE
  5
415
330
22
100
AcDbEntity
  8
B.Silkscreen
  6
CONTINUOUS
100
AcDbLine
 10
114.6125389999999982
 20
-92.272272000000001
 30
0
 11
114.6188389999999941
 21
-92.2683079999999904
 31
0
  0
LINE
  5
416
330
22
100
AcDbEntity
  8
B.Silkscreen
  6
CONTINUOUS
100
AcDbLine
 10
114.6188389999999941
 20
-92.2683079999999904
 30
0
 11
114.714076999999989
 21
-92.220688999999993
 31
0
  0
LINE
  5
417
330
22
100
AcDbEntity
  8
B.Silkscreen
  6
CONTINUOUS
100
AcDbLine
 10
114.714076999999989
 20
-92.220688999999993
 30
0
 11
114.727807999999996
 21
-92.2154340000000019
 31
0
  0
LINE
  5
418
330
22
100
AcDbEntity
  8
B.Silkscreen
  6
CONTINUOUS
100
AcDbLine
 10
114.727807999999996
 20
-92.2154340000000019
 30
0
 11
114.7304969999999997
 21
-92.2152419999999893
 31
0
  0
LINE
  5
419
330
22
100
AcDbEntity
  8
B.Silkscreen
  6
CONTINUOUS
100
AcDbLine
 10
114.7304969999999997
 20
-92.2152419999999893
 30
0
 11
114.7329859999999968
 21
-92.2142119999999892
 31
0
  0
LINE
  5
41A
330
22
100
AcDbEntity
  8
B.Silkscreen
  6
CONTINUOUS
100
AcDbLine
 10
114.7329859999999968
 20
-92.2142119999999892
 30
0
 11
114.7476179999999886
 21
-92.2127709999999894
 31
0
  0
LINE
  5
41B
330
22
100
AcDbEntity
  8
B.Silkscreen
  6
CONTINUOUS
100
AcDbLine
 10
114.7476179999999886
 20
-92.2127709999999894
 30
0
 11
114.9857129999999898
 21
-92.2127709999999894
 31
0
  0
LINE
  5
41C
330
22
100
AcDbEntity
  8
B.Silkscreen
  6
CONTINUOUS
100
AcDbLine
 10
114.9857129999999898
 20
-92.2127709999999894
 30
0
 11
115.0003449999999958
 21
-92.2142119999999892
 31
0
  0
LINE
  5
41D
330
22
100
AcDbEntity
  8
B.Silkscreen
  6
CONTINUOUS
100
AcDbLine
 10
115.0003449999999958
 20
-92.2142119999999892
 30
0
 11
115.0028339999999929
 21
-92.215243000000001
 31
0
  0
LINE
  5
41E
330
22
100
AcDbEntity
  8
B.Silkscreen
  6
CONTINUOUS
100
AcDbLine
 10
115.0028339999999929
 20
-92.215243000000001
 30
0
 11
115.0055219999999991
 21
-92.2154340000000019
 31
0
  0
LINE
  5
41F
330
22
100
AcDbEntity
  8
B.Silkscreen
  6
CONTINUOUS
100
AcDbLine
 10
115.0055219999999991
 20
-92.2154340000000019
 30
0
 11
115.0192539999999894
 21
-92.220688999999993
 31
0
  0
LINE
  5
420
330
22
100
AcDbEntity
  8
B.Silkscreen
  6
CONTINUOUS
100
AcDbLine
 10
115.0192539999999894
 20
-92.220688999999993
 30
0
 11
115.0378949999999918
 21
-92.2300089999999955
 31
0
  0
LINE
  5
421
330
22
100
AcDbEntity
  8
B.Silkscreen
  6
CONTINUOUS
100
AcDbLine
 10
115.0378949999999918
 20
-92.2300089999999955
 30
0
 11
115.0130769999999956
 21
-91.9818190000000016
 31
0
  0
LINE
  5
422
330
22
100
AcDbEntity
  8
B.Silkscreen
  6
CONTINUOUS
100
AcDbLine
 10
115.0130769999999956
 20
-91.9818190000000016
 30
0
 11
114.6047609999999963
 21
-91.9818190000000016
 31
0
  0
LINE
  5
423
330
22
100
AcDbEntity
  8
B.Silkscreen
  6
CONTINUOUS
100
AcDbLine
 10
114.6047609999999963
 20
-91.9818190000000016
 30
0
 11
114.5901289999999904
 21
-91.9803780000000017
 31
0
  0
LINE
  5
424
330
22
100
AcDbEntity
  8
B.Silkscreen
  6
CONTINUOUS
100
AcDbLine
 10
114.5901289999999904
 20
-91.9803780000000017
 30
0
 11
114.563092999999995
 21
-91.9691789999999969
 31
0
  0
LINE
  5
425
330
22
100
AcDbEntity
  8
B.Silkscreen
  6
CONTINUOUS
100
AcDbLine
 10
114.563092999999995
 20
-91.9691789999999969
 30
0
 11
114.5424009999999981
 21
-91.9484870000000001
 31
0
  0
LINE
  5
426
330
22
100
AcDbEntity
  8
B.Silkscreen
  6
CONTINUOUS
100
AcDbLine
 10
114.5424009999999981
 20
-91.9484870000000001
 30
0
 11
114.5312019999999933
 21
-91.9214509999999905
 31
0
  0
LINE
  5
427
330
22
100
AcDbEntity
  8
B.Silkscreen
  6
CONTINUOUS
100
AcDbLine
 10
114.5312019999999933
 20
-91.9214509999999905
 30
0
 11
114.5312019999999933
 21
-91.8921869999999927
 31
0
  0
LINE
  5
428
330
22
100
AcDbEntity
  8
B.Silkscreen
  6
CONTINUOUS
100
AcDbLine
 10
114.5312019999999933
 20
-91.8921869999999927
 30
0
 11
114.5424009999999981
 21
-91.8651509999999973
 31
0
  0
LINE
  5
429
330
22
100
AcDbEntity
  8
B.Silkscreen
  6
CONTINUOUS
100
AcDbLine
 10
114.5424009999999981
 20
-91.8651509999999973
 30
0
 11
114.563092999999995
 21
-91.8444590000000005
 31
0
  0
LINE
  5
42A
330
22
100
AcDbEntity
  8
B.Silkscreen
  6
CONTINUOUS
100
AcDbLine
 10
114.563092999999995
 20
-91.8444590000000005
 30
0
 11
114.5901289999999904
 21
-91.8332599999999957
 31
0
  0
LINE
  5
42B
330
22
100
AcDbEntity
  8
B.Silkscreen
  6
CONTINUOUS
100
AcDbLine
 10
114.5901289999999904
 20
-91.8332599999999957
 30
0
 11
114.6047609999999963
 21
-91.8318189999999959
 31
0
  0
LINE
  5
42C
330
22
100
AcDbEntity
  8
B.Silkscreen
  6
CONTINUOUS
100
AcDbLine
 10
114.6047609999999963
 20
-91.8318189999999959
 30
0
 11
115.0809509999999989
 21
-91.8318189999999959
 31
0
  0
LINE
  5
42D
330
22
100
AcDbEntity
  8
B.Silkscreen
  6
CONTINUOUS
100
AcDbLine
 10
115.0809509999999989
 20
-91.8318189999999959
 30
0
 11
115.0863619999999941
 21
-91.8323510000000027
 31
0
  0
LINE
  5
42E
330
22
100
AcDbEntity
  8
B.Silkscreen
  6
CONTINUOUS
100
AcDbLine
 10
115.9527259999999984
 20
-91.8332599999999957
 30
0
 11
115.9552149999999955
 21
-91.8342909999999932
 31
0
  0
LINE
  5
42F
330
22
100
AcDbEntity
  8
B.Silkscreen
  6
CONTINUOUS
100
AcDbLine
 10
115.9552149999999955
 20
-91.8342909999999932
 30
0
 11
115.9579030000000017
 21
-91.8344819999999942
 31
0
  0
LINE
  5
430
330
22
100
AcDbEntity
  8
B.Silkscreen
  6
CONTINUOUS
100
AcDbLine
 10
115.9579030000000017
 20
-91.8344819999999942
 30
0
 11
115.971634999999992
 21
-91.8397369999999995
 31
0
  0
LINE
  5
431
330
22
100
AcDbEntity
  8
B.Silkscreen
  6
CONTINUOUS
100
AcDbLine
 10
115.971634999999992
 20
-91.8397369999999995
 30
0
 11
116.0668730000000011
 21
-91.8873559999999969
 31
0
  0
LINE
  5
432
330
22
100
AcDbEntity
  8
B.Silkscreen
  6
CONTINUOUS
100
AcDbLine
 10
116.0668730000000011
 20
-91.8873559999999969
 30
0
 11
116.0731719999999996
 21
-91.8913199999999932
 31
0
  0
LINE
  5
433
330
22
100
AcDbEntity
  8
B.Silkscreen
  6
CONTINUOUS
100
AcDbLine
 10
116.0731719999999996
 20
-91.8913199999999932
 30
0
 11
116.0749999999999886
 21
-91.8920779999999979
 31
0
  0
LINE
  5
434
330
22
100
AcDbEntity
  8
B.Silkscreen
  6
CONTINUOUS
100
AcDbLine
 10
116.0749999999999886
 20
-91.8920779999999979
 30
0
 11
116.0770559999999989
 21
-91.8937659999999994
 31
0
  0
LINE
  5
435
330
22
100
AcDbEntity
  8
B.Silkscreen
  6
CONTINUOUS
100
AcDbLine
 10
116.0770559999999989
 20
-91.8937659999999994
 30
0
 11
116.0793159999999915
 21
-91.8951879999999903
 31
0
  0
LINE
  5
436
330
22
100
AcDbEntity
  8
B.Silkscreen
  6
CONTINUOUS
100
AcDbLine
 10
116.0793159999999915
 20
-91.8951879999999903
 30
0
 11
116.0806149999999946
 21
-91.8966860000000025
 31
0
  0
LINE
  5
437
330
22
100
AcDbEntity
  8
B.Silkscreen
  6
CONTINUOUS
100
AcDbLine
 10
116.0806149999999946
 20
-91.8966860000000025
 30
0
 11
116.0863650000000007
 21
-91.9014049999999969
 31
0
  0
LINE
  5
438
330
22
100
AcDbEntity
  8
B.Silkscreen
  6
CONTINUOUS
100
AcDbLine
 10
116.0863650000000007
 20
-91.9014049999999969
 30
0
 11
116.1339839999999981
 21
-91.9490239999999943
 31
0
  0
LINE
  5
439
330
22
100
AcDbEntity
  8
B.Silkscreen
  6
CONTINUOUS
100
AcDbLine
 10
116.1339839999999981
 20
-91.9490239999999943
 30
0
 11
116.1433109999999971
 21
-91.9603889999999922
 31
0
  0
LINE
  5
43A
330
22
100
AcDbEntity
  8
B.Silkscreen
  6
CONTINUOUS
100
AcDbLine
 10
116.1433109999999971
 20
-91.9603889999999922
 30
0
 11
116.1545099999999877
 21
-91.9874250000000018
 31
0
  0
LINE
  5
43B
330
22
100
AcDbEntity
  8
B.Silkscreen
  6
CONTINUOUS
100
AcDbLine
 10
116.1545099999999877
 20
-91.9874250000000018
 30
0
 11
116.1545099999999877
 21
-92.016688000000002
 31
0
  0
LINE
  5
43C
330
22
100
AcDbEntity
  8
B.Silkscreen
  6
CONTINUOUS
100
AcDbLine
 10
116.1545099999999877
 20
-92.016688000000002
 30
0
 11
116.1433109999999971
 21
-92.0437239999999974
 31
0
  0
LINE
  5
43D
330
22
100
AcDbEntity
  8
B.Silkscreen
  6
CONTINUOUS
100
AcDbLine
 10
116.1433109999999971
 20
-92.0437239999999974
 30
0
 11
116.1226179999999886
 21
-92.0644169999999917
 31
0
  0
LINE
  5
43E
330
22
100
AcDbEntity
  8
B.Silkscreen
  6
CONTINUOUS
100
AcDbLine
 10
116.1226179999999886
 20
-92.0644169999999917
 30
0
 11
116.0955819999999932
 21
-92.0756159999999966
 31
0
  0
LINE
  5
43F
330
22
100
AcDbEntity
  8
B.Silkscreen
  6
CONTINUOUS
100
AcDbLine
 10
116.0955819999999932
 20
-92.0756159999999966
 30
0
 11
116.0663189999999929
 21
-92.0756159999999966
 31
0
  0
LINE
  5
440
330
22
100
AcDbEntity
  8
B.Silkscreen
  6
CONTINUOUS
100
AcDbLine
 10
116.0663189999999929
 20
-92.0756159999999966
 30
0
 11
116.0392829999999975
 21
-92.0644169999999917
 31
0
  0
LINE
  5
441
330
22
100
AcDbEntity
  8
B.Silkscreen
  6
CONTINUOUS
100
AcDbLine
 10
116.0392829999999975
 20
-92.0644169999999917
 30
0
 11
116.0279179999999997
 21
-92.0550899999999928
 31
0
  0
LINE
  5
442
330
22
100
AcDbEntity
  8
B.Silkscreen
  6
CONTINUOUS
100
AcDbLine
 10
116.0279179999999997
 20
-92.0550899999999928
 30
0
 11
115.9889049999999884
 21
-92.0160769999999957
 31
0
  0
LINE
  5
443
330
22
100
AcDbEntity
  8
B.Silkscreen
  6
CONTINUOUS
100
AcDbLine
 10
115.9889049999999884
 20
-92.0160769999999957
 30
0
 11
115.9203890000000001
 21
-91.9818190000000016
 31
0
  0
LINE
  5
444
330
22
100
AcDbEntity
  8
B.Silkscreen
  6
CONTINUOUS
100
AcDbLine
 10
115.9203890000000001
 20
-91.9818190000000016
 30
0
 11
115.7177039999999977
 21
-91.9818190000000016
 31
0
  0
LINE
  5
445
330
22
100
AcDbEntity
  8
B.Silkscreen
  6
CONTINUOUS
100
AcDbLine
 10
115.7177039999999977
 20
-91.9818190000000016
 30
0
 11
115.6491879999999952
 21
-92.0160769999999957
 31
0
  0
LINE
  5
446
330
22
100
AcDbEntity
  8
B.Silkscreen
  6
CONTINUOUS
100
AcDbLine
 10
115.6491879999999952
 20
-92.0160769999999957
 30
0
 11
115.6187809999999985
 21
-92.0464839999999924
 31
0
  0
LINE
  5
447
330
22
100
AcDbEntity
  8
B.Silkscreen
  6
CONTINUOUS
100
AcDbLine
 10
115.6187809999999985
 20
-92.0464839999999924
 30
0
 11
115.5845229999999901
 21
-92.1149999999999949
 31
0
  0
LINE
  5
448
330
22
100
AcDbEntity
  8
B.Silkscreen
  6
CONTINUOUS
100
AcDbLine
 10
115.5845229999999901
 20
-92.1149999999999949
 30
0
 11
115.5845229999999901
 21
-92.1803620000000024
 31
0
  0
LINE
  5
449
330
22
100
AcDbEntity
  8
B.Silkscreen
  6
CONTINUOUS
100
AcDbLine
 10
115.5845229999999901
 20
-92.1803620000000024
 30
0
 11
115.6226939999999956
 21
-92.2948760000000021
 31
0
  0
LINE
  5
44A
330
22
100
AcDbEntity
  8
B.Silkscreen
  6
CONTINUOUS
100
AcDbLine
 10
115.6226939999999956
 20
-92.2948760000000021
 30
0
 11
116.1816029999999955
 21
-92.8537859999999995
 31
0
  0
LINE
  5
44B
330
22
100
AcDbEntity
  8
B.Silkscreen
  6
CONTINUOUS
100
AcDbLine
 10
116.1816029999999955
 20
-92.8537859999999995
 30
0
 11
116.190930999999992
 21
-92.8651509999999973
 31
0
  0
LINE
  5
44C
330
22
100
AcDbEntity
  8
B.Silkscreen
  6
CONTINUOUS
100
AcDbLine
 10
116.190930999999992
 20
-92.8651509999999973
 30
0
 11
116.2021289999999993
 21
-92.8921879999999902
 31
0
  0
LINE
  5
44D
330
22
100
AcDbEntity
  8
B.Silkscreen
  6
CONTINUOUS
100
AcDbLine
 10
116.2021289999999993
 20
-92.8921879999999902
 30
0
 11
116.2021289999999993
 21
-92.9214509999999905
 31
0
  0
LINE
  5
44E
330
22
100
AcDbEntity
  8
B.Silkscreen
  6
CONTINUOUS
100
AcDbLine
 10
116.2021289999999993
 20
-92.9214509999999905
 30
0
 11
116.1909299999999945
 21
-92.9484870000000001
 31
0
  0
LINE
  5
44F
330
22
100
AcDbEntity
  8
B.Silkscreen
  6
CONTINUOUS
100
AcDbLine
 10
116.1909299999999945
 20
-92.9484870000000001
 30
0
 11
116.1702379999999977
 21
-92.9691799999999944
 31
0
  0
LINE
  5
450
330
22
100
AcDbEntity
  8
B.Silkscreen
  6
CONTINUOUS
100
AcDbLine
 10
116.1702379999999977
 20
-92.9691799999999944
 30
0
 11
116.1511199999999917
 21
-92.977097999999998
 31
0
  0
LINE
  5
451
330
22
100
AcDbEntity
  8
B.Silkscreen
  6
CONTINUOUS
100
AcDbLine
 10
116.1511199999999917
 20
-92.977097999999998
 30
0
 11
116.1432019999999881
 21
-92.9803780000000017
 31
0
  0
LINE
  5
452
330
22
100
AcDbEntity
  8
B.Silkscreen
  6
CONTINUOUS
100
AcDbLine
 10
116.1432019999999881
 20
-92.9803780000000017
 30
0
 11
116.1285699999999963
 21
-92.9818190000000016
 31
0
  0
LINE
  5
453
330
22
100
AcDbEntity
  8
B.Silkscreen
  6
CONTINUOUS
100
AcDbLine
 10
116.1285699999999963
 20
-92.9818190000000016
 30
0
 11
115.5095230000000015
 21
-92.9818190000000016
 31
0
  0
LINE
  5
454
330
22
100
AcDbEntity
  8
B.Silkscreen
  6
CONTINUOUS
100
AcDbLine
 10
115.5095230000000015
 20
-92.9818190000000016
 30
0
 11
115.4948909999999955
 21
-92.9803780000000017
 31
0
  0
LINE
  5
455
330
22
100
AcDbEntity
  8
B.Silkscreen
  6
CONTINUOUS
100
AcDbLine
 10
115.4948909999999955
 20
-92.9803780000000017
 30
0
 11
115.4678550000000001
 21
-92.9691789999999969
 31
0
  0
LINE
  5
456
330
22
100
AcDbEntity
  8
B.Silkscreen
  6
CONTINUOUS
100
AcDbLine
 10
115.4678550000000001
 20
-92.9691789999999969
 30
0
 11
115.4471629999999891
 21
-92.9484870000000001
 31
0
  0
LINE
  5
457
330
22
100
AcDbEntity
  8
B.Silkscreen
  6
CONTINUOUS
100
AcDbLine
 10
115.4471629999999891
 20
-92.9484870000000001
 30
0
 11
115.4359639999999985
 21
-92.9214509999999905
 31
0
  0
LINE
  5
458
330
22
100
AcDbEntity
  8
B.Silkscreen
  6
CONTINUOUS
100
AcDbLine
 10
115.4359639999999985
 20
-92.9214509999999905
 30
0
 11
115.4359639999999985
 21
-92.8921869999999927
 31
0
  0
LINE
  5
459
330
22
100
AcDbEntity
  8
B.Silkscreen
  6
CONTINUOUS
100
AcDbLine
 10
115.4359639999999985
 20
-92.8921869999999927
 30
0
 11
115.4471629999999891
 21
-92.8651509999999973
 31
0
  0
LINE
  5
45A
330
22
100
AcDbEntity
  8
B.Silkscreen
  6
CONTINUOUS
100
AcDbLine
 10
115.4471629999999891
 20
-92.8651509999999973
 30
0
 11
115.4678550000000001
 21
-92.8444590000000005
 31
0
  0
LINE
  5
45B
330
22
100
AcDbEntity
  8
B.Silkscreen
  6
CONTINUOUS
100
AcDbLine
 10
115.4678550000000001
 20
-92.8444590000000005
 30
0
 11
115.4948909999999955
 21
-92.8332599999999957
 31
0
  0
LINE
  5
45C
330
22
100
AcDbEntity
  8
B.Silkscreen
  6
CONTINUOUS
100
AcDbLine
 10
115.4948909999999955
 20
-92.8332599999999957
 30
0
 11
115.5095230000000015
 21
-92.8318189999999959
 31
0
  0
LINE
  5
45D
330
22
100
AcDbEntity
  8
B.Silkscreen
  6
CONTINUOUS
100
AcDbLine
 10
115.5095230000000015
 20
-92.8318189999999959
 30
0
 11
115.947503999999995
 21
-92.8318189999999959
 31
0
  0
LINE
  5
45E
330
22
100
AcDbEntity
  8
B.Silkscreen
  6
CONTINUOUS
100
AcDbLine
 10
115.947503999999995
 20
-92.8318189999999959
 30
0
 11
115.5041089999999997
 21
-92.3884229999999889
 31
0
  0
LINE
  5
45F
330
22
100
AcDbEntity
  8
B.Silkscreen
  6
CONTINUOUS
100
AcDbLine
 10
115.5041089999999997
 20
-92.3884229999999889
 30
0
 11
115.4947820000000007
 21
-92.377057999999991
 31
0
  0
LINE
  5
460
330
22
100
AcDbEntity
  8
B.Silkscreen
  6
CONTINUOUS
100
AcDbLine
 10
115.4947820000000007
 20
-92.377057999999991
 30
0
 11
115.4937499999999915
 21
-92.374566999999999
 31
0
  0
LINE
  5
461
330
22
100
AcDbEntity
  8
B.Silkscreen
  6
CONTINUOUS
100
AcDbLine
 10
115.4937499999999915
 20
-92.374566999999999
 30
0
 11
115.4919849999999997
 21
-92.3725319999999925
 31
0
  0
LINE
  5
462
330
22
100
AcDbEntity
  8
B.Silkscreen
  6
CONTINUOUS
100
AcDbLine
 10
115.4919849999999997
 20
-92.3725319999999925
 30
0
 11
115.4859909999999985
 21
-92.3591069999999945
 31
0
  0
LINE
  5
463
330
22
100
AcDbEntity
  8
B.Silkscreen
  6
CONTINUOUS
100
AcDbLine
 10
115.4859909999999985
 20
-92.3591069999999945
 30
0
 11
115.4383720000000011
 21
-92.2162500000000023
 31
0
  0
LINE
  5
464
330
22
100
AcDbEntity
  8
B.Silkscreen
  6
CONTINUOUS
100
AcDbLine
 10
115.4383720000000011
 20
-92.2162500000000023
 30
0
 11
115.436721999999989
 21
-92.2089959999999991
 31
0
  0
LINE
  5
465
330
22
100
AcDbEntity
  8
B.Silkscreen
  6
CONTINUOUS
100
AcDbLine
 10
115.436721999999989
 20
-92.2089959999999991
 30
0
 11
115.4359639999999985
 21
-92.2071649999999892
 31
0
  0
LINE
  5
466
330
22
100
AcDbEntity
  8
B.Silkscreen
  6
CONTINUOUS
100
AcDbLine
 10
115.4359639999999985
 20
-92.2071649999999892
 30
0
 11
115.435701999999992
 21
-92.2045099999999991
 31
0
  0
LINE
  5
467
330
22
100
AcDbEntity
  8
B.Silkscreen
  6
CONTINUOUS
100
AcDbLine
 10
115.435701999999992
 20
-92.2045099999999991
 30
0
 11
115.4351119999999895
 21
-92.2019129999999905
 31
0
  0
LINE
  5
468
330
22
100
AcDbEntity
  8
B.Silkscreen
  6
CONTINUOUS
100
AcDbLine
 10
115.4351119999999895
 20
-92.2019129999999905
 30
0
 11
115.4352519999999913
 21
-92.1999379999999888
 31
0
  0
LINE
  5
469
330
22
100
AcDbEntity
  8
B.Silkscreen
  6
CONTINUOUS
100
AcDbLine
 10
115.4352519999999913
 20
-92.1999379999999888
 30
0
 11
115.4345229999999987
 21
-92.1925329999999974
 31
0
  0
LINE
  5
46A
330
22
100
AcDbEntity
  8
B.Silkscreen
  6
CONTINUOUS
100
AcDbLine
 10
115.4345229999999987
 20
-92.1925329999999974
 30
0
 11
115.4345229999999987
 21
-92.0972950000000026
 31
0
  0
LINE
  5
46B
330
22
100
AcDbEntity
  8
B.Silkscreen
  6
CONTINUOUS
100
AcDbLine
 10
115.4345229999999987
 20
-92.0972950000000026
 30
0
 11
115.4359639999999985
 21
-92.0826629999999966
 31
0
  0
LINE
  5
46C
330
22
100
AcDbEntity
  8
B.Silkscreen
  6
CONTINUOUS
100
AcDbLine
 10
115.4359639999999985
 20
-92.0826629999999966
 30
0
 11
115.436994999999996
 21
-92.080173000000002
 31
0
  0
LINE
  5
46D
330
22
100
AcDbEntity
  8
B.Silkscreen
  6
CONTINUOUS
100
AcDbLine
 10
115.436994999999996
 20
-92.080173000000002
 30
0
 11
115.437185999999997
 21
-92.0774859999999933
 31
0
  0
LINE
  5
46E
330
22
100
AcDbEntity
  8
B.Silkscreen
  6
CONTINUOUS
100
AcDbLine
 10
115.437185999999997
 20
-92.0774859999999933
 30
0
 11
115.4424409999999881
 21
-92.0637539999999888
 31
0
  0
LINE
  5
46F
330
22
100
AcDbEntity
  8
B.Silkscreen
  6
CONTINUOUS
100
AcDbLine
 10
115.4424409999999881
 20
-92.0637539999999888
 30
0
 11
115.4900599999999997
 21
-91.9685159999999939
 31
0
  0
LINE
  5
470
330
22
100
AcDbEntity
  8
B.Silkscreen
  6
CONTINUOUS
100
AcDbLine
 10
115.4900599999999997
 20
-91.9685159999999939
 30
0
 11
115.494023999999996
 21
-91.962215999999998
 31
0
  0
LINE
  5
471
330
22
100
AcDbEntity
  8
B.Silkscreen
  6
CONTINUOUS
100
AcDbLine
 10
115.494023999999996
 20
-91.962215999999998
 30
0
 11
115.4947820000000007
 21
-91.9603889999999922
 31
0
  0
LINE
  5
472
330
22
100
AcDbEntity
  8
B.Silkscreen
  6
CONTINUOUS
100
AcDbLine
 10
115.4947820000000007
 20
-91.9603889999999922
 30
0
 11
115.496469999999988
 21
-91.9583319999999986
 31
0
  0
LINE
  5
473
330
22
100
AcDbEntity
  8
B.Silkscreen
  6
CONTINUOUS
100
AcDbLine
 10
115.496469999999988
 20
-91.9583319999999986
 30
0
 11
115.4978919999999931
 21
-91.9560729999999893
 31
0
  0
LINE
  5
474
330
22
100
AcDbEntity
  8
B.Silkscreen
  6
CONTINUOUS
100
AcDbLine
 10
115.4978919999999931
 20
-91.9560729999999893
 30
0
 11
115.4993899999999911
 21
-91.9547729999999888
 31
0
  0
LINE
  5
475
330
22
100
AcDbEntity
  8
B.Silkscreen
  6
CONTINUOUS
100
AcDbLine
 10
115.4993899999999911
 20
-91.9547729999999888
 30
0
 11
115.5041089999999997
 21
-91.9490239999999943
 31
0
  0
LINE
  5
476
330
22
100
AcDbEntity
  8
B.Silkscreen
  6
CONTINUOUS
100
AcDbLine
 10
115.5041089999999997
 20
-91.9490239999999943
 30
0
 11
115.5517279999999971
 21
-91.9014049999999969
 31
0
  0
LINE
  5
477
330
22
100
AcDbEntity
  8
B.Silkscreen
  6
CONTINUOUS
100
AcDbLine
 10
115.5517279999999971
 20
-91.9014049999999969
 30
0
 11
115.5574769999999916
 21
-91.8966860000000025
 31
0
  0
LINE
  5
478
330
22
100
AcDbEntity
  8
B.Silkscreen
  6
CONTINUOUS
100
AcDbLine
 10
115.5574769999999916
 20
-91.8966860000000025
 30
0
 11
115.5587769999999921
 21
-91.8951879999999903
 31
0
  0
LINE
  5
479
330
22
100
AcDbEntity
  8
B.Silkscreen
  6
CONTINUOUS
100
AcDbLine
 10
115.5587769999999921
 20
-91.8951879999999903
 30
0
 11
115.5610360000000014
 21
-91.8937659999999994
 31
0
  0
LINE
  5
47A
330
22
100
AcDbEntity
  8
B.Silkscreen
  6
CONTINUOUS
100
AcDbLine
 10
115.5610360000000014
 20
-91.8937659999999994
 30
0
 11
115.563092999999995
 21
-91.8920779999999979
 31
0
  0
LINE
  5
47B
330
22
100
AcDbEntity
  8
B.Silkscreen
  6
CONTINUOUS
100
AcDbLine
 10
115.563092999999995
 20
-91.8920779999999979
 30
0
 11
115.5649200000000008
 21
-91.8913199999999932
 31
0
  0
LINE
  5
47C
330
22
100
AcDbEntity
  8
B.Silkscreen
  6
CONTINUOUS
100
AcDbLine
 10
115.5649200000000008
 20
-91.8913199999999932
 30
0
 11
115.5712199999999967
 21
-91.8873559999999969
 31
0
  0
LINE
  5
47D
330
22
100
AcDbEntity
  8
B.Silkscreen
  6
CONTINUOUS
100
AcDbLine
 10
115.5712199999999967
 20
-91.8873559999999969
 30
0
 11
115.6664579999999916
 21
-91.8397369999999995
 31
0
  0
LINE
  5
47E
330
22
100
AcDbEntity
  8
B.Silkscreen
  6
CONTINUOUS
100
AcDbLine
 10
115.6664579999999916
 20
-91.8397369999999995
 30
0
 11
115.6801889999999986
 21
-91.8344819999999942
 31
0
  0
LINE
  5
47F
330
22
100
AcDbEntity
  8
B.Silkscreen
  6
CONTINUOUS
100
AcDbLine
 10
115.6801889999999986
 20
-91.8344819999999942
 30
0
 11
115.6828779999999881
 21
-91.8342899999999958
 31
0
  0
LINE
  5
480
330
22
100
AcDbEntity
  8
B.Silkscreen
  6
CONTINUOUS
100
AcDbLine
 10
115.6828779999999881
 20
-91.8342899999999958
 30
0
 11
115.6853669999999994
 21
-91.8332599999999957
 31
0
  0
LINE
  5
481
330
22
100
AcDbEntity
  8
B.Silkscreen
  6
CONTINUOUS
100
AcDbLine
 10
115.6853669999999994
 20
-91.8332599999999957
 30
0
 11
115.6999989999999912
 21
-91.8318189999999959
 31
0
  0
LINE
  5
482
330
22
100
AcDbEntity
  8
B.Silkscreen
  6
CONTINUOUS
100
AcDbLine
 10
115.6999989999999912
 20
-91.8318189999999959
 30
0
 11
115.9380939999999924
 21
-91.8318189999999959
 31
0
  0
LINE
  5
483
330
22
100
AcDbEntity
  8
B.Silkscreen
  6
CONTINUOUS
100
AcDbLine
 10
115.9380939999999924
 20
-91.8318189999999959
 30
0
 11
115.9527259999999984
 21
-91.8332599999999957
 31
0
  0
LINE
  5
484
330
22
100
AcDbEntity
  8
B.Silkscreen
  6
CONTINUOUS
100
AcDbLine
 10
117.0479639999999932
 20
-91.8332599999999957
 30
0
 11
117.0749999999999886
 21
-91.8444590000000005
 31
0
  0
LINE
  5
485
330
22
100
AcDbEntity
  8
B.Silkscreen
  6
CONTINUOUS
100
AcDbLine
 10
117.0749999999999886
 20
-91.8444590000000005
 30
0
 11
117.0956919999999997
 21
-91.8651509999999973
 31
0
  0
LINE
  5
486
330
22
100
AcDbEntity
  8
B.Silkscreen
  6
CONTINUOUS
100
AcDbLine
 10
117.0956919999999997
 20
-91.8651509999999973
 30
0
 11
117.1068909999999903
 21
-91.8921869999999927
 31
0
  0
LINE
  5
487
330
22
100
AcDbEntity
  8
B.Silkscreen
  6
CONTINUOUS
100
AcDbLine
 10
117.1068909999999903
 20
-91.8921869999999927
 30
0
 11
117.1083319999999901
 21
-91.9068189999999987
 31
0
  0
LINE
  5
488
330
22
100
AcDbEntity
  8
B.Silkscreen
  6
CONTINUOUS
100
AcDbLine
 10
117.1083319999999901
 20
-91.9068189999999987
 30
0
 11
117.1083319999999901
 21
-92.9068189999999987
 31
0
  0
LINE
  5
489
330
22
100
AcDbEntity
  8
B.Silkscreen
  6
CONTINUOUS
100
AcDbLine
 10
117.1083319999999901
 20
-92.9068189999999987
 30
0
 11
117.1068909999999903
 21
-92.9214509999999905
 31
0
  0
LINE
  5
48A
330
22
100
AcDbEntity
  8
B.Silkscreen
  6
CONTINUOUS
100
AcDbLine
 10
117.1068909999999903
 20
-92.9214509999999905
 30
0
 11
117.0956919999999997
 21
-92.9484870000000001
 31
0
  0
LINE
  5
48B
330
22
100
AcDbEntity
  8
B.Silkscreen
  6
CONTINUOUS
100
AcDbLine
 10
117.0956919999999997
 20
-92.9484870000000001
 30
0
 11
117.0749999999999886
 21
-92.9691789999999969
 31
0
  0
LINE
  5
48C
330
22
100
AcDbEntity
  8
B.Silkscreen
  6
CONTINUOUS
100
AcDbLine
 10
117.0749999999999886
 20
-92.9691789999999969
 30
0
 11
117.0479639999999932
 21
-92.9803780000000017
 31
0
  0
LINE
  5
48D
330
22
100
AcDbEntity
  8
B.Silkscreen
  6
CONTINUOUS
100
AcDbLine
 10
117.0479639999999932
 20
-92.9803780000000017
 30
0
 11
117.0186999999999955
 21
-92.9803780000000017
 31
0
  0
LINE
  5
48E
330
22
100
AcDbEntity
  8
B.Silkscreen
  6
CONTINUOUS
100
AcDbLine
 10
117.0186999999999955
 20
-92.9803780000000017
 30
0
 11
116.9916640000000001
 21
-92.9691789999999969
 31
0
  0
LINE
  5
48F
330
22
100
AcDbEntity
  8
B.Silkscreen
  6
CONTINUOUS
100
AcDbLine
 10
116.9916640000000001
 20
-92.9691789999999969
 30
0
 11
116.9709719999999891
 21
-92.9484870000000001
 31
0
  0
LINE
  5
490
330
22
100
AcDbEntity
  8
B.Silkscreen
  6
CONTINUOUS
100
AcDbLine
 10
116.9709719999999891
 20
-92.9484870000000001
 30
0
 11
116.9597729999999984
 21
-92.9214509999999905
 31
0
  0
LINE
  5
491
330
22
100
AcDbEntity
  8
B.Silkscreen
  6
CONTINUOUS
100
AcDbLine
 10
116.9597729999999984
 20
-92.9214509999999905
 30
0
 11
116.9583319999999986
 21
-92.9068189999999987
 31
0
  0
LINE
  5
492
330
22
100
AcDbEntity
  8
B.Silkscreen
  6
CONTINUOUS
100
AcDbLine
 10
116.9583319999999986
 20
-92.9068189999999987
 30
0
 11
116.9583319999999986
 21
-92.5056280000000015
 31
0
  0
LINE
  5
493
330
22
100
AcDbEntity
  8
B.Silkscreen
  6
CONTINUOUS
100
AcDbLine
 10
116.9583319999999986
 20
-92.5056280000000015
 30
0
 11
116.6523799999999937
 21
-92.5056280000000015
 31
0
  0
LINE
  5
494
330
22
100
AcDbEntity
  8
B.Silkscreen
  6
CONTINUOUS
100
AcDbLine
 10
116.6523799999999937
 20
-92.5056280000000015
 30
0
 11
116.6377479999999878
 21
-92.5041870000000017
 31
0
  0
LINE
  5
495
330
22
100
AcDbEntity
  8
B.Silkscreen
  6
CONTINUOUS
100
AcDbLine
 10
116.6377479999999878
 20
-92.5041870000000017
 30
0
 11
116.6352589999999907
 21
-92.5031559999999899
 31
0
  0
LINE
  5
496
330
22
100
AcDbEntity
  8
B.Silkscreen
  6
CONTINUOUS
100
AcDbLine
 10
116.6352589999999907
 20
-92.5031559999999899
 30
0
 11
116.6325700000000012
 21
-92.502964999999989
 31
0
  0
LINE
  5
497
330
22
100
AcDbEntity
  8
B.Silkscreen
  6
CONTINUOUS
100
AcDbLine
 10
116.6325700000000012
 20
-92.502964999999989
 30
0
 11
116.6188389999999941
 21
-92.4977099999999979
 31
0
  0
LINE
  5
498
330
22
100
AcDbEntity
  8
B.Silkscreen
  6
CONTINUOUS
100
AcDbLine
 10
116.6188389999999941
 20
-92.4977099999999979
 30
0
 11
116.5236009999999993
 21
-92.4500910000000005
 31
0
  0
LINE
  5
499
330
22
100
AcDbEntity
  8
B.Silkscreen
  6
CONTINUOUS
100
AcDbLine
 10
116.5236009999999993
 20
-92.4500910000000005
 30
0
 11
116.5173009999999891
 21
-92.4461259999999925
 31
0
  0
LINE
  5
49A
330
22
100
AcDbEntity
  8
B.Silkscreen
  6
CONTINUOUS
100
AcDbLine
 10
116.5173009999999891
 20
-92.4461259999999925
 30
0
 11
116.5154739999999975
 21
-92.4453689999999995
 31
0
  0
LINE
  5
49B
330
22
100
AcDbEntity
  8
B.Silkscreen
  6
CONTINUOUS
100
AcDbLine
 10
116.5154739999999975
 20
-92.4453689999999995
 30
0
 11
116.5134169999999898
 21
-92.4436800000000005
 31
0
  0
LINE
  5
49C
330
22
100
AcDbEntity
  8
B.Silkscreen
  6
CONTINUOUS
100
AcDbLine
 10
116.5134169999999898
 20
-92.4436800000000005
 30
0
 11
116.5111579999999947
 21
-92.4422589999999929
 31
0
  0
LINE
  5
49D
330
22
100
AcDbEntity
  8
B.Silkscreen
  6
CONTINUOUS
100
AcDbLine
 10
116.5111579999999947
 20
-92.4422589999999929
 30
0
 11
116.5098579999999941
 21
-92.4407599999999974
 31
0
  0
LINE
  5
49E
330
22
100
AcDbEntity
  8
B.Silkscreen
  6
CONTINUOUS
100
AcDbLine
 10
116.5098579999999941
 20
-92.4407599999999974
 30
0
 11
116.5041089999999997
 21
-92.4360420000000005
 31
0
  0
LINE
  5
49F
330
22
100
AcDbEntity
  8
B.Silkscreen
  6
CONTINUOUS
100
AcDbLine
 10
116.5041089999999997
 20
-92.4360420000000005
 30
0
 11
116.4564899999999881
 21
-92.3884229999999889
 31
0
  0
LINE
  5
4A0
330
22
100
AcDbEntity
  8
B.Silkscreen
  6
CONTINUOUS
100
AcDbLine
 10
116.4564899999999881
 20
-92.3884229999999889
 30
0
 11
116.4517709999999937
 21
-92.3826729999999969
 31
0
  0
LINE
  5
4A1
330
22
100
AcDbEntity
  8
B.Silkscreen
  6
CONTINUOUS
100
AcDbLine
 10
116.4517709999999937
 20
-92.3826729999999969
 30
0
 11
116.4502729999999957
 21
-92.3813739999999939
 31
0
  0
LINE
  5
4A2
330
22
100
AcDbEntity
  8
B.Silkscreen
  6
CONTINUOUS
100
AcDbLine
 10
116.4502729999999957
 20
-92.3813739999999939
 30
0
 11
116.4488509999999906
 21
-92.3791140000000013
 31
0
  0
LINE
  5
4A3
330
22
100
AcDbEntity
  8
B.Silkscreen
  6
CONTINUOUS
100
AcDbLine
 10
116.4488509999999906
 20
-92.3791140000000013
 30
0
 11
116.4471629999999891
 21
-92.377057999999991
 31
0
  0
LINE
  5
4A4
330
22
100
AcDbEntity
  8
B.Silkscreen
  6
CONTINUOUS
100
AcDbLine
 10
116.4471629999999891
 20
-92.377057999999991
 30
0
 11
116.4464049999999986
 21
-92.375230000000002
 31
0
  0
LINE
  5
4A5
330
22
100
AcDbEntity
  8
B.Silkscreen
  6
CONTINUOUS
100
AcDbLine
 10
116.4464049999999986
 20
-92.375230000000002
 30
0
 11
116.4424409999999881
 21
-92.3689309999999892
 31
0
  0
LINE
  5
4A6
330
22
100
AcDbEntity
  8
B.Silkscreen
  6
CONTINUOUS
100
AcDbLine
 10
116.4424409999999881
 20
-92.3689309999999892
 30
0
 11
116.3948219999999907
 21
-92.2736929999999944
 31
0
  0
LINE
  5
4A7
330
22
100
AcDbEntity
  8
B.Silkscreen
  6
CONTINUOUS
100
AcDbLine
 10
116.3948219999999907
 20
-92.2736929999999944
 30
0
 11
116.3895669999999996
 21
-92.2599609999999899
 31
0
  0
LINE
  5
4A8
330
22
100
AcDbEntity
  8
B.Silkscreen
  6
CONTINUOUS
100
AcDbLine
 10
116.3895669999999996
 20
-92.2599609999999899
 30
0
 11
116.3893759999999986
 21
-92.2572729999999979
 31
0
  0
LINE
  5
4A9
330
22
100
AcDbEntity
  8
B.Silkscreen
  6
CONTINUOUS
100
AcDbLine
 10
116.3893759999999986
 20
-92.2572729999999979
 30
0
 11
116.3883450000000011
 21
-92.2547840000000008
 31
0
  0
LINE
  5
4AA
330
22
100
AcDbEntity
  8
B.Silkscreen
  6
CONTINUOUS
100
AcDbLine
 10
116.3883450000000011
 20
-92.2547840000000008
 30
0
 11
116.3869040000000012
 21
-92.2401519999999948
 31
0
  0
LINE
  5
4AB
330
22
100
AcDbEntity
  8
B.Silkscreen
  6
CONTINUOUS
100
AcDbLine
 10
116.3869040000000012
 20
-92.2401519999999948
 30
0
 11
116.3869040000000012
 21
-92.0972950000000026
 31
0
  0
LINE
  5
4AC
330
22
100
AcDbEntity
  8
B.Silkscreen
  6
CONTINUOUS
100
AcDbLine
 10
116.3869040000000012
 20
-92.0972950000000026
 30
0
 11
116.3883450000000011
 21
-92.0826629999999966
 31
0
  0
LINE
  5
4AD
330
22
100
AcDbEntity
  8
B.Silkscreen
  6
CONTINUOUS
100
AcDbLine
 10
116.3883450000000011
 20
-92.0826629999999966
 30
0
 11
116.3893759999999986
 21
-92.080173000000002
 31
0
  0
LINE
  5
4AE
330
22
100
AcDbEntity
  8
B.Silkscreen
  6
CONTINUOUS
100
AcDbLine
 10
116.3893759999999986
 20
-92.080173000000002
 30
0
 11
116.3895669999999996
 21
-92.0774859999999933
 31
0
  0
LINE
  5
4AF
330
22
100
AcDbEntity
  8
B.Silkscreen
  6
CONTINUOUS
100
AcDbLine
 10
116.3895669999999996
 20
-92.0774859999999933
 30
0
 11
116.3948219999999907
 21
-92.0637539999999888
 31
0
  0
LINE
  5
4B0
330
22
100
AcDbEntity
  8
B.Silkscreen
  6
CONTINUOUS
100
AcDbLine
 10
116.3948219999999907
 20
-92.0637539999999888
 30
0
 11
116.4424409999999881
 21
-91.9685159999999939
 31
0
  0
LINE
  5
4B1
330
22
100
AcDbEntity
  8
B.Silkscreen
  6
CONTINUOUS
100
AcDbLine
 10
116.4424409999999881
 20
-91.9685159999999939
 30
0
 11
116.4464049999999986
 21
-91.962215999999998
 31
0
  0
LINE
  5
4B2
330
22
100
AcDbEntity
  8
B.Silkscreen
  6
CONTINUOUS
100
AcDbLine
 10
116.4464049999999986
 20
-91.962215999999998
 30
0
 11
116.4471629999999891
 21
-91.9603889999999922
 31
0
  0
LINE
  5
4B3
330
22
100
AcDbEntity
  8
B.Silkscreen
  6
CONTINUOUS
100
AcDbLine
 10
116.4471629999999891
 20
-91.9603889999999922
 30
0
 11
116.4488509999999906
 21
-91.9583319999999986
 31
0
  0
LINE
  5
4B4
330
22
100
AcDbEntity
  8
B.Silkscreen
  6
CONTINUOUS
100
AcDbLine
 10
116.4488509999999906
 20
-91.9583319999999986
 30
0
 11
116.4502729999999957
 21
-91.9560729999999893
 31
0
  0
LINE
  5
4B5
330
22
100
AcDbEntity
  8
B.Silkscreen
  6
CONTINUOUS
100
AcDbLine
 10
116.4502729999999957
 20
-91.9560729999999893
 30
0
 11
116.4517709999999937
 21
-91.9547729999999888
 31
0
  0
LINE
  5
4B6
330
22
100
AcDbEntity
  8
B.Silkscreen
  6
CONTINUOUS
100
AcDbLine
 10
116.4517709999999937
 20
-91.9547729999999888
 30
0
 11
116.4564899999999881
 21
-91.9490239999999943
 31
0
  0
LINE
  5
4B7
330
22
100
AcDbEntity
  8
B.Silkscreen
  6
CONTINUOUS
100
AcDbLine
 10
116.4564899999999881
 20
-91.9490239999999943
 30
0
 11
116.5041089999999997
 21
-91.9014049999999969
 31
0
  0
LINE
  5
4B8
330
22
100
AcDbEntity
  8
B.Silkscreen
  6
CONTINUOUS
100
AcDbLine
 10
116.5041089999999997
 20
-91.9014049999999969
 30
0
 11
116.5098579999999941
 21
-91.8966860000000025
 31
0
  0
LINE
  5
4B9
330
22
100
AcDbEntity
  8
B.Silkscreen
  6
CONTINUOUS
100
AcDbLine
 10
116.5098579999999941
 20
-91.8966860000000025
 30
0
 11
116.5111579999999947
 21
-91.8951879999999903
 31
0
  0
LINE
  5
4BA
330
22
100
AcDbEntity
  8
B.Silkscreen
  6
CONTINUOUS
100
AcDbLine
 10
116.5111579999999947
 20
-91.8951879999999903
 30
0
 11
116.5134169999999898
 21
-91.8937659999999994
 31
0
  0
LINE
  5
4BB
330
22
100
AcDbEntity
  8
B.Silkscreen
  6
CONTINUOUS
100
AcDbLine
 10
116.5134169999999898
 20
-91.8937659999999994
 30
0
 11
116.5154739999999975
 21
-91.8920779999999979
 31
0
  0
LINE
  5
4BC
330
22
100
AcDbEntity
  8
B.Silkscreen
  6
CONTINUOUS
100
AcDbLine
 10
116.5154739999999975
 20
-91.8920779999999979
 30
0
 11
116.5173009999999891
 21
-91.8913199999999932
 31
0
  0
LINE
  5
4BD
330
22
100
AcDbEntity
  8
B.Silkscreen
  6
CONTINUOUS
100
AcDbLine
 10
116.5173009999999891
 20
-91.8913199999999932
 30
0
 11
116.5236009999999993
 21
-91.8873559999999969
 31
0
  0
LINE
  5
4BE
330
22
100
AcDbEntity
  8
B.Silkscreen
  6
CONTINUOUS
100
AcDbLine
 10
116.5236009999999993
 20
-91.8873559999999969
 30
0
 11
116.6188389999999941
 21
-91.8397369999999995
 31
0
  0
LINE
  5
4BF
330
22
100
AcDbEntity
  8
B.Silkscreen
  6
CONTINUOUS
100
AcDbLine
 10
116.6188389999999941
 20
-91.8397369999999995
 30
0
 11
116.6325700000000012
 21
-91.8344819999999942
 31
0
  0
LINE
  5
4C0
330
22
100
AcDbEntity
  8
B.Silkscreen
  6
CONTINUOUS
100
AcDbLine
 10
116.6325700000000012
 20
-91.8344819999999942
 30
0
 11
116.6352589999999907
 21
-91.8342899999999958
 31
0
  0
LINE
  5
4C1
330
22
100
AcDbEntity
  8
B.Silkscreen
  6
CONTINUOUS
100
AcDbLine
 10
116.6352589999999907
 20
-91.8342899999999958
 30
0
 11
116.6377479999999878
 21
-91.8332599999999957
 31
0
  0
LINE
  5
4C2
330
22
100
AcDbEntity
  8
B.Silkscreen
  6
CONTINUOUS
100
AcDbLine
 10
116.6377479999999878
 20
-91.8332599999999957
 30
0
 11
116.6523799999999937
 21
-91.8318189999999959
 31
0
  0
LINE
  5
4C3
330
22
100
AcDbEntity
  8
B.Silkscreen
  6
CONTINUOUS
100
AcDbLine
 10
116.6523799999999937
 20
-91.8318189999999959
 30
0
 11
117.0333320000000015
 21
-91.8318189999999959
 31
0
  0
LINE
  5
4C4
330
22
100
AcDbEntity
  8
B.Silkscreen
  6
CONTINUOUS
100
AcDbLine
 10
117.0333320000000015
 20
-91.8318189999999959
 30
0
 11
117.0479639999999932
 21
-91.8332599999999957
 31
0
  0
LINE
  5
4C5
330
22
100
AcDbEntity
  8
B.Silkscreen
  6
CONTINUOUS
100
AcDbLine
 10
116.6015689999999978
 20
-92.0160769999999957
 30
0
 11
116.5711620000000011
 21
-92.0464839999999924
 31
0
  0
LINE
  5
4C6
330
22
100
AcDbEntity
  8
B.Silkscreen
  6
CONTINUOUS
100
AcDbLine
 10
116.5711620000000011
 20
-92.0464839999999924
 30
0
 11
116.5369039999999927
 21
-92.1149999999999949
 31
0
  0
LINE
  5
4C7
330
22
100
AcDbEntity
  8
B.Silkscreen
  6
CONTINUOUS
100
AcDbLine
 10
116.5369039999999927
 20
-92.1149999999999949
 30
0
 11
116.5369039999999927
 21
-92.2224470000000025
 31
0
  0
LINE
  5
4C8
330
22
100
AcDbEntity
  8
B.Silkscreen
  6
CONTINUOUS
100
AcDbLine
 10
116.5369039999999927
 20
-92.2224470000000025
 30
0
 11
116.5711620000000011
 21
-92.2909629999999908
 31
0
  0
LINE
  5
4C9
330
22
100
AcDbEntity
  8
B.Silkscreen
  6
CONTINUOUS
100
AcDbLine
 10
116.5711620000000011
 20
-92.2909629999999908
 30
0
 11
116.6015689999999978
 21
-92.3213700000000017
 31
0
  0
LINE
  5
4CA
330
22
100
AcDbEntity
  8
B.Silkscreen
  6
CONTINUOUS
100
AcDbLine
 10
116.6015689999999978
 20
-92.3213700000000017
 30
0
 11
116.6700850000000003
 21
-92.3556279999999958
 31
0
  0
LINE
  5
4CB
330
22
100
AcDbEntity
  8
B.Silkscreen
  6
CONTINUOUS
100
AcDbLine
 10
116.6700850000000003
 20
-92.3556279999999958
 30
0
 11
116.9583319999999986
 21
-92.3556279999999958
 31
0
  0
LINE
  5
4CC
330
22
100
AcDbEntity
  8
B.Silkscreen
  6
CONTINUOUS
100
AcDbLine
 10
116.9583319999999986
 20
-92.3556279999999958
 30
0
 11
116.9583319999999986
 21
-91.9818190000000016
 31
0
  0
LINE
  5
4CD
330
22
100
AcDbEntity
  8
B.Silkscreen
  6
CONTINUOUS
100
AcDbLine
 10
116.9583319999999986
 20
-91.9818190000000016
 30
0
 11
116.6700850000000003
 21
-91.9818190000000016
 31
0
  0
LINE
  5
4CE
330
22
100
AcDbEntity
  8
B.Silkscreen
  6
CONTINUOUS
100
AcDbLine
 10
116.6700850000000003
 20
-91.9818190000000016
 30
0
 11
116.6015689999999978
 21
-92.0160769999999957
 31
0
  0
LINE
  5
4CF
330
22
100
AcDbEntity
  8
B.Silkscreen
  6
CONTINUOUS
100
AcDbLine
 10
117.9527259999999984
 20
-91.8332599999999957
 30
0
 11
117.9797619999999938
 21
-91.8444590000000005
 31
0
  0
LINE
  5
4D0
330
22
100
AcDbEntity
  8
B.Silkscreen
  6
CONTINUOUS
100
AcDbLine
 10
117.9797619999999938
 20
-91.8444590000000005
 30
0
 11
118.0004539999999906
 21
-91.8651509999999973
 31
0
  0
LINE
  5
4D1
330
22
100
AcDbEntity
  8
B.Silkscreen
  6
CONTINUOUS
100
AcDbLine
 10
118.0004539999999906
 20
-91.8651509999999973
 30
0
 11
118.0116529999999955
 21
-91.8921869999999927
 31
0
  0
LINE
  5
4D2
330
22
100
AcDbEntity
  8
B.Silkscreen
  6
CONTINUOUS
100
AcDbLine
 10
118.0116529999999955
 20
-91.8921869999999927
 30
0
 11
118.0116529999999955
 21
-91.9214509999999905
 31
0
  0
LINE
  5
4D3
330
22
100
AcDbEntity
  8
B.Silkscreen
  6
CONTINUOUS
100
AcDbLine
 10
118.0116529999999955
 20
-91.9214509999999905
 30
0
 11
118.0004539999999906
 21
-91.9484870000000001
 31
0
  0
LINE
  5
4D4
330
22
100
AcDbEntity
  8
B.Silkscreen
  6
CONTINUOUS
100
AcDbLine
 10
118.0004539999999906
 20
-91.9484870000000001
 30
0
 11
117.9797619999999938
 21
-91.9691789999999969
 31
0
  0
LINE
  5
4D5
330
22
100
AcDbEntity
  8
B.Silkscreen
  6
CONTINUOUS
100
AcDbLine
 10
117.9797619999999938
 20
-91.9691789999999969
 30
0
 11
117.9527259999999984
 21
-91.9803780000000017
 31
0
  0
LINE
  5
4D6
330
22
100
AcDbEntity
  8
B.Silkscreen
  6
CONTINUOUS
100
AcDbLine
 10
117.9527259999999984
 20
-91.9803780000000017
 30
0
 11
117.9380939999999924
 21
-91.9818190000000016
 31
0
  0
LINE
  5
4D7
330
22
100
AcDbEntity
  8
B.Silkscreen
  6
CONTINUOUS
100
AcDbLine
 10
117.9380939999999924
 20
-91.9818190000000016
 30
0
 11
117.7273799999999966
 21
-91.9818190000000016
 31
0
  0
LINE
  5
4D8
330
22
100
AcDbEntity
  8
B.Silkscreen
  6
CONTINUOUS
100
AcDbLine
 10
117.7273799999999966
 20
-91.9818190000000016
 30
0
 11
117.7273799999999966
 21
-92.9068189999999987
 31
0
  0
LINE
  5
4D9
330
22
100
AcDbEntity
  8
B.Silkscreen
  6
CONTINUOUS
100
AcDbLine
 10
117.7273799999999966
 20
-92.9068189999999987
 30
0
 11
117.7259389999999968
 21
-92.9214509999999905
 31
0
  0
LINE
  5
4DA
330
22
100
AcDbEntity
  8
B.Silkscreen
  6
CONTINUOUS
100
AcDbLine
 10
117.7259389999999968
 20
-92.9214509999999905
 30
0
 11
117.7147399999999919
 21
-92.9484870000000001
 31
0
  0
LINE
  5
4DB
330
22
100
AcDbEntity
  8
B.Silkscreen
  6
CONTINUOUS
100
AcDbLine
 10
117.7147399999999919
 20
-92.9484870000000001
 30
0
 11
117.6940479999999951
 21
-92.9691789999999969
 31
0
  0
LINE
  5
4DC
330
22
100
AcDbEntity
  8
B.Silkscreen
  6
CONTINUOUS
100
AcDbLine
 10
117.6940479999999951
 20
-92.9691789999999969
 30
0
 11
117.6670119999999997
 21
-92.9803780000000017
 31
0
  0
LINE
  5
4DD
330
22
100
AcDbEntity
  8
B.Silkscreen
  6
CONTINUOUS
100
AcDbLine
 10
117.6670119999999997
 20
-92.9803780000000017
 30
0
 11
117.6377479999999878
 21
-92.9803780000000017
 31
0
  0
LINE
  5
4DE
330
22
100
AcDbEntity
  8
B.Silkscreen
  6
CONTINUOUS
100
AcDbLine
 10
117.6377479999999878
 20
-92.9803780000000017
 30
0
 11
117.6107119999999924
 21
-92.9691789999999969
 31
0
  0
LINE
  5
4DF
330
22
100
AcDbEntity
  8
B.Silkscreen
  6
CONTINUOUS
100
AcDbLine
 10
117.6107119999999924
 20
-92.9691789999999969
 30
0
 11
117.5900199999999955
 21
-92.9484870000000001
 31
0
  0
LINE
  5
4E0
330
22
100
AcDbEntity
  8
B.Silkscreen
  6
CONTINUOUS
100
AcDbLine
 10
117.5900199999999955
 20
-92.9484870000000001
 30
0
 11
117.5788209999999907
 21
-92.9214509999999905
 31
0
  0
LINE
  5
4E1
330
22
100
AcDbEntity
  8
B.Silkscreen
  6
CONTINUOUS
100
AcDbLine
 10
117.5788209999999907
 20
-92.9214509999999905
 30
0
 11
117.5773799999999909
 21
-92.9068189999999987
 31
0
  0
LINE
  5
4E2
330
22
100
AcDbEntity
  8
B.Silkscreen
  6
CONTINUOUS
100
AcDbLine
 10
117.5773799999999909
 20
-92.9068189999999987
 30
0
 11
117.5773799999999909
 21
-91.9818190000000016
 31
0
  0
LINE
  5
4E3
330
22
100
AcDbEntity
  8
B.Silkscreen
  6
CONTINUOUS
100
AcDbLine
 10
117.5773799999999909
 20
-91.9818190000000016
 30
0
 11
117.3666659999999951
 21
-91.9818190000000016
 31
0
  0
LINE
  5
4E4
330
22
100
AcDbEntity
  8
B.Silkscreen
  6
CONTINUOUS
100
AcDbLine
 10
117.3666659999999951
 20
-91.9818190000000016
 30
0
 11
117.3520339999999891
 21
-91.9803780000000017
 31
0
  0
LINE
  5
4E5
330
22
100
AcDbEntity
  8
B.Silkscreen
  6
CONTINUOUS
100
AcDbLine
 10
117.3520339999999891
 20
-91.9803780000000017
 30
0
 11
117.3249979999999937
 21
-91.9691789999999969
 31
0
  0
LINE
  5
4E6
330
22
100
AcDbEntity
  8
B.Silkscreen
  6
CONTINUOUS
100
AcDbLine
 10
117.3249979999999937
 20
-91.9691789999999969
 30
0
 11
117.3043059999999969
 21
-91.9484870000000001
 31
0
  0
LINE
  5
4E7
330
22
100
AcDbEntity
  8
B.Silkscreen
  6
CONTINUOUS
100
AcDbLine
 10
117.3043059999999969
 20
-91.9484870000000001
 30
0
 11
117.293106999999992
 21
-91.9214509999999905
 31
0
  0
LINE
  5
4E8
330
22
100
AcDbEntity
  8
B.Silkscreen
  6
CONTINUOUS
100
AcDbLine
 10
117.293106999999992
 20
-91.9214509999999905
 30
0
 11
117.293106999999992
 21
-91.8921869999999927
 31
0
  0
LINE
  5
4E9
330
22
100
AcDbEntity
  8
B.Silkscreen
  6
CONTINUOUS
100
AcDbLine
 10
117.293106999999992
 20
-91.8921869999999927
 30
0
 11
117.3043059999999969
 21
-91.8651509999999973
 31
0
  0
LINE
  5
4EA
330
22
100
AcDbEntity
  8
B.Silkscreen
  6
CONTINUOUS
100
AcDbLine
 10
117.3043059999999969
 20
-91.8651509999999973
 30
0
 11
117.3249979999999937
 21
-91.8444590000000005
 31
0
  0
LINE
  5
4EB
330
22
100
AcDbEntity
  8
B.Silkscreen
  6
CONTINUOUS
100
AcDbLine
 10
117.3249979999999937
 20
-91.8444590000000005
 30
0
 11
117.3520339999999891
 21
-91.8332599999999957
 31
0
  0
LINE
  5
4EC
330
22
100
AcDbEntity
  8
B.Silkscreen
  6
CONTINUOUS
100
AcDbLine
 10
117.3520339999999891
 20
-91.8332599999999957
 30
0
 11
117.3666659999999951
 21
-91.8318189999999959
 31
0
  0
LINE
  5
4ED
330
22
100
AcDbEntity
  8
B.Silkscreen
  6
CONTINUOUS
100
AcDbLine
 10
117.3666659999999951
 20
-91.8318189999999959
 30
0
 11
117.9380939999999924
 21
-91.8318189999999959
 31
0
  0
LINE
  5
4EE
330
22
100
AcDbEntity
  8
B.Silkscreen
  6
CONTINUOUS
100
AcDbLine
 10
117.9380939999999924
 20
-91.8318189999999959
 30
0
 11
117.9527259999999984
 21
-91.8332599999999957
 31
0
  0
LINE
  5
4EF
330
22
100
AcDbEntity
  8
B.Silkscreen
  6
CONTINUOUS
100
AcDbLine
 10
136.
 20
-91.9453120000000013
 30
0
 11
136.4630209999999977
 21
-91.9453120000000013
 31
0
  0
LINE
  5
4F0
330
22
100
AcDbEntity
  8
B.Silkscreen
  6
CONTINUOUS
100
AcDbLine
 10
136.4630209999999977
 20
-91.9453120000000013
 30
0
 11
136.9260419999999954
 21
-91.9453120000000013
 31
0
  0
LINE
  5
4F1
330
22
100
AcDbEntity
  8
B.Silkscreen
  6
CONTINUOUS
100
AcDbLine
 10
136.9260419999999954
 20
-91.9453120000000013
 30
0
 11
136.9260419999999954
 21
-92.4083320000000015
 31
0
  0
LINE
  5
4F2
330
22
100
AcDbEntity
  8
B.Silkscreen
  6
CONTINUOUS
100
AcDbLine
 10
136.9260419999999954
 20
-92.4083320000000015
 30
0
 11
136.4630209999999977
 21
-92.4083320000000015
 31
0
  0
LINE
  5
4F3
330
22
100
AcDbEntity
  8
B.Silkscreen
  6
CONTINUOUS
100
AcDbLine
 10
136.4630209999999977
 20
-92.4083320000000015
 30
0
 11
136.
 21
-92.4083320000000015
 31
0
  0
LINE
  5
4F4
330
22
100
AcDbEntity
  8
B.Silkscreen
  6
CONTINUOUS
100
AcDbLine
 10
136.
 20
-92.4083320000000015
 30
0
 11
135.5369790000000023
 21
-92.4083320000000015
 31
0
  0
LINE
  5
4F5
330
22
100
AcDbEntity
  8
B.Silkscreen
  6
CONTINUOUS
100
AcDbLine
 10
135.5369790000000023
 20
-92.4083320000000015
 30
0
 11
135.5369790000000023
 21
-91.9453120000000013
 31
0
  0
LINE
  5
4F6
330
22
100
AcDbEntity
  8
B.Silkscreen
  6
CONTINUOUS
100
AcDbLine
 10
135.5369790000000023
 20
-91.9453120000000013
 30
0
 11
136.
 21
-91.9453120000000013
 31
0
  0
LINE
  5
4F7
330
22
100
AcDbEntity
  8
B.Silkscreen
  6
CONTINUOUS
100
AcDbLine
 10
138.7781239999999912
 20
-91.9453120000000013
 30
0
 11
138.7781239999999912
 21
-92.4083320000000015
 31
0
  0
LINE
  5
4F8
330
22
100
AcDbEntity
  8
B.Silkscreen
  6
CONTINUOUS
100
AcDbLine
 10
138.7781239999999912
 20
-92.4083320000000015
 30
0
 11
138.3151039999999909
 21
-92.4083320000000015
 31
0
  0
LINE
  5
4F9
330
22
100
AcDbEntity
  8
B.Silkscreen
  6
CONTINUOUS
100
AcDbLine
 10
138.3151039999999909
 20
-92.4083320000000015
 30
0
 11
137.8520829999999933
 21
-92.4083320000000015
 31
0
  0
LINE
  5
4FA
330
22
100
AcDbEntity
  8
B.Silkscreen
  6
CONTINUOUS
100
AcDbLine
 10
137.8520829999999933
 20
-92.4083320000000015
 30
0
 11
137.8520829999999933
 21
-91.9453120000000013
 31
0
  0
LINE
  5
4FB
330
22
100
AcDbEntity
  8
B.Silkscreen
  6
CONTINUOUS
100
AcDbLine
 10
137.8520829999999933
 20
-91.9453120000000013
 30
0
 11
137.3890629999999931
 21
-91.9453120000000013
 31
0
  0
LINE
  5
4FC
330
22
100
AcDbEntity
  8
B.Silkscreen
  6
CONTINUOUS
100
AcDbLine
 10
137.3890629999999931
 20
-91.9453120000000013
 30
0
 11
137.3890629999999931
 21
-91.4822899999999919
 31
0
  0
LINE
  5
4FD
330
22
100
AcDbEntity
  8
B.Silkscreen
  6
CONTINUOUS
100
AcDbLine
 10
137.3890629999999931
 20
-91.4822899999999919
 30
0
 11
136.9260419999999954
 21
-91.4822899999999919
 31
0
  0
LINE
  5
4FE
330
22
100
AcDbEntity
  8
B.Silkscreen
  6
CONTINUOUS
100
AcDbLine
 10
136.9260419999999954
 20
-91.4822899999999919
 30
0
 11
136.9260419999999954
 21
-91.0192699999999917
 31
0
  0
LINE
  5
4FF
330
22
100
AcDbEntity
  8
B.Silkscreen
  6
CONTINUOUS
100
AcDbLine
 10
136.9260419999999954
 20
-91.0192699999999917
 30
0
 11
136.9260419999999954
 21
-90.556248999999994
 31
0
  0
LINE
  5
500
330
22
100
AcDbEntity
  8
B.Silkscreen
  6
CONTINUOUS
100
AcDbLine
 10
136.9260419999999954
 20
-90.556248999999994
 30
0
 11
137.3890629999999931
 21
-90.556248999999994
 31
0
  0
LINE
  5
501
330
22
100
AcDbEntity
  8
B.Silkscreen
  6
CONTINUOUS
100
AcDbLine
 10
137.3890629999999931
 20
-90.556248999999994
 30
0
 11
137.3890629999999931
 21
-91.0192699999999917
 31
0
  0
LINE
  5
502
330
22
100
AcDbEntity
  8
B.Silkscreen
  6
CONTINUOUS
100
AcDbLine
 10
137.3890629999999931
 20
-91.0192699999999917
 30
0
 11
137.8520829999999933
 21
-91.0192699999999917
 31
0
  0
LINE
  5
503
330
22
100
AcDbEntity
  8
B.Silkscreen
  6
CONTINUOUS
100
AcDbLine
 10
137.8520829999999933
 20
-91.0192699999999917
 30
0
 11
137.8520829999999933
 21
-91.4822899999999919
 31
0
  0
LINE
  5
504
330
22
100
AcDbEntity
  8
B.Silkscreen
  6
CONTINUOUS
100
AcDbLine
 10
137.8520829999999933
 20
-91.4822899999999919
 30
0
 11
138.3151039999999909
 21
-91.4822899999999919
 31
0
  0
LINE
  5
505
330
22
100
AcDbEntity
  8
B.Silkscreen
  6
CONTINUOUS
100
AcDbLine
 10
138.3151039999999909
 20
-91.4822899999999919
 30
0
 11
138.3151039999999909
 21
-91.9453120000000013
 31
0
  0
LINE
  5
506
330
22
100
AcDbEntity
  8
B.Silkscreen
  6
CONTINUOUS
100
AcDbLine
 10
138.3151039999999909
 20
-91.9453120000000013
 30
0
 11
138.7781239999999912
 21
-91.9453120000000013
 31
0
  0
LINE
  5
507
330
22
100
AcDbEntity
  8
B.Silkscreen
  6
CONTINUOUS
100
AcDbLine
 10
140.1671869999999842
 20
-91.9453120000000013
 30
0
 11
140.6302079999999819
 21
-91.9453120000000013
 31
0
  0
LINE
  5
508
330
22
100
AcDbEntity
  8
B.Silkscreen
  6
CONTINUOUS
100
AcDbLine
 10
140.6302079999999819
 20
-91.9453120000000013
 30
0
 11
141.0932289999999796
 21
-91.9453120000000013
 31
0
  0
LINE
  5
509
330
22
100
AcDbEntity
  8
B.Silkscreen
  6
CONTINUOUS
100
AcDbLine
 10
141.0932289999999796
 20
-91.9453120000000013
 30
0
 11
141.0932289999999796
 21
-92.4083320000000015
 31
0
  0
LINE
  5
50A
330
22
100
AcDbEntity
  8
B.Silkscreen
  6
CONTINUOUS
100
AcDbLine
 10
141.0932289999999796
 20
-92.4083320000000015
 30
0
 11
140.6302079999999819
 21
-92.4083320000000015
 31
0
  0
LINE
  5
50B
330
22
100
AcDbEntity
  8
B.Silkscreen
  6
CONTINUOUS
100
AcDbLine
 10
140.6302079999999819
 20
-92.4083320000000015
 30
0
 11
140.1671869999999842
 21
-92.4083320000000015
 31
0
  0
LINE
  5
50C
330
22
100
AcDbEntity
  8
B.Silkscreen
  6
CONTINUOUS
100
AcDbLine
 10
140.1671869999999842
 20
-92.4083320000000015
 30
0
 11
139.7041659999999865
 21
-92.4083320000000015
 31
0
  0
LINE
  5
50D
330
22
100
AcDbEntity
  8
B.Silkscreen
  6
CONTINUOUS
100
AcDbLine
 10
139.7041659999999865
 20
-92.4083320000000015
 30
0
 11
139.7041659999999865
 21
-91.9453120000000013
 31
0
  0
LINE
  5
50E
330
22
100
AcDbEntity
  8
B.Silkscreen
  6
CONTINUOUS
100
AcDbLine
 10
139.7041659999999865
 20
-91.9453120000000013
 30
0
 11
140.1671869999999842
 21
-91.9453120000000013
 31
0
  0
LINE
  5
50F
330
22
100
AcDbEntity
  8
B.Silkscreen
  6
CONTINUOUS
100
AcDbLine
 10
143.8713539999999966
 20
-91.4822899999999919
 30
0
 11
142.4822910000000036
 21
-91.4822899999999919
 31
0
  0
LINE
  5
510
330
22
100
AcDbEntity
  8
B.Silkscreen
  6
CONTINUOUS
100
AcDbLine
 10
142.4822910000000036
 20
-91.4822899999999919
 30
0
 11
142.4822910000000036
 21
-90.0932279999999963
 31
0
  0
LINE
  5
511
330
22
100
AcDbEntity
  8
B.Silkscreen
  6
CONTINUOUS
100
AcDbLine
 10
142.4822910000000036
 20
-90.0932279999999963
 30
0
 11
143.8713539999999966
 21
-90.0932279999999963
 31
0
  0
LINE
  5
512
330
22
100
AcDbEntity
  8
B.Silkscreen
  6
CONTINUOUS
100
AcDbLine
 10
143.8713539999999966
 20
-90.0932279999999963
 30
0
 11
143.8713539999999966
 21
-91.4822899999999919
 31
0
  0
LINE
  5
513
330
22
100
AcDbEntity
  8
B.Silkscreen
  6
CONTINUOUS
100
AcDbLine
 10
144.7973949999999945
 20
-92.4083320000000015
 30
0
 11
144.3112239999999815
 21
-92.4083320000000015
 31
0
  0
LINE
  5
514
330
22
100
AcDbEntity
  8
B.Silkscreen
  6
CONTINUOUS
100
AcDbLine
 10
144.3112239999999815
 20
-92.4083320000000015
 30
0
 11
142.0424219999999877
 21
-92.4083320000000015
 31
0
  0
LINE
  5
515
330
22
100
AcDbEntity
  8
B.Silkscreen
  6
CONTINUOUS
100
AcDbLine
 10
142.0424219999999877
 20
-92.4083320000000015
 30
0
 11
141.5562500000000057
 21
-92.4083320000000015
 31
0
  0
LINE
  5
516
330
22
100
AcDbEntity
  8
B.Silkscreen
  6
CONTINUOUS
100
AcDbLine
 10
141.5562500000000057
 20
-92.4083320000000015
 30
0
 11
141.5562500000000057
 21
-91.922159999999991
 31
0
  0
LINE
  5
517
330
22
100
AcDbEntity
  8
B.Silkscreen
  6
CONTINUOUS
100
AcDbLine
 10
141.5562500000000057
 20
-91.922159999999991
 30
0
 11
141.5562500000000057
 21
-89.6533579999999972
 31
0
  0
LINE
  5
518
330
22
100
AcDbEntity
  8
B.Silkscreen
  6
CONTINUOUS
100
AcDbLine
 10
141.5562500000000057
 20
-89.6533579999999972
 30
0
 11
141.5562500000000057
 21
-89.1671860000000009
 31
0
  0
LINE
  5
519
330
22
100
AcDbEntity
  8
B.Silkscreen
  6
CONTINUOUS
100
AcDbLine
 10
141.5562500000000057
 20
-89.1671860000000009
 30
0
 11
142.0424219999999877
 21
-89.1671860000000009
 31
0
  0
LINE
  5
51A
330
22
100
AcDbEntity
  8
B.Silkscreen
  6
CONTINUOUS
100
AcDbLine
 10
142.0424219999999877
 20
-89.1671860000000009
 30
0
 11
144.3112239999999815
 21
-89.1671860000000009
 31
0
  0
LINE
  5
51B
330
22
100
AcDbEntity
  8
B.Silkscreen
  6
CONTINUOUS
100
AcDbLine
 10
144.3112239999999815
 20
-89.1671860000000009
 30
0
 11
144.7973949999999945
 21
-89.1671860000000009
 31
0
  0
LINE
  5
51C
330
22
100
AcDbEntity
  8
B.Silkscreen
  6
CONTINUOUS
100
AcDbLine
 10
144.7973949999999945
 20
-89.1671860000000009
 30
0
 11
144.7973949999999945
 21
-89.6533579999999972
 31
0
  0
LINE
  5
51D
330
22
100
AcDbEntity
  8
B.Silkscreen
  6
CONTINUOUS
100
AcDbLine
 10
144.7973949999999945
 20
-89.6533579999999972
 30
0
 11
144.7973949999999945
 21
-91.922159999999991
 31
0
  0
LINE
  5
51E
330
22
100
AcDbEntity
  8
B.Silkscreen
  6
CONTINUOUS
100
AcDbLine
 10
144.7973949999999945
 20
-91.922159999999991
 30
0
 11
144.7973949999999945
 21
-92.4083320000000015
 31
0
  0
LINE
  5
51F
330
22
100
AcDbEntity
  8
B.Silkscreen
  6
CONTINUOUS
100
AcDbLine
 10
144.3112239999999815
 20
-89.6533579999999972
 30
0
 11
142.0424219999999877
 21
-89.6533579999999972
 31
0
  0
LINE
  5
520
330
22
100
AcDbEntity
  8
B.Silkscreen
  6
CONTINUOUS
100
AcDbLine
 10
142.0424219999999877
 20
-89.6533579999999972
 30
0
 11
142.0424219999999877
 21
-91.922159999999991
 31
0
  0
LINE
  5
521
330
22
100
AcDbEntity
  8
B.Silkscreen
  6
CONTINUOUS
100
AcDbLine
 10
142.0424219999999877
 20
-91.922159999999991
 30
0
 11
144.3112239999999815
 21
-91.922159999999991
 31
0
  0
LINE
  5
522
330
22
100
AcDbEntity
  8
B.Silkscreen
  6
CONTINUOUS
100
AcDbLine
 10
144.3112239999999815
 20
-91.922159999999991
 30
0
 11
144.3112239999999815
 21
-89.6533579999999972
 31
0
  0
LINE
  5
523
330
22
100
AcDbEntity
  8
B.Silkscreen
  6
CONTINUOUS
100
AcDbLine
 10
131.8328119999999899
 20
-91.9453120000000013
 30
0
 11
131.3697919999999897
 21
-91.9453120000000013
 31
0
  0
LINE
  5
524
330
22
100
AcDbEntity
  8
B.Silkscreen
  6
CONTINUOUS
100
AcDbLine
 10
131.3697919999999897
 20
-91.9453120000000013
 30
0
 11
131.3697919999999897
 21
-91.4822899999999919
 31
0
  0
LINE
  5
525
330
22
100
AcDbEntity
  8
B.Silkscreen
  6
CONTINUOUS
100
AcDbLine
 10
131.3697919999999897
 20
-91.4822899999999919
 30
0
 11
131.8328119999999899
 21
-91.4822899999999919
 31
0
  0
LINE
  5
526
330
22
100
AcDbEntity
  8
B.Silkscreen
  6
CONTINUOUS
100
AcDbLine
 10
131.8328119999999899
 20
-91.4822899999999919
 30
0
 11
131.8328119999999899
 21
-91.9453120000000013
 31
0
  0
LINE
  5
527
330
22
100
AcDbEntity
  8
B.Silkscreen
  6
CONTINUOUS
100
AcDbLine
 10
140.6302079999999819
 20
-91.4822899999999919
 30
0
 11
140.1671869999999842
 21
-91.4822899999999919
 31
0
  0
LINE
  5
528
330
22
100
AcDbEntity
  8
B.Silkscreen
  6
CONTINUOUS
100
AcDbLine
 10
140.1671869999999842
 20
-91.4822899999999919
 30
0
 11
140.1671869999999842
 21
-91.0192699999999917
 31
0
  0
LINE
  5
529
330
22
100
AcDbEntity
  8
B.Silkscreen
  6
CONTINUOUS
100
AcDbLine
 10
140.1671869999999842
 20
-91.0192699999999917
 30
0
 11
139.7041659999999865
 21
-91.0192699999999917
 31
0
  0
LINE
  5
52A
330
22
100
AcDbEntity
  8
B.Silkscreen
  6
CONTINUOUS
100
AcDbLine
 10
139.7041659999999865
 20
-91.0192699999999917
 30
0
 11
139.7041659999999865
 21
-90.556248999999994
 31
0
  0
LINE
  5
52B
330
22
100
AcDbEntity
  8
B.Silkscreen
  6
CONTINUOUS
100
AcDbLine
 10
139.7041659999999865
 20
-90.556248999999994
 30
0
 11
140.1671869999999842
 21
-90.556248999999994
 31
0
  0
LINE
  5
52C
330
22
100
AcDbEntity
  8
B.Silkscreen
  6
CONTINUOUS
100
AcDbLine
 10
140.1671869999999842
 20
-90.556248999999994
 30
0
 11
140.6302079999999819
 21
-90.556248999999994
 31
0
  0
LINE
  5
52D
330
22
100
AcDbEntity
  8
B.Silkscreen
  6
CONTINUOUS
100
AcDbLine
 10
140.6302079999999819
 20
-90.556248999999994
 30
0
 11
140.6302079999999819
 21
-91.0192699999999917
 31
0
  0
LINE
  5
52E
330
22
100
AcDbEntity
  8
B.Silkscreen
  6
CONTINUOUS
100
AcDbLine
 10
140.6302079999999819
 20
-91.0192699999999917
 30
0
 11
140.6302079999999819
 21
-91.4822899999999919
 31
0
  0
LINE
  5
52F
330
22
100
AcDbEntity
  8
B.Silkscreen
  6
CONTINUOUS
100
AcDbLine
 10
162.0154330000000016
 20
-89.9770389999999907
 30
0
 11
162.0199999999999818
 21
-90.
 31
0
  0
LINE
  5
530
330
22
100
AcDbEntity
  8
B.Silkscreen
  6
CONTINUOUS
100
AcDbLine
 10
162.0199999999999818
 20
-90.
 30
0
 11
162.0199999999999818
 21
-91.0600000000000023
 31
0
  0
LINE
  5
531
330
22
100
AcDbEntity
  8
B.Silkscreen
  6
CONTINUOUS
100
AcDbLine
 10
162.0199999999999818
 20
-91.0600000000000023
 30
0
 11
162.0154330000000016
 21
-91.0829609999999974
 31
0
  0
LINE
  5
532
330
22
100
AcDbEntity
  8
B.Silkscreen
  6
CONTINUOUS
100
AcDbLine
 10
162.0154330000000016
 20
-91.0829609999999974
 30
0
 11
161.9829609999999889
 21
-91.1154329999999959
 31
0
  0
LINE
  5
533
330
22
100
AcDbEntity
  8
B.Silkscreen
  6
CONTINUOUS
100
AcDbLine
 10
161.9829609999999889
 20
-91.1154329999999959
 30
0
 11
161.9599999999999795
 21
-91.1199999999999903
 31
0
  0
LINE
  5
534
330
22
100
AcDbEntity
  8
B.Silkscreen
  6
CONTINUOUS
100
AcDbLine
 10
161.9599999999999795
 20
-91.1199999999999903
 30
0
 11
160.9000000000000057
 21
-91.1199999999999903
 31
0
  0
LINE
  5
535
330
22
100
AcDbEntity
  8
B.Silkscreen
  6
CONTINUOUS
100
AcDbLine
 10
160.9000000000000057
 20
-91.1199999999999903
 30
0
 11
160.8770389999999963
 21
-91.1154329999999959
 31
0
  0
LINE
  5
536
330
22
100
AcDbEntity
  8
B.Silkscreen
  6
CONTINUOUS
100
AcDbLine
 10
160.8770389999999963
 20
-91.1154329999999959
 30
0
 11
160.8445669999999836
 21
-91.0829609999999974
 31
0
  0
LINE
  5
537
330
22
100
AcDbEntity
  8
B.Silkscreen
  6
CONTINUOUS
100
AcDbLine
 10
160.8445669999999836
 20
-91.0829609999999974
 30
0
 11
160.8445669999999836
 21
-91.0370389999999929
 31
0
  0
LINE
  5
538
330
22
100
AcDbEntity
  8
B.Silkscreen
  6
CONTINUOUS
100
AcDbLine
 10
160.8445669999999836
 20
-91.0370389999999929
 30
0
 11
160.8770389999999963
 21
-91.0045669999999944
 31
0
  0
LINE
  5
539
330
22
100
AcDbEntity
  8
B.Silkscreen
  6
CONTINUOUS
100
AcDbLine
 10
160.8770389999999963
 20
-91.0045669999999944
 30
0
 11
160.9000000000000057
 21
-91.
 31
0
  0
LINE
  5
53A
330
22
100
AcDbEntity
  8
B.Silkscreen
  6
CONTINUOUS
100
AcDbLine
 10
160.9000000000000057
 20
-91.
 30
0
 11
161.9000000000000057
 21
-91.
 31
0
  0
LINE
  5
53B
330
22
100
AcDbEntity
  8
B.Silkscreen
  6
CONTINUOUS
100
AcDbLine
 10
161.9000000000000057
 20
-91.
 30
0
 11
161.9000000000000057
 21
-90.
 31
0
  0
LINE
  5
53C
330
22
100
AcDbEntity
  8
B.Silkscreen
  6
CONTINUOUS
100
AcDbLine
 10
161.9000000000000057
 20
-90.
 30
0
 11
161.9045669999999859
 21
-89.9770389999999907
 31
0
  0
LINE
  5
53D
330
22
100
AcDbEntity
  8
B.Silkscreen
  6
CONTINUOUS
100
AcDbLine
 10
161.9045669999999859
 20
-89.9770389999999907
 30
0
 11
161.9370389999999986
 21
-89.9445669999999922
 31
0
  0
LINE
  5
53E
330
22
100
AcDbEntity
  8
B.Silkscreen
  6
CONTINUOUS
100
AcDbLine
 10
161.9370389999999986
 20
-89.9445669999999922
 30
0
 11
161.9829609999999889
 21
-89.9445669999999922
 31
0
  0
LINE
  5
53F
330
22
100
AcDbEntity
  8
B.Silkscreen
  6
CONTINUOUS
100
AcDbLine
 10
161.9829609999999889
 20
-89.9445669999999922
 30
0
 11
162.0154330000000016
 21
-89.9770389999999907
 31
0
  0
LINE
  5
540
330
22
100
AcDbEntity
  8
B.Silkscreen
  6
CONTINUOUS
100
AcDbLine
 10
165.0154330000000016
 20
-89.9770389999999907
 30
0
 11
165.0199999999999818
 21
-90.
 31
0
  0
LINE
  5
541
330
22
100
AcDbEntity
  8
B.Silkscreen
  6
CONTINUOUS
100
AcDbLine
 10
165.0199999999999818
 20
-90.
 30
0
 11
165.0199999999999818
 21
-91.0600000000000023
 31
0
  0
LINE
  5
542
330
22
100
AcDbEntity
  8
B.Silkscreen
  6
CONTINUOUS
100
AcDbLine
 10
165.0199999999999818
 20
-91.0600000000000023
 30
0
 11
165.0154330000000016
 21
-91.0829609999999974
 31
0
  0
LINE
  5
543
330
22
100
AcDbEntity
  8
B.Silkscreen
  6
CONTINUOUS
100
AcDbLine
 10
165.0154330000000016
 20
-91.0829609999999974
 30
0
 11
164.9829609999999889
 21
-91.1154329999999959
 31
0
  0
LINE
  5
544
330
22
100
AcDbEntity
  8
B.Silkscreen
  6
CONTINUOUS
100
AcDbLine
 10
164.9829609999999889
 20
-91.1154329999999959
 30
0
 11
164.9599999999999795
 21
-91.1199999999999903
 31
0
  0
LINE
  5
545
330
22
100
AcDbEntity
  8
B.Silkscreen
  6
CONTINUOUS
100
AcDbLine
 10
164.9599999999999795
 20
-91.1199999999999903
 30
0
 11
163.9000000000000057
 21
-91.1199999999999903
 31
0
  0
LINE
  5
546
330
22
100
AcDbEntity
  8
B.Silkscreen
  6
CONTINUOUS
100
AcDbLine
 10
163.9000000000000057
 20
-91.1199999999999903
 30
0
 11
163.8770389999999963
 21
-91.1154329999999959
 31
0
  0
LINE
  5
547
330
22
100
AcDbEntity
  8
B.Silkscreen
  6
CONTINUOUS
100
AcDbLine
 10
163.8770389999999963
 20
-91.1154329999999959
 30
0
 11
163.8445669999999836
 21
-91.0829609999999974
 31
0
  0
LINE
  5
548
330
22
100
AcDbEntity
  8
B.Silkscreen
  6
CONTINUOUS
100
AcDbLine
 10
163.8445669999999836
 20
-91.0829609999999974
 30
0
 11
163.8445669999999836
 21
-91.0370389999999929
 31
0
  0
LINE
  5
549
330
22
100
AcDbEntity
  8
B.Silkscreen
  6
CONTINUOUS
100
AcDbLine
 10
163.8445669999999836
 20
-91.0370389999999929
 30
0
 11
163.8770389999999963
 21
-91.0045669999999944
 31
0
  0
LINE
  5
54A
330
22
100
AcDbEntity
  8
B.Silkscreen
  6
CONTINUOUS
100
AcDbLine
 10
163.8770389999999963
 20
-91.0045669999999944
 30
0
 11
163.9000000000000057
 21
-91.
 31
0
  0
LINE
  5
54B
330
22
100
AcDbEntity
  8
B.Silkscreen
  6
CONTINUOUS
100
AcDbLine
 10
163.9000000000000057
 20
-91.
 30
0
 11
164.9000000000000057
 21
-91.
 31
0
  0
LINE
  5
54C
330
22
100
AcDbEntity
  8
B.Silkscreen
  6
CONTINUOUS
100
AcDbLine
 10
164.9000000000000057
 20
-91.
 30
0
 11
164.9000000000000057
 21
-90.
 31
0
  0
LINE
  5
54D
330
22
100
AcDbEntity
  8
B.Silkscreen
  6
CONTINUOUS
100
AcDbLine
 10
164.9000000000000057
 20
-90.
 30
0
 11
164.9045669999999859
 21
-89.9770389999999907
 31
0
  0
LINE
  5
54E
330
22
100
AcDbEntity
  8
B.Silkscreen
  6
CONTINUOUS
100
AcDbLine
 10
164.9045669999999859
 20
-89.9770389999999907
 30
0
 11
164.9370389999999986
 21
-89.9445669999999922
 31
0
  0
LINE
  5
54F
330
22
100
AcDbEntity
  8
B.Silkscreen
  6
CONTINUOUS
100
AcDbLine
 10
164.9370389999999986
 20
-89.9445669999999922
 30
0
 11
164.9829609999999889
 21
-89.9445669999999922
 31
0
  0
LINE
  5
550
330
22
100
AcDbEntity
  8
B.Silkscreen
  6
CONTINUOUS
100
AcDbLine
 10
164.9829609999999889
 20
-89.9445669999999922
 30
0
 11
165.0154330000000016
 21
-89.9770389999999907
 31
0
  0
LINE
  5
551
330
22
100
AcDbEntity
  8
B.Silkscreen
  6
CONTINUOUS
100
AcDbLine
 10
168.0154330000000016
 20
-89.9770389999999907
 30
0
 11
168.0199999999999818
 21
-90.
 31
0
  0
LINE
  5
552
330
22
100
AcDbEntity
  8
B.Silkscreen
  6
CONTINUOUS
100
AcDbLine
 10
168.0199999999999818
 20
-90.
 30
0
 11
168.0199999999999818
 21
-91.0600000000000023
 31
0
  0
LINE
  5
553
330
22
100
AcDbEntity
  8
B.Silkscreen
  6
CONTINUOUS
100
AcDbLine
 10
168.0199999999999818
 20
-91.0600000000000023
 30
0
 11
168.0154330000000016
 21
-91.0829609999999974
 31
0
  0
LINE
  5
554
330
22
100
AcDbEntity
  8
B.Silkscreen
  6
CONTINUOUS
100
AcDbLine
 10
168.0154330000000016
 20
-91.0829609999999974
 30
0
 11
167.9829609999999889
 21
-91.1154329999999959
 31
0
  0
LINE
  5
555
330
22
100
AcDbEntity
  8
B.Silkscreen
  6
CONTINUOUS
100
AcDbLine
 10
167.9829609999999889
 20
-91.1154329999999959
 30
0
 11
167.9599999999999795
 21
-91.1199999999999903
 31
0
  0
LINE
  5
556
330
22
100
AcDbEntity
  8
B.Silkscreen
  6
CONTINUOUS
100
AcDbLine
 10
167.9599999999999795
 20
-91.1199999999999903
 30
0
 11
166.9000000000000057
 21
-91.1199999999999903
 31
0
  0
LINE
  5
557
330
22
100
AcDbEntity
  8
B.Silkscreen
  6
CONTINUOUS
100
AcDbLine
 10
166.9000000000000057
 20
-91.1199999999999903
 30
0
 11
166.8770389999999963
 21
-91.1154329999999959
 31
0
  0
LINE
  5
558
330
22
100
AcDbEntity
  8
B.Silkscreen
  6
CONTINUOUS
100
AcDbLine
 10
166.8770389999999963
 20
-91.1154329999999959
 30
0
 11
166.8445669999999836
 21
-91.0829609999999974
 31
0
  0
LINE
  5
559
330
22
100
AcDbEntity
  8
B.Silkscreen
  6
CONTINUOUS
100
AcDbLine
 10
166.8445669999999836
 20
-91.0829609999999974
 30
0
 11
166.8445669999999836
 21
-91.0370389999999929
 31
0
  0
LINE
  5
55A
330
22
100
AcDbEntity
  8
B.Silkscreen
  6
CONTINUOUS
100
AcDbLine
 10
166.8445669999999836
 20
-91.0370389999999929
 30
0
 11
166.8770389999999963
 21
-91.0045669999999944
 31
0
  0
LINE
  5
55B
330
22
100
AcDbEntity
  8
B.Silkscreen
  6
CONTINUOUS
100
AcDbLine
 10
166.8770389999999963
 20
-91.0045669999999944
 30
0
 11
166.9000000000000057
 21
-91.
 31
0
  0
LINE
  5
55C
330
22
100
AcDbEntity
  8
B.Silkscreen
  6
CONTINUOUS
100
AcDbLine
 10
166.9000000000000057
 20
-91.
 30
0
 11
167.9000000000000057
 21
-91.
 31
0
  0
LINE
  5
55D
330
22
100
AcDbEntity
  8
B.Silkscreen
  6
CONTINUOUS
100
AcDbLine
 10
167.9000000000000057
 20
-91.
 30
0
 11
167.9000000000000057
 21
-90.
 31
0
  0
LINE
  5
55E
330
22
100
AcDbEntity
  8
B.Silkscreen
  6
CONTINUOUS
100
AcDbLine
 10
167.9000000000000057
 20
-90.
 30
0
 11
167.9045669999999859
 21
-89.9770389999999907
 31
0
  0
LINE
  5
55F
330
22
100
AcDbEntity
  8
B.Silkscreen
  6
CONTINUOUS
100
AcDbLine
 10
167.9045669999999859
 20
-89.9770389999999907
 30
0
 11
167.9370389999999986
 21
-89.9445669999999922
 31
0
  0
LINE
  5
560
330
22
100
AcDbEntity
  8
B.Silkscreen
  6
CONTINUOUS
100
AcDbLine
 10
167.9370389999999986
 20
-89.9445669999999922
 30
0
 11
167.9829609999999889
 21
-89.9445669999999922
 31
0
  0
LINE
  5
561
330
22
100
AcDbEntity
  8
B.Silkscreen
  6
CONTINUOUS
100
AcDbLine
 10
167.9829609999999889
 20
-89.9445669999999922
 30
0
 11
168.0154330000000016
 21
-89.9770389999999907
 31
0
  0
LINE
  5
562
330
22
100
AcDbEntity
  8
B.Silkscreen
  6
CONTINUOUS
100
AcDbLine
 10
131.8328119999999899
 20
-91.0192699999999917
 30
0
 11
131.3697919999999897
 21
-91.0192699999999917
 31
0
  0
LINE
  5
563
330
22
100
AcDbEntity
  8
B.Silkscreen
  6
CONTINUOUS
100
AcDbLine
 10
131.3697919999999897
 20
-91.0192699999999917
 30
0
 11
131.3697919999999897
 21
-90.556248999999994
 31
0
  0
LINE
  5
564
330
22
100
AcDbEntity
  8
B.Silkscreen
  6
CONTINUOUS
100
AcDbLine
 10
131.3697919999999897
 20
-90.556248999999994
 30
0
 11
131.8328119999999899
 21
-90.556248999999994
 31
0
  0
LINE
  5
565
330
22
100
AcDbEntity
  8
B.Silkscreen
  6
CONTINUOUS
100
AcDbLine
 10
131.8328119999999899
 20
-90.556248999999994
 30
0
 11
131.8328119999999899
 21
-91.0192699999999917
 31
0
  0
LINE
  5
566
330
22
100
AcDbEntity
  8
B.Silkscreen
  6
CONTINUOUS
100
AcDbLine
 10
139.2411459999999863
 20
-91.0192699999999917
 30
0
 11
138.7781239999999912
 21
-91.0192699999999917
 31
0
  0
LINE
  5
567
330
22
100
AcDbEntity
  8
B.Silkscreen
  6
CONTINUOUS
100
AcDbLine
 10
138.7781239999999912
 20
-91.0192699999999917
 30
0
 11
138.7781239999999912
 21
-90.556248999999994
 31
0
  0
LINE
  5
568
330
22
100
AcDbEntity
  8
B.Silkscreen
  6
CONTINUOUS
100
AcDbLine
 10
138.7781239999999912
 20
-90.556248999999994
 30
0
 11
139.2411459999999863
 21
-90.556248999999994
 31
0
  0
LINE
  5
569
330
22
100
AcDbEntity
  8
B.Silkscreen
  6
CONTINUOUS
100
AcDbLine
 10
139.2411459999999863
 20
-90.556248999999994
 30
0
 11
139.2411459999999863
 21
-91.0192699999999917
 31
0
  0
LINE
  5
56A
330
22
100
AcDbEntity
  8
B.Silkscreen
  6
CONTINUOUS
100
AcDbLine
 10
132.2958339999999851
 20
-90.556248999999994
 30
0
 11
131.8328119999999899
 21
-90.556248999999994
 31
0
  0
LINE
  5
56B
330
22
100
AcDbEntity
  8
B.Silkscreen
  6
CONTINUOUS
100
AcDbLine
 10
131.8328119999999899
 20
-90.556248999999994
 30
0
 11
131.8328119999999899
 21
-90.0932279999999963
 31
0
  0
LINE
  5
56C
330
22
100
AcDbEntity
  8
B.Silkscreen
  6
CONTINUOUS
100
AcDbLine
 10
131.8328119999999899
 20
-90.0932279999999963
 30
0
 11
132.2958339999999851
 21
-90.0932279999999963
 31
0
  0
LINE
  5
56D
330
22
100
AcDbEntity
  8
B.Silkscreen
  6
CONTINUOUS
100
AcDbLine
 10
132.2958339999999851
 20
-90.0932279999999963
 30
0
 11
132.2958339999999851
 21
-90.556248999999994
 31
0
  0
LINE
  5
56E
330
22
100
AcDbEntity
  8
B.Silkscreen
  6
CONTINUOUS
100
AcDbLine
 10
139.7041659999999865
 20
-90.556248999999994
 30
0
 11
139.2411459999999863
 21
-90.556248999999994
 31
0
  0
LINE
  5
56F
330
22
100
AcDbEntity
  8
B.Silkscreen
  6
CONTINUOUS
100
AcDbLine
 10
139.2411459999999863
 20
-90.556248999999994
 30
0
 11
139.2411459999999863
 21
-90.0932279999999963
 31
0
  0
LINE
  5
570
330
22
100
AcDbEntity
  8
B.Silkscreen
  6
CONTINUOUS
100
AcDbLine
 10
139.2411459999999863
 20
-90.0932279999999963
 30
0
 11
139.7041659999999865
 21
-90.0932279999999963
 31
0
  0
LINE
  5
571
330
22
100
AcDbEntity
  8
B.Silkscreen
  6
CONTINUOUS
100
AcDbLine
 10
139.7041659999999865
 20
-90.0932279999999963
 30
0
 11
139.7041659999999865
 21
-90.556248999999994
 31
0
  0
LINE
  5
572
330
22
100
AcDbEntity
  8
B.Silkscreen
  6
CONTINUOUS
100
AcDbLine
 10
131.8328119999999899
 20
-90.0932279999999963
 30
0
 11
131.3697919999999897
 21
-90.0932279999999963
 31
0
  0
LINE
  5
573
330
22
100
AcDbEntity
  8
B.Silkscreen
  6
CONTINUOUS
100
AcDbLine
 10
131.3697919999999897
 20
-90.0932279999999963
 30
0
 11
131.3697919999999897
 21
-89.6302069999999986
 31
0
  0
LINE
  5
574
330
22
100
AcDbEntity
  8
B.Silkscreen
  6
CONTINUOUS
100
AcDbLine
 10
131.3697919999999897
 20
-89.6302069999999986
 30
0
 11
131.8328119999999899
 21
-89.6302069999999986
 31
0
  0
LINE
  5
575
330
22
100
AcDbEntity
  8
B.Silkscreen
  6
CONTINUOUS
100
AcDbLine
 10
131.8328119999999899
 20
-89.6302069999999986
 30
0
 11
131.8328119999999899
 21
-90.0932279999999963
 31
0
  0
LINE
  5
576
330
22
100
AcDbEntity
  8
B.Silkscreen
  6
CONTINUOUS
100
AcDbLine
 10
140.6302079999999819
 20
-90.0932279999999963
 30
0
 11
140.1671869999999842
 21
-90.0932279999999963
 31
0
  0
LINE
  5
577
330
22
100
AcDbEntity
  8
B.Silkscreen
  6
CONTINUOUS
100
AcDbLine
 10
140.1671869999999842
 20
-90.0932279999999963
 30
0
 11
140.1671869999999842
 21
-89.6302069999999986
 31
0
  0
LINE
  5
578
330
22
100
AcDbEntity
  8
B.Silkscreen
  6
CONTINUOUS
100
AcDbLine
 10
140.1671869999999842
 20
-89.6302069999999986
 30
0
 11
140.6302079999999819
 21
-89.6302069999999986
 31
0
  0
LINE
  5
579
330
22
100
AcDbEntity
  8
B.Silkscreen
  6
CONTINUOUS
100
AcDbLine
 10
140.6302079999999819
 20
-89.6302069999999986
 30
0
 11
140.6302079999999819
 21
-90.0932279999999963
 31
0
  0
LINE
  5
57A
330
22
100
AcDbEntity
  8
B.Silkscreen
  6
CONTINUOUS
100
AcDbLine
 10
134.6109380000000044
 20
-89.6302069999999986
 30
0
 11
134.1479170000000067
 21
-89.6302069999999986
 31
0
  0
LINE
  5
57B
330
22
100
AcDbEntity
  8
B.Silkscreen
  6
CONTINUOUS
100
AcDbLine
 10
134.1479170000000067
 20
-89.6302069999999986
 30
0
 11
134.1479170000000067
 21
-89.1671860000000009
 31
0
  0
LINE
  5
57C
330
22
100
AcDbEntity
  8
B.Silkscreen
  6
CONTINUOUS
100
AcDbLine
 10
134.1479170000000067
 20
-89.1671860000000009
 30
0
 11
134.6109380000000044
 21
-89.1671860000000009
 31
0
  0
LINE
  5
57D
330
22
100
AcDbEntity
  8
B.Silkscreen
  6
CONTINUOUS
100
AcDbLine
 10
134.6109380000000044
 20
-89.1671860000000009
 30
0
 11
134.6109380000000044
 21
-89.6302069999999986
 31
0
  0
LINE
  5
57E
330
22
100
AcDbEntity
  8
B.Silkscreen
  6
CONTINUOUS
100
AcDbLine
 10
138.7781239999999912
 20
-89.1671860000000009
 30
0
 11
138.7781239999999912
 21
-88.7041660000000007
 31
0
  0
LINE
  5
57F
330
22
100
AcDbEntity
  8
B.Silkscreen
  6
CONTINUOUS
100
AcDbLine
 10
138.7781239999999912
 20
-88.7041660000000007
 30
0
 11
138.3151039999999909
 21
-88.7041660000000007
 31
0
  0
LINE
  5
580
330
22
100
AcDbEntity
  8
B.Silkscreen
  6
CONTINUOUS
100
AcDbLine
 10
138.3151039999999909
 20
-88.7041660000000007
 30
0
 11
137.8520829999999933
 21
-88.7041660000000007
 31
0
  0
LINE
  5
581
330
22
100
AcDbEntity
  8
B.Silkscreen
  6
CONTINUOUS
100
AcDbLine
 10
137.8520829999999933
 20
-88.7041660000000007
 30
0
 11
137.8520829999999933
 21
-89.1671860000000009
 31
0
  0
LINE
  5
582
330
22
100
AcDbEntity
  8
B.Silkscreen
  6
CONTINUOUS
100
AcDbLine
 10
137.8520829999999933
 20
-89.1671860000000009
 30
0
 11
137.8520829999999933
 21
-89.6302069999999986
 31
0
  0
LINE
  5
583
330
22
100
AcDbEntity
  8
B.Silkscreen
  6
CONTINUOUS
100
AcDbLine
 10
137.8520829999999933
 20
-89.6302069999999986
 30
0
 11
137.8520829999999933
 21
-90.0932279999999963
 31
0
  0
LINE
  5
584
330
22
100
AcDbEntity
  8
B.Silkscreen
  6
CONTINUOUS
100
AcDbLine
 10
137.8520829999999933
 20
-90.0932279999999963
 30
0
 11
138.3151039999999909
 21
-90.0932279999999963
 31
0
  0
LINE
  5
585
330
22
100
AcDbEntity
  8
B.Silkscreen
  6
CONTINUOUS
100
AcDbLine
 10
138.3151039999999909
 20
-90.0932279999999963
 30
0
 11
138.7781239999999912
 21
-90.0932279999999963
 31
0
  0
LINE
  5
586
330
22
100
AcDbEntity
  8
B.Silkscreen
  6
CONTINUOUS
100
AcDbLine
 10
138.7781239999999912
 20
-90.0932279999999963
 30
0
 11
138.7781239999999912
 21
-90.556248999999994
 31
0
  0
LINE
  5
587
330
22
100
AcDbEntity
  8
B.Silkscreen
  6
CONTINUOUS
100
AcDbLine
 10
138.7781239999999912
 20
-90.556248999999994
 30
0
 11
138.3151039999999909
 21
-90.556248999999994
 31
0
  0
LINE
  5
588
330
22
100
AcDbEntity
  8
B.Silkscreen
  6
CONTINUOUS
100
AcDbLine
 10
138.3151039999999909
 20
-90.556248999999994
 30
0
 11
137.8520829999999933
 21
-90.556248999999994
 31
0
  0
LINE
  5
589
330
22
100
AcDbEntity
  8
B.Silkscreen
  6
CONTINUOUS
100
AcDbLine
 10
137.8520829999999933
 20
-90.556248999999994
 30
0
 11
137.3890629999999931
 21
-90.556248999999994
 31
0
  0
LINE
  5
58A
330
22
100
AcDbEntity
  8
B.Silkscreen
  6
CONTINUOUS
100
AcDbLine
 10
137.3890629999999931
 20
-90.556248999999994
 30
0
 11
137.3890629999999931
 21
-90.0932279999999963
 31
0
  0
LINE
  5
58B
330
22
100
AcDbEntity
  8
B.Silkscreen
  6
CONTINUOUS
100
AcDbLine
 10
137.3890629999999931
 20
-90.0932279999999963
 30
0
 11
137.3890629999999931
 21
-89.6302069999999986
 31
0
  0
LINE
  5
58C
330
22
100
AcDbEntity
  8
B.Silkscreen
  6
CONTINUOUS
100
AcDbLine
 10
137.3890629999999931
 20
-89.6302069999999986
 30
0
 11
136.9260419999999954
 21
-89.6302069999999986
 31
0
  0
LINE
  5
58D
330
22
100
AcDbEntity
  8
B.Silkscreen
  6
CONTINUOUS
100
AcDbLine
 10
136.9260419999999954
 20
-89.6302069999999986
 30
0
 11
136.9260419999999954
 21
-89.1671860000000009
 31
0
  0
LINE
  5
58E
330
22
100
AcDbEntity
  8
B.Silkscreen
  6
CONTINUOUS
100
AcDbLine
 10
136.9260419999999954
 20
-89.1671860000000009
 30
0
 11
137.3890629999999931
 21
-89.1671860000000009
 31
0
  0
LINE
  5
58F
330
22
100
AcDbEntity
  8
B.Silkscreen
  6
CONTINUOUS
100
AcDbLine
 10
137.3890629999999931
 20
-89.1671860000000009
 30
0
 11
137.3890629999999931
 21
-88.7041660000000007
 31
0
  0
LINE
  5
590
330
22
100
AcDbEntity
  8
B.Silkscreen
  6
CONTINUOUS
100
AcDbLine
 10
137.3890629999999931
 20
-88.7041660000000007
 30
0
 11
136.9260419999999954
 21
-88.7041660000000007
 31
0
  0
LINE
  5
591
330
22
100
AcDbEntity
  8
B.Silkscreen
  6
CONTINUOUS
100
AcDbLine
 10
136.9260419999999954
 20
-88.7041660000000007
 30
0
 11
136.9260419999999954
 21
-89.1671860000000009
 31
0
  0
LINE
  5
592
330
22
100
AcDbEntity
  8
B.Silkscreen
  6
CONTINUOUS
100
AcDbLine
 10
136.9260419999999954
 20
-89.1671860000000009
 30
0
 11
136.4630209999999977
 21
-89.1671860000000009
 31
0
  0
LINE
  5
593
330
22
100
AcDbEntity
  8
B.Silkscreen
  6
CONTINUOUS
100
AcDbLine
 10
136.4630209999999977
 20
-89.1671860000000009
 30
0
 11
136.4630209999999977
 21
-89.6302069999999986
 31
0
  0
LINE
  5
594
330
22
100
AcDbEntity
  8
B.Silkscreen
  6
CONTINUOUS
100
AcDbLine
 10
136.4630209999999977
 20
-89.6302069999999986
 30
0
 11
136.4630209999999977
 21
-90.0932279999999963
 31
0
  0
LINE
  5
595
330
22
100
AcDbEntity
  8
B.Silkscreen
  6
CONTINUOUS
100
AcDbLine
 10
136.4630209999999977
 20
-90.0932279999999963
 30
0
 11
136.
 21
-90.0932279999999963
 31
0
  0
LINE
  5
596
330
22
100
AcDbEntity
  8
B.Silkscreen
  6
CONTINUOUS
100
AcDbLine
 10
136.
 20
-90.0932279999999963
 30
0
 11
136.
 21
-90.556248999999994
 31
0
  0
LINE
  5
597
330
22
100
AcDbEntity
  8
B.Silkscreen
  6
CONTINUOUS
100
AcDbLine
 10
136.
 20
-90.556248999999994
 30
0
 11
136.
 21
-91.0192699999999917
 31
0
  0
LINE
  5
598
330
22
100
AcDbEntity
  8
B.Silkscreen
  6
CONTINUOUS
100
AcDbLine
 10
136.
 20
-91.0192699999999917
 30
0
 11
136.
 21
-91.4822899999999919
 31
0
  0
LINE
  5
599
330
22
100
AcDbEntity
  8
B.Silkscreen
  6
CONTINUOUS
100
AcDbLine
 10
136.
 20
-91.4822899999999919
 30
0
 11
135.5369790000000023
 21
-91.4822899999999919
 31
0
  0
LINE
  5
59A
330
22
100
AcDbEntity
  8
B.Silkscreen
  6
CONTINUOUS
100
AcDbLine
 10
135.5369790000000023
 20
-91.4822899999999919
 30
0
 11
135.0739580000000046
 21
-91.4822899999999919
 31
0
  0
LINE
  5
59B
330
22
100
AcDbEntity
  8
B.Silkscreen
  6
CONTINUOUS
100
AcDbLine
 10
135.0739580000000046
 20
-91.4822899999999919
 30
0
 11
134.6109380000000044
 21
-91.4822899999999919
 31
0
  0
LINE
  5
59C
330
22
100
AcDbEntity
  8
B.Silkscreen
  6
CONTINUOUS
100
AcDbLine
 10
134.6109380000000044
 20
-91.4822899999999919
 30
0
 11
134.6109380000000044
 21
-91.9453120000000013
 31
0
  0
LINE
  5
59D
330
22
100
AcDbEntity
  8
B.Silkscreen
  6
CONTINUOUS
100
AcDbLine
 10
134.6109380000000044
 20
-91.9453120000000013
 30
0
 11
134.6109380000000044
 21
-92.4083320000000015
 31
0
  0
LINE
  5
59E
330
22
100
AcDbEntity
  8
B.Silkscreen
  6
CONTINUOUS
100
AcDbLine
 10
134.6109380000000044
 20
-92.4083320000000015
 30
0
 11
134.1479170000000067
 21
-92.4083320000000015
 31
0
  0
LINE
  5
59F
330
22
100
AcDbEntity
  8
B.Silkscreen
  6
CONTINUOUS
100
AcDbLine
 10
134.1479170000000067
 20
-92.4083320000000015
 30
0
 11
133.6848959999999806
 21
-92.4083320000000015
 31
0
  0
LINE
  5
5A0
330
22
100
AcDbEntity
  8
B.Silkscreen
  6
CONTINUOUS
100
AcDbLine
 10
133.6848959999999806
 20
-92.4083320000000015
 30
0
 11
133.2218749999999829
 21
-92.4083320000000015
 31
0
  0
LINE
  5
5A1
330
22
100
AcDbEntity
  8
B.Silkscreen
  6
CONTINUOUS
100
AcDbLine
 10
133.2218749999999829
 20
-92.4083320000000015
 30
0
 11
133.2218749999999829
 21
-91.9453120000000013
 31
0
  0
LINE
  5
5A2
330
22
100
AcDbEntity
  8
B.Silkscreen
  6
CONTINUOUS
100
AcDbLine
 10
133.2218749999999829
 20
-91.9453120000000013
 30
0
 11
133.6848959999999806
 21
-91.9453120000000013
 31
0
  0
LINE
  5
5A3
330
22
100
AcDbEntity
  8
B.Silkscreen
  6
CONTINUOUS
100
AcDbLine
 10
133.6848959999999806
 20
-91.9453120000000013
 30
0
 11
133.6848959999999806
 21
-91.4822899999999919
 31
0
  0
LINE
  5
5A4
330
22
100
AcDbEntity
  8
B.Silkscreen
  6
CONTINUOUS
100
AcDbLine
 10
133.6848959999999806
 20
-91.4822899999999919
 30
0
 11
133.2218749999999829
 21
-91.4822899999999919
 31
0
  0
LINE
  5
5A5
330
22
100
AcDbEntity
  8
B.Silkscreen
  6
CONTINUOUS
100
AcDbLine
 10
133.2218749999999829
 20
-91.4822899999999919
 30
0
 11
133.2218749999999829
 21
-91.9453120000000013
 31
0
  0
LINE
  5
5A6
330
22
100
AcDbEntity
  8
B.Silkscreen
  6
CONTINUOUS
100
AcDbLine
 10
133.2218749999999829
 20
-91.9453120000000013
 30
0
 11
132.7588539999999853
 21
-91.9453120000000013
 31
0
  0
LINE
  5
5A7
330
22
100
AcDbEntity
  8
B.Silkscreen
  6
CONTINUOUS
100
AcDbLine
 10
132.7588539999999853
 20
-91.9453120000000013
 30
0
 11
132.7588539999999853
 21
-92.4083320000000015
 31
0
  0
LINE
  5
5A8
330
22
100
AcDbEntity
  8
B.Silkscreen
  6
CONTINUOUS
100
AcDbLine
 10
132.7588539999999853
 20
-92.4083320000000015
 30
0
 11
132.2958339999999851
 21
-92.4083320000000015
 31
0
  0
LINE
  5
5A9
330
22
100
AcDbEntity
  8
B.Silkscreen
  6
CONTINUOUS
100
AcDbLine
 10
132.2958339999999851
 20
-92.4083320000000015
 30
0
 11
132.2958339999999851
 21
-91.9453120000000013
 31
0
  0
LINE
  5
5AA
330
22
100
AcDbEntity
  8
B.Silkscreen
  6
CONTINUOUS
100
AcDbLine
 10
132.2958339999999851
 20
-91.9453120000000013
 30
0
 11
132.2958339999999851
 21
-91.4822899999999919
 31
0
  0
LINE
  5
5AB
330
22
100
AcDbEntity
  8
B.Silkscreen
  6
CONTINUOUS
100
AcDbLine
 10
132.2958339999999851
 20
-91.4822899999999919
 30
0
 11
131.8328119999999899
 21
-91.4822899999999919
 31
0
  0
LINE
  5
5AC
330
22
100
AcDbEntity
  8
B.Silkscreen
  6
CONTINUOUS
100
AcDbLine
 10
131.8328119999999899
 20
-91.4822899999999919
 30
0
 11
131.8328119999999899
 21
-91.0192699999999917
 31
0
  0
LINE
  5
5AD
330
22
100
AcDbEntity
  8
B.Silkscreen
  6
CONTINUOUS
100
AcDbLine
 10
131.8328119999999899
 20
-91.0192699999999917
 30
0
 11
132.2958339999999851
 21
-91.0192699999999917
 31
0
  0
LINE
  5
5AE
330
22
100
AcDbEntity
  8
B.Silkscreen
  6
CONTINUOUS
100
AcDbLine
 10
132.2958339999999851
 20
-91.0192699999999917
 30
0
 11
132.2958339999999851
 21
-90.556248999999994
 31
0
  0
LINE
  5
5AF
330
22
100
AcDbEntity
  8
B.Silkscreen
  6
CONTINUOUS
100
AcDbLine
 10
132.2958339999999851
 20
-90.556248999999994
 30
0
 11
132.7588539999999853
 21
-90.556248999999994
 31
0
  0
LINE
  5
5B0
330
22
100
AcDbEntity
  8
B.Silkscreen
  6
CONTINUOUS
100
AcDbLine
 10
132.7588539999999853
 20
-90.556248999999994
 30
0
 11
132.7588539999999853
 21
-90.0932279999999963
 31
0
  0
LINE
  5
5B1
330
22
100
AcDbEntity
  8
B.Silkscreen
  6
CONTINUOUS
100
AcDbLine
 10
132.7588539999999853
 20
-90.0932279999999963
 30
0
 11
133.2218749999999829
 21
-90.0932279999999963
 31
0
  0
LINE
  5
5B2
330
22
100
AcDbEntity
  8
B.Silkscreen
  6
CONTINUOUS
100
AcDbLine
 10
133.2218749999999829
 20
-90.0932279999999963
 30
0
 11
133.2218749999999829
 21
-89.6302069999999986
 31
0
  0
LINE
  5
5B3
330
22
100
AcDbEntity
  8
B.Silkscreen
  6
CONTINUOUS
100
AcDbLine
 10
133.2218749999999829
 20
-89.6302069999999986
 30
0
 11
132.7588539999999853
 21
-89.6302069999999986
 31
0
  0
LINE
  5
5B4
330
22
100
AcDbEntity
  8
B.Silkscreen
  6
CONTINUOUS
100
AcDbLine
 10
132.7588539999999853
 20
-89.6302069999999986
 30
0
 11
132.2958339999999851
 21
-89.6302069999999986
 31
0
  0
LINE
  5
5B5
330
22
100
AcDbEntity
  8
B.Silkscreen
  6
CONTINUOUS
100
AcDbLine
 10
132.2958339999999851
 20
-89.6302069999999986
 30
0
 11
132.2958339999999851
 21
-89.1671860000000009
 31
0
  0
LINE
  5
5B6
330
22
100
AcDbEntity
  8
B.Silkscreen
  6
CONTINUOUS
100
AcDbLine
 10
132.2958339999999851
 20
-89.1671860000000009
 30
0
 11
132.7588539999999853
 21
-89.1671860000000009
 31
0
  0
LINE
  5
5B7
330
22
100
AcDbEntity
  8
B.Silkscreen
  6
CONTINUOUS
100
AcDbLine
 10
132.7588539999999853
 20
-89.1671860000000009
 30
0
 11
132.7588539999999853
 21
-88.7041660000000007
 31
0
  0
LINE
  5
5B8
330
22
100
AcDbEntity
  8
B.Silkscreen
  6
CONTINUOUS
100
AcDbLine
 10
132.7588539999999853
 20
-88.7041660000000007
 30
0
 11
133.2218749999999829
 21
-88.7041660000000007
 31
0
  0
LINE
  5
5B9
330
22
100
AcDbEntity
  8
B.Silkscreen
  6
CONTINUOUS
100
AcDbLine
 10
133.2218749999999829
 20
-88.7041660000000007
 30
0
 11
133.2218749999999829
 21
-88.2411450000000031
 31
0
  0
LINE
  5
5BA
330
22
100
AcDbEntity
  8
B.Silkscreen
  6
CONTINUOUS
100
AcDbLine
 10
133.2218749999999829
 20
-88.2411450000000031
 30
0
 11
133.6848959999999806
 21
-88.2411450000000031
 31
0
  0
LINE
  5
5BB
330
22
100
AcDbEntity
  8
B.Silkscreen
  6
CONTINUOUS
100
AcDbLine
 10
133.6848959999999806
 20
-88.2411450000000031
 30
0
 11
134.1479170000000067
 21
-88.2411450000000031
 31
0
  0
LINE
  5
5BC
330
22
100
AcDbEntity
  8
B.Silkscreen
  6
CONTINUOUS
100
AcDbLine
 10
134.1479170000000067
 20
-88.2411450000000031
 30
0
 11
134.1479170000000067
 21
-87.7781239999999912
 31
0
  0
LINE
  5
5BD
330
22
100
AcDbEntity
  8
B.Silkscreen
  6
CONTINUOUS
100
AcDbLine
 10
134.1479170000000067
 20
-87.7781239999999912
 30
0
 11
134.6109380000000044
 21
-87.7781239999999912
 31
0
  0
LINE
  5
5BE
330
22
100
AcDbEntity
  8
B.Silkscreen
  6
CONTINUOUS
100
AcDbLine
 10
134.6109380000000044
 20
-87.7781239999999912
 30
0
 11
134.6109380000000044
 21
-88.2411450000000031
 31
0
  0
LINE
  5
5BF
330
22
100
AcDbEntity
  8
B.Silkscreen
  6
CONTINUOUS
100
AcDbLine
 10
134.6109380000000044
 20
-88.2411450000000031
 30
0
 11
135.0739580000000046
 21
-88.2411450000000031
 31
0
  0
LINE
  5
5C0
330
22
100
AcDbEntity
  8
B.Silkscreen
  6
CONTINUOUS
100
AcDbLine
 10
135.0739580000000046
 20
-88.2411450000000031
 30
0
 11
135.0739580000000046
 21
-87.7781239999999912
 31
0
  0
LINE
  5
5C1
330
22
100
AcDbEntity
  8
B.Silkscreen
  6
CONTINUOUS
100
AcDbLine
 10
135.0739580000000046
 20
-87.7781239999999912
 30
0
 11
135.5369790000000023
 21
-87.7781239999999912
 31
0
  0
LINE
  5
5C2
330
22
100
AcDbEntity
  8
B.Silkscreen
  6
CONTINUOUS
100
AcDbLine
 10
135.5369790000000023
 20
-87.7781239999999912
 30
0
 11
135.5369790000000023
 21
-88.2411450000000031
 31
0
  0
LINE
  5
5C3
330
22
100
AcDbEntity
  8
B.Silkscreen
  6
CONTINUOUS
100
AcDbLine
 10
135.5369790000000023
 20
-88.2411450000000031
 30
0
 11
136.
 21
-88.2411450000000031
 31
0
  0
LINE
  5
5C4
330
22
100
AcDbEntity
  8
B.Silkscreen
  6
CONTINUOUS
100
AcDbLine
 10
136.
 20
-88.2411450000000031
 30
0
 11
136.
 21
-88.7041660000000007
 31
0
  0
LINE
  5
5C5
330
22
100
AcDbEntity
  8
B.Silkscreen
  6
CONTINUOUS
100
AcDbLine
 10
136.
 20
-88.7041660000000007
 30
0
 11
135.5369790000000023
 21
-88.7041660000000007
 31
0
  0
LINE
  5
5C6
330
22
100
AcDbEntity
  8
B.Silkscreen
  6
CONTINUOUS
100
AcDbLine
 10
135.5369790000000023
 20
-88.7041660000000007
 30
0
 11
135.5369790000000023
 21
-89.1671860000000009
 31
0
  0
LINE
  5
5C7
330
22
100
AcDbEntity
  8
B.Silkscreen
  6
CONTINUOUS
100
AcDbLine
 10
135.5369790000000023
 20
-89.1671860000000009
 30
0
 11
136.
 21
-89.1671860000000009
 31
0
  0
LINE
  5
5C8
330
22
100
AcDbEntity
  8
B.Silkscreen
  6
CONTINUOUS
100
AcDbLine
 10
136.
 20
-89.1671860000000009
 30
0
 11
136.
 21
-88.7041660000000007
 31
0
  0
LINE
  5
5C9
330
22
100
AcDbEntity
  8
B.Silkscreen
  6
CONTINUOUS
100
AcDbLine
 10
136.
 20
-88.7041660000000007
 30
0
 11
136.4630209999999977
 21
-88.7041660000000007
 31
0
  0
LINE
  5
5CA
330
22
100
AcDbEntity
  8
B.Silkscreen
  6
CONTINUOUS
100
AcDbLine
 10
136.4630209999999977
 20
-88.7041660000000007
 30
0
 11
136.4630209999999977
 21
-88.2411450000000031
 31
0
  0
LINE
  5
5CB
330
22
100
AcDbEntity
  8
B.Silkscreen
  6
CONTINUOUS
100
AcDbLine
 10
136.4630209999999977
 20
-88.2411450000000031
 30
0
 11
136.9260419999999954
 21
-88.2411450000000031
 31
0
  0
LINE
  5
5CC
330
22
100
AcDbEntity
  8
B.Silkscreen
  6
CONTINUOUS
100
AcDbLine
 10
136.9260419999999954
 20
-88.2411450000000031
 30
0
 11
136.9260419999999954
 21
-87.7781239999999912
 31
0
  0
LINE
  5
5CD
330
22
100
AcDbEntity
  8
B.Silkscreen
  6
CONTINUOUS
100
AcDbLine
 10
136.9260419999999954
 20
-87.7781239999999912
 30
0
 11
136.4630209999999977
 21
-87.7781239999999912
 31
0
  0
LINE
  5
5CE
330
22
100
AcDbEntity
  8
B.Silkscreen
  6
CONTINUOUS
100
AcDbLine
 10
136.4630209999999977
 20
-87.7781239999999912
 30
0
 11
136.
 21
-87.7781239999999912
 31
0
  0
LINE
  5
5CF
330
22
100
AcDbEntity
  8
B.Silkscreen
  6
CONTINUOUS
100
AcDbLine
 10
136.
 20
-87.7781239999999912
 30
0
 11
135.5369790000000023
 21
-87.7781239999999912
 31
0
  0
LINE
  5
5D0
330
22
100
AcDbEntity
  8
B.Silkscreen
  6
CONTINUOUS
100
AcDbLine
 10
135.5369790000000023
 20
-87.7781239999999912
 30
0
 11
135.5369790000000023
 21
-87.3151029999999935
 31
0
  0
LINE
  5
5D1
330
22
100
AcDbEntity
  8
B.Silkscreen
  6
CONTINUOUS
100
AcDbLine
 10
135.5369790000000023
 20
-87.3151029999999935
 30
0
 11
135.5369790000000023
 21
-86.8520819999999958
 31
0
  0
LINE
  5
5D2
330
22
100
AcDbEntity
  8
B.Silkscreen
  6
CONTINUOUS
100
AcDbLine
 10
135.5369790000000023
 20
-86.8520819999999958
 30
0
 11
135.5369790000000023
 21
-86.3890609999999981
 31
0
  0
LINE
  5
5D3
330
22
100
AcDbEntity
  8
B.Silkscreen
  6
CONTINUOUS
100
AcDbLine
 10
135.5369790000000023
 20
-86.3890609999999981
 30
0
 11
135.5369790000000023
 21
-85.9260409999999979
 31
0
  0
LINE
  5
5D4
330
22
100
AcDbEntity
  8
B.Silkscreen
  6
CONTINUOUS
100
AcDbLine
 10
135.5369790000000023
 20
-85.9260409999999979
 30
0
 11
136.
 21
-85.9260409999999979
 31
0
  0
LINE
  5
5D5
330
22
100
AcDbEntity
  8
B.Silkscreen
  6
CONTINUOUS
100
AcDbLine
 10
136.
 20
-85.9260409999999979
 30
0
 11
136.
 21
-86.3890609999999981
 31
0
  0
LINE
  5
5D6
330
22
100
AcDbEntity
  8
B.Silkscreen
  6
CONTINUOUS
100
AcDbLine
 10
136.
 20
-86.3890609999999981
 30
0
 11
136.
 21
-86.8520819999999958
 31
0
  0
LINE
  5
5D7
330
22
100
AcDbEntity
  8
B.Silkscreen
  6
CONTINUOUS
100
AcDbLine
 10
136.
 20
-86.8520819999999958
 30
0
 11
136.4630209999999977
 21
-86.8520819999999958
 31
0
  0
LINE
  5
5D8
330
22
100
AcDbEntity
  8
B.Silkscreen
  6
CONTINUOUS
100
AcDbLine
 10
136.4630209999999977
 20
-86.8520819999999958
 30
0
 11
136.4630209999999977
 21
-86.3890609999999981
 31
0
  0
LINE
  5
5D9
330
22
100
AcDbEntity
  8
B.Silkscreen
  6
CONTINUOUS
100
AcDbLine
 10
136.4630209999999977
 20
-86.3890609999999981
 30
0
 11
136.9260419999999954
 21
-86.3890609999999981
 31
0
  0
LINE
  5
5DA
330
22
100
AcDbEntity
  8
B.Silkscreen
  6
CONTINUOUS
100
AcDbLine
 10
136.9260419999999954
 20
-86.3890609999999981
 30
0
 11
136.9260419999999954
 21
-86.8520819999999958
 31
0
  0
LINE
  5
5DB
330
22
100
AcDbEntity
  8
B.Silkscreen
  6
CONTINUOUS
100
AcDbLine
 10
136.9260419999999954
 20
-86.8520819999999958
 30
0
 11
137.3890629999999931
 21
-86.8520819999999958
 31
0
  0
LINE
  5
5DC
330
22
100
AcDbEntity
  8
B.Silkscreen
  6
CONTINUOUS
100
AcDbLine
 10
137.3890629999999931
 20
-86.8520819999999958
 30
0
 11
137.8520829999999933
 21
-86.8520819999999958
 31
0
  0
LINE
  5
5DD
330
22
100
AcDbEntity
  8
B.Silkscreen
  6
CONTINUOUS
100
AcDbLine
 10
137.8520829999999933
 20
-86.8520819999999958
 30
0
 11
137.8520829999999933
 21
-87.3151029999999935
 31
0
  0
LINE
  5
5DE
330
22
100
AcDbEntity
  8
B.Silkscreen
  6
CONTINUOUS
100
AcDbLine
 10
137.8520829999999933
 20
-87.3151029999999935
 30
0
 11
137.8520829999999933
 21
-87.7781239999999912
 31
0
  0
LINE
  5
5DF
330
22
100
AcDbEntity
  8
B.Silkscreen
  6
CONTINUOUS
100
AcDbLine
 10
137.8520829999999933
 20
-87.7781239999999912
 30
0
 11
137.3890629999999931
 21
-87.7781239999999912
 31
0
  0
LINE
  5
5E0
330
22
100
AcDbEntity
  8
B.Silkscreen
  6
CONTINUOUS
100
AcDbLine
 10
137.3890629999999931
 20
-87.7781239999999912
 30
0
 11
137.3890629999999931
 21
-88.2411450000000031
 31
0
  0
LINE
  5
5E1
330
22
100
AcDbEntity
  8
B.Silkscreen
  6
CONTINUOUS
100
AcDbLine
 10
137.3890629999999931
 20
-88.2411450000000031
 30
0
 11
137.8520829999999933
 21
-88.2411450000000031
 31
0
  0
LINE
  5
5E2
330
22
100
AcDbEntity
  8
B.Silkscreen
  6
CONTINUOUS
100
AcDbLine
 10
137.8520829999999933
 20
-88.2411450000000031
 30
0
 11
137.8520829999999933
 21
-87.7781239999999912
 31
0
  0
LINE
  5
5E3
330
22
100
AcDbEntity
  8
B.Silkscreen
  6
CONTINUOUS
100
AcDbLine
 10
137.8520829999999933
 20
-87.7781239999999912
 30
0
 11
138.3151039999999909
 21
-87.7781239999999912
 31
0
  0
LINE
  5
5E4
330
22
100
AcDbEntity
  8
B.Silkscreen
  6
CONTINUOUS
100
AcDbLine
 10
138.3151039999999909
 20
-87.7781239999999912
 30
0
 11
138.3151039999999909
 21
-88.2411450000000031
 31
0
  0
LINE
  5
5E5
330
22
100
AcDbEntity
  8
B.Silkscreen
  6
CONTINUOUS
100
AcDbLine
 10
138.3151039999999909
 20
-88.2411450000000031
 30
0
 11
138.7781239999999912
 21
-88.2411450000000031
 31
0
  0
LINE
  5
5E6
330
22
100
AcDbEntity
  8
B.Silkscreen
  6
CONTINUOUS
100
AcDbLine
 10
138.7781239999999912
 20
-88.2411450000000031
 30
0
 11
139.2411459999999863
 21
-88.2411450000000031
 31
0
  0
LINE
  5
5E7
330
22
100
AcDbEntity
  8
B.Silkscreen
  6
CONTINUOUS
100
AcDbLine
 10
139.2411459999999863
 20
-88.2411450000000031
 30
0
 11
139.2411459999999863
 21
-87.7781239999999912
 31
0
  0
LINE
  5
5E8
330
22
100
AcDbEntity
  8
B.Silkscreen
  6
CONTINUOUS
100
AcDbLine
 10
139.2411459999999863
 20
-87.7781239999999912
 30
0
 11
139.7041659999999865
 21
-87.7781239999999912
 31
0
  0
LINE
  5
5E9
330
22
100
AcDbEntity
  8
B.Silkscreen
  6
CONTINUOUS
100
AcDbLine
 10
139.7041659999999865
 20
-87.7781239999999912
 30
0
 11
139.7041659999999865
 21
-87.3151029999999935
 31
0
  0
LINE
  5
5EA
330
22
100
AcDbEntity
  8
B.Silkscreen
  6
CONTINUOUS
100
AcDbLine
 10
139.7041659999999865
 20
-87.3151029999999935
 30
0
 11
140.1671869999999842
 21
-87.3151029999999935
 31
0
  0
LINE
  5
5EB
330
22
100
AcDbEntity
  8
B.Silkscreen
  6
CONTINUOUS
100
AcDbLine
 10
140.1671869999999842
 20
-87.3151029999999935
 30
0
 11
140.1671869999999842
 21
-87.7781239999999912
 31
0
  0
LINE
  5
5EC
330
22
100
AcDbEntity
  8
B.Silkscreen
  6
CONTINUOUS
100
AcDbLine
 10
140.1671869999999842
 20
-87.7781239999999912
 30
0
 11
140.1671869999999842
 21
-88.2411450000000031
 31
0
  0
LINE
  5
5ED
330
22
100
AcDbEntity
  8
B.Silkscreen
  6
CONTINUOUS
100
AcDbLine
 10
140.1671869999999842
 20
-88.2411450000000031
 30
0
 11
139.7041659999999865
 21
-88.2411450000000031
 31
0
  0
LINE
  5
5EE
330
22
100
AcDbEntity
  8
B.Silkscreen
  6
CONTINUOUS
100
AcDbLine
 10
139.7041659999999865
 20
-88.2411450000000031
 30
0
 11
139.7041659999999865
 21
-88.7041660000000007
 31
0
  0
LINE
  5
5EF
330
22
100
AcDbEntity
  8
B.Silkscreen
  6
CONTINUOUS
100
AcDbLine
 10
139.7041659999999865
 20
-88.7041660000000007
 30
0
 11
139.2411459999999863
 21
-88.7041660000000007
 31
0
  0
LINE
  5
5F0
330
22
100
AcDbEntity
  8
B.Silkscreen
  6
CONTINUOUS
100
AcDbLine
 10
139.2411459999999863
 20
-88.7041660000000007
 30
0
 11
139.2411459999999863
 21
-89.1671860000000009
 31
0
  0
LINE
  5
5F1
330
22
100
AcDbEntity
  8
B.Silkscreen
  6
CONTINUOUS
100
AcDbLine
 10
139.2411459999999863
 20
-89.1671860000000009
 30
0
 11
139.2411459999999863
 21
-89.6302069999999986
 31
0
  0
LINE
  5
5F2
330
22
100
AcDbEntity
  8
B.Silkscreen
  6
CONTINUOUS
100
AcDbLine
 10
139.2411459999999863
 20
-89.6302069999999986
 30
0
 11
138.7781239999999912
 21
-89.6302069999999986
 31
0
  0
LINE
  5
5F3
330
22
100
AcDbEntity
  8
B.Silkscreen
  6
CONTINUOUS
100
AcDbLine
 10
138.7781239999999912
 20
-89.6302069999999986
 30
0
 11
138.3151039999999909
 21
-89.6302069999999986
 31
0
  0
LINE
  5
5F4
330
22
100
AcDbEntity
  8
B.Silkscreen
  6
CONTINUOUS
100
AcDbLine
 10
138.3151039999999909
 20
-89.6302069999999986
 30
0
 11
138.3151039999999909
 21
-89.1671860000000009
 31
0
  0
LINE
  5
5F5
330
22
100
AcDbEntity
  8
B.Silkscreen
  6
CONTINUOUS
100
AcDbLine
 10
138.3151039999999909
 20
-89.1671860000000009
 30
0
 11
138.7781239999999912
 21
-89.1671860000000009
 31
0
  0
LINE
  5
5F6
330
22
100
AcDbEntity
  8
B.Silkscreen
  6
CONTINUOUS
100
AcDbLine
 10
134.6109380000000044
 20
-88.7041660000000007
 30
0
 11
134.1479170000000067
 21
-88.7041660000000007
 31
0
  0
LINE
  5
5F7
330
22
100
AcDbEntity
  8
B.Silkscreen
  6
CONTINUOUS
100
AcDbLine
 10
134.1479170000000067
 20
-88.7041660000000007
 30
0
 11
133.6848959999999806
 21
-88.7041660000000007
 31
0
  0
LINE
  5
5F8
330
22
100
AcDbEntity
  8
B.Silkscreen
  6
CONTINUOUS
100
AcDbLine
 10
133.6848959999999806
 20
-88.7041660000000007
 30
0
 11
133.6848959999999806
 21
-89.1671860000000009
 31
0
  0
LINE
  5
5F9
330
22
100
AcDbEntity
  8
B.Silkscreen
  6
CONTINUOUS
100
AcDbLine
 10
133.6848959999999806
 20
-89.1671860000000009
 30
0
 11
133.6848959999999806
 21
-89.6302069999999986
 31
0
  0
LINE
  5
5FA
330
22
100
AcDbEntity
  8
B.Silkscreen
  6
CONTINUOUS
100
AcDbLine
 10
133.6848959999999806
 20
-89.6302069999999986
 30
0
 11
133.6848959999999806
 21
-90.0932279999999963
 31
0
  0
LINE
  5
5FB
330
22
100
AcDbEntity
  8
B.Silkscreen
  6
CONTINUOUS
100
AcDbLine
 10
133.6848959999999806
 20
-90.0932279999999963
 30
0
 11
134.1479170000000067
 21
-90.0932279999999963
 31
0
  0
LINE
  5
5FC
330
22
100
AcDbEntity
  8
B.Silkscreen
  6
CONTINUOUS
100
AcDbLine
 10
134.1479170000000067
 20
-90.0932279999999963
 30
0
 11
134.6109380000000044
 21
-90.0932279999999963
 31
0
  0
LINE
  5
5FD
330
22
100
AcDbEntity
  8
B.Silkscreen
  6
CONTINUOUS
100
AcDbLine
 10
134.6109380000000044
 20
-90.0932279999999963
 30
0
 11
135.0739580000000046
 21
-90.0932279999999963
 31
0
  0
LINE
  5
5FE
330
22
100
AcDbEntity
  8
B.Silkscreen
  6
CONTINUOUS
100
AcDbLine
 10
135.0739580000000046
 20
-90.0932279999999963
 30
0
 11
135.0739580000000046
 21
-89.6302069999999986
 31
0
  0
LINE
  5
5FF
330
22
100
AcDbEntity
  8
B.Silkscreen
  6
CONTINUOUS
100
AcDbLine
 10
135.0739580000000046
 20
-89.6302069999999986
 30
0
 11
135.0739580000000046
 21
-89.1671860000000009
 31
0
  0
LINE
  5
600
330
22
100
AcDbEntity
  8
B.Silkscreen
  6
CONTINUOUS
100
AcDbLine
 10
135.0739580000000046
 20
-89.1671860000000009
 30
0
 11
135.0739580000000046
 21
-88.7041660000000007
 31
0
  0
LINE
  5
601
330
22
100
AcDbEntity
  8
B.Silkscreen
  6
CONTINUOUS
100
AcDbLine
 10
135.0739580000000046
 20
-88.7041660000000007
 30
0
 11
134.6109380000000044
 21
-88.7041660000000007
 31
0
  0
LINE
  5
602
330
22
100
AcDbEntity
  8
B.Silkscreen
  6
CONTINUOUS
100
AcDbLine
 10
134.1479170000000067
 20
-90.556248999999994
 30
0
 11
133.6848959999999806
 21
-90.556248999999994
 31
0
  0
LINE
  5
603
330
22
100
AcDbEntity
  8
B.Silkscreen
  6
CONTINUOUS
100
AcDbLine
 10
133.6848959999999806
 20
-90.556248999999994
 30
0
 11
133.2218749999999829
 21
-90.556248999999994
 31
0
  0
LINE
  5
604
330
22
100
AcDbEntity
  8
B.Silkscreen
  6
CONTINUOUS
100
AcDbLine
 10
133.2218749999999829
 20
-90.556248999999994
 30
0
 11
133.2218749999999829
 21
-91.0192699999999917
 31
0
  0
LINE
  5
605
330
22
100
AcDbEntity
  8
B.Silkscreen
  6
CONTINUOUS
100
AcDbLine
 10
133.2218749999999829
 20
-91.0192699999999917
 30
0
 11
133.6848959999999806
 21
-91.0192699999999917
 31
0
  0
LINE
  5
606
330
22
100
AcDbEntity
  8
B.Silkscreen
  6
CONTINUOUS
100
AcDbLine
 10
133.6848959999999806
 20
-91.0192699999999917
 30
0
 11
134.1479170000000067
 21
-91.0192699999999917
 31
0
  0
LINE
  5
607
330
22
100
AcDbEntity
  8
B.Silkscreen
  6
CONTINUOUS
100
AcDbLine
 10
134.1479170000000067
 20
-91.0192699999999917
 30
0
 11
134.6109380000000044
 21
-91.0192699999999917
 31
0
  0
LINE
  5
608
330
22
100
AcDbEntity
  8
B.Silkscreen
  6
CONTINUOUS
100
AcDbLine
 10
134.6109380000000044
 20
-91.0192699999999917
 30
0
 11
134.6109380000000044
 21
-90.556248999999994
 31
0
  0
LINE
  5
609
330
22
100
AcDbEntity
  8
B.Silkscreen
  6
CONTINUOUS
100
AcDbLine
 10
134.6109380000000044
 20
-90.556248999999994
 30
0
 11
134.1479170000000067
 21
-90.556248999999994
 31
0
  0
LINE
  5
60A
330
22
100
AcDbEntity
  8
B.Silkscreen
  6
CONTINUOUS
100
AcDbLine
 10
147.6501399999999933
 20
-88.3812599999999975
 30
0
 11
147.6574880000000007
 21
-88.3812599999999975
 31
0
  0
LINE
  5
60B
330
22
100
AcDbEntity
  8
B.Silkscreen
  6
CONTINUOUS
100
AcDbLine
 10
147.6574880000000007
 20
-88.3812599999999975
 30
0
 11
147.6643479999999897
 21
-88.3841010000000011
 31
0
  0
LINE
  5
60C
330
22
100
AcDbEntity
  8
B.Silkscreen
  6
CONTINUOUS
100
AcDbLine
 10
147.6643479999999897
 20
-88.3841010000000011
 30
0
 11
147.6716289999999958
 21
-88.385557999999989
 31
0
  0
LINE
  5
60D
330
22
100
AcDbEntity
  8
B.Silkscreen
  6
CONTINUOUS
100
AcDbLine
 10
147.6716289999999958
 20
-88.385557999999989
 30
0
 11
147.6777339999999867
 21
-88.389645999999999
 31
0
  0
LINE
  5
60E
330
22
100
AcDbEntity
  8
B.Silkscreen
  6
CONTINUOUS
100
AcDbLine
 10
147.6777339999999867
 20
-88.389645999999999
 30
0
 11
147.6845239999999819
 21
-88.3924590000000023
 31
0
  0
LINE
  5
60F
330
22
100
AcDbEntity
  8
B.Silkscreen
  6
CONTINUOUS
100
AcDbLine
 10
147.6845239999999819
 20
-88.3924590000000023
 30
0
 11
147.6897739999999999
 21
-88.3977089999999919
 31
0
  0
LINE
  5
610
330
22
100
AcDbEntity
  8
B.Silkscreen
  6
CONTINUOUS
100
AcDbLine
 10
147.6897739999999999
 20
-88.3977089999999919
 30
0
 11
147.6959439999999972
 21
-88.4018409999999903
 31
0
  0
LINE
  5
611
330
22
100
AcDbEntity
  8
B.Silkscreen
  6
CONTINUOUS
100
AcDbLine
 10
147.6959439999999972
 20
-88.4018409999999903
 30
0
 11
147.7051639999999963
 21
-88.4130990000000025
 31
0
  0
LINE
  5
612
330
22
100
AcDbEntity
  8
B.Silkscreen
  6
CONTINUOUS
100
AcDbLine
 10
147.7051639999999963
 20
-88.4130990000000025
 30
0
 11
147.7052160000000072
 21
-88.4131509999999992
 31
0
  0
LINE
  5
613
330
22
100
AcDbEntity
  8
B.Silkscreen
  6
CONTINUOUS
100
AcDbLine
 10
147.7052160000000072
 20
-88.4131509999999992
 30
0
 11
147.7052249999999844
 21
-88.4131730000000005
 31
0
  0
LINE
  5
614
330
22
100
AcDbEntity
  8
B.Silkscreen
  6
CONTINUOUS
100
AcDbLine
 10
147.7052249999999844
 20
-88.4131730000000005
 30
0
 11
147.7052599999999813
 21
-88.4132159999999914
 31
0
  0
LINE
  5
615
330
22
100
AcDbEntity
  8
B.Silkscreen
  6
CONTINUOUS
100
AcDbLine
 10
147.7052599999999813
 20
-88.4132159999999914
 30
0
 11
147.7963780000000042
 21
-88.5498939999999948
 31
0
  0
LINE
  5
616
330
22
100
AcDbEntity
  8
B.Silkscreen
  6
CONTINUOUS
100
AcDbLine
 10
147.7963780000000042
 20
-88.5498939999999948
 30
0
 11
147.8777589999999975
 21
-88.6312750000000023
 31
0
  0
LINE
  5
617
330
22
100
AcDbEntity
  8
B.Silkscreen
  6
CONTINUOUS
100
AcDbLine
 10
147.8777589999999975
 20
-88.6312750000000023
 30
0
 11
147.9621109999999931
 21
-88.673451
 31
0
  0
LINE
  5
618
330
22
100
AcDbEntity
  8
B.Silkscreen
  6
CONTINUOUS
100
AcDbLine
 10
147.9621109999999931
 20
-88.673451
 30
0
 11
147.9745539999999835
 21
-88.6812829999999934
 31
0
  0
LINE
  5
619
330
22
100
AcDbEntity
  8
B.Silkscreen
  6
CONTINUOUS
100
AcDbLine
 10
147.9745539999999835
 20
-88.6812829999999934
 30
0
 11
147.9937270000000069
 21
-88.7033909999999963
 31
0
  0
LINE
  5
61A
330
22
100
AcDbEntity
  8
B.Silkscreen
  6
CONTINUOUS
100
AcDbLine
 10
147.9937270000000069
 20
-88.7033909999999963
 30
0
 11
148.0029810000000055
 21
-88.7311519999999945
 31
0
  0
LINE
  5
61B
330
22
100
AcDbEntity
  8
B.Silkscreen
  6
CONTINUOUS
100
AcDbLine
 10
148.0029810000000055
 20
-88.7311519999999945
 30
0
 11
148.0009069999999838
 21
-88.7603419999999943
 31
0
  0
LINE
  5
61C
330
22
100
AcDbEntity
  8
B.Silkscreen
  6
CONTINUOUS
100
AcDbLine
 10
148.0009069999999838
 20
-88.7603419999999943
 30
0
 11
147.9878190000000018
 21
-88.7865169999999893
 31
0
  0
LINE
  5
61D
330
22
100
AcDbEntity
  8
B.Silkscreen
  6
CONTINUOUS
100
AcDbLine
 10
147.9878190000000018
 20
-88.7865169999999893
 30
0
 11
147.9657119999999964
 21
-88.8056899999999985
 31
0
  0
LINE
  5
61E
330
22
100
AcDbEntity
  8
B.Silkscreen
  6
CONTINUOUS
100
AcDbLine
 10
147.9657119999999964
 20
-88.8056899999999985
 30
0
 11
147.9379500000000007
 21
-88.814943999999997
 31
0
  0
LINE
  5
61F
330
22
100
AcDbEntity
  8
B.Silkscreen
  6
CONTINUOUS
100
AcDbLine
 10
147.9379500000000007
 20
-88.814943999999997
 30
0
 11
147.9087600000000009
 21
-88.8128699999999895
 31
0
  0
LINE
  5
620
330
22
100
AcDbEntity
  8
B.Silkscreen
  6
CONTINUOUS
100
AcDbLine
 10
147.9087600000000009
 20
-88.8128699999999895
 30
0
 11
147.8950289999999939
 21
-88.8076149999999984
 31
0
  0
LINE
  5
621
330
22
100
AcDbEntity
  8
B.Silkscreen
  6
CONTINUOUS
100
AcDbLine
 10
147.8950289999999939
 20
-88.8076149999999984
 30
0
 11
147.799790999999999
 21
-88.759996000000001
 31
0
  0
LINE
  5
622
330
22
100
AcDbEntity
  8
B.Silkscreen
  6
CONTINUOUS
100
AcDbLine
 10
147.799790999999999
 20
-88.759996000000001
 30
0
 11
147.7934960000000046
 21
-88.7560330000000022
 31
0
  0
LINE
  5
623
330
22
100
AcDbEntity
  8
B.Silkscreen
  6
CONTINUOUS
100
AcDbLine
 10
147.7934960000000046
 20
-88.7560330000000022
 30
0
 11
147.7916639999999973
 21
-88.7552749999999975
 31
0
  0
LINE
  5
624
330
22
100
AcDbEntity
  8
B.Silkscreen
  6
CONTINUOUS
100
AcDbLine
 10
147.7916639999999973
 20
-88.7552749999999975
 30
0
 11
147.7896020000000021
 21
-88.7535829999999919
 31
0
  0
LINE
  5
625
330
22
100
AcDbEntity
  8
B.Silkscreen
  6
CONTINUOUS
100
AcDbLine
 10
147.7896020000000021
 20
-88.7535829999999919
 30
0
 11
147.7873479999999802
 21
-88.7521639999999934
 31
0
  0
LINE
  5
626
330
22
100
AcDbEntity
  8
B.Silkscreen
  6
CONTINUOUS
100
AcDbLine
 10
147.7873479999999802
 20
-88.7521639999999934
 30
0
 11
147.7860489999999913
 21
-88.7506669999999929
 31
0
  0
LINE
  5
627
330
22
100
AcDbEntity
  8
B.Silkscreen
  6
CONTINUOUS
100
AcDbLine
 10
147.7860489999999913
 20
-88.7506669999999929
 30
0
 11
147.7802989999999852
 21
-88.745947000000001
 31
0
  0
LINE
  5
628
330
22
100
AcDbEntity
  8
B.Silkscreen
  6
CONTINUOUS
100
AcDbLine
 10
147.7802989999999852
 20
-88.745947000000001
 30
0
 11
147.7178559999999834
 21
-88.6835039999999992
 31
0
  0
LINE
  5
629
330
22
100
AcDbEntity
  8
B.Silkscreen
  6
CONTINUOUS
100
AcDbLine
 10
147.7178559999999834
 20
-88.6835039999999992
 30
0
 11
147.7178559999999834
 21
-89.3798189999999977
 31
0
  0
LINE
  5
62A
330
22
100
AcDbEntity
  8
B.Silkscreen
  6
CONTINUOUS
100
AcDbLine
 10
147.7178559999999834
 20
-89.3798189999999977
 30
0
 11
147.9285699999999792
 21
-89.3798189999999977
 31
0
  0
LINE
  5
62B
330
22
100
AcDbEntity
  8
B.Silkscreen
  6
CONTINUOUS
100
AcDbLine
 10
147.9285699999999792
 20
-89.3798189999999977
 30
0
 11
147.9432019999999852
 21
-89.3812599999999975
 31
0
  0
LINE
  5
62C
330
22
100
AcDbEntity
  8
B.Silkscreen
  6
CONTINUOUS
100
AcDbLine
 10
147.9432019999999852
 20
-89.3812599999999975
 30
0
 11
147.9702379999999948
 21
-89.3924590000000023
 31
0
  0
LINE
  5
62D
330
22
100
AcDbEntity
  8
B.Silkscreen
  6
CONTINUOUS
100
AcDbLine
 10
147.9702379999999948
 20
-89.3924590000000023
 30
0
 11
147.9909299999999917
 21
-89.4131509999999992
 31
0
  0
LINE
  5
62E
330
22
100
AcDbEntity
  8
B.Silkscreen
  6
CONTINUOUS
100
AcDbLine
 10
147.9909299999999917
 20
-89.4131509999999992
 30
0
 11
148.0021289999999965
 21
-89.4401869999999946
 31
0
  0
LINE
  5
62F
330
22
100
AcDbEntity
  8
B.Silkscreen
  6
CONTINUOUS
100
AcDbLine
 10
148.0021289999999965
 20
-89.4401869999999946
 30
0
 11
148.0021289999999965
 21
-89.4694509999999923
 31
0
  0
LINE
  5
630
330
22
100
AcDbEntity
  8
B.Silkscreen
  6
CONTINUOUS
100
AcDbLine
 10
148.0021289999999965
 20
-89.4694509999999923
 30
0
 11
147.9909299999999917
 21
-89.4964870000000019
 31
0
  0
LINE
  5
631
330
22
100
AcDbEntity
  8
B.Silkscreen
  6
CONTINUOUS
100
AcDbLine
 10
147.9909299999999917
 20
-89.4964870000000019
 30
0
 11
147.9702379999999948
 21
-89.5171789999999987
 31
0
  0
LINE
  5
632
330
22
100
AcDbEntity
  8
B.Silkscreen
  6
CONTINUOUS
100
AcDbLine
 10
147.9702379999999948
 20
-89.5171789999999987
 30
0
 11
147.9432019999999852
 21
-89.5283779999999894
 31
0
  0
LINE
  5
633
330
22
100
AcDbEntity
  8
B.Silkscreen
  6
CONTINUOUS
100
AcDbLine
 10
147.9432019999999852
 20
-89.5283779999999894
 30
0
 11
147.9285699999999792
 21
-89.5298189999999892
 31
0
  0
LINE
  5
634
330
22
100
AcDbEntity
  8
B.Silkscreen
  6
CONTINUOUS
100
AcDbLine
 10
147.9285699999999792
 20
-89.5298189999999892
 30
0
 11
147.3571419999999819
 21
-89.5298189999999892
 31
0
  0
LINE
  5
635
330
22
100
AcDbEntity
  8
B.Silkscreen
  6
CONTINUOUS
100
AcDbLine
 10
147.3571419999999819
 20
-89.5298189999999892
 30
0
 11
147.3425100000000043
 21
-89.5283779999999894
 31
0
  0
LINE
  5
636
330
22
100
AcDbEntity
  8
B.Silkscreen
  6
CONTINUOUS
100
AcDbLine
 10
147.3425100000000043
 20
-89.5283779999999894
 30
0
 11
147.3154739999999947
 21
-89.5171789999999987
 31
0
  0
LINE
  5
637
330
22
100
AcDbEntity
  8
B.Silkscreen
  6
CONTINUOUS
100
AcDbLine
 10
147.3154739999999947
 20
-89.5171789999999987
 30
0
 11
147.2947819999999979
 21
-89.4964870000000019
 31
0
  0
LINE
  5
638
330
22
100
AcDbEntity
  8
B.Silkscreen
  6
CONTINUOUS
100
AcDbLine
 10
147.2947819999999979
 20
-89.4964870000000019
 30
0
 11
147.283582999999993
 21
-89.4694509999999923
 31
0
  0
LINE
  5
639
330
22
100
AcDbEntity
  8
B.Silkscreen
  6
CONTINUOUS
100
AcDbLine
 10
147.283582999999993
 20
-89.4694509999999923
 30
0
 11
147.283582999999993
 21
-89.4401869999999946
 31
0
  0
LINE
  5
63A
330
22
100
AcDbEntity
  8
B.Silkscreen
  6
CONTINUOUS
100
AcDbLine
 10
147.283582999999993
 20
-89.4401869999999946
 30
0
 11
147.2947819999999979
 21
-89.4131509999999992
 31
0
  0
LINE
  5
63B
330
22
100
AcDbEntity
  8
B.Silkscreen
  6
CONTINUOUS
100
AcDbLine
 10
147.2947819999999979
 20
-89.4131509999999992
 30
0
 11
147.3154739999999947
 21
-89.3924590000000023
 31
0
  0
LINE
  5
63C
330
22
100
AcDbEntity
  8
B.Silkscreen
  6
CONTINUOUS
100
AcDbLine
 10
147.3154739999999947
 20
-89.3924590000000023
 30
0
 11
147.3425100000000043
 21
-89.3812599999999975
 31
0
  0
LINE
  5
63D
330
22
100
AcDbEntity
  8
B.Silkscreen
  6
CONTINUOUS
100
AcDbLine
 10
147.3425100000000043
 20
-89.3812599999999975
 30
0
 11
147.3571419999999819
 21
-89.3798189999999977
 31
0
  0
LINE
  5
63E
330
22
100
AcDbEntity
  8
B.Silkscreen
  6
CONTINUOUS
100
AcDbLine
 10
147.3571419999999819
 20
-89.3798189999999977
 30
0
 11
147.5678560000000061
 21
-89.3798189999999977
 31
0
  0
LINE
  5
63F
330
22
100
AcDbEntity
  8
B.Silkscreen
  6
CONTINUOUS
100
AcDbLine
 10
147.5678560000000061
 20
-89.3798189999999977
 30
0
 11
147.5678560000000061
 21
-88.4548190000000005
 31
0
  0
LINE
  5
640
330
22
100
AcDbEntity
  8
B.Silkscreen
  6
CONTINUOUS
100
AcDbLine
 10
147.5678560000000061
 20
-88.4548190000000005
 30
0
 11
147.5678609999999935
 21
-88.4547659999999922
 31
0
  0
LINE
  5
641
330
22
100
AcDbEntity
  8
B.Silkscreen
  6
CONTINUOUS
100
AcDbLine
 10
147.5678609999999935
 20
-88.4547659999999922
 30
0
 11
147.5678560000000061
 21
-88.454740000000001
 31
0
  0
LINE
  5
642
330
22
100
AcDbEntity
  8
B.Silkscreen
  6
CONTINUOUS
100
AcDbLine
 10
147.5678560000000061
 20
-88.454740000000001
 30
0
 11
147.5678709999999967
 21
-88.4546629999999965
 31
0
  0
LINE
  5
643
330
22
100
AcDbEntity
  8
B.Silkscreen
  6
CONTINUOUS
100
AcDbLine
 10
147.5678709999999967
 20
-88.4546629999999965
 30
0
 11
147.5692970000000059
 21
-88.4401869999999946
 31
0
  0
LINE
  5
644
330
22
100
AcDbEntity
  8
B.Silkscreen
  6
CONTINUOUS
100
AcDbLine
 10
147.5692970000000059
 20
-88.4401869999999946
 30
0
 11
147.5721379999999954
 21
-88.4333259999999939
 31
0
  0
LINE
  5
645
330
22
100
AcDbEntity
  8
B.Silkscreen
  6
CONTINUOUS
100
AcDbLine
 10
147.5721379999999954
 20
-88.4333259999999939
 30
0
 11
147.5735949999999832
 21
-88.4260459999999995
 31
0
  0
LINE
  5
646
330
22
100
AcDbEntity
  8
B.Silkscreen
  6
CONTINUOUS
100
AcDbLine
 10
147.5735949999999832
 20
-88.4260459999999995
 30
0
 11
147.5776830000000075
 21
-88.4199399999999969
 31
0
  0
LINE
  5
647
330
22
100
AcDbEntity
  8
B.Silkscreen
  6
CONTINUOUS
100
AcDbLine
 10
147.5776830000000075
 20
-88.4199399999999969
 30
0
 11
147.5804959999999824
 21
-88.4131509999999992
 31
0
  0
LINE
  5
648
330
22
100
AcDbEntity
  8
B.Silkscreen
  6
CONTINUOUS
100
AcDbLine
 10
147.5804959999999824
 20
-88.4131509999999992
 30
0
 11
147.5857460000000003
 21
-88.4078999999999979
 31
0
  0
LINE
  5
649
330
22
100
AcDbEntity
  8
B.Silkscreen
  6
CONTINUOUS
100
AcDbLine
 10
147.5857460000000003
 20
-88.4078999999999979
 30
0
 11
147.5898779999999988
 21
-88.4017309999999981
 31
0
  0
LINE
  5
64A
330
22
100
AcDbEntity
  8
B.Silkscreen
  6
CONTINUOUS
100
AcDbLine
 10
147.5898779999999988
 20
-88.4017309999999981
 30
0
 11
147.5959919999999954
 21
-88.3976540000000028
 31
0
  0
LINE
  5
64B
330
22
100
AcDbEntity
  8
B.Silkscreen
  6
CONTINUOUS
100
AcDbLine
 10
147.5959919999999954
 20
-88.3976540000000028
 30
0
 11
147.6011879999999792
 21
-88.3924590000000023
 31
0
  0
LINE
  5
64C
330
22
100
AcDbEntity
  8
B.Silkscreen
  6
CONTINUOUS
100
AcDbLine
 10
147.6011879999999792
 20
-88.3924590000000023
 30
0
 11
147.6080479999999966
 21
-88.3896170000000012
 31
0
  0
LINE
  5
64D
330
22
100
AcDbEntity
  8
B.Silkscreen
  6
CONTINUOUS
100
AcDbLine
 10
147.6080479999999966
 20
-88.3896170000000012
 30
0
 11
147.6142269999999996
 21
-88.3854979999999983
 31
0
  0
LINE
  5
64E
330
22
100
AcDbEntity
  8
B.Silkscreen
  6
CONTINUOUS
100
AcDbLine
 10
147.6142269999999996
 20
-88.3854979999999983
 30
0
 11
147.6214349999999911
 21
-88.3840719999999891
 31
0
  0
LINE
  5
64F
330
22
100
AcDbEntity
  8
B.Silkscreen
  6
CONTINUOUS
100
AcDbLine
 10
147.6214349999999911
 20
-88.3840719999999891
 30
0
 11
147.6282239999999888
 21
-88.3812599999999975
 31
0
  0
LINE
  5
650
330
22
100
AcDbEntity
  8
B.Silkscreen
  6
CONTINUOUS
100
AcDbLine
 10
147.6282239999999888
 20
-88.3812599999999975
 30
0
 11
147.6356509999999957
 21
-88.3812599999999975
 31
0
  0
LINE
  5
651
330
22
100
AcDbEntity
  8
B.Silkscreen
  6
CONTINUOUS
100
AcDbLine
 10
147.6356509999999957
 20
-88.3812599999999975
 30
0
 11
147.6429349999999943
 21
-88.3798189999999977
 31
0
  0
LINE
  5
652
330
22
100
AcDbEntity
  8
B.Silkscreen
  6
CONTINUOUS
100
AcDbLine
 10
147.6429349999999943
 20
-88.3798189999999977
 30
0
 11
147.6501399999999933
 21
-88.3812599999999975
 31
0
  0
LINE
  5
653
330
22
100
AcDbEntity
  8
B.Silkscreen
  6
CONTINUOUS
100
AcDbLine
 10
148.7527259999999956
 20
-88.3812599999999975
 30
0
 11
148.7552149999999926
 21
-88.3822909999999951
 31
0
  0
LINE
  5
654
330
22
100
AcDbEntity
  8
B.Silkscreen
  6
CONTINUOUS
100
AcDbLine
 10
148.7552149999999926
 20
-88.3822909999999951
 30
0
 11
148.7579029999999989
 21
-88.382481999999996
 31
0
  0
LINE
  5
655
330
22
100
AcDbEntity
  8
B.Silkscreen
  6
CONTINUOUS
100
AcDbLine
 10
148.7579029999999989
 20
-88.382481999999996
 30
0
 11
148.7716350000000034
 21
-88.3877370000000013
 31
0
  0
LINE
  5
656
330
22
100
AcDbEntity
  8
B.Silkscreen
  6
CONTINUOUS
100
AcDbLine
 10
148.7716350000000034
 20
-88.3877370000000013
 30
0
 11
148.8668729999999982
 21
-88.4353559999999987
 31
0
  0
LINE
  5
657
330
22
100
AcDbEntity
  8
B.Silkscreen
  6
CONTINUOUS
100
AcDbLine
 10
148.8668729999999982
 20
-88.4353559999999987
 30
0
 11
148.8731719999999825
 21
-88.439319999999995
 31
0
  0
LINE
  5
658
330
22
100
AcDbEntity
  8
B.Silkscreen
  6
CONTINUOUS
100
AcDbLine
 10
148.8731719999999825
 20
-88.439319999999995
 30
0
 11
148.875
 21
-88.4400779999999997
 31
0
  0
LINE
  5
659
330
22
100
AcDbEntity
  8
B.Silkscreen
  6
CONTINUOUS
100
AcDbLine
 10
148.875
 20
-88.4400779999999997
 30
0
 11
148.8770559999999819
 21
-88.4417660000000012
 31
0
  0
LINE
  5
65A
330
22
100
AcDbEntity
  8
B.Silkscreen
  6
CONTINUOUS
100
AcDbLine
 10
148.8770559999999819
 20
-88.4417660000000012
 30
0
 11
148.8793159999999887
 21
-88.4431879999999921
 31
0
  0
LINE
  5
65B
330
22
100
AcDbEntity
  8
B.Silkscreen
  6
CONTINUOUS
100
AcDbLine
 10
148.8793159999999887
 20
-88.4431879999999921
 30
0
 11
148.8806150000000059
 21
-88.4446859999999901
 31
0
  0
LINE
  5
65C
330
22
100
AcDbEntity
  8
B.Silkscreen
  6
CONTINUOUS
100
AcDbLine
 10
148.8806150000000059
 20
-88.4446859999999901
 30
0
 11
148.8863649999999836
 21
-88.4494049999999987
 31
0
  0
LINE
  5
65D
330
22
100
AcDbEntity
  8
B.Silkscreen
  6
CONTINUOUS
100
AcDbLine
 10
148.8863649999999836
 20
-88.4494049999999987
 30
0
 11
148.9339839999999811
 21
-88.4970239999999961
 31
0
  0
LINE
  5
65E
330
22
100
AcDbEntity
  8
B.Silkscreen
  6
CONTINUOUS
100
AcDbLine
 10
148.9339839999999811
 20
-88.4970239999999961
 30
0
 11
148.9433109999999942
 21
-88.508388999999994
 31
0
  0
LINE
  5
65F
330
22
100
AcDbEntity
  8
B.Silkscreen
  6
CONTINUOUS
100
AcDbLine
 10
148.9433109999999942
 20
-88.508388999999994
 30
0
 11
148.9545099999999991
 21
-88.5354249999999894
 31
0
  0
LINE
  5
660
330
22
100
AcDbEntity
  8
B.Silkscreen
  6
CONTINUOUS
100
AcDbLine
 10
148.9545099999999991
 20
-88.5354249999999894
 30
0
 11
148.9545099999999991
 21
-88.5646879999999896
 31
0
  0
LINE
  5
661
330
22
100
AcDbEntity
  8
B.Silkscreen
  6
CONTINUOUS
100
AcDbLine
 10
148.9545099999999991
 20
-88.5646879999999896
 30
0
 11
148.9433109999999942
 21
-88.5917239999999993
 31
0
  0
LINE
  5
662
330
22
100
AcDbEntity
  8
B.Silkscreen
  6
CONTINUOUS
100
AcDbLine
 10
148.9433109999999942
 20
-88.5917239999999993
 30
0
 11
148.9226179999999999
 21
-88.6124169999999935
 31
0
  0
LINE
  5
663
330
22
100
AcDbEntity
  8
B.Silkscreen
  6
CONTINUOUS
100
AcDbLine
 10
148.9226179999999999
 20
-88.6124169999999935
 30
0
 11
148.8955819999999903
 21
-88.6236159999999984
 31
0
  0
LINE
  5
664
330
22
100
AcDbEntity
  8
B.Silkscreen
  6
CONTINUOUS
100
AcDbLine
 10
148.8955819999999903
 20
-88.6236159999999984
 30
0
 11
148.8663190000000043
 21
-88.6236159999999984
 31
0
  0
LINE
  5
665
330
22
100
AcDbEntity
  8
B.Silkscreen
  6
CONTINUOUS
100
AcDbLine
 10
148.8663190000000043
 20
-88.6236159999999984
 30
0
 11
148.8392829999999947
 21
-88.6124169999999935
 31
0
  0
LINE
  5
666
330
22
100
AcDbEntity
  8
B.Silkscreen
  6
CONTINUOUS
100
AcDbLine
 10
148.8392829999999947
 20
-88.6124169999999935
 30
0
 11
148.8279179999999826
 21
-88.6030899999999946
 31
0
  0
LINE
  5
667
330
22
100
AcDbEntity
  8
B.Silkscreen
  6
CONTINUOUS
100
AcDbLine
 10
148.8279179999999826
 20
-88.6030899999999946
 30
0
 11
148.7889049999999997
 21
-88.5640769999999975
 31
0
  0
LINE
  5
668
330
22
100
AcDbEntity
  8
B.Silkscreen
  6
CONTINUOUS
100
AcDbLine
 10
148.7889049999999997
 20
-88.5640769999999975
 30
0
 11
148.7203889999999831
 21
-88.5298189999999892
 31
0
  0
LINE
  5
669
330
22
100
AcDbEntity
  8
B.Silkscreen
  6
CONTINUOUS
100
AcDbLine
 10
148.7203889999999831
 20
-88.5298189999999892
 30
0
 11
148.5177039999999806
 21
-88.5298189999999892
 31
0
  0
LINE
  5
66A
330
22
100
AcDbEntity
  8
B.Silkscreen
  6
CONTINUOUS
100
AcDbLine
 10
148.5177039999999806
 20
-88.5298189999999892
 30
0
 11
148.4491879999999924
 21
-88.5640769999999975
 31
0
  0
LINE
  5
66B
330
22
100
AcDbEntity
  8
B.Silkscreen
  6
CONTINUOUS
100
AcDbLine
 10
148.4491879999999924
 20
-88.5640769999999975
 30
0
 11
148.4187809999999956
 21
-88.5944839999999942
 31
0
  0
LINE
  5
66C
330
22
100
AcDbEntity
  8
B.Silkscreen
  6
CONTINUOUS
100
AcDbLine
 10
148.4187809999999956
 20
-88.5944839999999942
 30
0
 11
148.3845230000000015
 21
-88.6629999999999967
 31
0
  0
LINE
  5
66D
330
22
100
AcDbEntity
  8
B.Silkscreen
  6
CONTINUOUS
100
AcDbLine
 10
148.3845230000000015
 20
-88.6629999999999967
 30
0
 11
148.3845230000000015
 21
-88.72836199999999
 31
0
  0
LINE
  5
66E
330
22
100
AcDbEntity
  8
B.Silkscreen
  6
CONTINUOUS
100
AcDbLine
 10
148.3845230000000015
 20
-88.72836199999999
 30
0
 11
148.422694000000007
 21
-88.8428759999999897
 31
0
  0
LINE
  5
66F
330
22
100
AcDbEntity
  8
B.Silkscreen
  6
CONTINUOUS
100
AcDbLine
 10
148.422694000000007
 20
-88.8428759999999897
 30
0
 11
148.9816030000000069
 21
-89.4017860000000013
 31
0
  0
LINE
  5
670
330
22
100
AcDbEntity
  8
B.Silkscreen
  6
CONTINUOUS
100
AcDbLine
 10
148.9816030000000069
 20
-89.4017860000000013
 30
0
 11
148.9909309999999891
 21
-89.4131509999999992
 31
0
  0
LINE
  5
671
330
22
100
AcDbEntity
  8
B.Silkscreen
  6
CONTINUOUS
100
AcDbLine
 10
148.9909309999999891
 20
-89.4131509999999992
 30
0
 11
149.0021289999999965
 21
-89.440187999999992
 31
0
  0
LINE
  5
672
330
22
100
AcDbEntity
  8
B.Silkscreen
  6
CONTINUOUS
100
AcDbLine
 10
149.0021289999999965
 20
-89.440187999999992
 30
0
 11
149.0021289999999965
 21
-89.4694509999999923
 31
0
  0
LINE
  5
673
330
22
100
AcDbEntity
  8
B.Silkscreen
  6
CONTINUOUS
100
AcDbLine
 10
149.0021289999999965
 20
-89.4694509999999923
 30
0
 11
148.9909299999999917
 21
-89.4964870000000019
 31
0
  0
LINE
  5
674
330
22
100
AcDbEntity
  8
B.Silkscreen
  6
CONTINUOUS
100
AcDbLine
 10
148.9909299999999917
 20
-89.4964870000000019
 30
0
 11
148.9702379999999948
 21
-89.5171799999999962
 31
0
  0
LINE
  5
675
330
22
100
AcDbEntity
  8
B.Silkscreen
  6
CONTINUOUS
100
AcDbLine
 10
148.9702379999999948
 20
-89.5171799999999962
 30
0
 11
148.9511200000000031
 21
-89.5250979999999998
 31
0
  0
LINE
  5
676
330
22
100
AcDbEntity
  8
B.Silkscreen
  6
CONTINUOUS
100
AcDbLine
 10
148.9511200000000031
 20
-89.5250979999999998
 30
0
 11
148.9432019999999852
 21
-89.5283779999999894
 31
0
  0
LINE
  5
677
330
22
100
AcDbEntity
  8
B.Silkscreen
  6
CONTINUOUS
100
AcDbLine
 10
148.9432019999999852
 20
-89.5283779999999894
 30
0
 11
148.9285699999999792
 21
-89.5298189999999892
 31
0
  0
LINE
  5
678
330
22
100
AcDbEntity
  8
B.Silkscreen
  6
CONTINUOUS
100
AcDbLine
 10
148.9285699999999792
 20
-89.5298189999999892
 30
0
 11
148.3095229999999844
 21
-89.5298189999999892
 31
0
  0
LINE
  5
679
330
22
100
AcDbEntity
  8
B.Silkscreen
  6
CONTINUOUS
100
AcDbLine
 10
148.3095229999999844
 20
-89.5298189999999892
 30
0
 11
148.2948910000000069
 21
-89.5283779999999894
 31
0
  0
LINE
  5
67A
330
22
100
AcDbEntity
  8
B.Silkscreen
  6
CONTINUOUS
100
AcDbLine
 10
148.2948910000000069
 20
-89.5283779999999894
 30
0
 11
148.2678549999999973
 21
-89.5171789999999987
 31
0
  0
LINE
  5
67B
330
22
100
AcDbEntity
  8
B.Silkscreen
  6
CONTINUOUS
100
AcDbLine
 10
148.2678549999999973
 20
-89.5171789999999987
 30
0
 11
148.2471630000000005
 21
-89.4964870000000019
 31
0
  0
LINE
  5
67C
330
22
100
AcDbEntity
  8
B.Silkscreen
  6
CONTINUOUS
100
AcDbLine
 10
148.2471630000000005
 20
-89.4964870000000019
 30
0
 11
148.2359639999999956
 21
-89.4694509999999923
 31
0
  0
LINE
  5
67D
330
22
100
AcDbEntity
  8
B.Silkscreen
  6
CONTINUOUS
100
AcDbLine
 10
148.2359639999999956
 20
-89.4694509999999923
 30
0
 11
148.2359639999999956
 21
-89.4401869999999946
 31
0
  0
LINE
  5
67E
330
22
100
AcDbEntity
  8
B.Silkscreen
  6
CONTINUOUS
100
AcDbLine
 10
148.2359639999999956
 20
-89.4401869999999946
 30
0
 11
148.2471630000000005
 21
-89.4131509999999992
 31
0
  0
LINE
  5
67F
330
22
100
AcDbEntity
  8
B.Silkscreen
  6
CONTINUOUS
100
AcDbLine
 10
148.2471630000000005
 20
-89.4131509999999992
 30
0
 11
148.2678549999999973
 21
-89.3924590000000023
 31
0
  0
LINE
  5
680
330
22
100
AcDbEntity
  8
B.Silkscreen
  6
CONTINUOUS
100
AcDbLine
 10
148.2678549999999973
 20
-89.3924590000000023
 30
0
 11
148.2948910000000069
 21
-89.3812599999999975
 31
0
  0
LINE
  5
681
330
22
100
AcDbEntity
  8
B.Silkscreen
  6
CONTINUOUS
100
AcDbLine
 10
148.2948910000000069
 20
-89.3812599999999975
 30
0
 11
148.3095229999999844
 21
-89.3798189999999977
 31
0
  0
LINE
  5
682
330
22
100
AcDbEntity
  8
B.Silkscreen
  6
CONTINUOUS
100
AcDbLine
 10
148.3095229999999844
 20
-89.3798189999999977
 30
0
 11
148.7475039999999922
 21
-89.3798189999999977
 31
0
  0
LINE
  5
683
330
22
100
AcDbEntity
  8
B.Silkscreen
  6
CONTINUOUS
100
AcDbLine
 10
148.7475039999999922
 20
-89.3798189999999977
 30
0
 11
148.3041089999999826
 21
-88.9364229999999907
 31
0
  0
LINE
  5
684
330
22
100
AcDbEntity
  8
B.Silkscreen
  6
CONTINUOUS
100
AcDbLine
 10
148.3041089999999826
 20
-88.9364229999999907
 30
0
 11
148.2947819999999979
 21
-88.9250579999999928
 31
0
  0
LINE
  5
685
330
22
100
AcDbEntity
  8
B.Silkscreen
  6
CONTINUOUS
100
AcDbLine
 10
148.2947819999999979
 20
-88.9250579999999928
 30
0
 11
148.2937499999999886
 21
-88.9225670000000008
 31
0
  0
LINE
  5
686
330
22
100
AcDbEntity
  8
B.Silkscreen
  6
CONTINUOUS
100
AcDbLine
 10
148.2937499999999886
 20
-88.9225670000000008
 30
0
 11
148.2919849999999826
 21
-88.9205319999999944
 31
0
  0
LINE
  5
687
330
22
100
AcDbEntity
  8
B.Silkscreen
  6
CONTINUOUS
100
AcDbLine
 10
148.2919849999999826
 20
-88.9205319999999944
 30
0
 11
148.2859909999999957
 21
-88.9071069999999963
 31
0
  0
LINE
  5
688
330
22
100
AcDbEntity
  8
B.Silkscreen
  6
CONTINUOUS
100
AcDbLine
 10
148.2859909999999957
 20
-88.9071069999999963
 30
0
 11
148.2383719999999983
 21
-88.7642499999999899
 31
0
  0
LINE
  5
689
330
22
100
AcDbEntity
  8
B.Silkscreen
  6
CONTINUOUS
100
AcDbLine
 10
148.2383719999999983
 20
-88.7642499999999899
 30
0
 11
148.2367219999999861
 21
-88.7569960000000009
 31
0
  0
LINE
  5
68A
330
22
100
AcDbEntity
  8
B.Silkscreen
  6
CONTINUOUS
100
AcDbLine
 10
148.2367219999999861
 20
-88.7569960000000009
 30
0
 11
148.2359639999999956
 21
-88.755164999999991
 31
0
  0
LINE
  5
68B
330
22
100
AcDbEntity
  8
B.Silkscreen
  6
CONTINUOUS
100
AcDbLine
 10
148.2359639999999956
 20
-88.755164999999991
 30
0
 11
148.2357020000000034
 21
-88.7525100000000009
 31
0
  0
LINE
  5
68C
330
22
100
AcDbEntity
  8
B.Silkscreen
  6
CONTINUOUS
100
AcDbLine
 10
148.2357020000000034
 20
-88.7525100000000009
 30
0
 11
148.2351119999999867
 21
-88.7499129999999923
 31
0
  0
LINE
  5
68D
330
22
100
AcDbEntity
  8
B.Silkscreen
  6
CONTINUOUS
100
AcDbLine
 10
148.2351119999999867
 20
-88.7499129999999923
 30
0
 11
148.2352520000000027
 21
-88.7479379999999907
 31
0
  0
LINE
  5
68E
330
22
100
AcDbEntity
  8
B.Silkscreen
  6
CONTINUOUS
100
AcDbLine
 10
148.2352520000000027
 20
-88.7479379999999907
 30
0
 11
148.2345229999999958
 21
-88.7405329999999992
 31
0
  0
LINE
  5
68F
330
22
100
AcDbEntity
  8
B.Silkscreen
  6
CONTINUOUS
100
AcDbLine
 10
148.2345229999999958
 20
-88.7405329999999992
 30
0
 11
148.2345229999999958
 21
-88.6452949999999902
 31
0
  0
LINE
  5
690
330
22
100
AcDbEntity
  8
B.Silkscreen
  6
CONTINUOUS
100
AcDbLine
 10
148.2345229999999958
 20
-88.6452949999999902
 30
0
 11
148.2359639999999956
 21
-88.6306629999999984
 31
0
  0
LINE
  5
691
330
22
100
AcDbEntity
  8
B.Silkscreen
  6
CONTINUOUS
100
AcDbLine
 10
148.2359639999999956
 20
-88.6306629999999984
 30
0
 11
148.2369950000000074
 21
-88.6281729999999897
 31
0
  0
LINE
  5
692
330
22
100
AcDbEntity
  8
B.Silkscreen
  6
CONTINUOUS
100
AcDbLine
 10
148.2369950000000074
 20
-88.6281729999999897
 30
0
 11
148.2371859999999799
 21
-88.6254859999999951
 31
0
  0
LINE
  5
693
330
22
100
AcDbEntity
  8
B.Silkscreen
  6
CONTINUOUS
100
AcDbLine
 10
148.2371859999999799
 20
-88.6254859999999951
 30
0
 11
148.2424409999999853
 21
-88.6117539999999906
 31
0
  0
LINE
  5
694
330
22
100
AcDbEntity
  8
B.Silkscreen
  6
CONTINUOUS
100
AcDbLine
 10
148.2424409999999853
 20
-88.6117539999999906
 30
0
 11
148.2900599999999827
 21
-88.5165159999999958
 31
0
  0
LINE
  5
695
330
22
100
AcDbEntity
  8
B.Silkscreen
  6
CONTINUOUS
100
AcDbLine
 10
148.2900599999999827
 20
-88.5165159999999958
 30
0
 11
148.2940240000000074
 21
-88.5102159999999998
 31
0
  0
LINE
  5
696
330
22
100
AcDbEntity
  8
B.Silkscreen
  6
CONTINUOUS
100
AcDbLine
 10
148.2940240000000074
 20
-88.5102159999999998
 30
0
 11
148.2947819999999979
 21
-88.508388999999994
 31
0
  0
LINE
  5
697
330
22
100
AcDbEntity
  8
B.Silkscreen
  6
CONTINUOUS
100
AcDbLine
 10
148.2947819999999979
 20
-88.508388999999994
 30
0
 11
148.2964699999999993
 21
-88.5063320000000004
 31
0
  0
LINE
  5
698
330
22
100
AcDbEntity
  8
B.Silkscreen
  6
CONTINUOUS
100
AcDbLine
 10
148.2964699999999993
 20
-88.5063320000000004
 30
0
 11
148.2978919999999903
 21
-88.5040729999999911
 31
0
  0
LINE
  5
699
330
22
100
AcDbEntity
  8
B.Silkscreen
  6
CONTINUOUS
100
AcDbLine
 10
148.2978919999999903
 20
-88.5040729999999911
 30
0
 11
148.2993899999999883
 21
-88.5027729999999906
 31
0
  0
LINE
  5
69A
330
22
100
AcDbEntity
  8
B.Silkscreen
  6
CONTINUOUS
100
AcDbLine
 10
148.2993899999999883
 20
-88.5027729999999906
 30
0
 11
148.3041089999999826
 21
-88.4970239999999961
 31
0
  0
LINE
  5
69B
330
22
100
AcDbEntity
  8
B.Silkscreen
  6
CONTINUOUS
100
AcDbLine
 10
148.3041089999999826
 20
-88.4970239999999961
 30
0
 11
148.3517279999999801
 21
-88.4494049999999987
 31
0
  0
LINE
  5
69C
330
22
100
AcDbEntity
  8
B.Silkscreen
  6
CONTINUOUS
100
AcDbLine
 10
148.3517279999999801
 20
-88.4494049999999987
 30
0
 11
148.3574769999999887
 21
-88.4446859999999901
 31
0
  0
LINE
  5
69D
330
22
100
AcDbEntity
  8
B.Silkscreen
  6
CONTINUOUS
100
AcDbLine
 10
148.3574769999999887
 20
-88.4446859999999901
 30
0
 11
148.3587770000000035
 21
-88.4431879999999921
 31
0
  0
LINE
  5
69E
330
22
100
AcDbEntity
  8
B.Silkscreen
  6
CONTINUOUS
100
AcDbLine
 10
148.3587770000000035
 20
-88.4431879999999921
 30
0
 11
148.3610359999999844
 21
-88.4417660000000012
 31
0
  0
LINE
  5
69F
330
22
100
AcDbEntity
  8
B.Silkscreen
  6
CONTINUOUS
100
AcDbLine
 10
148.3610359999999844
 20
-88.4417660000000012
 30
0
 11
148.3630929999999921
 21
-88.4400779999999997
 31
0
  0
LINE
  5
6A0
330
22
100
AcDbEntity
  8
B.Silkscreen
  6
CONTINUOUS
100
AcDbLine
 10
148.3630929999999921
 20
-88.4400779999999997
 30
0
 11
148.3649199999999837
 21
-88.439319999999995
 31
0
  0
LINE
  5
6A1
330
22
100
AcDbEntity
  8
B.Silkscreen
  6
CONTINUOUS
100
AcDbLine
 10
148.3649199999999837
 20
-88.439319999999995
 30
0
 11
148.3712199999999939
 21
-88.4353559999999987
 31
0
  0
LINE
  5
6A2
330
22
100
AcDbEntity
  8
B.Silkscreen
  6
CONTINUOUS
100
AcDbLine
 10
148.3712199999999939
 20
-88.4353559999999987
 30
0
 11
148.4664579999999887
 21
-88.3877370000000013
 31
0
  0
LINE
  5
6A3
330
22
100
AcDbEntity
  8
B.Silkscreen
  6
CONTINUOUS
100
AcDbLine
 10
148.4664579999999887
 20
-88.3877370000000013
 30
0
 11
148.4801889999999958
 21
-88.382481999999996
 31
0
  0
LINE
  5
6A4
330
22
100
AcDbEntity
  8
B.Silkscreen
  6
CONTINUOUS
100
AcDbLine
 10
148.4801889999999958
 20
-88.382481999999996
 30
0
 11
148.4828779999999995
 21
-88.3822899999999976
 31
0
  0
LINE
  5
6A5
330
22
100
AcDbEntity
  8
B.Silkscreen
  6
CONTINUOUS
100
AcDbLine
 10
148.4828779999999995
 20
-88.3822899999999976
 30
0
 11
148.4853669999999966
 21
-88.3812599999999975
 31
0
  0
LINE
  5
6A6
330
22
100
AcDbEntity
  8
B.Silkscreen
  6
CONTINUOUS
100
AcDbLine
 10
148.4853669999999966
 20
-88.3812599999999975
 30
0
 11
148.4999990000000025
 21
-88.3798189999999977
 31
0
  0
LINE
  5
6A7
330
22
100
AcDbEntity
  8
B.Silkscreen
  6
CONTINUOUS
100
AcDbLine
 10
148.4999990000000025
 20
-88.3798189999999977
 30
0
 11
148.7380939999999896
 21
-88.3798189999999977
 31
0
  0
LINE
  5
6A8
330
22
100
AcDbEntity
  8
B.Silkscreen
  6
CONTINUOUS
100
AcDbLine
 10
148.7380939999999896
 20
-88.3798189999999977
 30
0
 11
148.7527259999999956
 21
-88.3812599999999975
 31
0
  0
LINE
  5
6A9
330
22
100
AcDbEntity
  8
B.Silkscreen
  6
CONTINUOUS
100
AcDbLine
 10
149.8479639999999904
 20
-88.3812599999999975
 30
0
 11
149.875
 21
-88.3924590000000023
 31
0
  0
LINE
  5
6AA
330
22
100
AcDbEntity
  8
B.Silkscreen
  6
CONTINUOUS
100
AcDbLine
 10
149.875
 20
-88.3924590000000023
 30
0
 11
149.8956919999999968
 21
-88.4131509999999992
 31
0
  0
LINE
  5
6AB
330
22
100
AcDbEntity
  8
B.Silkscreen
  6
CONTINUOUS
100
AcDbLine
 10
149.8956919999999968
 20
-88.4131509999999992
 30
0
 11
149.9068910000000017
 21
-88.4401869999999946
 31
0
  0
LINE
  5
6AC
330
22
100
AcDbEntity
  8
B.Silkscreen
  6
CONTINUOUS
100
AcDbLine
 10
149.9068910000000017
 20
-88.4401869999999946
 30
0
 11
149.9083320000000015
 21
-88.4548190000000005
 31
0
  0
LINE
  5
6AD
330
22
100
AcDbEntity
  8
B.Silkscreen
  6
CONTINUOUS
100
AcDbLine
 10
149.9083320000000015
 20
-88.4548190000000005
 30
0
 11
149.9083320000000015
 21
-89.4548190000000005
 31
0
  0
LINE
  5
6AE
330
22
100
AcDbEntity
  8
B.Silkscreen
  6
CONTINUOUS
100
AcDbLine
 10
149.9083320000000015
 20
-89.4548190000000005
 30
0
 11
149.9068910000000017
 21
-89.4694509999999923
 31
0
  0
LINE
  5
6AF
330
22
100
AcDbEntity
  8
B.Silkscreen
  6
CONTINUOUS
100
AcDbLine
 10
149.9068910000000017
 20
-89.4694509999999923
 30
0
 11
149.8956919999999968
 21
-89.4964870000000019
 31
0
  0
LINE
  5
6B0
330
22
100
AcDbEntity
  8
B.Silkscreen
  6
CONTINUOUS
100
AcDbLine
 10
149.8956919999999968
 20
-89.4964870000000019
 30
0
 11
149.875
 21
-89.5171789999999987
 31
0
  0
LINE
  5
6B1
330
22
100
AcDbEntity
  8
B.Silkscreen
  6
CONTINUOUS
100
AcDbLine
 10
149.875
 20
-89.5171789999999987
 30
0
 11
149.8479639999999904
 21
-89.5283779999999894
 31
0
  0
LINE
  5
6B2
330
22
100
AcDbEntity
  8
B.Silkscreen
  6
CONTINUOUS
100
AcDbLine
 10
149.8479639999999904
 20
-89.5283779999999894
 30
0
 11
149.8187000000000069
 21
-89.5283779999999894
 31
0
  0
LINE
  5
6B3
330
22
100
AcDbEntity
  8
B.Silkscreen
  6
CONTINUOUS
100
AcDbLine
 10
149.8187000000000069
 20
-89.5283779999999894
 30
0
 11
149.7916639999999973
 21
-89.5171789999999987
 31
0
  0
LINE
  5
6B4
330
22
100
AcDbEntity
  8
B.Silkscreen
  6
CONTINUOUS
100
AcDbLine
 10
149.7916639999999973
 20
-89.5171789999999987
 30
0
 11
149.7709720000000004
 21
-89.4964870000000019
 31
0
  0
LINE
  5
6B5
330
22
100
AcDbEntity
  8
B.Silkscreen
  6
CONTINUOUS
100
AcDbLine
 10
149.7709720000000004
 20
-89.4964870000000019
 30
0
 11
149.7597729999999956
 21
-89.4694509999999923
 31
0
  0
LINE
  5
6B6
330
22
100
AcDbEntity
  8
B.Silkscreen
  6
CONTINUOUS
100
AcDbLine
 10
149.7597729999999956
 20
-89.4694509999999923
 30
0
 11
149.7583319999999958
 21
-89.4548190000000005
 31
0
  0
LINE
  5
6B7
330
22
100
AcDbEntity
  8
B.Silkscreen
  6
CONTINUOUS
100
AcDbLine
 10
149.7583319999999958
 20
-89.4548190000000005
 30
0
 11
149.7583319999999958
 21
-89.0536279999999891
 31
0
  0
LINE
  5
6B8
330
22
100
AcDbEntity
  8
B.Silkscreen
  6
CONTINUOUS
100
AcDbLine
 10
149.7583319999999958
 20
-89.0536279999999891
 30
0
 11
149.4523800000000051
 21
-89.0536279999999891
 31
0
  0
LINE
  5
6B9
330
22
100
AcDbEntity
  8
B.Silkscreen
  6
CONTINUOUS
100
AcDbLine
 10
149.4523800000000051
 20
-89.0536279999999891
 30
0
 11
149.4377479999999991
 21
-89.0521869999999893
 31
0
  0
LINE
  5
6BA
330
22
100
AcDbEntity
  8
B.Silkscreen
  6
CONTINUOUS
100
AcDbLine
 10
149.4377479999999991
 20
-89.0521869999999893
 30
0
 11
149.4352590000000021
 21
-89.0511559999999918
 31
0
  0
LINE
  5
6BB
330
22
100
AcDbEntity
  8
B.Silkscreen
  6
CONTINUOUS
100
AcDbLine
 10
149.4352590000000021
 20
-89.0511559999999918
 30
0
 11
149.4325699999999983
 21
-89.0509649999999908
 31
0
  0
LINE
  5
6BC
330
22
100
AcDbEntity
  8
B.Silkscreen
  6
CONTINUOUS
100
AcDbLine
 10
149.4325699999999983
 20
-89.0509649999999908
 30
0
 11
149.4188389999999913
 21
-89.0457099999999997
 31
0
  0
LINE
  5
6BD
330
22
100
AcDbEntity
  8
B.Silkscreen
  6
CONTINUOUS
100
AcDbLine
 10
149.4188389999999913
 20
-89.0457099999999997
 30
0
 11
149.3236009999999965
 21
-88.9980910000000023
 31
0
  0
LINE
  5
6BE
330
22
100
AcDbEntity
  8
B.Silkscreen
  6
CONTINUOUS
100
AcDbLine
 10
149.3236009999999965
 20
-88.9980910000000023
 30
0
 11
149.3173009999999863
 21
-88.9941259999999943
 31
0
  0
LINE
  5
6BF
330
22
100
AcDbEntity
  8
B.Silkscreen
  6
CONTINUOUS
100
AcDbLine
 10
149.3173009999999863
 20
-88.9941259999999943
 30
0
 11
149.3154739999999947
 21
-88.9933690000000013
 31
0
  0
LINE
  5
6C0
330
22
100
AcDbEntity
  8
B.Silkscreen
  6
CONTINUOUS
100
AcDbLine
 10
149.3154739999999947
 20
-88.9933690000000013
 30
0
 11
149.313416999999987
 21
-88.9916800000000023
 31
0
  0
LINE
  5
6C1
330
22
100
AcDbEntity
  8
B.Silkscreen
  6
CONTINUOUS
100
AcDbLine
 10
149.313416999999987
 20
-88.9916800000000023
 30
0
 11
149.311158000000006
 21
-88.9902589999999947
 31
0
  0
LINE
  5
6C2
330
22
100
AcDbEntity
  8
B.Silkscreen
  6
CONTINUOUS
100
AcDbLine
 10
149.311158000000006
 20
-88.9902589999999947
 30
0
 11
149.3098579999999913
 21
-88.9887599999999992
 31
0
  0
LINE
  5
6C3
330
22
100
AcDbEntity
  8
B.Silkscreen
  6
CONTINUOUS
100
AcDbLine
 10
149.3098579999999913
 20
-88.9887599999999992
 30
0
 11
149.3041089999999826
 21
-88.9840420000000023
 31
0
  0
LINE
  5
6C4
330
22
100
AcDbEntity
  8
B.Silkscreen
  6
CONTINUOUS
100
AcDbLine
 10
149.3041089999999826
 20
-88.9840420000000023
 30
0
 11
149.2564899999999852
 21
-88.9364229999999907
 31
0
  0
LINE
  5
6C5
330
22
100
AcDbEntity
  8
B.Silkscreen
  6
CONTINUOUS
100
AcDbLine
 10
149.2564899999999852
 20
-88.9364229999999907
 30
0
 11
149.2517709999999909
 21
-88.9306729999999988
 31
0
  0
LINE
  5
6C6
330
22
100
AcDbEntity
  8
B.Silkscreen
  6
CONTINUOUS
100
AcDbLine
 10
149.2517709999999909
 20
-88.9306729999999988
 30
0
 11
149.2502729999999929
 21
-88.9293739999999957
 31
0
  0
LINE
  5
6C7
330
22
100
AcDbEntity
  8
B.Silkscreen
  6
CONTINUOUS
100
AcDbLine
 10
149.2502729999999929
 20
-88.9293739999999957
 30
0
 11
149.2488510000000019
 21
-88.9271139999999889
 31
0
  0
LINE
  5
6C8
330
22
100
AcDbEntity
  8
B.Silkscreen
  6
CONTINUOUS
100
AcDbLine
 10
149.2488510000000019
 20
-88.9271139999999889
 30
0
 11
149.2471630000000005
 21
-88.9250579999999928
 31
0
  0
LINE
  5
6C9
330
22
100
AcDbEntity
  8
B.Silkscreen
  6
CONTINUOUS
100
AcDbLine
 10
149.2471630000000005
 20
-88.9250579999999928
 30
0
 11
149.2464049999999816
 21
-88.9232299999999896
 31
0
  0
LINE
  5
6CA
330
22
100
AcDbEntity
  8
B.Silkscreen
  6
CONTINUOUS
100
AcDbLine
 10
149.2464049999999816
 20
-88.9232299999999896
 30
0
 11
149.2424409999999853
 21
-88.9169309999999911
 31
0
  0
LINE
  5
6CB
330
22
100
AcDbEntity
  8
B.Silkscreen
  6
CONTINUOUS
100
AcDbLine
 10
149.2424409999999853
 20
-88.9169309999999911
 30
0
 11
149.1948219999999878
 21
-88.8216929999999962
 31
0
  0
LINE
  5
6CC
330
22
100
AcDbEntity
  8
B.Silkscreen
  6
CONTINUOUS
100
AcDbLine
 10
149.1948219999999878
 20
-88.8216929999999962
 30
0
 11
149.1895669999999825
 21
-88.8079609999999917
 31
0
  0
LINE
  5
6CD
330
22
100
AcDbEntity
  8
B.Silkscreen
  6
CONTINUOUS
100
AcDbLine
 10
149.1895669999999825
 20
-88.8079609999999917
 30
0
 11
149.1893759999999816
 21
-88.8052729999999997
 31
0
  0
LINE
  5
6CE
330
22
100
AcDbEntity
  8
B.Silkscreen
  6
CONTINUOUS
100
AcDbLine
 10
149.1893759999999816
 20
-88.8052729999999997
 30
0
 11
149.1883449999999982
 21
-88.8027840000000026
 31
0
  0
LINE
  5
6CF
330
22
100
AcDbEntity
  8
B.Silkscreen
  6
CONTINUOUS
100
AcDbLine
 10
149.1883449999999982
 20
-88.8027840000000026
 30
0
 11
149.1869039999999984
 21
-88.7881519999999966
 31
0
  0
LINE
  5
6D0
330
22
100
AcDbEntity
  8
B.Silkscreen
  6
CONTINUOUS
100
AcDbLine
 10
149.1869039999999984
 20
-88.7881519999999966
 30
0
 11
149.1869039999999984
 21
-88.6452949999999902
 31
0
  0
LINE
  5
6D1
330
22
100
AcDbEntity
  8
B.Silkscreen
  6
CONTINUOUS
100
AcDbLine
 10
149.1869039999999984
 20
-88.6452949999999902
 30
0
 11
149.1883449999999982
 21
-88.6306629999999984
 31
0
  0
LINE
  5
6D2
330
22
100
AcDbEntity
  8
B.Silkscreen
  6
CONTINUOUS
100
AcDbLine
 10
149.1883449999999982
 20
-88.6306629999999984
 30
0
 11
149.1893759999999816
 21
-88.6281729999999897
 31
0
  0
LINE
  5
6D3
330
22
100
AcDbEntity
  8
B.Silkscreen
  6
CONTINUOUS
100
AcDbLine
 10
149.1893759999999816
 20
-88.6281729999999897
 30
0
 11
149.1895669999999825
 21
-88.6254859999999951
 31
0
  0
LINE
  5
6D4
330
22
100
AcDbEntity
  8
B.Silkscreen
  6
CONTINUOUS
100
AcDbLine
 10
149.1895669999999825
 20
-88.6254859999999951
 30
0
 11
149.1948219999999878
 21
-88.6117539999999906
 31
0
  0
LINE
  5
6D5
330
22
100
AcDbEntity
  8
B.Silkscreen
  6
CONTINUOUS
100
AcDbLine
 10
149.1948219999999878
 20
-88.6117539999999906
 30
0
 11
149.2424409999999853
 21
-88.5165159999999958
 31
0
  0
LINE
  5
6D6
330
22
100
AcDbEntity
  8
B.Silkscreen
  6
CONTINUOUS
100
AcDbLine
 10
149.2424409999999853
 20
-88.5165159999999958
 30
0
 11
149.2464049999999816
 21
-88.5102159999999998
 31
0
  0
LINE
  5
6D7
330
22
100
AcDbEntity
  8
B.Silkscreen
  6
CONTINUOUS
100
AcDbLine
 10
149.2464049999999816
 20
-88.5102159999999998
 30
0
 11
149.2471630000000005
 21
-88.508388999999994
 31
0
  0
LINE
  5
6D8
330
22
100
AcDbEntity
  8
B.Silkscreen
  6
CONTINUOUS
100
AcDbLine
 10
149.2471630000000005
 20
-88.508388999999994
 30
0
 11
149.2488510000000019
 21
-88.5063320000000004
 31
0
  0
LINE
  5
6D9
330
22
100
AcDbEntity
  8
B.Silkscreen
  6
CONTINUOUS
100
AcDbLine
 10
149.2488510000000019
 20
-88.5063320000000004
 30
0
 11
149.2502729999999929
 21
-88.5040729999999911
 31
0
  0
LINE
  5
6DA
330
22
100
AcDbEntity
  8
B.Silkscreen
  6
CONTINUOUS
100
AcDbLine
 10
149.2502729999999929
 20
-88.5040729999999911
 30
0
 11
149.2517709999999909
 21
-88.5027729999999906
 31
0
  0
LINE
  5
6DB
330
22
100
AcDbEntity
  8
B.Silkscreen
  6
CONTINUOUS
100
AcDbLine
 10
149.2517709999999909
 20
-88.5027729999999906
 30
0
 11
149.2564899999999852
 21
-88.4970239999999961
 31
0
  0
LINE
  5
6DC
330
22
100
AcDbEntity
  8
B.Silkscreen
  6
CONTINUOUS
100
AcDbLine
 10
149.2564899999999852
 20
-88.4970239999999961
 30
0
 11
149.3041089999999826
 21
-88.4494049999999987
 31
0
  0
LINE
  5
6DD
330
22
100
AcDbEntity
  8
B.Silkscreen
  6
CONTINUOUS
100
AcDbLine
 10
149.3041089999999826
 20
-88.4494049999999987
 30
0
 11
149.3098579999999913
 21
-88.4446859999999901
 31
0
  0
LINE
  5
6DE
330
22
100
AcDbEntity
  8
B.Silkscreen
  6
CONTINUOUS
100
AcDbLine
 10
149.3098579999999913
 20
-88.4446859999999901
 30
0
 11
149.311158000000006
 21
-88.4431879999999921
 31
0
  0
LINE
  5
6DF
330
22
100
AcDbEntity
  8
B.Silkscreen
  6
CONTINUOUS
100
AcDbLine
 10
149.311158000000006
 20
-88.4431879999999921
 30
0
 11
149.313416999999987
 21
-88.4417660000000012
 31
0
  0
LINE
  5
6E0
330
22
100
AcDbEntity
  8
B.Silkscreen
  6
CONTINUOUS
100
AcDbLine
 10
149.313416999999987
 20
-88.4417660000000012
 30
0
 11
149.3154739999999947
 21
-88.4400779999999997
 31
0
  0
LINE
  5
6E1
330
22
100
AcDbEntity
  8
B.Silkscreen
  6
CONTINUOUS
100
AcDbLine
 10
149.3154739999999947
 20
-88.4400779999999997
 30
0
 11
149.3173009999999863
 21
-88.439319999999995
 31
0
  0
LINE
  5
6E2
330
22
100
AcDbEntity
  8
B.Silkscreen
  6
CONTINUOUS
100
AcDbLine
 10
149.3173009999999863
 20
-88.439319999999995
 30
0
 11
149.3236009999999965
 21
-88.4353559999999987
 31
0
  0
LINE
  5
6E3
330
22
100
AcDbEntity
  8
B.Silkscreen
  6
CONTINUOUS
100
AcDbLine
 10
149.3236009999999965
 20
-88.4353559999999987
 30
0
 11
149.4188389999999913
 21
-88.3877370000000013
 31
0
  0
LINE
  5
6E4
330
22
100
AcDbEntity
  8
B.Silkscreen
  6
CONTINUOUS
100
AcDbLine
 10
149.4188389999999913
 20
-88.3877370000000013
 30
0
 11
149.4325699999999983
 21
-88.382481999999996
 31
0
  0
LINE
  5
6E5
330
22
100
AcDbEntity
  8
B.Silkscreen
  6
CONTINUOUS
100
AcDbLine
 10
149.4325699999999983
 20
-88.382481999999996
 30
0
 11
149.4352590000000021
 21
-88.3822899999999976
 31
0
  0
LINE
  5
6E6
330
22
100
AcDbEntity
  8
B.Silkscreen
  6
CONTINUOUS
100
AcDbLine
 10
149.4352590000000021
 20
-88.3822899999999976
 30
0
 11
149.4377479999999991
 21
-88.3812599999999975
 31
0
  0
LINE
  5
6E7
330
22
100
AcDbEntity
  8
B.Silkscreen
  6
CONTINUOUS
100
AcDbLine
 10
149.4377479999999991
 20
-88.3812599999999975
 30
0
 11
149.4523800000000051
 21
-88.3798189999999977
 31
0
  0
LINE
  5
6E8
330
22
100
AcDbEntity
  8
B.Silkscreen
  6
CONTINUOUS
100
AcDbLine
 10
149.4523800000000051
 20
-88.3798189999999977
 30
0
 11
149.8333319999999844
 21
-88.3798189999999977
 31
0
  0
LINE
  5
6E9
330
22
100
AcDbEntity
  8
B.Silkscreen
  6
CONTINUOUS
100
AcDbLine
 10
149.8333319999999844
 20
-88.3798189999999977
 30
0
 11
149.8479639999999904
 21
-88.3812599999999975
 31
0
  0
LINE
  5
6EA
330
22
100
AcDbEntity
  8
B.Silkscreen
  6
CONTINUOUS
100
AcDbLine
 10
149.401568999999995
 20
-88.5640769999999975
 30
0
 11
149.3711619999999982
 21
-88.5944839999999942
 31
0
  0
LINE
  5
6EB
330
22
100
AcDbEntity
  8
B.Silkscreen
  6
CONTINUOUS
100
AcDbLine
 10
149.3711619999999982
 20
-88.5944839999999942
 30
0
 11
149.3369040000000041
 21
-88.6629999999999967
 31
0
  0
LINE
  5
6EC
330
22
100
AcDbEntity
  8
B.Silkscreen
  6
CONTINUOUS
100
AcDbLine
 10
149.3369040000000041
 20
-88.6629999999999967
 30
0
 11
149.3369040000000041
 21
-88.7704469999999901
 31
0
  0
LINE
  5
6ED
330
22
100
AcDbEntity
  8
B.Silkscreen
  6
CONTINUOUS
100
AcDbLine
 10
149.3369040000000041
 20
-88.7704469999999901
 30
0
 11
149.3711619999999982
 21
-88.8389629999999926
 31
0
  0
LINE
  5
6EE
330
22
100
AcDbEntity
  8
B.Silkscreen
  6
CONTINUOUS
100
AcDbLine
 10
149.3711619999999982
 20
-88.8389629999999926
 30
0
 11
149.401568999999995
 21
-88.8693699999999893
 31
0
  0
LINE
  5
6EF
330
22
100
AcDbEntity
  8
B.Silkscreen
  6
CONTINUOUS
100
AcDbLine
 10
149.401568999999995
 20
-88.8693699999999893
 30
0
 11
149.4700849999999832
 21
-88.9036279999999977
 31
0
  0
LINE
  5
6F0
330
22
100
AcDbEntity
  8
B.Silkscreen
  6
CONTINUOUS
100
AcDbLine
 10
149.4700849999999832
 20
-88.9036279999999977
 30
0
 11
149.7583319999999958
 21
-88.9036279999999977
 31
0
  0
LINE
  5
6F1
330
22
100
AcDbEntity
  8
B.Silkscreen
  6
CONTINUOUS
100
AcDbLine
 10
149.7583319999999958
 20
-88.9036279999999977
 30
0
 11
149.7583319999999958
 21
-88.5298189999999892
 31
0
  0
LINE
  5
6F2
330
22
100
AcDbEntity
  8
B.Silkscreen
  6
CONTINUOUS
100
AcDbLine
 10
149.7583319999999958
 20
-88.5298189999999892
 30
0
 11
149.4700849999999832
 21
-88.5298189999999892
 31
0
  0
LINE
  5
6F3
330
22
100
AcDbEntity
  8
B.Silkscreen
  6
CONTINUOUS
100
AcDbLine
 10
149.4700849999999832
 20
-88.5298189999999892
 30
0
 11
149.401568999999995
 21
-88.5640769999999975
 31
0
  0
LINE
  5
6F4
330
22
100
AcDbEntity
  8
B.Silkscreen
  6
CONTINUOUS
100
AcDbLine
 10
150.7527259999999956
 20
-88.3812599999999975
 30
0
 11
150.7797620000000052
 21
-88.3924590000000023
 31
0
  0
LINE
  5
6F5
330
22
100
AcDbEntity
  8
B.Silkscreen
  6
CONTINUOUS
100
AcDbLine
 10
150.7797620000000052
 20
-88.3924590000000023
 30
0
 11
150.800454000000002
 21
-88.4131509999999992
 31
0
  0
LINE
  5
6F6
330
22
100
AcDbEntity
  8
B.Silkscreen
  6
CONTINUOUS
100
AcDbLine
 10
150.800454000000002
 20
-88.4131509999999992
 30
0
 11
150.8116530000000068
 21
-88.4401869999999946
 31
0
  0
LINE
  5
6F7
330
22
100
AcDbEntity
  8
B.Silkscreen
  6
CONTINUOUS
100
AcDbLine
 10
150.8116530000000068
 20
-88.4401869999999946
 30
0
 11
150.8116530000000068
 21
-88.4694509999999923
 31
0
  0
LINE
  5
6F8
330
22
100
AcDbEntity
  8
B.Silkscreen
  6
CONTINUOUS
100
AcDbLine
 10
150.8116530000000068
 20
-88.4694509999999923
 30
0
 11
150.800454000000002
 21
-88.4964870000000019
 31
0
  0
LINE
  5
6F9
330
22
100
AcDbEntity
  8
B.Silkscreen
  6
CONTINUOUS
100
AcDbLine
 10
150.800454000000002
 20
-88.4964870000000019
 30
0
 11
150.7797620000000052
 21
-88.5171789999999987
 31
0
  0
LINE
  5
6FA
330
22
100
AcDbEntity
  8
B.Silkscreen
  6
CONTINUOUS
100
AcDbLine
 10
150.7797620000000052
 20
-88.5171789999999987
 30
0
 11
150.7527259999999956
 21
-88.5283779999999894
 31
0
  0
LINE
  5
6FB
330
22
100
AcDbEntity
  8
B.Silkscreen
  6
CONTINUOUS
100
AcDbLine
 10
150.7527259999999956
 20
-88.5283779999999894
 30
0
 11
150.7380939999999896
 21
-88.5298189999999892
 31
0
  0
LINE
  5
6FC
330
22
100
AcDbEntity
  8
B.Silkscreen
  6
CONTINUOUS
100
AcDbLine
 10
150.7380939999999896
 20
-88.5298189999999892
 30
0
 11
150.5273799999999937
 21
-88.5298189999999892
 31
0
  0
LINE
  5
6FD
330
22
100
AcDbEntity
  8
B.Silkscreen
  6
CONTINUOUS
100
AcDbLine
 10
150.5273799999999937
 20
-88.5298189999999892
 30
0
 11
150.5273799999999937
 21
-89.4548190000000005
 31
0
  0
LINE
  5
6FE
330
22
100
AcDbEntity
  8
B.Silkscreen
  6
CONTINUOUS
100
AcDbLine
 10
150.5273799999999937
 20
-89.4548190000000005
 30
0
 11
150.5259389999999939
 21
-89.4694509999999923
 31
0
  0
LINE
  5
6FF
330
22
100
AcDbEntity
  8
B.Silkscreen
  6
CONTINUOUS
100
AcDbLine
 10
150.5259389999999939
 20
-89.4694509999999923
 30
0
 11
150.5147399999999891
 21
-89.4964870000000019
 31
0
  0
LINE
  5
700
330
22
100
AcDbEntity
  8
B.Silkscreen
  6
CONTINUOUS
100
AcDbLine
 10
150.5147399999999891
 20
-89.4964870000000019
 30
0
 11
150.4940479999999923
 21
-89.5171789999999987
 31
0
  0
LINE
  5
701
330
22
100
AcDbEntity
  8
B.Silkscreen
  6
CONTINUOUS
100
AcDbLine
 10
150.4940479999999923
 20
-89.5171789999999987
 30
0
 11
150.4670119999999827
 21
-89.5283779999999894
 31
0
  0
LINE
  5
702
330
22
100
AcDbEntity
  8
B.Silkscreen
  6
CONTINUOUS
100
AcDbLine
 10
150.4670119999999827
 20
-89.5283779999999894
 30
0
 11
150.4377479999999991
 21
-89.5283779999999894
 31
0
  0
LINE
  5
703
330
22
100
AcDbEntity
  8
B.Silkscreen
  6
CONTINUOUS
100
AcDbLine
 10
150.4377479999999991
 20
-89.5283779999999894
 30
0
 11
150.4107119999999895
 21
-89.5171789999999987
 31
0
  0
LINE
  5
704
330
22
100
AcDbEntity
  8
B.Silkscreen
  6
CONTINUOUS
100
AcDbLine
 10
150.4107119999999895
 20
-89.5171789999999987
 30
0
 11
150.3900199999999927
 21
-89.4964870000000019
 31
0
  0
LINE
  5
705
330
22
100
AcDbEntity
  8
B.Silkscreen
  6
CONTINUOUS
100
AcDbLine
 10
150.3900199999999927
 20
-89.4964870000000019
 30
0
 11
150.3788209999999879
 21
-89.4694509999999923
 31
0
  0
LINE
  5
706
330
22
100
AcDbEntity
  8
B.Silkscreen
  6
CONTINUOUS
100
AcDbLine
 10
150.3788209999999879
 20
-89.4694509999999923
 30
0
 11
150.3773799999999881
 21
-89.4548190000000005
 31
0
  0
LINE
  5
707
330
22
100
AcDbEntity
  8
B.Silkscreen
  6
CONTINUOUS
100
AcDbLine
 10
150.3773799999999881
 20
-89.4548190000000005
 30
0
 11
150.3773799999999881
 21
-88.5298189999999892
 31
0
  0
LINE
  5
708
330
22
100
AcDbEntity
  8
B.Silkscreen
  6
CONTINUOUS
100
AcDbLine
 10
150.3773799999999881
 20
-88.5298189999999892
 30
0
 11
150.1666659999999922
 21
-88.5298189999999892
 31
0
  0
LINE
  5
709
330
22
100
AcDbEntity
  8
B.Silkscreen
  6
CONTINUOUS
100
AcDbLine
 10
150.1666659999999922
 20
-88.5298189999999892
 30
0
 11
150.1520339999999862
 21
-88.5283779999999894
 31
0
  0
LINE
  5
70A
330
22
100
AcDbEntity
  8
B.Silkscreen
  6
CONTINUOUS
100
AcDbLine
 10
150.1520339999999862
 20
-88.5283779999999894
 30
0
 11
150.124998000000005
 21
-88.5171789999999987
 31
0
  0
LINE
  5
70B
330
22
100
AcDbEntity
  8
B.Silkscreen
  6
CONTINUOUS
100
AcDbLine
 10
150.124998000000005
 20
-88.5171789999999987
 30
0
 11
150.1043059999999798
 21
-88.4964870000000019
 31
0
  0
LINE
  5
70C
330
22
100
AcDbEntity
  8
B.Silkscreen
  6
CONTINUOUS
100
AcDbLine
 10
150.1043059999999798
 20
-88.4964870000000019
 30
0
 11
150.0931070000000034
 21
-88.4694509999999923
 31
0
  0
LINE
  5
70D
330
22
100
AcDbEntity
  8
B.Silkscreen
  6
CONTINUOUS
100
AcDbLine
 10
150.0931070000000034
 20
-88.4694509999999923
 30
0
 11
150.0931070000000034
 21
-88.4401869999999946
 31
0
  0
LINE
  5
70E
330
22
100
AcDbEntity
  8
B.Silkscreen
  6
CONTINUOUS
100
AcDbLine
 10
150.0931070000000034
 20
-88.4401869999999946
 30
0
 11
150.1043059999999798
 21
-88.4131509999999992
 31
0
  0
LINE
  5
70F
330
22
100
AcDbEntity
  8
B.Silkscreen
  6
CONTINUOUS
100
AcDbLine
 10
150.1043059999999798
 20
-88.4131509999999992
 30
0
 11
150.124998000000005
 21
-88.3924590000000023
 31
0
  0
LINE
  5
710
330
22
100
AcDbEntity
  8
B.Silkscreen
  6
CONTINUOUS
100
AcDbLine
 10
150.124998000000005
 20
-88.3924590000000023
 30
0
 11
150.1520339999999862
 21
-88.3812599999999975
 31
0
  0
LINE
  5
711
330
22
100
AcDbEntity
  8
B.Silkscreen
  6
CONTINUOUS
100
AcDbLine
 10
150.1520339999999862
 20
-88.3812599999999975
 30
0
 11
150.1666659999999922
 21
-88.3798189999999977
 31
0
  0
LINE
  5
712
330
22
100
AcDbEntity
  8
B.Silkscreen
  6
CONTINUOUS
100
AcDbLine
 10
150.1666659999999922
 20
-88.3798189999999977
 30
0
 11
150.7380939999999896
 21
-88.3798189999999977
 31
0
  0
LINE
  5
713
330
22
100
AcDbEntity
  8
B.Silkscreen
  6
CONTINUOUS
100
AcDbLine
 10
150.7380939999999896
 20
-88.3798189999999977
 30
0
 11
150.7527259999999956
 21
-88.3812599999999975
 31
0
  0
LINE
  5
714
330
22
100
AcDbEntity
  8
B.Silkscreen
  6
CONTINUOUS
100
AcDbLine
 10
146.7931879999999865
 20
-87.4334899999999919
 30
0
 11
146.9761110000000031
 21
-87.5092599999999976
 31
0
  0
LINE
  5
715
330
22
100
AcDbEntity
  8
B.Silkscreen
  6
CONTINUOUS
100
AcDbLine
 10
146.9761110000000031
 20
-87.5092599999999976
 30
0
 11
147.1407370000000014
 21
-87.6192589999999996
 31
0
  0
LINE
  5
716
330
22
100
AcDbEntity
  8
B.Silkscreen
  6
CONTINUOUS
100
AcDbLine
 10
147.1407370000000014
 20
-87.6192589999999996
 30
0
 11
147.2807410000000061
 21
-87.75926299999999
 31
0
  0
LINE
  5
717
330
22
100
AcDbEntity
  8
B.Silkscreen
  6
CONTINUOUS
100
AcDbLine
 10
147.2807410000000061
 20
-87.75926299999999
 30
0
 11
147.3907399999999939
 21
-87.9238890000000026
 31
0
  0
LINE
  5
718
330
22
100
AcDbEntity
  8
B.Silkscreen
  6
CONTINUOUS
100
AcDbLine
 10
147.3907399999999939
 20
-87.9238890000000026
 30
0
 11
147.4665099999999995
 21
-88.1068119999999908
 31
0
  0
LINE
  5
719
330
22
100
AcDbEntity
  8
B.Silkscreen
  6
CONTINUOUS
100
AcDbLine
 10
147.4665099999999995
 20
-88.1068119999999908
 30
0
 11
147.5051369999999906
 21
-88.3010029999999944
 31
0
  0
LINE
  5
71A
330
22
100
AcDbEntity
  8
B.Silkscreen
  6
CONTINUOUS
100
AcDbLine
 10
147.5051369999999906
 20
-88.3010029999999944
 30
0
 11
147.5051369999999906
 21
-88.4989970000000028
 31
0
  0
LINE
  5
71B
330
22
100
AcDbEntity
  8
B.Silkscreen
  6
CONTINUOUS
100
AcDbLine
 10
147.5051369999999906
 20
-88.4989970000000028
 30
0
 11
147.4665099999999995
 21
-88.6931879999999921
 31
0
  0
LINE
  5
71C
330
22
100
AcDbEntity
  8
B.Silkscreen
  6
CONTINUOUS
100
AcDbLine
 10
147.4665099999999995
 20
-88.6931879999999921
 30
0
 11
147.3907399999999939
 21
-88.8761109999999945
 31
0
  0
LINE
  5
71D
330
22
100
AcDbEntity
  8
B.Silkscreen
  6
CONTINUOUS
100
AcDbLine
 10
147.3907399999999939
 20
-88.8761109999999945
 30
0
 11
147.2807410000000061
 21
-89.0407369999999929
 31
0
  0
LINE
  5
71E
330
22
100
AcDbEntity
  8
B.Silkscreen
  6
CONTINUOUS
100
AcDbLine
 10
147.2807410000000061
 20
-89.0407369999999929
 30
0
 11
147.1407370000000014
 21
-89.1807409999999976
 31
0
  0
LINE
  5
71F
330
22
100
AcDbEntity
  8
B.Silkscreen
  6
CONTINUOUS
100
AcDbLine
 10
147.1407370000000014
 20
-89.1807409999999976
 30
0
 11
146.9761110000000031
 21
-89.2907399999999996
 31
0
  0
LINE
  5
720
330
22
100
AcDbEntity
  8
B.Silkscreen
  6
CONTINUOUS
100
AcDbLine
 10
146.9761110000000031
 20
-89.2907399999999996
 30
0
 11
146.7931879999999865
 21
-89.366509999999991
 31
0
  0
LINE
  5
721
330
22
100
AcDbEntity
  8
B.Silkscreen
  6
CONTINUOUS
100
AcDbLine
 10
146.7931879999999865
 20
-89.366509999999991
 30
0
 11
146.5989969999999971
 21
-89.4051369999999963
 31
0
  0
LINE
  5
722
330
22
100
AcDbEntity
  8
B.Silkscreen
  6
CONTINUOUS
100
AcDbLine
 10
146.5989969999999971
 20
-89.4051369999999963
 30
0
 11
146.4010030000000029
 21
-89.4051369999999963
 31
0
  0
LINE
  5
723
330
22
100
AcDbEntity
  8
B.Silkscreen
  6
CONTINUOUS
100
AcDbLine
 10
146.4010030000000029
 20
-89.4051369999999963
 30
0
 11
146.2068119999999851
 21
-89.366509999999991
 31
0
  0
LINE
  5
724
330
22
100
AcDbEntity
  8
B.Silkscreen
  6
CONTINUOUS
100
AcDbLine
 10
146.2068119999999851
 20
-89.366509999999991
 30
0
 11
146.0238889999999969
 21
-89.2907399999999996
 31
0
  0
LINE
  5
725
330
22
100
AcDbEntity
  8
B.Silkscreen
  6
CONTINUOUS
100
AcDbLine
 10
146.0238889999999969
 20
-89.2907399999999996
 30
0
 11
145.8592629999999986
 21
-89.1807409999999976
 31
0
  0
LINE
  5
726
330
22
100
AcDbEntity
  8
B.Silkscreen
  6
CONTINUOUS
100
AcDbLine
 10
145.8592629999999986
 20
-89.1807409999999976
 30
0
 11
145.7192589999999939
 21
-89.0407369999999929
 31
0
  0
LINE
  5
727
330
22
100
AcDbEntity
  8
B.Silkscreen
  6
CONTINUOUS
100
AcDbLine
 10
145.7192589999999939
 20
-89.0407369999999929
 30
0
 11
145.6092600000000061
 21
-88.8761109999999945
 31
0
  0
LINE
  5
728
330
22
100
AcDbEntity
  8
B.Silkscreen
  6
CONTINUOUS
100
AcDbLine
 10
145.6092600000000061
 20
-88.8761109999999945
 30
0
 11
145.5334900000000005
 21
-88.6931879999999921
 31
0
  0
LINE
  5
729
330
22
100
AcDbEntity
  8
B.Silkscreen
  6
CONTINUOUS
100
AcDbLine
 10
145.5334900000000005
 20
-88.6931879999999921
 30
0
 11
145.494862999999981
 21
-88.4989970000000028
 31
0
  0
LINE
  5
72A
330
22
100
AcDbEntity
  8
B.Silkscreen
  6
CONTINUOUS
100
AcDbLine
 10
145.494862999999981
 20
-88.4989970000000028
 30
0
 11
145.494862999999981
 21
-88.3123429999999985
 31
0
  0
LINE
  5
72B
330
22
100
AcDbEntity
  8
B.Silkscreen
  6
CONTINUOUS
100
AcDbLine
 10
145.494862999999981
 20
-88.3123429999999985
 30
0
 11
145.494862999999981
 21
-88.3010029999999944
 31
0
  0
LINE
  5
72C
330
22
100
AcDbEntity
  8
B.Silkscreen
  6
CONTINUOUS
100
AcDbLine
 10
145.494862999999981
 20
-88.3010029999999944
 30
0
 11
145.5334900000000005
 21
-88.1068119999999908
 31
0
  0
LINE
  5
72D
330
22
100
AcDbEntity
  8
B.Silkscreen
  6
CONTINUOUS
100
AcDbLine
 10
145.5334900000000005
 20
-88.1068119999999908
 30
0
 11
145.6092600000000061
 21
-87.9238890000000026
 31
0
  0
LINE
  5
72E
330
22
100
AcDbEntity
  8
B.Silkscreen
  6
CONTINUOUS
100
AcDbLine
 10
145.6092600000000061
 20
-87.9238890000000026
 30
0
 11
145.7192589999999939
 21
-87.75926299999999
 31
0
  0
LINE
  5
72F
330
22
100
AcDbEntity
  8
B.Silkscreen
  6
CONTINUOUS
100
AcDbLine
 10
145.7192589999999939
 20
-87.75926299999999
 30
0
 11
145.8592629999999986
 21
-87.6192589999999996
 31
0
  0
LINE
  5
730
330
22
100
AcDbEntity
  8
B.Silkscreen
  6
CONTINUOUS
100
AcDbLine
 10
145.8592629999999986
 20
-87.6192589999999996
 30
0
 11
146.0238889999999969
 21
-87.5092599999999976
 31
0
  0
LINE
  5
731
330
22
100
AcDbEntity
  8
B.Silkscreen
  6
CONTINUOUS
100
AcDbLine
 10
146.0238889999999969
 20
-87.5092599999999976
 30
0
 11
146.2068119999999851
 21
-87.4334899999999919
 31
0
  0
LINE
  5
732
330
22
100
AcDbEntity
  8
B.Silkscreen
  6
CONTINUOUS
100
AcDbLine
 10
146.2068119999999851
 20
-87.4334899999999919
 30
0
 11
146.4010030000000029
 21
-87.3948630000000009
 31
0
  0
LINE
  5
733
330
22
100
AcDbEntity
  8
B.Silkscreen
  6
CONTINUOUS
100
AcDbLine
 10
146.4010030000000029
 20
-87.3948630000000009
 30
0
 11
146.5989969999999971
 21
-87.3948630000000009
 31
0
  0
LINE
  5
734
330
22
100
AcDbEntity
  8
B.Silkscreen
  6
CONTINUOUS
100
AcDbLine
 10
146.5989969999999971
 20
-87.3948630000000009
 30
0
 11
146.7931879999999865
 21
-87.4334899999999919
 31
0
  0
LINE
  5
735
330
22
100
AcDbEntity
  8
B.Silkscreen
  6
CONTINUOUS
100
AcDbLine
 10
145.6099999999999852
 20
-88.4876569999999987
 30
0
 11
145.6442030000000045
 21
-88.6596029999999899
 31
0
  0
LINE
  5
736
330
22
100
AcDbEntity
  8
B.Silkscreen
  6
CONTINUOUS
100
AcDbLine
 10
145.6442030000000045
 20
-88.6596029999999899
 30
0
 11
145.7112929999999835
 21
-88.8215730000000008
 31
0
  0
LINE
  5
737
330
22
100
AcDbEntity
  8
B.Silkscreen
  6
CONTINUOUS
100
AcDbLine
 10
145.7112929999999835
 20
-88.8215730000000008
 30
0
 11
145.8086919999999793
 21
-88.9673420000000021
 31
0
  0
LINE
  5
738
330
22
100
AcDbEntity
  8
B.Silkscreen
  6
CONTINUOUS
100
AcDbLine
 10
145.8086919999999793
 20
-88.9673420000000021
 30
0
 11
145.9326580000000035
 21
-89.0913079999999979
 31
0
  0
LINE
  5
739
330
22
100
AcDbEntity
  8
B.Silkscreen
  6
CONTINUOUS
100
AcDbLine
 10
145.9326580000000035
 20
-89.0913079999999979
 30
0
 11
146.0784270000000049
 21
-89.1887069999999937
 31
0
  0
LINE
  5
73A
330
22
100
AcDbEntity
  8
B.Silkscreen
  6
CONTINUOUS
100
AcDbLine
 10
146.0784270000000049
 20
-89.1887069999999937
 30
0
 11
146.2403970000000015
 21
-89.2557970000000012
 31
0
  0
LINE
  5
73B
330
22
100
AcDbEntity
  8
B.Silkscreen
  6
CONTINUOUS
100
AcDbLine
 10
146.2403970000000015
 20
-89.2557970000000012
 30
0
 11
146.4123429999999928
 21
-89.289999999999992
 31
0
  0
LINE
  5
73C
330
22
100
AcDbEntity
  8
B.Silkscreen
  6
CONTINUOUS
100
AcDbLine
 10
146.4123429999999928
 20
-89.289999999999992
 30
0
 11
146.5876570000000072
 21
-89.289999999999992
 31
0
  0
LINE
  5
73D
330
22
100
AcDbEntity
  8
B.Silkscreen
  6
CONTINUOUS
100
AcDbLine
 10
146.5876570000000072
 20
-89.289999999999992
 30
0
 11
146.7596029999999985
 21
-89.2557970000000012
 31
0
  0
LINE
  5
73E
330
22
100
AcDbEntity
  8
B.Silkscreen
  6
CONTINUOUS
100
AcDbLine
 10
146.7596029999999985
 20
-89.2557970000000012
 30
0
 11
146.9215729999999951
 21
-89.1887069999999937
 31
0
  0
LINE
  5
73F
330
22
100
AcDbEntity
  8
B.Silkscreen
  6
CONTINUOUS
100
AcDbLine
 10
146.9215729999999951
 20
-89.1887069999999937
 30
0
 11
147.0673419999999965
 21
-89.0913079999999979
 31
0
  0
LINE
  5
740
330
22
100
AcDbEntity
  8
B.Silkscreen
  6
CONTINUOUS
100
AcDbLine
 10
147.0673419999999965
 20
-89.0913079999999979
 30
0
 11
147.1913079999999923
 21
-88.9673420000000021
 31
0
  0
LINE
  5
741
330
22
100
AcDbEntity
  8
B.Silkscreen
  6
CONTINUOUS
100
AcDbLine
 10
147.1913079999999923
 20
-88.9673420000000021
 30
0
 11
147.2887069999999881
 21
-88.8215730000000008
 31
0
  0
LINE
  5
742
330
22
100
AcDbEntity
  8
B.Silkscreen
  6
CONTINUOUS
100
AcDbLine
 10
147.2887069999999881
 20
-88.8215730000000008
 30
0
 11
147.3557969999999955
 21
-88.6596029999999899
 31
0
  0
LINE
  5
743
330
22
100
AcDbEntity
  8
B.Silkscreen
  6
CONTINUOUS
100
AcDbLine
 10
147.3557969999999955
 20
-88.6596029999999899
 30
0
 11
147.3899999999999864
 21
-88.4876569999999987
 31
0
  0
LINE
  5
744
330
22
100
AcDbEntity
  8
B.Silkscreen
  6
CONTINUOUS
100
AcDbLine
 10
147.3899999999999864
 20
-88.4876569999999987
 30
0
 11
147.3899999999999864
 21
-88.3123429999999985
 31
0
  0
LINE
  5
745
330
22
100
AcDbEntity
  8
B.Silkscreen
  6
CONTINUOUS
100
AcDbLine
 10
147.3899999999999864
 20
-88.3123429999999985
 30
0
 11
147.3557969999999955
 21
-88.140396999999993
 31
0
  0
LINE
  5
746
330
22
100
AcDbEntity
  8
B.Silkscreen
  6
CONTINUOUS
100
AcDbLine
 10
147.3557969999999955
 20
-88.140396999999993
 30
0
 11
147.2887069999999881
 21
-87.9784269999999964
 31
0
  0
LINE
  5
747
330
22
100
AcDbEntity
  8
B.Silkscreen
  6
CONTINUOUS
100
AcDbLine
 10
147.2887069999999881
 20
-87.9784269999999964
 30
0
 11
147.1913079999999923
 21
-87.832657999999995
 31
0
  0
LINE
  5
748
330
22
100
AcDbEntity
  8
B.Silkscreen
  6
CONTINUOUS
100
AcDbLine
 10
147.1913079999999923
 20
-87.832657999999995
 30
0
 11
147.0673419999999965
 21
-87.7086919999999992
 31
0
  0
LINE
  5
749
330
22
100
AcDbEntity
  8
B.Silkscreen
  6
CONTINUOUS
100
AcDbLine
 10
147.0673419999999965
 20
-87.7086919999999992
 30
0
 11
146.9215729999999951
 21
-87.6112929999999892
 31
0
  0
LINE
  5
74A
330
22
100
AcDbEntity
  8
B.Silkscreen
  6
CONTINUOUS
100
AcDbLine
 10
146.9215729999999951
 20
-87.6112929999999892
 30
0
 11
146.7596029999999985
 21
-87.544202999999996
 31
0
  0
LINE
  5
74B
330
22
100
AcDbEntity
  8
B.Silkscreen
  6
CONTINUOUS
100
AcDbLine
 10
146.7596029999999985
 20
-87.544202999999996
 30
0
 11
146.5876570000000072
 21
-87.5099999999999909
 31
0
  0
LINE
  5
74C
330
22
100
AcDbEntity
  8
B.Silkscreen
  6
CONTINUOUS
100
AcDbLine
 10
146.5876570000000072
 20
-87.5099999999999909
 30
0
 11
146.4123429999999928
 21
-87.5099999999999909
 31
0
  0
LINE
  5
74D
330
22
100
AcDbEntity
  8
B.Silkscreen
  6
CONTINUOUS
100
AcDbLine
 10
146.4123429999999928
 20
-87.5099999999999909
 30
0
 11
146.2403970000000015
 21
-87.544202999999996
 31
0
  0
LINE
  5
74E
330
22
100
AcDbEntity
  8
B.Silkscreen
  6
CONTINUOUS
100
AcDbLine
 10
146.2403970000000015
 20
-87.544202999999996
 30
0
 11
146.0784270000000049
 21
-87.6112929999999892
 31
0
  0
LINE
  5
74F
330
22
100
AcDbEntity
  8
B.Silkscreen
  6
CONTINUOUS
100
AcDbLine
 10
146.0784270000000049
 20
-87.6112929999999892
 30
0
 11
145.9326580000000035
 21
-87.7086919999999992
 31
0
  0
LINE
  5
750
330
22
100
AcDbEntity
  8
B.Silkscreen
  6
CONTINUOUS
100
AcDbLine
 10
145.9326580000000035
 20
-87.7086919999999992
 30
0
 11
145.8086919999999793
 21
-87.832657999999995
 31
0
  0
LINE
  5
751
330
22
100
AcDbEntity
  8
B.Silkscreen
  6
CONTINUOUS
100
AcDbLine
 10
145.8086919999999793
 20
-87.832657999999995
 30
0
 11
145.7112929999999835
 21
-87.9784269999999964
 31
0
  0
LINE
  5
752
330
22
100
AcDbEntity
  8
B.Silkscreen
  6
CONTINUOUS
100
AcDbLine
 10
145.7112929999999835
 20
-87.9784269999999964
 30
0
 11
145.6442030000000045
 21
-88.140396999999993
 31
0
  0
LINE
  5
753
330
22
100
AcDbEntity
  8
B.Silkscreen
  6
CONTINUOUS
100
AcDbLine
 10
145.6442030000000045
 20
-88.140396999999993
 30
0
 11
145.6099999999999852
 21
-88.3123429999999985
 31
0
  0
LINE
  5
754
330
22
100
AcDbEntity
  8
B.Silkscreen
  6
CONTINUOUS
100
AcDbLine
 10
145.6099999999999852
 20
-88.3123429999999985
 30
0
 11
145.6099999999999852
 21
-88.4876569999999987
 31
0
  0
LINE
  5
755
330
22
100
AcDbEntity
  8
B.Silkscreen
  6
CONTINUOUS
100
AcDbLine
 10
141.0932289999999796
 20
-89.1671860000000009
 30
0
 11
140.6302079999999819
 21
-89.1671860000000009
 31
0
  0
LINE
  5
756
330
22
100
AcDbEntity
  8
B.Silkscreen
  6
CONTINUOUS
100
AcDbLine
 10
140.6302079999999819
 20
-89.1671860000000009
 30
0
 11
140.1671869999999842
 21
-89.1671860000000009
 31
0
  0
LINE
  5
757
330
22
100
AcDbEntity
  8
B.Silkscreen
  6
CONTINUOUS
100
AcDbLine
 10
140.1671869999999842
 20
-89.1671860000000009
 30
0
 11
140.1671869999999842
 21
-88.7041660000000007
 31
0
  0
LINE
  5
758
330
22
100
AcDbEntity
  8
B.Silkscreen
  6
CONTINUOUS
100
AcDbLine
 10
140.1671869999999842
 20
-88.7041660000000007
 30
0
 11
140.1671869999999842
 21
-88.2411450000000031
 31
0
  0
LINE
  5
759
330
22
100
AcDbEntity
  8
B.Silkscreen
  6
CONTINUOUS
100
AcDbLine
 10
140.1671869999999842
 20
-88.2411450000000031
 30
0
 11
140.6302079999999819
 21
-88.2411450000000031
 31
0
  0
LINE
  5
75A
330
22
100
AcDbEntity
  8
B.Silkscreen
  6
CONTINUOUS
100
AcDbLine
 10
140.6302079999999819
 20
-88.2411450000000031
 30
0
 11
141.0932289999999796
 21
-88.2411450000000031
 31
0
  0
LINE
  5
75B
330
22
100
AcDbEntity
  8
B.Silkscreen
  6
CONTINUOUS
100
AcDbLine
 10
141.0932289999999796
 20
-88.2411450000000031
 30
0
 11
141.0932289999999796
 21
-88.7041660000000007
 31
0
  0
LINE
  5
75C
330
22
100
AcDbEntity
  8
B.Silkscreen
  6
CONTINUOUS
100
AcDbLine
 10
141.0932289999999796
 20
-88.7041660000000007
 30
0
 11
141.0932289999999796
 21
-89.1671860000000009
 31
0
  0
LINE
  5
75D
330
22
100
AcDbEntity
  8
B.Silkscreen
  6
CONTINUOUS
100
AcDbLine
 10
155.1931879999999921
 20
-87.1334899999999948
 30
0
 11
155.3761109999999803
 21
-87.2092600000000004
 31
0
  0
LINE
  5
75E
330
22
100
AcDbEntity
  8
B.Silkscreen
  6
CONTINUOUS
100
AcDbLine
 10
155.3761109999999803
 20
-87.2092600000000004
 30
0
 11
155.5407370000000071
 21
-87.3192590000000024
 31
0
  0
LINE
  5
75F
330
22
100
AcDbEntity
  8
B.Silkscreen
  6
CONTINUOUS
100
AcDbLine
 10
155.5407370000000071
 20
-87.3192590000000024
 30
0
 11
155.6807409999999834
 21
-87.4592629999999929
 31
0
  0
LINE
  5
760
330
22
100
AcDbEntity
  8
B.Silkscreen
  6
CONTINUOUS
100
AcDbLine
 10
155.6807409999999834
 20
-87.4592629999999929
 30
0
 11
155.7907399999999996
 21
-87.6238889999999913
 31
0
  0
LINE
  5
761
330
22
100
AcDbEntity
  8
B.Silkscreen
  6
CONTINUOUS
100
AcDbLine
 10
155.7907399999999996
 20
-87.6238889999999913
 30
0
 11
155.8665100000000052
 21
-87.8068119999999936
 31
0
  0
LINE
  5
762
330
22
100
AcDbEntity
  8
B.Silkscreen
  6
CONTINUOUS
100
AcDbLine
 10
155.8665100000000052
 20
-87.8068119999999936
 30
0
 11
155.9051369999999963
 21
-88.0010029999999972
 31
0
  0
LINE
  5
763
330
22
100
AcDbEntity
  8
B.Silkscreen
  6
CONTINUOUS
100
AcDbLine
 10
155.9051369999999963
 20
-88.0010029999999972
 30
0
 11
155.9051369999999963
 21
-88.1989969999999914
 31
0
  0
LINE
  5
764
330
22
100
AcDbEntity
  8
B.Silkscreen
  6
CONTINUOUS
100
AcDbLine
 10
155.9051369999999963
 20
-88.1989969999999914
 30
0
 11
155.8665100000000052
 21
-88.393187999999995
 31
0
  0
LINE
  5
765
330
22
100
AcDbEntity
  8
B.Silkscreen
  6
CONTINUOUS
100
AcDbLine
 10
155.8665100000000052
 20
-88.393187999999995
 30
0
 11
155.7907399999999996
 21
-88.5761109999999974
 31
0
  0
LINE
  5
766
330
22
100
AcDbEntity
  8
B.Silkscreen
  6
CONTINUOUS
100
AcDbLine
 10
155.7907399999999996
 20
-88.5761109999999974
 30
0
 11
155.6807409999999834
 21
-88.7407369999999958
 31
0
  0
LINE
  5
767
330
22
100
AcDbEntity
  8
B.Silkscreen
  6
CONTINUOUS
100
AcDbLine
 10
155.6807409999999834
 20
-88.7407369999999958
 30
0
 11
155.5407370000000071
 21
-88.8807410000000004
 31
0
  0
LINE
  5
768
330
22
100
AcDbEntity
  8
B.Silkscreen
  6
CONTINUOUS
100
AcDbLine
 10
155.5407370000000071
 20
-88.8807410000000004
 30
0
 11
155.3761109999999803
 21
-88.9907400000000024
 31
0
  0
LINE
  5
769
330
22
100
AcDbEntity
  8
B.Silkscreen
  6
CONTINUOUS
100
AcDbLine
 10
155.3761109999999803
 20
-88.9907400000000024
 30
0
 11
155.1931879999999921
 21
-89.0665099999999939
 31
0
  0
LINE
  5
76A
330
22
100
AcDbEntity
  8
B.Silkscreen
  6
CONTINUOUS
100
AcDbLine
 10
155.1931879999999921
 20
-89.0665099999999939
 30
0
 11
154.9989970000000028
 21
-89.1051369999999991
 31
0
  0
LINE
  5
76B
330
22
100
AcDbEntity
  8
B.Silkscreen
  6
CONTINUOUS
100
AcDbLine
 10
154.9989970000000028
 20
-89.1051369999999991
 30
0
 11
154.8010029999999801
 21
-89.1051369999999991
 31
0
  0
LINE
  5
76C
330
22
100
AcDbEntity
  8
B.Silkscreen
  6
CONTINUOUS
100
AcDbLine
 10
154.8010029999999801
 20
-89.1051369999999991
 30
0
 11
154.6068119999999908
 21
-89.0665099999999939
 31
0
  0
LINE
  5
76D
330
22
100
AcDbEntity
  8
B.Silkscreen
  6
CONTINUOUS
100
AcDbLine
 10
154.6068119999999908
 20
-89.0665099999999939
 30
0
 11
154.4238890000000026
 21
-88.9907400000000024
 31
0
  0
LINE
  5
76E
330
22
100
AcDbEntity
  8
B.Silkscreen
  6
CONTINUOUS
100
AcDbLine
 10
154.4238890000000026
 20
-88.9907400000000024
 30
0
 11
154.2592630000000042
 21
-88.8807410000000004
 31
0
  0
LINE
  5
76F
330
22
100
AcDbEntity
  8
B.Silkscreen
  6
CONTINUOUS
100
AcDbLine
 10
154.2592630000000042
 20
-88.8807410000000004
 30
0
 11
154.1192589999999996
 21
-88.7407369999999958
 31
0
  0
LINE
  5
770
330
22
100
AcDbEntity
  8
B.Silkscreen
  6
CONTINUOUS
100
AcDbLine
 10
154.1192589999999996
 20
-88.7407369999999958
 30
0
 11
154.0092599999999834
 21
-88.5761109999999974
 31
0
  0
LINE
  5
771
330
22
100
AcDbEntity
  8
B.Silkscreen
  6
CONTINUOUS
100
AcDbLine
 10
154.0092599999999834
 20
-88.5761109999999974
 30
0
 11
153.9334900000000061
 21
-88.393187999999995
 31
0
  0
LINE
  5
772
330
22
100
AcDbEntity
  8
B.Silkscreen
  6
CONTINUOUS
100
AcDbLine
 10
153.9334900000000061
 20
-88.393187999999995
 30
0
 11
153.8948629999999866
 21
-88.1989969999999914
 31
0
  0
LINE
  5
773
330
22
100
AcDbEntity
  8
B.Silkscreen
  6
CONTINUOUS
100
AcDbLine
 10
153.8948629999999866
 20
-88.1989969999999914
 30
0
 11
153.8948629999999866
 21
-88.0123430000000013
 31
0
  0
LINE
  5
774
330
22
100
AcDbEntity
  8
B.Silkscreen
  6
CONTINUOUS
100
AcDbLine
 10
153.8948629999999866
 20
-88.0123430000000013
 30
0
 11
153.8948629999999866
 21
-88.0010029999999972
 31
0
  0
LINE
  5
775
330
22
100
AcDbEntity
  8
B.Silkscreen
  6
CONTINUOUS
100
AcDbLine
 10
153.8948629999999866
 20
-88.0010029999999972
 30
0
 11
153.9334900000000061
 21
-87.8068119999999936
 31
0
  0
LINE
  5
776
330
22
100
AcDbEntity
  8
B.Silkscreen
  6
CONTINUOUS
100
AcDbLine
 10
153.9334900000000061
 20
-87.8068119999999936
 30
0
 11
154.0092599999999834
 21
-87.6238889999999913
 31
0
  0
LINE
  5
777
330
22
100
AcDbEntity
  8
B.Silkscreen
  6
CONTINUOUS
100
AcDbLine
 10
154.0092599999999834
 20
-87.6238889999999913
 30
0
 11
154.1192589999999996
 21
-87.4592629999999929
 31
0
  0
LINE
  5
778
330
22
100
AcDbEntity
  8
B.Silkscreen
  6
CONTINUOUS
100
AcDbLine
 10
154.1192589999999996
 20
-87.4592629999999929
 30
0
 11
154.2592630000000042
 21
-87.3192590000000024
 31
0
  0
LINE
  5
779
330
22
100
AcDbEntity
  8
B.Silkscreen
  6
CONTINUOUS
100
AcDbLine
 10
154.2592630000000042
 20
-87.3192590000000024
 30
0
 11
154.4238890000000026
 21
-87.2092600000000004
 31
0
  0
LINE
  5
77A
330
22
100
AcDbEntity
  8
B.Silkscreen
  6
CONTINUOUS
100
AcDbLine
 10
154.4238890000000026
 20
-87.2092600000000004
 30
0
 11
154.6068119999999908
 21
-87.1334899999999948
 31
0
  0
LINE
  5
77B
330
22
100
AcDbEntity
  8
B.Silkscreen
  6
CONTINUOUS
100
AcDbLine
 10
154.6068119999999908
 20
-87.1334899999999948
 30
0
 11
154.8010029999999801
 21
-87.0948629999999895
 31
0
  0
LINE
  5
77C
330
22
100
AcDbEntity
  8
B.Silkscreen
  6
CONTINUOUS
100
AcDbLine
 10
154.8010029999999801
 20
-87.0948629999999895
 30
0
 11
154.9989970000000028
 21
-87.0948629999999895
 31
0
  0
LINE
  5
77D
330
22
100
AcDbEntity
  8
B.Silkscreen
  6
CONTINUOUS
100
AcDbLine
 10
154.9989970000000028
 20
-87.0948629999999895
 30
0
 11
155.1931879999999921
 21
-87.1334899999999948
 31
0
  0
LINE
  5
77E
330
22
100
AcDbEntity
  8
B.Silkscreen
  6
CONTINUOUS
100
AcDbLine
 10
154.0099999999999909
 20
-88.1876570000000015
 30
0
 11
154.0442029999999818
 21
-88.3596029999999928
 31
0
  0
LINE
  5
77F
330
22
100
AcDbEntity
  8
B.Silkscreen
  6
CONTINUOUS
100
AcDbLine
 10
154.0442029999999818
 20
-88.3596029999999928
 30
0
 11
154.1112929999999892
 21
-88.5215729999999894
 31
0
  0
LINE
  5
780
330
22
100
AcDbEntity
  8
B.Silkscreen
  6
CONTINUOUS
100
AcDbLine
 10
154.1112929999999892
 20
-88.5215729999999894
 30
0
 11
154.208691999999985
 21
-88.6673419999999908
 31
0
  0
LINE
  5
781
330
22
100
AcDbEntity
  8
B.Silkscreen
  6
CONTINUOUS
100
AcDbLine
 10
154.208691999999985
 20
-88.6673419999999908
 30
0
 11
154.3326579999999808
 21
-88.7913080000000008
 31
0
  0
LINE
  5
782
330
22
100
AcDbEntity
  8
B.Silkscreen
  6
CONTINUOUS
100
AcDbLine
 10
154.3326579999999808
 20
-88.7913080000000008
 30
0
 11
154.4784269999999822
 21
-88.8887069999999966
 31
0
  0
LINE
  5
783
330
22
100
AcDbEntity
  8
B.Silkscreen
  6
CONTINUOUS
100
AcDbLine
 10
154.4784269999999822
 20
-88.8887069999999966
 30
0
 11
154.6403970000000072
 21
-88.9557969999999898
 31
0
  0
LINE
  5
784
330
22
100
AcDbEntity
  8
B.Silkscreen
  6
CONTINUOUS
100
AcDbLine
 10
154.6403970000000072
 20
-88.9557969999999898
 30
0
 11
154.8123429999999985
 21
-88.9899999999999949
 31
0
  0
LINE
  5
785
330
22
100
AcDbEntity
  8
B.Silkscreen
  6
CONTINUOUS
100
AcDbLine
 10
154.8123429999999985
 20
-88.9899999999999949
 30
0
 11
154.9876569999999845
 21
-88.9899999999999949
 31
0
  0
LINE
  5
786
330
22
100
AcDbEntity
  8
B.Silkscreen
  6
CONTINUOUS
100
AcDbLine
 10
154.9876569999999845
 20
-88.9899999999999949
 30
0
 11
155.1596030000000042
 21
-88.9557969999999898
 31
0
  0
LINE
  5
787
330
22
100
AcDbEntity
  8
B.Silkscreen
  6
CONTINUOUS
100
AcDbLine
 10
155.1596030000000042
 20
-88.9557969999999898
 30
0
 11
155.3215730000000008
 21
-88.8887069999999966
 31
0
  0
LINE
  5
788
330
22
100
AcDbEntity
  8
B.Silkscreen
  6
CONTINUOUS
100
AcDbLine
 10
155.3215730000000008
 20
-88.8887069999999966
 30
0
 11
155.4673420000000021
 21
-88.7913080000000008
 31
0
  0
LINE
  5
789
330
22
100
AcDbEntity
  8
B.Silkscreen
  6
CONTINUOUS
100
AcDbLine
 10
155.4673420000000021
 20
-88.7913080000000008
 30
0
 11
155.5913079999999979
 21
-88.6673419999999908
 31
0
  0
LINE
  5
78A
330
22
100
AcDbEntity
  8
B.Silkscreen
  6
CONTINUOUS
100
AcDbLine
 10
155.5913079999999979
 20
-88.6673419999999908
 30
0
 11
155.6887069999999937
 21
-88.5215729999999894
 31
0
  0
LINE
  5
78B
330
22
100
AcDbEntity
  8
B.Silkscreen
  6
CONTINUOUS
100
AcDbLine
 10
155.6887069999999937
 20
-88.5215729999999894
 30
0
 11
155.7557970000000012
 21
-88.3596029999999928
 31
0
  0
LINE
  5
78C
330
22
100
AcDbEntity
  8
B.Silkscreen
  6
CONTINUOUS
100
AcDbLine
 10
155.7557970000000012
 20
-88.3596029999999928
 30
0
 11
155.789999999999992
 21
-88.1876570000000015
 31
0
  0
LINE
  5
78D
330
22
100
AcDbEntity
  8
B.Silkscreen
  6
CONTINUOUS
100
AcDbLine
 10
155.789999999999992
 20
-88.1876570000000015
 30
0
 11
155.789999999999992
 21
-88.0123430000000013
 31
0
  0
LINE
  5
78E
330
22
100
AcDbEntity
  8
B.Silkscreen
  6
CONTINUOUS
100
AcDbLine
 10
155.789999999999992
 20
-88.0123430000000013
 30
0
 11
155.7557970000000012
 21
-87.8403969999999958
 31
0
  0
LINE
  5
78F
330
22
100
AcDbEntity
  8
B.Silkscreen
  6
CONTINUOUS
100
AcDbLine
 10
155.7557970000000012
 20
-87.8403969999999958
 30
0
 11
155.6887069999999937
 21
-87.6784269999999992
 31
0
  0
LINE
  5
790
330
22
100
AcDbEntity
  8
B.Silkscreen
  6
CONTINUOUS
100
AcDbLine
 10
155.6887069999999937
 20
-87.6784269999999992
 30
0
 11
155.5913079999999979
 21
-87.5326579999999979
 31
0
  0
LINE
  5
791
330
22
100
AcDbEntity
  8
B.Silkscreen
  6
CONTINUOUS
100
AcDbLine
 10
155.5913079999999979
 20
-87.5326579999999979
 30
0
 11
155.4673420000000021
 21
-87.4086920000000021
 31
0
  0
LINE
  5
792
330
22
100
AcDbEntity
  8
B.Silkscreen
  6
CONTINUOUS
100
AcDbLine
 10
155.4673420000000021
 20
-87.4086920000000021
 30
0
 11
155.3215730000000008
 21
-87.311292999999992
 31
0
  0
LINE
  5
793
330
22
100
AcDbEntity
  8
B.Silkscreen
  6
CONTINUOUS
100
AcDbLine
 10
155.3215730000000008
 20
-87.311292999999992
 30
0
 11
155.1596030000000042
 21
-87.2442029999999988
 31
0
  0
LINE
  5
794
330
22
100
AcDbEntity
  8
B.Silkscreen
  6
CONTINUOUS
100
AcDbLine
 10
155.1596030000000042
 20
-87.2442029999999988
 30
0
 11
154.9876569999999845
 21
-87.2099999999999937
 31
0
  0
LINE
  5
795
330
22
100
AcDbEntity
  8
B.Silkscreen
  6
CONTINUOUS
100
AcDbLine
 10
154.9876569999999845
 20
-87.2099999999999937
 30
0
 11
154.8123429999999985
 21
-87.2099999999999937
 31
0
  0
LINE
  5
796
330
22
100
AcDbEntity
  8
B.Silkscreen
  6
CONTINUOUS
100
AcDbLine
 10
154.8123429999999985
 20
-87.2099999999999937
 30
0
 11
154.6403970000000072
 21
-87.2442029999999988
 31
0
  0
LINE
  5
797
330
22
100
AcDbEntity
  8
B.Silkscreen
  6
CONTINUOUS
100
AcDbLine
 10
154.6403970000000072
 20
-87.2442029999999988
 30
0
 11
154.4784269999999822
 21
-87.311292999999992
 31
0
  0
LINE
  5
798
330
22
100
AcDbEntity
  8
B.Silkscreen
  6
CONTINUOUS
100
AcDbLine
 10
154.4784269999999822
 20
-87.311292999999992
 30
0
 11
154.3326579999999808
 21
-87.4086920000000021
 31
0
  0
LINE
  5
799
330
22
100
AcDbEntity
  8
B.Silkscreen
  6
CONTINUOUS
100
AcDbLine
 10
154.3326579999999808
 20
-87.4086920000000021
 30
0
 11
154.208691999999985
 21
-87.5326579999999979
 31
0
  0
LINE
  5
79A
330
22
100
AcDbEntity
  8
B.Silkscreen
  6
CONTINUOUS
100
AcDbLine
 10
154.208691999999985
 20
-87.5326579999999979
 30
0
 11
154.1112929999999892
 21
-87.6784269999999992
 31
0
  0
LINE
  5
79B
330
22
100
AcDbEntity
  8
B.Silkscreen
  6
CONTINUOUS
100
AcDbLine
 10
154.1112929999999892
 20
-87.6784269999999992
 30
0
 11
154.0442029999999818
 21
-87.8403969999999958
 31
0
  0
LINE
  5
79C
330
22
100
AcDbEntity
  8
B.Silkscreen
  6
CONTINUOUS
100
AcDbLine
 10
154.0442029999999818
 20
-87.8403969999999958
 30
0
 11
154.0099999999999909
 21
-88.0123430000000013
 31
0
  0
LINE
  5
79D
330
22
100
AcDbEntity
  8
B.Silkscreen
  6
CONTINUOUS
100
AcDbLine
 10
154.0099999999999909
 20
-88.0123430000000013
 30
0
 11
154.0099999999999909
 21
-88.1876570000000015
 31
0
  0
LINE
  5
79E
330
22
100
AcDbEntity
  8
B.Silkscreen
  6
CONTINUOUS
100
AcDbLine
 10
161.9829609999999889
 20
-84.8845669999999899
 30
0
 11
162.0154330000000016
 21
-84.9170390000000026
 31
0
  0
LINE
  5
79F
330
22
100
AcDbEntity
  8
B.Silkscreen
  6
CONTINUOUS
100
AcDbLine
 10
162.0154330000000016
 20
-84.9170390000000026
 30
0
 11
162.0199999999999818
 21
-84.9399999999999977
 31
0
  0
LINE
  5
7A0
330
22
100
AcDbEntity
  8
B.Silkscreen
  6
CONTINUOUS
100
AcDbLine
 10
162.0199999999999818
 20
-84.9399999999999977
 30
0
 11
162.0199999999999818
 21
-89.
 31
0
  0
LINE
  5
7A1
330
22
100
AcDbEntity
  8
B.Silkscreen
  6
CONTINUOUS
100
AcDbLine
 10
162.0199999999999818
 20
-89.
 30
0
 11
162.0154330000000016
 21
-89.0229609999999951
 31
0
  0
LINE
  5
7A2
330
22
100
AcDbEntity
  8
B.Silkscreen
  6
CONTINUOUS
100
AcDbLine
 10
162.0154330000000016
 20
-89.0229609999999951
 30
0
 11
161.9829609999999889
 21
-89.0554329999999936
 31
0
  0
LINE
  5
7A3
330
22
100
AcDbEntity
  8
B.Silkscreen
  6
CONTINUOUS
100
AcDbLine
 10
161.9829609999999889
 20
-89.0554329999999936
 30
0
 11
161.9599999999999795
 21
-89.0600000000000023
 31
0
  0
LINE
  5
7A4
330
22
100
AcDbEntity
  8
B.Silkscreen
  6
CONTINUOUS
100
AcDbLine
 10
161.9599999999999795
 20
-89.0600000000000023
 30
0
 11
159.8400000000000034
 21
-89.0600000000000023
 31
0
  0
LINE
  5
7A5
330
22
100
AcDbEntity
  8
B.Silkscreen
  6
CONTINUOUS
100
AcDbLine
 10
159.8400000000000034
 20
-89.0600000000000023
 30
0
 11
159.8170389999999941
 21
-89.0554329999999936
 31
0
  0
LINE
  5
7A6
330
22
100
AcDbEntity
  8
B.Silkscreen
  6
CONTINUOUS
100
AcDbLine
 10
159.8170389999999941
 20
-89.0554329999999936
 30
0
 11
159.7845669999999814
 21
-89.0229609999999951
 31
0
  0
LINE
  5
7A7
330
22
100
AcDbEntity
  8
B.Silkscreen
  6
CONTINUOUS
100
AcDbLine
 10
159.7845669999999814
 20
-89.0229609999999951
 30
0
 11
159.7800000000000011
 21
-89.
 31
0
  0
LINE
  5
7A8
330
22
100
AcDbEntity
  8
B.Silkscreen
  6
CONTINUOUS
100
AcDbLine
 10
159.7800000000000011
 20
-89.
 30
0
 11
159.7800000000000011
 21
-84.9399999999999977
 31
0
  0
LINE
  5
7A9
330
22
100
AcDbEntity
  8
B.Silkscreen
  6
CONTINUOUS
100
AcDbLine
 10
159.7800000000000011
 20
-84.9399999999999977
 30
0
 11
159.7845669999999814
 21
-84.9170390000000026
 31
0
  0
LINE
  5
7AA
330
22
100
AcDbEntity
  8
B.Silkscreen
  6
CONTINUOUS
100
AcDbLine
 10
159.7845669999999814
 20
-84.9170390000000026
 30
0
 11
159.8170389999999941
 21
-84.8845669999999899
 31
0
  0
LINE
  5
7AB
330
22
100
AcDbEntity
  8
B.Silkscreen
  6
CONTINUOUS
100
AcDbLine
 10
159.8170389999999941
 20
-84.8845669999999899
 30
0
 11
159.8400000000000034
 21
-84.8799999999999955
 31
0
  0
LINE
  5
7AC
330
22
100
AcDbEntity
  8
B.Silkscreen
  6
CONTINUOUS
100
AcDbLine
 10
159.8400000000000034
 20
-84.8799999999999955
 30
0
 11
161.9599999999999795
 21
-84.8799999999999955
 31
0
  0
LINE
  5
7AD
330
22
100
AcDbEntity
  8
B.Silkscreen
  6
CONTINUOUS
100
AcDbLine
 10
161.9599999999999795
 20
-84.8799999999999955
 30
0
 11
161.9829609999999889
 21
-84.8845669999999899
 31
0
  0
LINE
  5
7AE
330
22
100
AcDbEntity
  8
B.Silkscreen
  6
CONTINUOUS
100
AcDbLine
 10
159.9000000000000057
 20
-85.
 30
0
 11
159.9000000000000057
 21
-88.9399999999999977
 31
0
  0
LINE
  5
7AF
330
22
100
AcDbEntity
  8
B.Silkscreen
  6
CONTINUOUS
100
AcDbLine
 10
159.9000000000000057
 20
-88.9399999999999977
 30
0
 11
161.9000000000000057
 21
-88.9399999999999977
 31
0
  0
LINE
  5
7B0
330
22
100
AcDbEntity
  8
B.Silkscreen
  6
CONTINUOUS
100
AcDbLine
 10
161.9000000000000057
 20
-88.9399999999999977
 30
0
 11
161.9000000000000057
 21
-85.
 31
0
  0
LINE
  5
7B1
330
22
100
AcDbEntity
  8
B.Silkscreen
  6
CONTINUOUS
100
AcDbLine
 10
161.9000000000000057
 20
-85.
 30
0
 11
159.9000000000000057
 21
-85.
 31
0
  0
LINE
  5
7B2
330
22
100
AcDbEntity
  8
B.Silkscreen
  6
CONTINUOUS
100
AcDbLine
 10
164.9829609999999889
 20
-86.8845669999999899
 30
0
 11
165.0154330000000016
 21
-86.9170390000000026
 31
0
  0
LINE
  5
7B3
330
22
100
AcDbEntity
  8
B.Silkscreen
  6
CONTINUOUS
100
AcDbLine
 10
165.0154330000000016
 20
-86.9170390000000026
 30
0
 11
165.0199999999999818
 21
-86.9399999999999977
 31
0
  0
LINE
  5
7B4
330
22
100
AcDbEntity
  8
B.Silkscreen
  6
CONTINUOUS
100
AcDbLine
 10
165.0199999999999818
 20
-86.9399999999999977
 30
0
 11
165.0199999999999818
 21
-89.
 31
0
  0
LINE
  5
7B5
330
22
100
AcDbEntity
  8
B.Silkscreen
  6
CONTINUOUS
100
AcDbLine
 10
165.0199999999999818
 20
-89.
 30
0
 11
165.0154330000000016
 21
-89.0229609999999951
 31
0
  0
LINE
  5
7B6
330
22
100
AcDbEntity
  8
B.Silkscreen
  6
CONTINUOUS
100
AcDbLine
 10
165.0154330000000016
 20
-89.0229609999999951
 30
0
 11
164.9829609999999889
 21
-89.0554329999999936
 31
0
  0
LINE
  5
7B7
330
22
100
AcDbEntity
  8
B.Silkscreen
  6
CONTINUOUS
100
AcDbLine
 10
164.9829609999999889
 20
-89.0554329999999936
 30
0
 11
164.9599999999999795
 21
-89.0600000000000023
 31
0
  0
LINE
  5
7B8
330
22
100
AcDbEntity
  8
B.Silkscreen
  6
CONTINUOUS
100
AcDbLine
 10
164.9599999999999795
 20
-89.0600000000000023
 30
0
 11
162.8400000000000034
 21
-89.0600000000000023
 31
0
  0
LINE
  5
7B9
330
22
100
AcDbEntity
  8
B.Silkscreen
  6
CONTINUOUS
100
AcDbLine
 10
162.8400000000000034
 20
-89.0600000000000023
 30
0
 11
162.8170389999999941
 21
-89.0554329999999936
 31
0
  0
LINE
  5
7BA
330
22
100
AcDbEntity
  8
B.Silkscreen
  6
CONTINUOUS
100
AcDbLine
 10
162.8170389999999941
 20
-89.0554329999999936
 30
0
 11
162.7845669999999814
 21
-89.0229609999999951
 31
0
  0
LINE
  5
7BB
330
22
100
AcDbEntity
  8
B.Silkscreen
  6
CONTINUOUS
100
AcDbLine
 10
162.7845669999999814
 20
-89.0229609999999951
 30
0
 11
162.7800000000000011
 21
-89.
 31
0
  0
LINE
  5
7BC
330
22
100
AcDbEntity
  8
B.Silkscreen
  6
CONTINUOUS
100
AcDbLine
 10
162.7800000000000011
 20
-89.
 30
0
 11
162.7800000000000011
 21
-86.9399999999999977
 31
0
  0
LINE
  5
7BD
330
22
100
AcDbEntity
  8
B.Silkscreen
  6
CONTINUOUS
100
AcDbLine
 10
162.7800000000000011
 20
-86.9399999999999977
 30
0
 11
162.7845669999999814
 21
-86.9170390000000026
 31
0
  0
LINE
  5
7BE
330
22
100
AcDbEntity
  8
B.Silkscreen
  6
CONTINUOUS
100
AcDbLine
 10
162.7845669999999814
 20
-86.9170390000000026
 30
0
 11
162.8170389999999941
 21
-86.8845669999999899
 31
0
  0
LINE
  5
7BF
330
22
100
AcDbEntity
  8
B.Silkscreen
  6
CONTINUOUS
100
AcDbLine
 10
162.8170389999999941
 20
-86.8845669999999899
 30
0
 11
162.8400000000000034
 21
-86.8799999999999955
 31
0
  0
LINE
  5
7C0
330
22
100
AcDbEntity
  8
B.Silkscreen
  6
CONTINUOUS
100
AcDbLine
 10
162.8400000000000034
 20
-86.8799999999999955
 30
0
 11
164.9599999999999795
 21
-86.8799999999999955
 31
0
  0
LINE
  5
7C1
330
22
100
AcDbEntity
  8
B.Silkscreen
  6
CONTINUOUS
100
AcDbLine
 10
164.9599999999999795
 20
-86.8799999999999955
 30
0
 11
164.9829609999999889
 21
-86.8845669999999899
 31
0
  0
LINE
  5
7C2
330
22
100
AcDbEntity
  8
B.Silkscreen
  6
CONTINUOUS
100
AcDbLine
 10
162.9000000000000057
 20
-87.
 30
0
 11
162.9000000000000057
 21
-88.9399999999999977
 31
0
  0
LINE
  5
7C3
330
22
100
AcDbEntity
  8
B.Silkscreen
  6
CONTINUOUS
100
AcDbLine
 10
162.9000000000000057
 20
-88.9399999999999977
 30
0
 11
164.9000000000000057
 21
-88.9399999999999977
 31
0
  0
LINE
  5
7C4
330
22
100
AcDbEntity
  8
B.Silkscreen
  6
CONTINUOUS
100
AcDbLine
 10
164.9000000000000057
 20
-88.9399999999999977
 30
0
 11
164.9000000000000057
 21
-87.
 31
0
  0
LINE
  5
7C5
330
22
100
AcDbEntity
  8
B.Silkscreen
  6
CONTINUOUS
100
AcDbLine
 10
164.9000000000000057
 20
-87.
 30
0
 11
162.9000000000000057
 21
-87.
 31
0
  0
LINE
  5
7C6
330
22
100
AcDbEntity
  8
B.Silkscreen
  6
CONTINUOUS
100
AcDbLine
 10
167.9829609999999889
 20
-86.8845669999999899
 30
0
 11
168.0154330000000016
 21
-86.9170390000000026
 31
0
  0
LINE
  5
7C7
330
22
100
AcDbEntity
  8
B.Silkscreen
  6
CONTINUOUS
100
AcDbLine
 10
168.0154330000000016
 20
-86.9170390000000026
 30
0
 11
168.0199999999999818
 21
-86.9399999999999977
 31
0
  0
LINE
  5
7C8
330
22
100
AcDbEntity
  8
B.Silkscreen
  6
CONTINUOUS
100
AcDbLine
 10
168.0199999999999818
 20
-86.9399999999999977
 30
0
 11
168.0199999999999818
 21
-89.
 31
0
  0
LINE
  5
7C9
330
22
100
AcDbEntity
  8
B.Silkscreen
  6
CONTINUOUS
100
AcDbLine
 10
168.0199999999999818
 20
-89.
 30
0
 11
168.0154330000000016
 21
-89.0229609999999951
 31
0
  0
LINE
  5
7CA
330
22
100
AcDbEntity
  8
B.Silkscreen
  6
CONTINUOUS
100
AcDbLine
 10
168.0154330000000016
 20
-89.0229609999999951
 30
0
 11
167.9829609999999889
 21
-89.0554329999999936
 31
0
  0
LINE
  5
7CB
330
22
100
AcDbEntity
  8
B.Silkscreen
  6
CONTINUOUS
100
AcDbLine
 10
167.9829609999999889
 20
-89.0554329999999936
 30
0
 11
167.9599999999999795
 21
-89.0600000000000023
 31
0
  0
LINE
  5
7CC
330
22
100
AcDbEntity
  8
B.Silkscreen
  6
CONTINUOUS
100
AcDbLine
 10
167.9599999999999795
 20
-89.0600000000000023
 30
0
 11
165.8400000000000034
 21
-89.0600000000000023
 31
0
  0
LINE
  5
7CD
330
22
100
AcDbEntity
  8
B.Silkscreen
  6
CONTINUOUS
100
AcDbLine
 10
165.8400000000000034
 20
-89.0600000000000023
 30
0
 11
165.8170389999999941
 21
-89.0554329999999936
 31
0
  0
LINE
  5
7CE
330
22
100
AcDbEntity
  8
B.Silkscreen
  6
CONTINUOUS
100
AcDbLine
 10
165.8170389999999941
 20
-89.0554329999999936
 30
0
 11
165.7845669999999814
 21
-89.0229609999999951
 31
0
  0
LINE
  5
7CF
330
22
100
AcDbEntity
  8
B.Silkscreen
  6
CONTINUOUS
100
AcDbLine
 10
165.7845669999999814
 20
-89.0229609999999951
 30
0
 11
165.7800000000000011
 21
-89.
 31
0
  0
LINE
  5
7D0
330
22
100
AcDbEntity
  8
B.Silkscreen
  6
CONTINUOUS
100
AcDbLine
 10
165.7800000000000011
 20
-89.
 30
0
 11
165.7800000000000011
 21
-86.9399999999999977
 31
0
  0
LINE
  5
7D1
330
22
100
AcDbEntity
  8
B.Silkscreen
  6
CONTINUOUS
100
AcDbLine
 10
165.7800000000000011
 20
-86.9399999999999977
 30
0
 11
165.7845669999999814
 21
-86.9170390000000026
 31
0
  0
LINE
  5
7D2
330
22
100
AcDbEntity
  8
B.Silkscreen
  6
CONTINUOUS
100
AcDbLine
 10
165.7845669999999814
 20
-86.9170390000000026
 30
0
 11
165.8170389999999941
 21
-86.8845669999999899
 31
0
  0
LINE
  5
7D3
330
22
100
AcDbEntity
  8
B.Silkscreen
  6
CONTINUOUS
100
AcDbLine
 10
165.8170389999999941
 20
-86.8845669999999899
 30
0
 11
165.8400000000000034
 21
-86.8799999999999955
 31
0
  0
LINE
  5
7D4
330
22
100
AcDbEntity
  8
B.Silkscreen
  6
CONTINUOUS
100
AcDbLine
 10
165.8400000000000034
 20
-86.8799999999999955
 30
0
 11
167.9599999999999795
 21
-86.8799999999999955
 31
0
  0
LINE
  5
7D5
330
22
100
AcDbEntity
  8
B.Silkscreen
  6
CONTINUOUS
100
AcDbLine
 10
167.9599999999999795
 20
-86.8799999999999955
 30
0
 11
167.9829609999999889
 21
-86.8845669999999899
 31
0
  0
LINE
  5
7D6
330
22
100
AcDbEntity
  8
B.Silkscreen
  6
CONTINUOUS
100
AcDbLine
 10
165.9000000000000057
 20
-87.
 30
0
 11
165.9000000000000057
 21
-88.9399999999999977
 31
0
  0
LINE
  5
7D7
330
22
100
AcDbEntity
  8
B.Silkscreen
  6
CONTINUOUS
100
AcDbLine
 10
165.9000000000000057
 20
-88.9399999999999977
 30
0
 11
167.9000000000000057
 21
-88.9399999999999977
 31
0
  0
LINE
  5
7D8
330
22
100
AcDbEntity
  8
B.Silkscreen
  6
CONTINUOUS
100
AcDbLine
 10
167.9000000000000057
 20
-88.9399999999999977
 30
0
 11
167.9000000000000057
 21
-87.
 31
0
  0
LINE
  5
7D9
330
22
100
AcDbEntity
  8
B.Silkscreen
  6
CONTINUOUS
100
AcDbLine
 10
167.9000000000000057
 20
-87.
 30
0
 11
165.9000000000000057
 21
-87.
 31
0
  0
LINE
  5
7DA
330
22
100
AcDbEntity
  8
B.Silkscreen
  6
CONTINUOUS
100
AcDbLine
 10
131.8328119999999899
 20
-88.2411450000000031
 30
0
 11
132.2958339999999851
 21
-88.2411450000000031
 31
0
  0
LINE
  5
7DB
330
22
100
AcDbEntity
  8
B.Silkscreen
  6
CONTINUOUS
100
AcDbLine
 10
132.2958339999999851
 20
-88.2411450000000031
 30
0
 11
132.7588539999999853
 21
-88.2411450000000031
 31
0
  0
LINE
  5
7DC
330
22
100
AcDbEntity
  8
B.Silkscreen
  6
CONTINUOUS
100
AcDbLine
 10
132.7588539999999853
 20
-88.2411450000000031
 30
0
 11
132.7588539999999853
 21
-88.7041660000000007
 31
0
  0
LINE
  5
7DD
330
22
100
AcDbEntity
  8
B.Silkscreen
  6
CONTINUOUS
100
AcDbLine
 10
132.7588539999999853
 20
-88.7041660000000007
 30
0
 11
132.2958339999999851
 21
-88.7041660000000007
 31
0
  0
LINE
  5
7DE
330
22
100
AcDbEntity
  8
B.Silkscreen
  6
CONTINUOUS
100
AcDbLine
 10
132.2958339999999851
 20
-88.7041660000000007
 30
0
 11
131.8328119999999899
 21
-88.7041660000000007
 31
0
  0
LINE
  5
7DF
330
22
100
AcDbEntity
  8
B.Silkscreen
  6
CONTINUOUS
100
AcDbLine
 10
131.8328119999999899
 20
-88.7041660000000007
 30
0
 11
131.3697919999999897
 21
-88.7041660000000007
 31
0
  0
LINE
  5
7E0
330
22
100
AcDbEntity
  8
B.Silkscreen
  6
CONTINUOUS
100
AcDbLine
 10
131.3697919999999897
 20
-88.7041660000000007
 30
0
 11
131.3697919999999897
 21
-88.2411450000000031
 31
0
  0
LINE
  5
7E1
330
22
100
AcDbEntity
  8
B.Silkscreen
  6
CONTINUOUS
100
AcDbLine
 10
131.3697919999999897
 20
-88.2411450000000031
 30
0
 11
131.8328119999999899
 21
-88.2411450000000031
 31
0
  0
LINE
  5
7E2
330
22
100
AcDbEntity
  8
B.Silkscreen
  6
CONTINUOUS
100
AcDbLine
 10
142.0192710000000034
 20
-88.7041660000000007
 30
0
 11
141.5562500000000057
 21
-88.7041660000000007
 31
0
  0
LINE
  5
7E3
330
22
100
AcDbEntity
  8
B.Silkscreen
  6
CONTINUOUS
100
AcDbLine
 10
141.5562500000000057
 20
-88.7041660000000007
 30
0
 11
141.5562500000000057
 21
-88.2411450000000031
 31
0
  0
LINE
  5
7E4
330
22
100
AcDbEntity
  8
B.Silkscreen
  6
CONTINUOUS
100
AcDbLine
 10
141.5562500000000057
 20
-88.2411450000000031
 30
0
 11
142.0192710000000034
 21
-88.2411450000000031
 31
0
  0
LINE
  5
7E5
330
22
100
AcDbEntity
  8
B.Silkscreen
  6
CONTINUOUS
100
AcDbLine
 10
142.0192710000000034
 20
-88.2411450000000031
 30
0
 11
142.0192710000000034
 21
-88.7041660000000007
 31
0
  0
LINE
  5
7E6
330
22
100
AcDbEntity
  8
B.Silkscreen
  6
CONTINUOUS
100
AcDbLine
 10
144.7973949999999945
 20
-88.7041660000000007
 30
0
 11
144.3343749999999943
 21
-88.7041660000000007
 31
0
  0
LINE
  5
7E7
330
22
100
AcDbEntity
  8
B.Silkscreen
  6
CONTINUOUS
100
AcDbLine
 10
144.3343749999999943
 20
-88.7041660000000007
 30
0
 11
144.3343749999999943
 21
-88.2411450000000031
 31
0
  0
LINE
  5
7E8
330
22
100
AcDbEntity
  8
B.Silkscreen
  6
CONTINUOUS
100
AcDbLine
 10
144.3343749999999943
 20
-88.2411450000000031
 30
0
 11
144.3343749999999943
 21
-87.7781239999999912
 31
0
  0
LINE
  5
7E9
330
22
100
AcDbEntity
  8
B.Silkscreen
  6
CONTINUOUS
100
AcDbLine
 10
144.3343749999999943
 20
-87.7781239999999912
 30
0
 11
143.8713539999999966
 21
-87.7781239999999912
 31
0
  0
LINE
  5
7EA
330
22
100
AcDbEntity
  8
B.Silkscreen
  6
CONTINUOUS
100
AcDbLine
 10
143.8713539999999966
 20
-87.7781239999999912
 30
0
 11
143.8713539999999966
 21
-88.2411450000000031
 31
0
  0
LINE
  5
7EB
330
22
100
AcDbEntity
  8
B.Silkscreen
  6
CONTINUOUS
100
AcDbLine
 10
143.8713539999999966
 20
-88.2411450000000031
 30
0
 11
143.8713539999999966
 21
-88.7041660000000007
 31
0
  0
LINE
  5
7EC
330
22
100
AcDbEntity
  8
B.Silkscreen
  6
CONTINUOUS
100
AcDbLine
 10
143.8713539999999966
 20
-88.7041660000000007
 30
0
 11
143.4083329999999989
 21
-88.7041660000000007
 31
0
  0
LINE
  5
7ED
330
22
100
AcDbEntity
  8
B.Silkscreen
  6
CONTINUOUS
100
AcDbLine
 10
143.4083329999999989
 20
-88.7041660000000007
 30
0
 11
143.4083329999999989
 21
-88.2411450000000031
 31
0
  0
LINE
  5
7EE
330
22
100
AcDbEntity
  8
B.Silkscreen
  6
CONTINUOUS
100
AcDbLine
 10
143.4083329999999989
 20
-88.2411450000000031
 30
0
 11
142.9453120000000013
 21
-88.2411450000000031
 31
0
  0
LINE
  5
7EF
330
22
100
AcDbEntity
  8
B.Silkscreen
  6
CONTINUOUS
100
AcDbLine
 10
142.9453120000000013
 20
-88.2411450000000031
 30
0
 11
142.9453120000000013
 21
-88.7041660000000007
 31
0
  0
LINE
  5
7F0
330
22
100
AcDbEntity
  8
B.Silkscreen
  6
CONTINUOUS
100
AcDbLine
 10
142.9453120000000013
 20
-88.7041660000000007
 30
0
 11
142.4822910000000036
 21
-88.7041660000000007
 31
0
  0
LINE
  5
7F1
330
22
100
AcDbEntity
  8
B.Silkscreen
  6
CONTINUOUS
100
AcDbLine
 10
142.4822910000000036
 20
-88.7041660000000007
 30
0
 11
142.4822910000000036
 21
-88.2411450000000031
 31
0
  0
LINE
  5
7F2
330
22
100
AcDbEntity
  8
B.Silkscreen
  6
CONTINUOUS
100
AcDbLine
 10
142.4822910000000036
 20
-88.2411450000000031
 30
0
 11
142.4822910000000036
 21
-87.7781239999999912
 31
0
  0
LINE
  5
7F3
330
22
100
AcDbEntity
  8
B.Silkscreen
  6
CONTINUOUS
100
AcDbLine
 10
142.4822910000000036
 20
-87.7781239999999912
 30
0
 11
142.9453120000000013
 21
-87.7781239999999912
 31
0
  0
LINE
  5
7F4
330
22
100
AcDbEntity
  8
B.Silkscreen
  6
CONTINUOUS
100
AcDbLine
 10
142.9453120000000013
 20
-87.7781239999999912
 30
0
 11
142.9453120000000013
 21
-87.3151029999999935
 31
0
  0
LINE
  5
7F5
330
22
100
AcDbEntity
  8
B.Silkscreen
  6
CONTINUOUS
100
AcDbLine
 10
142.9453120000000013
 20
-87.3151029999999935
 30
0
 11
142.4822910000000036
 21
-87.3151029999999935
 31
0
  0
LINE
  5
7F6
330
22
100
AcDbEntity
  8
B.Silkscreen
  6
CONTINUOUS
100
AcDbLine
 10
142.4822910000000036
 20
-87.3151029999999935
 30
0
 11
142.0192710000000034
 21
-87.3151029999999935
 31
0
  0
LINE
  5
7F7
330
22
100
AcDbEntity
  8
B.Silkscreen
  6
CONTINUOUS
100
AcDbLine
 10
142.0192710000000034
 20
-87.3151029999999935
 30
0
 11
142.0192710000000034
 21
-86.8520819999999958
 31
0
  0
LINE
  5
7F8
330
22
100
AcDbEntity
  8
B.Silkscreen
  6
CONTINUOUS
100
AcDbLine
 10
142.0192710000000034
 20
-86.8520819999999958
 30
0
 11
142.4822910000000036
 21
-86.8520819999999958
 31
0
  0
LINE
  5
7F9
330
22
100
AcDbEntity
  8
B.Silkscreen
  6
CONTINUOUS
100
AcDbLine
 10
142.4822910000000036
 20
-86.8520819999999958
 30
0
 11
142.4822910000000036
 21
-86.3890609999999981
 31
0
  0
LINE
  5
7FA
330
22
100
AcDbEntity
  8
B.Silkscreen
  6
CONTINUOUS
100
AcDbLine
 10
142.4822910000000036
 20
-86.3890609999999981
 30
0
 11
142.4822910000000036
 21
-85.9260409999999979
 31
0
  0
LINE
  5
7FB
330
22
100
AcDbEntity
  8
B.Silkscreen
  6
CONTINUOUS
100
AcDbLine
 10
142.4822910000000036
 20
-85.9260409999999979
 30
0
 11
142.0192710000000034
 21
-85.9260409999999979
 31
0
  0
LINE
  5
7FC
330
22
100
AcDbEntity
  8
B.Silkscreen
  6
CONTINUOUS
100
AcDbLine
 10
142.0192710000000034
 20
-85.9260409999999979
 30
0
 11
141.5562500000000057
 21
-85.9260409999999979
 31
0
  0
LINE
  5
7FD
330
22
100
AcDbEntity
  8
B.Silkscreen
  6
CONTINUOUS
100
AcDbLine
 10
141.5562500000000057
 20
-85.9260409999999979
 30
0
 11
141.0932289999999796
 21
-85.9260409999999979
 31
0
  0
LINE
  5
7FE
330
22
100
AcDbEntity
  8
B.Silkscreen
  6
CONTINUOUS
100
AcDbLine
 10
141.0932289999999796
 20
-85.9260409999999979
 30
0
 11
141.0932289999999796
 21
-86.3890609999999981
 31
0
  0
LINE
  5
7FF
330
22
100
AcDbEntity
  8
B.Silkscreen
  6
CONTINUOUS
100
AcDbLine
 10
141.0932289999999796
 20
-86.3890609999999981
 30
0
 11
140.6302079999999819
 21
-86.3890609999999981
 31
0
  0
LINE
  5
800
330
22
100
AcDbEntity
  8
B.Silkscreen
  6
CONTINUOUS
100
AcDbLine
 10
140.6302079999999819
 20
-86.3890609999999981
 30
0
 11
140.6302079999999819
 21
-85.9260409999999979
 31
0
  0
LINE
  5
801
330
22
100
AcDbEntity
  8
B.Silkscreen
  6
CONTINUOUS
100
AcDbLine
 10
140.6302079999999819
 20
-85.9260409999999979
 30
0
 11
140.6302079999999819
 21
-85.4630200000000002
 31
0
  0
LINE
  5
802
330
22
100
AcDbEntity
  8
B.Silkscreen
  6
CONTINUOUS
100
AcDbLine
 10
140.6302079999999819
 20
-85.4630200000000002
 30
0
 11
141.0932289999999796
 21
-85.4630200000000002
 31
0
  0
LINE
  5
803
330
22
100
AcDbEntity
  8
B.Silkscreen
  6
CONTINUOUS
100
AcDbLine
 10
141.0932289999999796
 20
-85.4630200000000002
 30
0
 11
141.5562500000000057
 21
-85.4630200000000002
 31
0
  0
LINE
  5
804
330
22
100
AcDbEntity
  8
B.Silkscreen
  6
CONTINUOUS
100
AcDbLine
 10
141.5562500000000057
 20
-85.4630200000000002
 30
0
 11
142.0192710000000034
 21
-85.4630200000000002
 31
0
  0
LINE
  5
805
330
22
100
AcDbEntity
  8
B.Silkscreen
  6
CONTINUOUS
100
AcDbLine
 10
142.0192710000000034
 20
-85.4630200000000002
 30
0
 11
142.4822910000000036
 21
-85.4630200000000002
 31
0
  0
LINE
  5
806
330
22
100
AcDbEntity
  8
B.Silkscreen
  6
CONTINUOUS
100
AcDbLine
 10
142.4822910000000036
 20
-85.4630200000000002
 30
0
 11
142.9453120000000013
 21
-85.4630200000000002
 31
0
  0
LINE
  5
807
330
22
100
AcDbEntity
  8
B.Silkscreen
  6
CONTINUOUS
100
AcDbLine
 10
142.9453120000000013
 20
-85.4630200000000002
 30
0
 11
142.9453120000000013
 21
-85.9260409999999979
 31
0
  0
LINE
  5
808
330
22
100
AcDbEntity
  8
B.Silkscreen
  6
CONTINUOUS
100
AcDbLine
 10
142.9453120000000013
 20
-85.9260409999999979
 30
0
 11
142.9453120000000013
 21
-86.3890609999999981
 31
0
  0
LINE
  5
809
330
22
100
AcDbEntity
  8
B.Silkscreen
  6
CONTINUOUS
100
AcDbLine
 10
142.9453120000000013
 20
-86.3890609999999981
 30
0
 11
143.4083329999999989
 21
-86.3890609999999981
 31
0
  0
LINE
  5
80A
330
22
100
AcDbEntity
  8
B.Silkscreen
  6
CONTINUOUS
100
AcDbLine
 10
143.4083329999999989
 20
-86.3890609999999981
 30
0
 11
143.4083329999999989
 21
-86.8520819999999958
 31
0
  0
LINE
  5
80B
330
22
100
AcDbEntity
  8
B.Silkscreen
  6
CONTINUOUS
100
AcDbLine
 10
143.4083329999999989
 20
-86.8520819999999958
 30
0
 11
143.4083329999999989
 21
-87.3151029999999935
 31
0
  0
LINE
  5
80C
330
22
100
AcDbEntity
  8
B.Silkscreen
  6
CONTINUOUS
100
AcDbLine
 10
143.4083329999999989
 20
-87.3151029999999935
 30
0
 11
143.8713539999999966
 21
-87.3151029999999935
 31
0
  0
LINE
  5
80D
330
22
100
AcDbEntity
  8
B.Silkscreen
  6
CONTINUOUS
100
AcDbLine
 10
143.8713539999999966
 20
-87.3151029999999935
 30
0
 11
144.3343749999999943
 21
-87.3151029999999935
 31
0
  0
LINE
  5
80E
330
22
100
AcDbEntity
  8
B.Silkscreen
  6
CONTINUOUS
100
AcDbLine
 10
144.3343749999999943
 20
-87.3151029999999935
 30
0
 11
144.3343749999999943
 21
-86.8520819999999958
 31
0
  0
LINE
  5
80F
330
22
100
AcDbEntity
  8
B.Silkscreen
  6
CONTINUOUS
100
AcDbLine
 10
144.3343749999999943
 20
-86.8520819999999958
 30
0
 11
144.7973949999999945
 21
-86.8520819999999958
 31
0
  0
LINE
  5
810
330
22
100
AcDbEntity
  8
B.Silkscreen
  6
CONTINUOUS
100
AcDbLine
 10
144.7973949999999945
 20
-86.8520819999999958
 30
0
 11
144.7973949999999945
 21
-87.3151029999999935
 31
0
  0
LINE
  5
811
330
22
100
AcDbEntity
  8
B.Silkscreen
  6
CONTINUOUS
100
AcDbLine
 10
144.7973949999999945
 20
-87.3151029999999935
 30
0
 11
144.7973949999999945
 21
-87.7781239999999912
 31
0
  0
LINE
  5
812
330
22
100
AcDbEntity
  8
B.Silkscreen
  6
CONTINUOUS
100
AcDbLine
 10
144.7973949999999945
 20
-87.7781239999999912
 30
0
 11
144.7973949999999945
 21
-88.2411450000000031
 31
0
  0
LINE
  5
813
330
22
100
AcDbEntity
  8
B.Silkscreen
  6
CONTINUOUS
100
AcDbLine
 10
144.7973949999999945
 20
-88.2411450000000031
 30
0
 11
144.7973949999999945
 21
-88.7041660000000007
 31
0
  0
LINE
  5
814
330
22
100
AcDbEntity
  8
B.Silkscreen
  6
CONTINUOUS
100
AcDbLine
 10
133.2218749999999829
 20
-87.3151029999999935
 30
0
 11
133.2218749999999829
 21
-86.8520819999999958
 31
0
  0
LINE
  5
815
330
22
100
AcDbEntity
  8
B.Silkscreen
  6
CONTINUOUS
100
AcDbLine
 10
133.2218749999999829
 20
-86.8520819999999958
 30
0
 11
133.6848959999999806
 21
-86.8520819999999958
 31
0
  0
LINE
  5
816
330
22
100
AcDbEntity
  8
B.Silkscreen
  6
CONTINUOUS
100
AcDbLine
 10
133.6848959999999806
 20
-86.8520819999999958
 30
0
 11
133.6848959999999806
 21
-86.3890609999999981
 31
0
  0
LINE
  5
817
330
22
100
AcDbEntity
  8
B.Silkscreen
  6
CONTINUOUS
100
AcDbLine
 10
133.6848959999999806
 20
-86.3890609999999981
 30
0
 11
133.2218749999999829
 21
-86.3890609999999981
 31
0
  0
LINE
  5
818
330
22
100
AcDbEntity
  8
B.Silkscreen
  6
CONTINUOUS
100
AcDbLine
 10
133.2218749999999829
 20
-86.3890609999999981
 30
0
 11
133.2218749999999829
 21
-85.9260409999999979
 31
0
  0
LINE
  5
819
330
22
100
AcDbEntity
  8
B.Silkscreen
  6
CONTINUOUS
100
AcDbLine
 10
133.2218749999999829
 20
-85.9260409999999979
 30
0
 11
132.7588539999999853
 21
-85.9260409999999979
 31
0
  0
LINE
  5
81A
330
22
100
AcDbEntity
  8
B.Silkscreen
  6
CONTINUOUS
100
AcDbLine
 10
132.7588539999999853
 20
-85.9260409999999979
 30
0
 11
132.7588539999999853
 21
-86.3890609999999981
 31
0
  0
LINE
  5
81B
330
22
100
AcDbEntity
  8
B.Silkscreen
  6
CONTINUOUS
100
AcDbLine
 10
132.7588539999999853
 20
-86.3890609999999981
 30
0
 11
133.2218749999999829
 21
-86.3890609999999981
 31
0
  0
LINE
  5
81C
330
22
100
AcDbEntity
  8
B.Silkscreen
  6
CONTINUOUS
100
AcDbLine
 10
133.2218749999999829
 20
-86.3890609999999981
 30
0
 11
133.2218749999999829
 21
-86.8520819999999958
 31
0
  0
LINE
  5
81D
330
22
100
AcDbEntity
  8
B.Silkscreen
  6
CONTINUOUS
100
AcDbLine
 10
133.2218749999999829
 20
-86.8520819999999958
 30
0
 11
132.7588539999999853
 21
-86.8520819999999958
 31
0
  0
LINE
  5
81E
330
22
100
AcDbEntity
  8
B.Silkscreen
  6
CONTINUOUS
100
AcDbLine
 10
132.7588539999999853
 20
-86.8520819999999958
 30
0
 11
132.7588539999999853
 21
-87.3151029999999935
 31
0
  0
LINE
  5
81F
330
22
100
AcDbEntity
  8
B.Silkscreen
  6
CONTINUOUS
100
AcDbLine
 10
132.7588539999999853
 20
-87.3151029999999935
 30
0
 11
132.2958339999999851
 21
-87.3151029999999935
 31
0
  0
LINE
  5
820
330
22
100
AcDbEntity
  8
B.Silkscreen
  6
CONTINUOUS
100
AcDbLine
 10
132.2958339999999851
 20
-87.3151029999999935
 30
0
 11
131.8328119999999899
 21
-87.3151029999999935
 31
0
  0
LINE
  5
821
330
22
100
AcDbEntity
  8
B.Silkscreen
  6
CONTINUOUS
100
AcDbLine
 10
131.8328119999999899
 20
-87.3151029999999935
 30
0
 11
131.8328119999999899
 21
-87.7781239999999912
 31
0
  0
LINE
  5
822
330
22
100
AcDbEntity
  8
B.Silkscreen
  6
CONTINUOUS
100
AcDbLine
 10
131.8328119999999899
 20
-87.7781239999999912
 30
0
 11
131.3697919999999897
 21
-87.7781239999999912
 31
0
  0
LINE
  5
823
330
22
100
AcDbEntity
  8
B.Silkscreen
  6
CONTINUOUS
100
AcDbLine
 10
131.3697919999999897
 20
-87.7781239999999912
 30
0
 11
131.3697919999999897
 21
-87.3151029999999935
 31
0
  0
LINE
  5
824
330
22
100
AcDbEntity
  8
B.Silkscreen
  6
CONTINUOUS
100
AcDbLine
 10
131.3697919999999897
 20
-87.3151029999999935
 30
0
 11
131.3697919999999897
 21
-86.8520819999999958
 31
0
  0
LINE
  5
825
330
22
100
AcDbEntity
  8
B.Silkscreen
  6
CONTINUOUS
100
AcDbLine
 10
131.3697919999999897
 20
-86.8520819999999958
 30
0
 11
131.8328119999999899
 21
-86.8520819999999958
 31
0
  0
LINE
  5
826
330
22
100
AcDbEntity
  8
B.Silkscreen
  6
CONTINUOUS
100
AcDbLine
 10
131.8328119999999899
 20
-86.8520819999999958
 30
0
 11
132.2958339999999851
 21
-86.8520819999999958
 31
0
  0
LINE
  5
827
330
22
100
AcDbEntity
  8
B.Silkscreen
  6
CONTINUOUS
100
AcDbLine
 10
132.2958339999999851
 20
-86.8520819999999958
 30
0
 11
132.2958339999999851
 21
-86.3890609999999981
 31
0
  0
LINE
  5
828
330
22
100
AcDbEntity
  8
B.Silkscreen
  6
CONTINUOUS
100
AcDbLine
 10
132.2958339999999851
 20
-86.3890609999999981
 30
0
 11
132.2958339999999851
 21
-85.9260409999999979
 31
0
  0
LINE
  5
829
330
22
100
AcDbEntity
  8
B.Silkscreen
  6
CONTINUOUS
100
AcDbLine
 10
132.2958339999999851
 20
-85.9260409999999979
 30
0
 11
132.2958339999999851
 21
-85.4630200000000002
 31
0
  0
LINE
  5
82A
330
22
100
AcDbEntity
  8
B.Silkscreen
  6
CONTINUOUS
100
AcDbLine
 10
132.2958339999999851
 20
-85.4630200000000002
 30
0
 11
132.7588539999999853
 21
-85.4630200000000002
 31
0
  0
LINE
  5
82B
330
22
100
AcDbEntity
  8
B.Silkscreen
  6
CONTINUOUS
100
AcDbLine
 10
132.7588539999999853
 20
-85.4630200000000002
 30
0
 11
133.2218749999999829
 21
-85.4630200000000002
 31
0
  0
LINE
  5
82C
330
22
100
AcDbEntity
  8
B.Silkscreen
  6
CONTINUOUS
100
AcDbLine
 10
133.2218749999999829
 20
-85.4630200000000002
 30
0
 11
133.2218749999999829
 21
-85.
 31
0
  0
LINE
  5
82D
330
22
100
AcDbEntity
  8
B.Silkscreen
  6
CONTINUOUS
100
AcDbLine
 10
133.2218749999999829
 20
-85.
 30
0
 11
133.6848959999999806
 21
-85.
 31
0
  0
LINE
  5
82E
330
22
100
AcDbEntity
  8
B.Silkscreen
  6
CONTINUOUS
100
AcDbLine
 10
133.6848959999999806
 20
-85.
 30
0
 11
133.6848959999999806
 21
-84.5369779999999906
 31
0
  0
LINE
  5
82F
330
22
100
AcDbEntity
  8
B.Silkscreen
  6
CONTINUOUS
100
AcDbLine
 10
133.6848959999999806
 20
-84.5369779999999906
 30
0
 11
134.1479170000000067
 21
-84.5369779999999906
 31
0
  0
LINE
  5
830
330
22
100
AcDbEntity
  8
B.Silkscreen
  6
CONTINUOUS
100
AcDbLine
 10
134.1479170000000067
 20
-84.5369779999999906
 30
0
 11
134.6109380000000044
 21
-84.5369779999999906
 31
0
  0
LINE
  5
831
330
22
100
AcDbEntity
  8
B.Silkscreen
  6
CONTINUOUS
100
AcDbLine
 10
134.6109380000000044
 20
-84.5369779999999906
 30
0
 11
134.6109380000000044
 21
-85.
 31
0
  0
LINE
  5
832
330
22
100
AcDbEntity
  8
B.Silkscreen
  6
CONTINUOUS
100
AcDbLine
 10
134.6109380000000044
 20
-85.
 30
0
 11
134.6109380000000044
 21
-85.4630200000000002
 31
0
  0
LINE
  5
833
330
22
100
AcDbEntity
  8
B.Silkscreen
  6
CONTINUOUS
100
AcDbLine
 10
134.6109380000000044
 20
-85.4630200000000002
 30
0
 11
134.1479170000000067
 21
-85.4630200000000002
 31
0
  0
LINE
  5
834
330
22
100
AcDbEntity
  8
B.Silkscreen
  6
CONTINUOUS
100
AcDbLine
 10
134.1479170000000067
 20
-85.4630200000000002
 30
0
 11
133.6848959999999806
 21
-85.4630200000000002
 31
0
  0
LINE
  5
835
330
22
100
AcDbEntity
  8
B.Silkscreen
  6
CONTINUOUS
100
AcDbLine
 10
133.6848959999999806
 20
-85.4630200000000002
 30
0
 11
133.6848959999999806
 21
-85.9260409999999979
 31
0
  0
LINE
  5
836
330
22
100
AcDbEntity
  8
B.Silkscreen
  6
CONTINUOUS
100
AcDbLine
 10
133.6848959999999806
 20
-85.9260409999999979
 30
0
 11
134.1479170000000067
 21
-85.9260409999999979
 31
0
  0
LINE
  5
837
330
22
100
AcDbEntity
  8
B.Silkscreen
  6
CONTINUOUS
100
AcDbLine
 10
134.1479170000000067
 20
-85.9260409999999979
 30
0
 11
134.1479170000000067
 21
-86.3890609999999981
 31
0
  0
LINE
  5
838
330
22
100
AcDbEntity
  8
B.Silkscreen
  6
CONTINUOUS
100
AcDbLine
 10
134.1479170000000067
 20
-86.3890609999999981
 30
0
 11
134.1479170000000067
 21
-86.8520819999999958
 31
0
  0
LINE
  5
839
330
22
100
AcDbEntity
  8
B.Silkscreen
  6
CONTINUOUS
100
AcDbLine
 10
134.1479170000000067
 20
-86.8520819999999958
 30
0
 11
134.6109380000000044
 21
-86.8520819999999958
 31
0
  0
LINE
  5
83A
330
22
100
AcDbEntity
  8
B.Silkscreen
  6
CONTINUOUS
100
AcDbLine
 10
134.6109380000000044
 20
-86.8520819999999958
 30
0
 11
134.6109380000000044
 21
-87.3151029999999935
 31
0
  0
LINE
  5
83B
330
22
100
AcDbEntity
  8
B.Silkscreen
  6
CONTINUOUS
100
AcDbLine
 10
134.6109380000000044
 20
-87.3151029999999935
 30
0
 11
134.1479170000000067
 21
-87.3151029999999935
 31
0
  0
LINE
  5
83C
330
22
100
AcDbEntity
  8
B.Silkscreen
  6
CONTINUOUS
100
AcDbLine
 10
134.1479170000000067
 20
-87.3151029999999935
 30
0
 11
133.6848959999999806
 21
-87.3151029999999935
 31
0
  0
LINE
  5
83D
330
22
100
AcDbEntity
  8
B.Silkscreen
  6
CONTINUOUS
100
AcDbLine
 10
133.6848959999999806
 20
-87.3151029999999935
 30
0
 11
133.6848959999999806
 21
-87.7781239999999912
 31
0
  0
LINE
  5
83E
330
22
100
AcDbEntity
  8
B.Silkscreen
  6
CONTINUOUS
100
AcDbLine
 10
133.6848959999999806
 20
-87.7781239999999912
 30
0
 11
133.2218749999999829
 21
-87.7781239999999912
 31
0
  0
LINE
  5
83F
330
22
100
AcDbEntity
  8
B.Silkscreen
  6
CONTINUOUS
100
AcDbLine
 10
133.2218749999999829
 20
-87.7781239999999912
 30
0
 11
132.7588539999999853
 21
-87.7781239999999912
 31
0
  0
LINE
  5
840
330
22
100
AcDbEntity
  8
B.Silkscreen
  6
CONTINUOUS
100
AcDbLine
 10
132.7588539999999853
 20
-87.7781239999999912
 30
0
 11
132.7588539999999853
 21
-87.3151029999999935
 31
0
  0
LINE
  5
841
330
22
100
AcDbEntity
  8
B.Silkscreen
  6
CONTINUOUS
100
AcDbLine
 10
132.7588539999999853
 20
-87.3151029999999935
 30
0
 11
133.2218749999999829
 21
-87.3151029999999935
 31
0
  0
LINE
  5
842
330
22
100
AcDbEntity
  8
B.Silkscreen
  6
CONTINUOUS
100
AcDbLine
 10
138.7781239999999912
 20
-87.3151029999999935
 30
0
 11
139.2411459999999863
 21
-87.3151029999999935
 31
0
  0
LINE
  5
843
330
22
100
AcDbEntity
  8
B.Silkscreen
  6
CONTINUOUS
100
AcDbLine
 10
139.2411459999999863
 20
-87.3151029999999935
 30
0
 11
139.2411459999999863
 21
-87.7781239999999912
 31
0
  0
LINE
  5
844
330
22
100
AcDbEntity
  8
B.Silkscreen
  6
CONTINUOUS
100
AcDbLine
 10
139.2411459999999863
 20
-87.7781239999999912
 30
0
 11
138.7781239999999912
 21
-87.7781239999999912
 31
0
  0
LINE
  5
845
330
22
100
AcDbEntity
  8
B.Silkscreen
  6
CONTINUOUS
100
AcDbLine
 10
138.7781239999999912
 20
-87.7781239999999912
 30
0
 11
138.3151039999999909
 21
-87.7781239999999912
 31
0
  0
LINE
  5
846
330
22
100
AcDbEntity
  8
B.Silkscreen
  6
CONTINUOUS
100
AcDbLine
 10
138.3151039999999909
 20
-87.7781239999999912
 30
0
 11
138.3151039999999909
 21
-87.3151029999999935
 31
0
  0
LINE
  5
847
330
22
100
AcDbEntity
  8
B.Silkscreen
  6
CONTINUOUS
100
AcDbLine
 10
138.3151039999999909
 20
-87.3151029999999935
 30
0
 11
138.7781239999999912
 21
-87.3151029999999935
 31
0
  0
LINE
  5
848
330
22
100
AcDbEntity
  8
B.Silkscreen
  6
CONTINUOUS
100
AcDbLine
 10
141.0932289999999796
 20
-87.7781239999999912
 30
0
 11
140.6302079999999819
 21
-87.7781239999999912
 31
0
  0
LINE
  5
849
330
22
100
AcDbEntity
  8
B.Silkscreen
  6
CONTINUOUS
100
AcDbLine
 10
140.6302079999999819
 20
-87.7781239999999912
 30
0
 11
140.6302079999999819
 21
-87.3151029999999935
 31
0
  0
LINE
  5
84A
330
22
100
AcDbEntity
  8
B.Silkscreen
  6
CONTINUOUS
100
AcDbLine
 10
140.6302079999999819
 20
-87.3151029999999935
 30
0
 11
140.1671869999999842
 21
-87.3151029999999935
 31
0
  0
LINE
  5
84B
330
22
100
AcDbEntity
  8
B.Silkscreen
  6
CONTINUOUS
100
AcDbLine
 10
140.1671869999999842
 20
-87.3151029999999935
 30
0
 11
140.1671869999999842
 21
-86.8520819999999958
 31
0
  0
LINE
  5
84C
330
22
100
AcDbEntity
  8
B.Silkscreen
  6
CONTINUOUS
100
AcDbLine
 10
140.1671869999999842
 20
-86.8520819999999958
 30
0
 11
140.6302079999999819
 21
-86.8520819999999958
 31
0
  0
LINE
  5
84D
330
22
100
AcDbEntity
  8
B.Silkscreen
  6
CONTINUOUS
100
AcDbLine
 10
140.6302079999999819
 20
-86.8520819999999958
 30
0
 11
141.0932289999999796
 21
-86.8520819999999958
 31
0
  0
LINE
  5
84E
330
22
100
AcDbEntity
  8
B.Silkscreen
  6
CONTINUOUS
100
AcDbLine
 10
141.0932289999999796
 20
-86.8520819999999958
 30
0
 11
141.5562500000000057
 21
-86.8520819999999958
 31
0
  0
LINE
  5
84F
330
22
100
AcDbEntity
  8
B.Silkscreen
  6
CONTINUOUS
100
AcDbLine
 10
141.5562500000000057
 20
-86.8520819999999958
 30
0
 11
141.5562500000000057
 21
-87.3151029999999935
 31
0
  0
LINE
  5
850
330
22
100
AcDbEntity
  8
B.Silkscreen
  6
CONTINUOUS
100
AcDbLine
 10
141.5562500000000057
 20
-87.3151029999999935
 30
0
 11
141.0932289999999796
 21
-87.3151029999999935
 31
0
  0
LINE
  5
851
330
22
100
AcDbEntity
  8
B.Silkscreen
  6
CONTINUOUS
100
AcDbLine
 10
141.0932289999999796
 20
-87.3151029999999935
 30
0
 11
141.0932289999999796
 21
-87.7781239999999912
 31
0
  0
LINE
  5
852
330
22
100
AcDbEntity
  8
B.Silkscreen
  6
CONTINUOUS
100
AcDbLine
 10
142.0192710000000034
 20
-87.7781239999999912
 30
0
 11
141.5562500000000057
 21
-87.7781239999999912
 31
0
  0
LINE
  5
853
330
22
100
AcDbEntity
  8
B.Silkscreen
  6
CONTINUOUS
100
AcDbLine
 10
141.5562500000000057
 20
-87.7781239999999912
 30
0
 11
141.5562500000000057
 21
-87.3151029999999935
 31
0
  0
LINE
  5
854
330
22
100
AcDbEntity
  8
B.Silkscreen
  6
CONTINUOUS
100
AcDbLine
 10
141.5562500000000057
 20
-87.3151029999999935
 30
0
 11
142.0192710000000034
 21
-87.3151029999999935
 31
0
  0
LINE
  5
855
330
22
100
AcDbEntity
  8
B.Silkscreen
  6
CONTINUOUS
100
AcDbLine
 10
142.0192710000000034
 20
-87.3151029999999935
 30
0
 11
142.0192710000000034
 21
-87.7781239999999912
 31
0
  0
LINE
  5
856
330
22
100
AcDbEntity
  8
B.Silkscreen
  6
CONTINUOUS
100
AcDbLine
 10
114.5161909999999921
 20
-85.6762229999999931
 30
0
 11
114.5207580000000007
 21
-85.6991840000000025
 31
0
  0
LINE
  5
857
330
22
100
AcDbEntity
  8
B.Silkscreen
  6
CONTINUOUS
100
AcDbLine
 10
114.5207580000000007
 20
-85.6991840000000025
 30
0
 11
114.5207580000000007
 21
-87.0191839999999956
 31
0
  0
LINE
  5
858
330
22
100
AcDbEntity
  8
B.Silkscreen
  6
CONTINUOUS
100
AcDbLine
 10
114.5207580000000007
 20
-87.0191839999999956
 30
0
 11
115.8407579999999939
 21
-87.0191839999999956
 31
0
  0
LINE
  5
859
330
22
100
AcDbEntity
  8
B.Silkscreen
  6
CONTINUOUS
100
AcDbLine
 10
115.8407579999999939
 20
-87.0191839999999956
 30
0
 11
115.863718999999989
 21
-87.0237509999999901
 31
0
  0
LINE
  5
85A
330
22
100
AcDbEntity
  8
B.Silkscreen
  6
CONTINUOUS
100
AcDbLine
 10
115.863718999999989
 20
-87.0237509999999901
 30
0
 11
115.8961910000000017
 21
-87.0562230000000028
 31
0
  0
LINE
  5
85B
330
22
100
AcDbEntity
  8
B.Silkscreen
  6
CONTINUOUS
100
AcDbLine
 10
115.8961910000000017
 20
-87.0562230000000028
 30
0
 11
115.8961910000000017
 21
-87.102144999999993
 31
0
  0
LINE
  5
85C
330
22
100
AcDbEntity
  8
B.Silkscreen
  6
CONTINUOUS
100
AcDbLine
 10
115.8961910000000017
 20
-87.102144999999993
 30
0
 11
115.863718999999989
 21
-87.1346169999999915
 31
0
  0
LINE
  5
85D
330
22
100
AcDbEntity
  8
B.Silkscreen
  6
CONTINUOUS
100
AcDbLine
 10
115.863718999999989
 20
-87.1346169999999915
 30
0
 11
115.8407579999999939
 21
-87.1391840000000002
 31
0
  0
LINE
  5
85E
330
22
100
AcDbEntity
  8
B.Silkscreen
  6
CONTINUOUS
100
AcDbLine
 10
115.8407579999999939
 20
-87.1391840000000002
 30
0
 11
114.4607579999999984
 21
-87.1391840000000002
 31
0
  0
LINE
  5
85F
330
22
100
AcDbEntity
  8
B.Silkscreen
  6
CONTINUOUS
100
AcDbLine
 10
114.4607579999999984
 20
-87.1391840000000002
 30
0
 11
114.4377969999999891
 21
-87.1346169999999915
 31
0
  0
LINE
  5
860
330
22
100
AcDbEntity
  8
B.Silkscreen
  6
CONTINUOUS
100
AcDbLine
 10
114.4377969999999891
 20
-87.1346169999999915
 30
0
 11
114.4053249999999906
 21
-87.102144999999993
 31
0
  0
LINE
  5
861
330
22
100
AcDbEntity
  8
B.Silkscreen
  6
CONTINUOUS
100
AcDbLine
 10
114.4053249999999906
 20
-87.102144999999993
 30
0
 11
114.4007579999999962
 21
-87.0791839999999979
 31
0
  0
LINE
  5
862
330
22
100
AcDbEntity
  8
B.Silkscreen
  6
CONTINUOUS
100
AcDbLine
 10
114.4007579999999962
 20
-87.0791839999999979
 30
0
 11
114.4007579999999962
 21
-85.6991840000000025
 31
0
  0
LINE
  5
863
330
22
100
AcDbEntity
  8
B.Silkscreen
  6
CONTINUOUS
100
AcDbLine
 10
114.4007579999999962
 20
-85.6991840000000025
 30
0
 11
114.4053249999999906
 21
-85.6762229999999931
 31
0
  0
LINE
  5
864
330
22
100
AcDbEntity
  8
B.Silkscreen
  6
CONTINUOUS
100
AcDbLine
 10
114.4053249999999906
 20
-85.6762229999999931
 30
0
 11
114.4377969999999891
 21
-85.6437509999999946
 31
0
  0
LINE
  5
865
330
22
100
AcDbEntity
  8
B.Silkscreen
  6
CONTINUOUS
100
AcDbLine
 10
114.4377969999999891
 20
-85.6437509999999946
 30
0
 11
114.4837189999999936
 21
-85.6437509999999946
 31
0
  0
LINE
  5
866
330
22
100
AcDbEntity
  8
B.Silkscreen
  6
CONTINUOUS
100
AcDbLine
 10
114.4837189999999936
 20
-85.6437509999999946
 30
0
 11
114.5161909999999921
 21
-85.6762229999999931
 31
0
  0
LINE
  5
867
330
22
100
AcDbEntity
  8
B.Silkscreen
  6
CONTINUOUS
100
AcDbLine
 10
153.8908209999999883
 20
-85.8332599999999957
 30
0
 11
153.9178569999999979
 21
-85.8444590000000005
 31
0
  0
LINE
  5
868
330
22
100
AcDbEntity
  8
B.Silkscreen
  6
CONTINUOUS
100
AcDbLine
 10
153.9178569999999979
 20
-85.8444590000000005
 30
0
 11
153.9385489999999947
 21
-85.8651509999999973
 31
0
  0
LINE
  5
869
330
22
100
AcDbEntity
  8
B.Silkscreen
  6
CONTINUOUS
100
AcDbLine
 10
153.9385489999999947
 20
-85.8651509999999973
 30
0
 11
153.9497479999999996
 21
-85.8921869999999927
 31
0
  0
LINE
  5
86A
330
22
100
AcDbEntity
  8
B.Silkscreen
  6
CONTINUOUS
100
AcDbLine
 10
153.9497479999999996
 20
-85.8921869999999927
 30
0
 11
153.9497479999999996
 21
-85.9214509999999905
 31
0
  0
LINE
  5
86B
330
22
100
AcDbEntity
  8
B.Silkscreen
  6
CONTINUOUS
100
AcDbLine
 10
153.9497479999999996
 20
-85.9214509999999905
 30
0
 11
153.9385489999999947
 21
-85.9484870000000001
 31
0
  0
LINE
  5
86C
330
22
100
AcDbEntity
  8
B.Silkscreen
  6
CONTINUOUS
100
AcDbLine
 10
153.9385489999999947
 20
-85.9484870000000001
 30
0
 11
153.9178569999999979
 21
-85.9691789999999969
 31
0
  0
LINE
  5
86D
330
22
100
AcDbEntity
  8
B.Silkscreen
  6
CONTINUOUS
100
AcDbLine
 10
153.9178569999999979
 20
-85.9691789999999969
 30
0
 11
153.8908209999999883
 21
-85.9803780000000017
 31
0
  0
LINE
  5
86E
330
22
100
AcDbEntity
  8
B.Silkscreen
  6
CONTINUOUS
100
AcDbLine
 10
153.8908209999999883
 20
-85.9803780000000017
 30
0
 11
153.8761889999999823
 21
-85.9818190000000016
 31
0
  0
LINE
  5
86F
330
22
100
AcDbEntity
  8
B.Silkscreen
  6
CONTINUOUS
100
AcDbLine
 10
153.8761889999999823
 20
-85.9818190000000016
 30
0
 11
153.4224240000000066
 21
-85.9818190000000016
 31
0
  0
LINE
  5
870
330
22
100
AcDbEntity
  8
B.Silkscreen
  6
CONTINUOUS
100
AcDbLine
 10
153.4224240000000066
 20
-85.9818190000000016
 30
0
 11
153.6469179999999994
 21
-86.2383829999999989
 31
0
  0
LINE
  5
871
330
22
100
AcDbEntity
  8
B.Silkscreen
  6
CONTINUOUS
100
AcDbLine
 10
153.6469179999999994
 20
-86.2383829999999989
 30
0
 11
153.6514389999999821
 21
-86.2447069999999911
 31
0
  0
LINE
  5
872
330
22
100
AcDbEntity
  8
B.Silkscreen
  6
CONTINUOUS
100
AcDbLine
 10
153.6514389999999821
 20
-86.2447069999999911
 30
0
 11
153.6528349999999818
 21
-86.2461029999999909
 31
0
  0
LINE
  5
873
330
22
100
AcDbEntity
  8
B.Silkscreen
  6
CONTINUOUS
100
AcDbLine
 10
153.6528349999999818
 20
-86.2461029999999909
 30
0
 11
153.6533829999999909
 21
-86.2474259999999902
 31
0
  0
LINE
  5
874
330
22
100
AcDbEntity
  8
B.Silkscreen
  6
CONTINUOUS
100
AcDbLine
 10
153.6533829999999909
 20
-86.2474259999999902
 30
0
 11
153.6554689999999823
 21
-86.2503439999999983
 31
0
  0
LINE
  5
875
330
22
100
AcDbEntity
  8
B.Silkscreen
  6
CONTINUOUS
100
AcDbLine
 10
153.6554689999999823
 20
-86.2503439999999983
 30
0
 11
153.6593699999999956
 21
-86.2618810000000025
 31
0
  0
LINE
  5
876
330
22
100
AcDbEntity
  8
B.Silkscreen
  6
CONTINUOUS
100
AcDbLine
 10
153.6593699999999956
 20
-86.2618810000000025
 30
0
 11
153.6640339999999867
 21
-86.2731390000000005
 31
0
  0
LINE
  5
877
330
22
100
AcDbEntity
  8
B.Silkscreen
  6
CONTINUOUS
100
AcDbLine
 10
153.6640339999999867
 20
-86.2731390000000005
 30
0
 11
153.6640339999999867
 21
-86.2756689999999935
 31
0
  0
LINE
  5
878
330
22
100
AcDbEntity
  8
B.Silkscreen
  6
CONTINUOUS
100
AcDbLine
 10
153.6640339999999867
 20
-86.2756689999999935
 30
0
 11
153.664843999999988
 21
-86.278064999999998
 31
0
  0
LINE
  5
879
330
22
100
AcDbEntity
  8
B.Silkscreen
  6
CONTINUOUS
100
AcDbLine
 10
153.664843999999988
 20
-86.278064999999998
 30
0
 11
153.6640339999999867
 21
-86.2902179999999959
 31
0
  0
LINE
  5
87A
330
22
100
AcDbEntity
  8
B.Silkscreen
  6
CONTINUOUS
100
AcDbLine
 10
153.6640339999999867
 20
-86.2902179999999959
 30
0
 11
153.6640339999999867
 21
-86.3024029999999982
 31
0
  0
LINE
  5
87B
330
22
100
AcDbEntity
  8
B.Silkscreen
  6
CONTINUOUS
100
AcDbLine
 10
153.6640339999999867
 20
-86.3024029999999982
 30
0
 11
153.6630659999999864
 21
-86.3047389999999979
 31
0
  0
LINE
  5
87C
330
22
100
AcDbEntity
  8
B.Silkscreen
  6
CONTINUOUS
100
AcDbLine
 10
153.6630659999999864
 20
-86.3047389999999979
 30
0
 11
153.6628979999999842
 21
-86.3072629999999918
 31
0
  0
LINE
  5
87D
330
22
100
AcDbEntity
  8
B.Silkscreen
  6
CONTINUOUS
100
AcDbLine
 10
153.6628979999999842
 20
-86.3072629999999918
 30
0
 11
153.6574949999999831
 21
-86.3181879999999921
 31
0
  0
LINE
  5
87E
330
22
100
AcDbEntity
  8
B.Silkscreen
  6
CONTINUOUS
100
AcDbLine
 10
153.6574949999999831
 20
-86.3181879999999921
 30
0
 11
153.6528349999999818
 21
-86.3294389999999936
 31
0
  0
LINE
  5
87F
330
22
100
AcDbEntity
  8
B.Silkscreen
  6
CONTINUOUS
100
AcDbLine
 10
153.6528349999999818
 20
-86.3294389999999936
 30
0
 11
153.651048000000003
 21
-86.3312249999999892
 31
0
  0
LINE
  5
880
330
22
100
AcDbEntity
  8
B.Silkscreen
  6
CONTINUOUS
100
AcDbLine
 10
153.651048000000003
 20
-86.3312249999999892
 30
0
 11
153.6499259999999936
 21
-86.3334949999999992
 31
0
  0
LINE
  5
881
330
22
100
AcDbEntity
  8
B.Silkscreen
  6
CONTINUOUS
100
AcDbLine
 10
153.6499259999999936
 20
-86.3334949999999992
 30
0
 11
153.6407529999999895
 21
-86.3415200000000027
 31
0
  0
LINE
  5
882
330
22
100
AcDbEntity
  8
B.Silkscreen
  6
CONTINUOUS
100
AcDbLine
 10
153.6407529999999895
 20
-86.3415200000000027
 30
0
 11
153.632142999999985
 21
-86.3501309999999904
 31
0
  0
LINE
  5
883
330
22
100
AcDbEntity
  8
B.Silkscreen
  6
CONTINUOUS
100
AcDbLine
 10
153.632142999999985
 20
-86.3501309999999904
 30
0
 11
153.6298060000000021
 21
-86.3510989999999907
 31
0
  0
LINE
  5
884
330
22
100
AcDbEntity
  8
B.Silkscreen
  6
CONTINUOUS
100
AcDbLine
 10
153.6298060000000021
 20
-86.3510989999999907
 30
0
 11
153.627902000000006
 21
-86.3527649999999909
 31
0
  0
LINE
  5
885
330
22
100
AcDbEntity
  8
B.Silkscreen
  6
CONTINUOUS
100
AcDbLine
 10
153.627902000000006
 20
-86.3527649999999909
 30
0
 11
153.6163640000000044
 21
-86.3566659999999899
 31
0
  0
LINE
  5
886
330
22
100
AcDbEntity
  8
B.Silkscreen
  6
CONTINUOUS
100
AcDbLine
 10
153.6163640000000044
 20
-86.3566659999999899
 30
0
 11
153.6051070000000038
 21
-86.3613299999999953
 31
0
  0
LINE
  5
887
330
22
100
AcDbEntity
  8
B.Silkscreen
  6
CONTINUOUS
100
AcDbLine
 10
153.6051070000000038
 20
-86.3613299999999953
 30
0
 11
153.6015359999999816
 21
-86.3616809999999901
 31
0
  0
LINE
  5
888
330
22
100
AcDbEntity
  8
B.Silkscreen
  6
CONTINUOUS
100
AcDbLine
 10
153.6015359999999816
 20
-86.3616809999999901
 30
0
 11
153.6001809999999921
 21
-86.3621399999999966
 31
0
  0
LINE
  5
889
330
22
100
AcDbEntity
  8
B.Silkscreen
  6
CONTINUOUS
100
AcDbLine
 10
153.6001809999999921
 20
-86.3621399999999966
 30
0
 11
153.598212999999987
 21
-86.362008000000003
 31
0
  0
LINE
  5
88A
330
22
100
AcDbEntity
  8
B.Silkscreen
  6
CONTINUOUS
100
AcDbLine
 10
153.598212999999987
 20
-86.362008000000003
 30
0
 11
153.5904749999999979
 21
-86.3627709999999951
 31
0
  0
LINE
  5
88B
330
22
100
AcDbEntity
  8
B.Silkscreen
  6
CONTINUOUS
100
AcDbLine
 10
153.5904749999999979
 20
-86.3627709999999951
 30
0
 11
153.4653229999999837
 21
-86.3627709999999951
 31
0
  0
LINE
  5
88C
330
22
100
AcDbEntity
  8
B.Silkscreen
  6
CONTINUOUS
100
AcDbLine
 10
153.4653229999999837
 20
-86.3627709999999951
 30
0
 11
153.3968069999999955
 21
-86.3970289999999892
 31
0
  0
LINE
  5
88D
330
22
100
AcDbEntity
  8
B.Silkscreen
  6
CONTINUOUS
100
AcDbLine
 10
153.3968069999999955
 20
-86.3970289999999892
 30
0
 11
153.3663999999999987
 21
-86.4274360000000001
 31
0
  0
LINE
  5
88E
330
22
100
AcDbEntity
  8
B.Silkscreen
  6
CONTINUOUS
100
AcDbLine
 10
153.3663999999999987
 20
-86.4274360000000001
 30
0
 11
153.3321420000000046
 21
-86.4959520000000026
 31
0
  0
LINE
  5
88F
330
22
100
AcDbEntity
  8
B.Silkscreen
  6
CONTINUOUS
100
AcDbLine
 10
153.3321420000000046
 20
-86.4959520000000026
 30
0
 11
153.3321420000000046
 21
-86.6986369999999908
 31
0
  0
LINE
  5
890
330
22
100
AcDbEntity
  8
B.Silkscreen
  6
CONTINUOUS
100
AcDbLine
 10
153.3321420000000046
 20
-86.6986369999999908
 30
0
 11
153.3663999999999987
 21
-86.7671529999999933
 31
0
  0
LINE
  5
891
330
22
100
AcDbEntity
  8
B.Silkscreen
  6
CONTINUOUS
100
AcDbLine
 10
153.3663999999999987
 20
-86.7671529999999933
 30
0
 11
153.3968069999999955
 21
-86.7975610000000017
 31
0
  0
LINE
  5
892
330
22
100
AcDbEntity
  8
B.Silkscreen
  6
CONTINUOUS
100
AcDbLine
 10
153.3968069999999955
 20
-86.7975610000000017
 30
0
 11
153.4653229999999837
 21
-86.8318189999999959
 31
0
  0
LINE
  5
893
330
22
100
AcDbEntity
  8
B.Silkscreen
  6
CONTINUOUS
100
AcDbLine
 10
153.4653229999999837
 20
-86.8318189999999959
 30
0
 11
153.7156269999999836
 21
-86.8318189999999959
 31
0
  0
LINE
  5
894
330
22
100
AcDbEntity
  8
B.Silkscreen
  6
CONTINUOUS
100
AcDbLine
 10
153.7156269999999836
 20
-86.8318189999999959
 30
0
 11
153.7841420000000028
 21
-86.7975610000000017
 31
0
  0
LINE
  5
895
330
22
100
AcDbEntity
  8
B.Silkscreen
  6
CONTINUOUS
100
AcDbLine
 10
153.7841420000000028
 20
-86.7975610000000017
 30
0
 11
153.8231549999999856
 21
-86.7585479999999905
 31
0
  0
LINE
  5
896
330
22
100
AcDbEntity
  8
B.Silkscreen
  6
CONTINUOUS
100
AcDbLine
 10
153.8231549999999856
 20
-86.7585479999999905
 30
0
 11
153.8345209999999952
 21
-86.749219999999994
 31
0
  0
LINE
  5
897
330
22
100
AcDbEntity
  8
B.Silkscreen
  6
CONTINUOUS
100
AcDbLine
 10
153.8345209999999952
 20
-86.749219999999994
 30
0
 11
153.8615570000000048
 21
-86.7380209999999892
 31
0
  0
LINE
  5
898
330
22
100
AcDbEntity
  8
B.Silkscreen
  6
CONTINUOUS
100
AcDbLine
 10
153.8615570000000048
 20
-86.7380209999999892
 30
0
 11
153.8908199999999908
 21
-86.7380209999999892
 31
0
  0
LINE
  5
899
330
22
100
AcDbEntity
  8
B.Silkscreen
  6
CONTINUOUS
100
AcDbLine
 10
153.8908199999999908
 20
-86.7380209999999892
 30
0
 11
153.9178560000000004
 21
-86.7492189999999965
 31
0
  0
LINE
  5
89A
330
22
100
AcDbEntity
  8
B.Silkscreen
  6
CONTINUOUS
100
AcDbLine
 10
153.9178560000000004
 20
-86.7492189999999965
 30
0
 11
153.9385489999999947
 21
-86.7699119999999908
 31
0
  0
LINE
  5
89B
330
22
100
AcDbEntity
  8
B.Silkscreen
  6
CONTINUOUS
100
AcDbLine
 10
153.9385489999999947
 20
-86.7699119999999908
 30
0
 11
153.9497479999999996
 21
-86.7969480000000004
 31
0
  0
LINE
  5
89C
330
22
100
AcDbEntity
  8
B.Silkscreen
  6
CONTINUOUS
100
AcDbLine
 10
153.9497479999999996
 20
-86.7969480000000004
 30
0
 11
153.9497479999999996
 21
-86.8262110000000007
 31
0
  0
LINE
  5
89D
330
22
100
AcDbEntity
  8
B.Silkscreen
  6
CONTINUOUS
100
AcDbLine
 10
153.9497479999999996
 20
-86.8262110000000007
 30
0
 11
153.9385499999999922
 21
-86.8532469999999961
 31
0
  0
LINE
  5
89E
330
22
100
AcDbEntity
  8
B.Silkscreen
  6
CONTINUOUS
100
AcDbLine
 10
153.9385499999999922
 20
-86.8532469999999961
 30
0
 11
153.9292219999999816
 21
-86.8646129999999914
 31
0
  0
LINE
  5
89F
330
22
100
AcDbEntity
  8
B.Silkscreen
  6
CONTINUOUS
100
AcDbLine
 10
153.9292219999999816
 20
-86.8646129999999914
 30
0
 11
153.8816039999999816
 21
-86.912232000000003
 31
0
  0
LINE
  5
8A0
330
22
100
AcDbEntity
  8
B.Silkscreen
  6
CONTINUOUS
100
AcDbLine
 10
153.8816039999999816
 20
-86.912232000000003
 30
0
 11
153.8758540000000039
 21
-86.9169499999999999
 31
0
  0
LINE
  5
8A1
330
22
100
AcDbEntity
  8
B.Silkscreen
  6
CONTINUOUS
100
AcDbLine
 10
153.8758540000000039
 20
-86.9169499999999999
 30
0
 11
153.8745539999999892
 21
-86.9184499999999929
 31
0
  0
LINE
  5
8A2
330
22
100
AcDbEntity
  8
B.Silkscreen
  6
CONTINUOUS
100
AcDbLine
 10
153.8745539999999892
 20
-86.9184499999999929
 30
0
 11
153.8722939999999824
 21
-86.919871999999998
 31
0
  0
LINE
  5
8A3
330
22
100
AcDbEntity
  8
B.Silkscreen
  6
CONTINUOUS
100
AcDbLine
 10
153.8722939999999824
 20
-86.919871999999998
 30
0
 11
153.8702380000000005
 21
-86.9215599999999995
 31
0
  0
LINE
  5
8A4
330
22
100
AcDbEntity
  8
B.Silkscreen
  6
CONTINUOUS
100
AcDbLine
 10
153.8702380000000005
 20
-86.9215599999999995
 30
0
 11
153.868409999999983
 21
-86.9223169999999925
 31
0
  0
LINE
  5
8A5
330
22
100
AcDbEntity
  8
B.Silkscreen
  6
CONTINUOUS
100
AcDbLine
 10
153.868409999999983
 20
-86.9223169999999925
 30
0
 11
153.8621109999999987
 21
-86.9262820000000005
 31
0
  0
LINE
  5
8A6
330
22
100
AcDbEntity
  8
B.Silkscreen
  6
CONTINUOUS
100
AcDbLine
 10
153.8621109999999987
 20
-86.9262820000000005
 30
0
 11
153.7668730000000039
 21
-86.9739009999999979
 31
0
  0
LINE
  5
8A7
330
22
100
AcDbEntity
  8
B.Silkscreen
  6
CONTINUOUS
100
AcDbLine
 10
153.7668730000000039
 20
-86.9739009999999979
 30
0
 11
153.7531409999999994
 21
-86.979155999999989
 31
0
  0
LINE
  5
8A8
330
22
100
AcDbEntity
  8
B.Silkscreen
  6
CONTINUOUS
100
AcDbLine
 10
153.7531409999999994
 20
-86.979155999999989
 30
0
 11
153.7504529999999932
 21
-86.9793459999999925
 31
0
  0
LINE
  5
8A9
330
22
100
AcDbEntity
  8
B.Silkscreen
  6
CONTINUOUS
100
AcDbLine
 10
153.7504529999999932
 20
-86.9793459999999925
 30
0
 11
153.7479639999999961
 21
-86.9803780000000017
 31
0
  0
LINE
  5
8AA
330
22
100
AcDbEntity
  8
B.Silkscreen
  6
CONTINUOUS
100
AcDbLine
 10
153.7479639999999961
 20
-86.9803780000000017
 30
0
 11
153.7333319999999901
 21
-86.9818190000000016
 31
0
  0
LINE
  5
8AB
330
22
100
AcDbEntity
  8
B.Silkscreen
  6
CONTINUOUS
100
AcDbLine
 10
153.7333319999999901
 20
-86.9818190000000016
 30
0
 11
153.4476180000000056
 21
-86.9818190000000016
 31
0
  0
LINE
  5
8AC
330
22
100
AcDbEntity
  8
B.Silkscreen
  6
CONTINUOUS
100
AcDbLine
 10
153.4476180000000056
 20
-86.9818190000000016
 30
0
 11
153.4329859999999996
 21
-86.9803780000000017
 31
0
  0
LINE
  5
8AD
330
22
100
AcDbEntity
  8
B.Silkscreen
  6
CONTINUOUS
100
AcDbLine
 10
153.4329859999999996
 20
-86.9803780000000017
 30
0
 11
153.4304970000000026
 21
-86.97934699999999
 31
0
  0
LINE
  5
8AE
330
22
100
AcDbEntity
  8
B.Silkscreen
  6
CONTINUOUS
100
AcDbLine
 10
153.4304970000000026
 20
-86.97934699999999
 30
0
 11
153.4278079999999989
 21
-86.979155999999989
 31
0
  0
LINE
  5
8AF
330
22
100
AcDbEntity
  8
B.Silkscreen
  6
CONTINUOUS
100
AcDbLine
 10
153.4278079999999989
 20
-86.979155999999989
 30
0
 11
153.4140769999999918
 21
-86.9739009999999979
 31
0
  0
LINE
  5
8B0
330
22
100
AcDbEntity
  8
B.Silkscreen
  6
CONTINUOUS
100
AcDbLine
 10
153.4140769999999918
 20
-86.9739009999999979
 30
0
 11
153.318838999999997
 21
-86.9262820000000005
 31
0
  0
LINE
  5
8B1
330
22
100
AcDbEntity
  8
B.Silkscreen
  6
CONTINUOUS
100
AcDbLine
 10
153.318838999999997
 20
-86.9262820000000005
 30
0
 11
153.3125389999999868
 21
-86.9223169999999925
 31
0
  0
LINE
  5
8B2
330
22
100
AcDbEntity
  8
B.Silkscreen
  6
CONTINUOUS
100
AcDbLine
 10
153.3125389999999868
 20
-86.9223169999999925
 30
0
 11
153.3107119999999952
 21
-86.9215599999999995
 31
0
  0
LINE
  5
8B3
330
22
100
AcDbEntity
  8
B.Silkscreen
  6
CONTINUOUS
100
AcDbLine
 10
153.3107119999999952
 20
-86.9215599999999995
 30
0
 11
153.3086549999999875
 21
-86.919871999999998
 31
0
  0
LINE
  5
8B4
330
22
100
AcDbEntity
  8
B.Silkscreen
  6
CONTINUOUS
100
AcDbLine
 10
153.3086549999999875
 20
-86.919871999999998
 30
0
 11
153.3063960000000066
 21
-86.9184499999999929
 31
0
  0
LINE
  5
8B5
330
22
100
AcDbEntity
  8
B.Silkscreen
  6
CONTINUOUS
100
AcDbLine
 10
153.3063960000000066
 20
-86.9184499999999929
 30
0
 11
153.3050949999999943
 21
-86.9169499999999999
 31
0
  0
LINE
  5
8B6
330
22
100
AcDbEntity
  8
B.Silkscreen
  6
CONTINUOUS
100
AcDbLine
 10
153.3050949999999943
 20
-86.9169499999999999
 30
0
 11
153.2993459999999857
 21
-86.912232000000003
 31
0
  0
LINE
  5
8B7
330
22
100
AcDbEntity
  8
B.Silkscreen
  6
CONTINUOUS
100
AcDbLine
 10
153.2993459999999857
 20
-86.912232000000003
 30
0
 11
153.2517269999999883
 21
-86.8646119999999939
 31
0
  0
LINE
  5
8B8
330
22
100
AcDbEntity
  8
B.Silkscreen
  6
CONTINUOUS
100
AcDbLine
 10
153.2517269999999883
 20
-86.8646119999999939
 30
0
 11
153.2470089999999914
 21
-86.8588629999999995
 31
0
  0
LINE
  5
8B9
330
22
100
AcDbEntity
  8
B.Silkscreen
  6
CONTINUOUS
100
AcDbLine
 10
153.2470089999999914
 20
-86.8588629999999995
 30
0
 11
153.2455109999999934
 21
-86.8575639999999964
 31
0
  0
LINE
  5
8BA
330
22
100
AcDbEntity
  8
B.Silkscreen
  6
CONTINUOUS
100
AcDbLine
 10
153.2455109999999934
 20
-86.8575639999999964
 30
0
 11
153.2440890000000024
 21
-86.8553050000000013
 31
0
  0
LINE
  5
8BB
330
22
100
AcDbEntity
  8
B.Silkscreen
  6
CONTINUOUS
100
AcDbLine
 10
153.2440890000000024
 20
-86.8553050000000013
 30
0
 11
153.2424000000000035
 21
-86.8532469999999961
 31
0
  0
LINE
  5
8BC
330
22
100
AcDbEntity
  8
B.Silkscreen
  6
CONTINUOUS
100
AcDbLine
 10
153.2424000000000035
 20
-86.8532469999999961
 30
0
 11
153.2416419999999846
 21
-86.8514169999999979
 31
0
  0
LINE
  5
8BD
330
22
100
AcDbEntity
  8
B.Silkscreen
  6
CONTINUOUS
100
AcDbLine
 10
153.2416419999999846
 20
-86.8514169999999979
 30
0
 11
153.2376789999999858
 21
-86.8451209999999918
 31
0
  0
LINE
  5
8BE
330
22
100
AcDbEntity
  8
B.Silkscreen
  6
CONTINUOUS
100
AcDbLine
 10
153.2376789999999858
 20
-86.8451209999999918
 30
0
 11
153.1900599999999883
 21
-86.749882999999997
 31
0
  0
LINE
  5
8BF
330
22
100
AcDbEntity
  8
B.Silkscreen
  6
CONTINUOUS
100
AcDbLine
 10
153.1900599999999883
 20
-86.749882999999997
 30
0
 11
153.184804999999983
 21
-86.7361509999999925
 31
0
  0
LINE
  5
8C0
330
22
100
AcDbEntity
  8
B.Silkscreen
  6
CONTINUOUS
100
AcDbLine
 10
153.184804999999983
 20
-86.7361509999999925
 30
0
 11
153.1846139999999821
 21
-86.7334630000000004
 31
0
  0
LINE
  5
8C1
330
22
100
AcDbEntity
  8
B.Silkscreen
  6
CONTINUOUS
100
AcDbLine
 10
153.1846139999999821
 20
-86.7334630000000004
 30
0
 11
153.1835829999999987
 21
-86.7309739999999891
 31
0
  0
LINE
  5
8C2
330
22
100
AcDbEntity
  8
B.Silkscreen
  6
CONTINUOUS
100
AcDbLine
 10
153.1835829999999987
 20
-86.7309739999999891
 30
0
 11
153.1821419999999989
 21
-86.7163419999999974
 31
0
  0
LINE
  5
8C3
330
22
100
AcDbEntity
  8
B.Silkscreen
  6
CONTINUOUS
100
AcDbLine
 10
153.1821419999999989
 20
-86.7163419999999974
 30
0
 11
153.1821419999999989
 21
-86.4782469999999961
 31
0
  0
LINE
  5
8C4
330
22
100
AcDbEntity
  8
B.Silkscreen
  6
CONTINUOUS
100
AcDbLine
 10
153.1821419999999989
 20
-86.4782469999999961
 30
0
 11
153.1835829999999987
 21
-86.4636149999999901
 31
0
  0
LINE
  5
8C5
330
22
100
AcDbEntity
  8
B.Silkscreen
  6
CONTINUOUS
100
AcDbLine
 10
153.1835829999999987
 20
-86.4636149999999901
 30
0
 11
153.1846139999999821
 21
-86.4611249999999956
 31
0
  0
LINE
  5
8C6
330
22
100
AcDbEntity
  8
B.Silkscreen
  6
CONTINUOUS
100
AcDbLine
 10
153.1846139999999821
 20
-86.4611249999999956
 30
0
 11
153.184804999999983
 21
-86.458438000000001
 31
0
  0
LINE
  5
8C7
330
22
100
AcDbEntity
  8
B.Silkscreen
  6
CONTINUOUS
100
AcDbLine
 10
153.184804999999983
 20
-86.458438000000001
 30
0
 11
153.1900599999999883
 21
-86.4447059999999965
 31
0
  0
LINE
  5
8C8
330
22
100
AcDbEntity
  8
B.Silkscreen
  6
CONTINUOUS
100
AcDbLine
 10
153.1900599999999883
 20
-86.4447059999999965
 30
0
 11
153.2376789999999858
 21
-86.3494680000000017
 31
0
  0
LINE
  5
8C9
330
22
100
AcDbEntity
  8
B.Silkscreen
  6
CONTINUOUS
100
AcDbLine
 10
153.2376789999999858
 20
-86.3494680000000017
 30
0
 11
153.2416429999999821
 21
-86.3431679999999915
 31
0
  0
LINE
  5
8CA
330
22
100
AcDbEntity
  8
B.Silkscreen
  6
CONTINUOUS
100
AcDbLine
 10
153.2416429999999821
 20
-86.3431679999999915
 30
0
 11
153.242401000000001
 21
-86.3413409999999999
 31
0
  0
LINE
  5
8CB
330
22
100
AcDbEntity
  8
B.Silkscreen
  6
CONTINUOUS
100
AcDbLine
 10
153.242401000000001
 20
-86.3413409999999999
 30
0
 11
153.2440890000000024
 21
-86.3392839999999921
 31
0
  0
LINE
  5
8CC
330
22
100
AcDbEntity
  8
B.Silkscreen
  6
CONTINUOUS
100
AcDbLine
 10
153.2440890000000024
 20
-86.3392839999999921
 30
0
 11
153.2455109999999934
 21
-86.337024999999997
 31
0
  0
LINE
  5
8CD
330
22
100
AcDbEntity
  8
B.Silkscreen
  6
CONTINUOUS
100
AcDbLine
 10
153.2455109999999934
 20
-86.337024999999997
 30
0
 11
153.2470089999999914
 21
-86.3357249999999965
 31
0
  0
LINE
  5
8CE
330
22
100
AcDbEntity
  8
B.Silkscreen
  6
CONTINUOUS
100
AcDbLine
 10
153.2470089999999914
 20
-86.3357249999999965
 30
0
 11
153.2517279999999857
 21
-86.329976000000002
 31
0
  0
LINE
  5
8CF
330
22
100
AcDbEntity
  8
B.Silkscreen
  6
CONTINUOUS
100
AcDbLine
 10
153.2517279999999857
 20
-86.329976000000002
 30
0
 11
153.2993469999999832
 21
-86.2823569999999904
 31
0
  0
LINE
  5
8D0
330
22
100
AcDbEntity
  8
B.Silkscreen
  6
CONTINUOUS
100
AcDbLine
 10
153.2993469999999832
 20
-86.2823569999999904
 30
0
 11
153.3050959999999918
 21
-86.2776379999999961
 31
0
  0
LINE
  5
8D1
330
22
100
AcDbEntity
  8
B.Silkscreen
  6
CONTINUOUS
100
AcDbLine
 10
153.3050959999999918
 20
-86.2776379999999961
 30
0
 11
153.3063960000000066
 21
-86.2761399999999981
 31
0
  0
LINE
  5
8D2
330
22
100
AcDbEntity
  8
B.Silkscreen
  6
CONTINUOUS
100
AcDbLine
 10
153.3063960000000066
 20
-86.2761399999999981
 30
0
 11
153.3086549999999875
 21
-86.2747179999999929
 31
0
  0
LINE
  5
8D3
330
22
100
AcDbEntity
  8
B.Silkscreen
  6
CONTINUOUS
100
AcDbLine
 10
153.3086549999999875
 20
-86.2747179999999929
 30
0
 11
153.3107119999999952
 21
-86.2730299999999914
 31
0
  0
LINE
  5
8D4
330
22
100
AcDbEntity
  8
B.Silkscreen
  6
CONTINUOUS
100
AcDbLine
 10
153.3107119999999952
 20
-86.2730299999999914
 30
0
 11
153.3125389999999868
 21
-86.272272000000001
 31
0
  0
LINE
  5
8D5
330
22
100
AcDbEntity
  8
B.Silkscreen
  6
CONTINUOUS
100
AcDbLine
 10
153.3125389999999868
 20
-86.272272000000001
 30
0
 11
153.318838999999997
 21
-86.2683079999999904
 31
0
  0
LINE
  5
8D6
330
22
100
AcDbEntity
  8
B.Silkscreen
  6
CONTINUOUS
100
AcDbLine
 10
153.318838999999997
 20
-86.2683079999999904
 30
0
 11
153.4140769999999918
 21
-86.220688999999993
 31
0
  0
LINE
  5
8D7
330
22
100
AcDbEntity
  8
B.Silkscreen
  6
CONTINUOUS
100
AcDbLine
 10
153.4140769999999918
 20
-86.220688999999993
 30
0
 11
153.4275939999999991
 21
-86.2155149999999963
 31
0
  0
LINE
  5
8D8
330
22
100
AcDbEntity
  8
B.Silkscreen
  6
CONTINUOUS
100
AcDbLine
 10
153.4275939999999991
 20
-86.2155149999999963
 30
0
 11
153.200698999999986
 21
-85.956206999999992
 31
0
  0
LINE
  5
8D9
330
22
100
AcDbEntity
  8
B.Silkscreen
  6
CONTINUOUS
100
AcDbLine
 10
153.200698999999986
 20
-85.956206999999992
 30
0
 11
153.1961770000000058
 21
-85.9498820000000023
 31
0
  0
LINE
  5
8DA
330
22
100
AcDbEntity
  8
B.Silkscreen
  6
CONTINUOUS
100
AcDbLine
 10
153.1961770000000058
 20
-85.9498820000000023
 30
0
 11
153.1947820000000036
 21
-85.9484870000000001
 31
0
  0
LINE
  5
8DB
330
22
100
AcDbEntity
  8
B.Silkscreen
  6
CONTINUOUS
100
AcDbLine
 10
153.1947820000000036
 20
-85.9484870000000001
 30
0
 11
153.194232999999997
 21
-85.9471629999999891
 31
0
  0
LINE
  5
8DC
330
22
100
AcDbEntity
  8
B.Silkscreen
  6
CONTINUOUS
100
AcDbLine
 10
153.194232999999997
 20
-85.9471629999999891
 30
0
 11
153.1921480000000031
 21
-85.9442459999999926
 31
0
  0
LINE
  5
8DD
330
22
100
AcDbEntity
  8
B.Silkscreen
  6
CONTINUOUS
100
AcDbLine
 10
153.1921480000000031
 20
-85.9442459999999926
 30
0
 11
153.1882459999999924
 21
-85.932707999999991
 31
0
  0
LINE
  5
8DE
330
22
100
AcDbEntity
  8
B.Silkscreen
  6
CONTINUOUS
100
AcDbLine
 10
153.1882459999999924
 20
-85.932707999999991
 30
0
 11
153.1835829999999987
 21
-85.9214509999999905
 31
0
  0
LINE
  5
8DF
330
22
100
AcDbEntity
  8
B.Silkscreen
  6
CONTINUOUS
100
AcDbLine
 10
153.1835829999999987
 20
-85.9214509999999905
 30
0
 11
153.1835829999999987
 21
-85.91892
 31
0
  0
LINE
  5
8E0
330
22
100
AcDbEntity
  8
B.Silkscreen
  6
CONTINUOUS
100
AcDbLine
 10
153.1835829999999987
 20
-85.91892
 30
0
 11
153.1827729999999974
 21
-85.9165249999999929
 31
0
  0
LINE
  5
8E1
330
22
100
AcDbEntity
  8
B.Silkscreen
  6
CONTINUOUS
100
AcDbLine
 10
153.1827729999999974
 20
-85.9165249999999929
 30
0
 11
153.1835829999999987
 21
-85.9043709999999976
 31
0
  0
LINE
  5
8E2
330
22
100
AcDbEntity
  8
B.Silkscreen
  6
CONTINUOUS
100
AcDbLine
 10
153.1835829999999987
 20
-85.9043709999999976
 30
0
 11
153.1835829999999987
 21
-85.8921869999999927
 31
0
  0
LINE
  5
8E3
330
22
100
AcDbEntity
  8
B.Silkscreen
  6
CONTINUOUS
100
AcDbLine
 10
153.1835829999999987
 20
-85.8921869999999927
 30
0
 11
153.1845500000000015
 21
-85.8898499999999956
 31
0
  0
LINE
  5
8E4
330
22
100
AcDbEntity
  8
B.Silkscreen
  6
CONTINUOUS
100
AcDbLine
 10
153.1845500000000015
 20
-85.8898499999999956
 30
0
 11
153.1847190000000012
 21
-85.8873269999999991
 31
0
  0
LINE
  5
8E5
330
22
100
AcDbEntity
  8
B.Silkscreen
  6
CONTINUOUS
100
AcDbLine
 10
153.1847190000000012
 20
-85.8873269999999991
 30
0
 11
153.1901210000000049
 21
-85.8764010000000013
 31
0
  0
LINE
  5
8E6
330
22
100
AcDbEntity
  8
B.Silkscreen
  6
CONTINUOUS
100
AcDbLine
 10
153.1901210000000049
 20
-85.8764010000000013
 30
0
 11
153.1947820000000036
 21
-85.8651509999999973
 31
0
  0
LINE
  5
8E7
330
22
100
AcDbEntity
  8
B.Silkscreen
  6
CONTINUOUS
100
AcDbLine
 10
153.1947820000000036
 20
-85.8651509999999973
 30
0
 11
153.196567999999985
 21
-85.86336399999999
 31
0
  0
LINE
  5
8E8
330
22
100
AcDbEntity
  8
B.Silkscreen
  6
CONTINUOUS
100
AcDbLine
 10
153.196567999999985
 20
-85.86336399999999
 30
0
 11
153.1976909999999918
 21
-85.8610949999999917
 31
0
  0
LINE
  5
8E9
330
22
100
AcDbEntity
  8
B.Silkscreen
  6
CONTINUOUS
100
AcDbLine
 10
153.1976909999999918
 20
-85.8610949999999917
 30
0
 11
153.2068629999999985
 21
-85.8530689999999908
 31
0
  0
LINE
  5
8EA
330
22
100
AcDbEntity
  8
B.Silkscreen
  6
CONTINUOUS
100
AcDbLine
 10
153.2068629999999985
 20
-85.8530689999999908
 30
0
 11
153.2154740000000004
 21
-85.8444590000000005
 31
0
  0
LINE
  5
8EB
330
22
100
AcDbEntity
  8
B.Silkscreen
  6
CONTINUOUS
100
AcDbLine
 10
153.2154740000000004
 20
-85.8444590000000005
 30
0
 11
153.2178099999999858
 21
-85.8434900000000027
 31
0
  0
LINE
  5
8EC
330
22
100
AcDbEntity
  8
B.Silkscreen
  6
CONTINUOUS
100
AcDbLine
 10
153.2178099999999858
 20
-85.8434900000000027
 30
0
 11
153.2197149999999795
 21
-85.841825
 31
0
  0
LINE
  5
8ED
330
22
100
AcDbEntity
  8
B.Silkscreen
  6
CONTINUOUS
100
AcDbLine
 10
153.2197149999999795
 20
-85.841825
 30
0
 11
153.2312519999999836
 21
-85.8379229999999893
 31
0
  0
LINE
  5
8EE
330
22
100
AcDbEntity
  8
B.Silkscreen
  6
CONTINUOUS
100
AcDbLine
 10
153.2312519999999836
 20
-85.8379229999999893
 30
0
 11
153.2425099999999816
 21
-85.8332599999999957
 31
0
  0
LINE
  5
8EF
330
22
100
AcDbEntity
  8
B.Silkscreen
  6
CONTINUOUS
100
AcDbLine
 10
153.2425099999999816
 20
-85.8332599999999957
 30
0
 11
153.2460800000000063
 21
-85.8329079999999891
 31
0
  0
LINE
  5
8F0
330
22
100
AcDbEntity
  8
B.Silkscreen
  6
CONTINUOUS
100
AcDbLine
 10
153.2460800000000063
 20
-85.8329079999999891
 30
0
 11
153.2474359999999933
 21
-85.8324499999999944
 31
0
  0
LINE
  5
8F1
330
22
100
AcDbEntity
  8
B.Silkscreen
  6
CONTINUOUS
100
AcDbLine
 10
153.2474359999999933
 20
-85.8324499999999944
 30
0
 11
153.2494030000000009
 21
-85.8325809999999905
 31
0
  0
LINE
  5
8F2
330
22
100
AcDbEntity
  8
B.Silkscreen
  6
CONTINUOUS
100
AcDbLine
 10
153.2494030000000009
 20
-85.8325809999999905
 30
0
 11
153.2571419999999875
 21
-85.8318189999999959
 31
0
  0
LINE
  5
8F3
330
22
100
AcDbEntity
  8
B.Silkscreen
  6
CONTINUOUS
100
AcDbLine
 10
153.2571419999999875
 20
-85.8318189999999959
 30
0
 11
153.8761889999999823
 21
-85.8318189999999959
 31
0
  0
LINE
  5
8F4
330
22
100
AcDbEntity
  8
B.Silkscreen
  6
CONTINUOUS
100
AcDbLine
 10
153.8761889999999823
 20
-85.8318189999999959
 30
0
 11
153.8908209999999883
 21
-85.8332599999999957
 31
0
  0
LINE
  5
8F5
330
22
100
AcDbEntity
  8
B.Silkscreen
  6
CONTINUOUS
100
AcDbLine
 10
154.6527260000000012
 20
-85.8332599999999957
 30
0
 11
154.6552149999999983
 21
-85.8342909999999932
 31
0
  0
LINE
  5
8F6
330
22
100
AcDbEntity
  8
B.Silkscreen
  6
CONTINUOUS
100
AcDbLine
 10
154.6552149999999983
 20
-85.8342909999999932
 30
0
 11
154.6579030000000046
 21
-85.8344819999999942
 31
0
  0
LINE
  5
8F7
330
22
100
AcDbEntity
  8
B.Silkscreen
  6
CONTINUOUS
100
AcDbLine
 10
154.6579030000000046
 20
-85.8344819999999942
 30
0
 11
154.6716349999999807
 21
-85.8397369999999995
 31
0
  0
LINE
  5
8F8
330
22
100
AcDbEntity
  8
B.Silkscreen
  6
CONTINUOUS
100
AcDbLine
 10
154.6716349999999807
 20
-85.8397369999999995
 30
0
 11
154.7668730000000039
 21
-85.8873559999999969
 31
0
  0
LINE
  5
8F9
330
22
100
AcDbEntity
  8
B.Silkscreen
  6
CONTINUOUS
100
AcDbLine
 10
154.7668730000000039
 20
-85.8873559999999969
 30
0
 11
154.7731719999999882
 21
-85.8913199999999932
 31
0
  0
LINE
  5
8FA
330
22
100
AcDbEntity
  8
B.Silkscreen
  6
CONTINUOUS
100
AcDbLine
 10
154.7731719999999882
 20
-85.8913199999999932
 30
0
 11
154.7750000000000057
 21
-85.8920779999999979
 31
0
  0
LINE
  5
8FB
330
22
100
AcDbEntity
  8
B.Silkscreen
  6
CONTINUOUS
100
AcDbLine
 10
154.7750000000000057
 20
-85.8920779999999979
 30
0
 11
154.7770559999999875
 21
-85.8937659999999994
 31
0
  0
LINE
  5
8FC
330
22
100
AcDbEntity
  8
B.Silkscreen
  6
CONTINUOUS
100
AcDbLine
 10
154.7770559999999875
 20
-85.8937659999999994
 30
0
 11
154.7793159999999943
 21
-85.8951879999999903
 31
0
  0
LINE
  5
8FD
330
22
100
AcDbEntity
  8
B.Silkscreen
  6
CONTINUOUS
100
AcDbLine
 10
154.7793159999999943
 20
-85.8951879999999903
 30
0
 11
154.7806149999999832
 21
-85.8966860000000025
 31
0
  0
LINE
  5
8FE
330
22
100
AcDbEntity
  8
B.Silkscreen
  6
CONTINUOUS
100
AcDbLine
 10
154.7806149999999832
 20
-85.8966860000000025
 30
0
 11
154.7863649999999893
 21
-85.9014049999999969
 31
0
  0
LINE
  5
8FF
330
22
100
AcDbEntity
  8
B.Silkscreen
  6
CONTINUOUS
100
AcDbLine
 10
154.7863649999999893
 20
-85.9014049999999969
 30
0
 11
154.8339839999999867
 21
-85.9490239999999943
 31
0
  0
LINE
  5
900
330
22
100
AcDbEntity
  8
B.Silkscreen
  6
CONTINUOUS
100
AcDbLine
 10
154.8339839999999867
 20
-85.9490239999999943
 30
0
 11
154.8433109999999999
 21
-85.9603889999999922
 31
0
  0
LINE
  5
901
330
22
100
AcDbEntity
  8
B.Silkscreen
  6
CONTINUOUS
100
AcDbLine
 10
154.8433109999999999
 20
-85.9603889999999922
 30
0
 11
154.8545100000000048
 21
-85.9874250000000018
 31
0
  0
LINE
  5
902
330
22
100
AcDbEntity
  8
B.Silkscreen
  6
CONTINUOUS
100
AcDbLine
 10
154.8545100000000048
 20
-85.9874250000000018
 30
0
 11
154.8545100000000048
 21
-86.016688000000002
 31
0
  0
LINE
  5
903
330
22
100
AcDbEntity
  8
B.Silkscreen
  6
CONTINUOUS
100
AcDbLine
 10
154.8545100000000048
 20
-86.016688000000002
 30
0
 11
154.8433109999999999
 21
-86.0437239999999974
 31
0
  0
LINE
  5
904
330
22
100
AcDbEntity
  8
B.Silkscreen
  6
CONTINUOUS
100
AcDbLine
 10
154.8433109999999999
 20
-86.0437239999999974
 30
0
 11
154.8226180000000056
 21
-86.0644169999999917
 31
0
  0
LINE
  5
905
330
22
100
AcDbEntity
  8
B.Silkscreen
  6
CONTINUOUS
100
AcDbLine
 10
154.8226180000000056
 20
-86.0644169999999917
 30
0
 11
154.795581999999996
 21
-86.0756159999999966
 31
0
  0
LINE
  5
906
330
22
100
AcDbEntity
  8
B.Silkscreen
  6
CONTINUOUS
100
AcDbLine
 10
154.795581999999996
 20
-86.0756159999999966
 30
0
 11
154.7663189999999815
 21
-86.0756159999999966
 31
0
  0
LINE
  5
907
330
22
100
AcDbEntity
  8
B.Silkscreen
  6
CONTINUOUS
100
AcDbLine
 10
154.7663189999999815
 20
-86.0756159999999966
 30
0
 11
154.7392830000000004
 21
-86.0644169999999917
 31
0
  0
LINE
  5
908
330
22
100
AcDbEntity
  8
B.Silkscreen
  6
CONTINUOUS
100
AcDbLine
 10
154.7392830000000004
 20
-86.0644169999999917
 30
0
 11
154.7279179999999883
 21
-86.0550899999999928
 31
0
  0
LINE
  5
909
330
22
100
AcDbEntity
  8
B.Silkscreen
  6
CONTINUOUS
100
AcDbLine
 10
154.7279179999999883
 20
-86.0550899999999928
 30
0
 11
154.6889050000000054
 21
-86.0160769999999957
 31
0
  0
LINE
  5
90A
330
22
100
AcDbEntity
  8
B.Silkscreen
  6
CONTINUOUS
100
AcDbLine
 10
154.6889050000000054
 20
-86.0160769999999957
 30
0
 11
154.6203889999999888
 21
-85.9818190000000016
 31
0
  0
LINE
  5
90B
330
22
100
AcDbEntity
  8
B.Silkscreen
  6
CONTINUOUS
100
AcDbLine
 10
154.6203889999999888
 20
-85.9818190000000016
 30
0
 11
154.4177039999999863
 21
-85.9818190000000016
 31
0
  0
LINE
  5
90C
330
22
100
AcDbEntity
  8
B.Silkscreen
  6
CONTINUOUS
100
AcDbLine
 10
154.4177039999999863
 20
-85.9818190000000016
 30
0
 11
154.3491879999999981
 21
-86.0160769999999957
 31
0
  0
LINE
  5
90D
330
22
100
AcDbEntity
  8
B.Silkscreen
  6
CONTINUOUS
100
AcDbLine
 10
154.3491879999999981
 20
-86.0160769999999957
 30
0
 11
154.3187810000000013
 21
-86.0464839999999924
 31
0
  0
LINE
  5
90E
330
22
100
AcDbEntity
  8
B.Silkscreen
  6
CONTINUOUS
100
AcDbLine
 10
154.3187810000000013
 20
-86.0464839999999924
 30
0
 11
154.2845230000000072
 21
-86.1149999999999949
 31
0
  0
LINE
  5
90F
330
22
100
AcDbEntity
  8
B.Silkscreen
  6
CONTINUOUS
100
AcDbLine
 10
154.2845230000000072
 20
-86.1149999999999949
 30
0
 11
154.2845230000000072
 21
-86.1803620000000024
 31
0
  0
LINE
  5
910
330
22
100
AcDbEntity
  8
B.Silkscreen
  6
CONTINUOUS
100
AcDbLine
 10
154.2845230000000072
 20
-86.1803620000000024
 30
0
 11
154.3226939999999843
 21
-86.2948760000000021
 31
0
  0
LINE
  5
911
330
22
100
AcDbEntity
  8
B.Silkscreen
  6
CONTINUOUS
100
AcDbLine
 10
154.3226939999999843
 20
-86.2948760000000021
 30
0
 11
154.8816029999999841
 21
-86.8537859999999995
 31
0
  0
LINE
  5
912
330
22
100
AcDbEntity
  8
B.Silkscreen
  6
CONTINUOUS
100
AcDbLine
 10
154.8816029999999841
 20
-86.8537859999999995
 30
0
 11
154.8909309999999948
 21
-86.8651509999999973
 31
0
  0
LINE
  5
913
330
22
100
AcDbEntity
  8
B.Silkscreen
  6
CONTINUOUS
100
AcDbLine
 10
154.8909309999999948
 20
-86.8651509999999973
 30
0
 11
154.9021290000000022
 21
-86.8921879999999902
 31
0
  0
LINE
  5
914
330
22
100
AcDbEntity
  8
B.Silkscreen
  6
CONTINUOUS
100
AcDbLine
 10
154.9021290000000022
 20
-86.8921879999999902
 30
0
 11
154.9021290000000022
 21
-86.9214509999999905
 31
0
  0
LINE
  5
915
330
22
100
AcDbEntity
  8
B.Silkscreen
  6
CONTINUOUS
100
AcDbLine
 10
154.9021290000000022
 20
-86.9214509999999905
 30
0
 11
154.8909299999999973
 21
-86.9484870000000001
 31
0
  0
LINE
  5
916
330
22
100
AcDbEntity
  8
B.Silkscreen
  6
CONTINUOUS
100
AcDbLine
 10
154.8909299999999973
 20
-86.9484870000000001
 30
0
 11
154.8702380000000005
 21
-86.9691799999999944
 31
0
  0
LINE
  5
917
330
22
100
AcDbEntity
  8
B.Silkscreen
  6
CONTINUOUS
100
AcDbLine
 10
154.8702380000000005
 20
-86.9691799999999944
 30
0
 11
154.8511199999999803
 21
-86.977097999999998
 31
0
  0
LINE
  5
918
330
22
100
AcDbEntity
  8
B.Silkscreen
  6
CONTINUOUS
100
AcDbLine
 10
154.8511199999999803
 20
-86.977097999999998
 30
0
 11
154.8432019999999909
 21
-86.9803780000000017
 31
0
  0
LINE
  5
919
330
22
100
AcDbEntity
  8
B.Silkscreen
  6
CONTINUOUS
100
AcDbLine
 10
154.8432019999999909
 20
-86.9803780000000017
 30
0
 11
154.8285699999999849
 21
-86.9818190000000016
 31
0
  0
LINE
  5
91A
330
22
100
AcDbEntity
  8
B.Silkscreen
  6
CONTINUOUS
100
AcDbLine
 10
154.8285699999999849
 20
-86.9818190000000016
 30
0
 11
154.2095229999999901
 21
-86.9818190000000016
 31
0
  0
LINE
  5
91B
330
22
100
AcDbEntity
  8
B.Silkscreen
  6
CONTINUOUS
100
AcDbLine
 10
154.2095229999999901
 20
-86.9818190000000016
 30
0
 11
154.1948909999999842
 21
-86.9803780000000017
 31
0
  0
LINE
  5
91C
330
22
100
AcDbEntity
  8
B.Silkscreen
  6
CONTINUOUS
100
AcDbLine
 10
154.1948909999999842
 20
-86.9803780000000017
 30
0
 11
154.167855000000003
 21
-86.9691789999999969
 31
0
  0
LINE
  5
91D
330
22
100
AcDbEntity
  8
B.Silkscreen
  6
CONTINUOUS
100
AcDbLine
 10
154.167855000000003
 20
-86.9691789999999969
 30
0
 11
154.1471630000000062
 21
-86.9484870000000001
 31
0
  0
LINE
  5
91E
330
22
100
AcDbEntity
  8
B.Silkscreen
  6
CONTINUOUS
100
AcDbLine
 10
154.1471630000000062
 20
-86.9484870000000001
 30
0
 11
154.1359640000000013
 21
-86.9214509999999905
 31
0
  0
LINE
  5
91F
330
22
100
AcDbEntity
  8
B.Silkscreen
  6
CONTINUOUS
100
AcDbLine
 10
154.1359640000000013
 20
-86.9214509999999905
 30
0
 11
154.1359640000000013
 21
-86.8921869999999927
 31
0
  0
LINE
  5
920
330
22
100
AcDbEntity
  8
B.Silkscreen
  6
CONTINUOUS
100
AcDbLine
 10
154.1359640000000013
 20
-86.8921869999999927
 30
0
 11
154.1471630000000062
 21
-86.8651509999999973
 31
0
  0
LINE
  5
921
330
22
100
AcDbEntity
  8
B.Silkscreen
  6
CONTINUOUS
100
AcDbLine
 10
154.1471630000000062
 20
-86.8651509999999973
 30
0
 11
154.167855000000003
 21
-86.8444590000000005
 31
0
  0
LINE
  5
922
330
22
100
AcDbEntity
  8
B.Silkscreen
  6
CONTINUOUS
100
AcDbLine
 10
154.167855000000003
 20
-86.8444590000000005
 30
0
 11
154.1948909999999842
 21
-86.8332599999999957
 31
0
  0
LINE
  5
923
330
22
100
AcDbEntity
  8
B.Silkscreen
  6
CONTINUOUS
100
AcDbLine
 10
154.1948909999999842
 20
-86.8332599999999957
 30
0
 11
154.2095229999999901
 21
-86.8318189999999959
 31
0
  0
LINE
  5
924
330
22
100
AcDbEntity
  8
B.Silkscreen
  6
CONTINUOUS
100
AcDbLine
 10
154.2095229999999901
 20
-86.8318189999999959
 30
0
 11
154.6475039999999979
 21
-86.8318189999999959
 31
0
  0
LINE
  5
925
330
22
100
AcDbEntity
  8
B.Silkscreen
  6
CONTINUOUS
100
AcDbLine
 10
154.6475039999999979
 20
-86.8318189999999959
 30
0
 11
154.2041089999999883
 21
-86.3884230000000031
 31
0
  0
LINE
  5
926
330
22
100
AcDbEntity
  8
B.Silkscreen
  6
CONTINUOUS
100
AcDbLine
 10
154.2041089999999883
 20
-86.3884230000000031
 30
0
 11
154.1947820000000036
 21
-86.377057999999991
 31
0
  0
LINE
  5
927
330
22
100
AcDbEntity
  8
B.Silkscreen
  6
CONTINUOUS
100
AcDbLine
 10
154.1947820000000036
 20
-86.377057999999991
 30
0
 11
154.1937499999999943
 21
-86.374566999999999
 31
0
  0
LINE
  5
928
330
22
100
AcDbEntity
  8
B.Silkscreen
  6
CONTINUOUS
100
AcDbLine
 10
154.1937499999999943
 20
-86.374566999999999
 30
0
 11
154.1919849999999883
 21
-86.3725319999999925
 31
0
  0
LINE
  5
929
330
22
100
AcDbEntity
  8
B.Silkscreen
  6
CONTINUOUS
100
AcDbLine
 10
154.1919849999999883
 20
-86.3725319999999925
 30
0
 11
154.1859910000000013
 21
-86.3591069999999945
 31
0
  0
LINE
  5
92A
330
22
100
AcDbEntity
  8
B.Silkscreen
  6
CONTINUOUS
100
AcDbLine
 10
154.1859910000000013
 20
-86.3591069999999945
 30
0
 11
154.1383720000000039
 21
-86.2162500000000023
 31
0
  0
LINE
  5
92B
330
22
100
AcDbEntity
  8
B.Silkscreen
  6
CONTINUOUS
100
AcDbLine
 10
154.1383720000000039
 20
-86.2162500000000023
 30
0
 11
154.1367219999999918
 21
-86.2089959999999991
 31
0
  0
LINE
  5
92C
330
22
100
AcDbEntity
  8
B.Silkscreen
  6
CONTINUOUS
100
AcDbLine
 10
154.1367219999999918
 20
-86.2089959999999991
 30
0
 11
154.1359640000000013
 21
-86.2071649999999892
 31
0
  0
LINE
  5
92D
330
22
100
AcDbEntity
  8
B.Silkscreen
  6
CONTINUOUS
100
AcDbLine
 10
154.1359640000000013
 20
-86.2071649999999892
 30
0
 11
154.1357019999999807
 21
-86.2045099999999991
 31
0
  0
LINE
  5
92E
330
22
100
AcDbEntity
  8
B.Silkscreen
  6
CONTINUOUS
100
AcDbLine
 10
154.1357019999999807
 20
-86.2045099999999991
 30
0
 11
154.1351119999999923
 21
-86.2019129999999905
 31
0
  0
LINE
  5
92F
330
22
100
AcDbEntity
  8
B.Silkscreen
  6
CONTINUOUS
100
AcDbLine
 10
154.1351119999999923
 20
-86.2019129999999905
 30
0
 11
154.1352519999999799
 21
-86.1999380000000031
 31
0
  0
LINE
  5
930
330
22
100
AcDbEntity
  8
B.Silkscreen
  6
CONTINUOUS
100
AcDbLine
 10
154.1352519999999799
 20
-86.1999380000000031
 30
0
 11
154.1345230000000015
 21
-86.1925329999999974
 31
0
  0
LINE
  5
931
330
22
100
AcDbEntity
  8
B.Silkscreen
  6
CONTINUOUS
100
AcDbLine
 10
154.1345230000000015
 20
-86.1925329999999974
 30
0
 11
154.1345230000000015
 21
-86.0972950000000026
 31
0
  0
LINE
  5
932
330
22
100
AcDbEntity
  8
B.Silkscreen
  6
CONTINUOUS
100
AcDbLine
 10
154.1345230000000015
 20
-86.0972950000000026
 30
0
 11
154.1359640000000013
 21
-86.0826629999999966
 31
0
  0
LINE
  5
933
330
22
100
AcDbEntity
  8
B.Silkscreen
  6
CONTINUOUS
100
AcDbLine
 10
154.1359640000000013
 20
-86.0826629999999966
 30
0
 11
154.1369949999999847
 21
-86.080173000000002
 31
0
  0
LINE
  5
934
330
22
100
AcDbEntity
  8
B.Silkscreen
  6
CONTINUOUS
100
AcDbLine
 10
154.1369949999999847
 20
-86.080173000000002
 30
0
 11
154.1371859999999856
 21
-86.0774859999999933
 31
0
  0
LINE
  5
935
330
22
100
AcDbEntity
  8
B.Silkscreen
  6
CONTINUOUS
100
AcDbLine
 10
154.1371859999999856
 20
-86.0774859999999933
 30
0
 11
154.1424409999999909
 21
-86.063754000000003
 31
0
  0
LINE
  5
936
330
22
100
AcDbEntity
  8
B.Silkscreen
  6
CONTINUOUS
100
AcDbLine
 10
154.1424409999999909
 20
-86.063754000000003
 30
0
 11
154.1900599999999883
 21
-85.9685159999999939
 31
0
  0
LINE
  5
937
330
22
100
AcDbEntity
  8
B.Silkscreen
  6
CONTINUOUS
100
AcDbLine
 10
154.1900599999999883
 20
-85.9685159999999939
 30
0
 11
154.1940239999999847
 21
-85.962215999999998
 31
0
  0
LINE
  5
938
330
22
100
AcDbEntity
  8
B.Silkscreen
  6
CONTINUOUS
100
AcDbLine
 10
154.1940239999999847
 20
-85.962215999999998
 30
0
 11
154.1947820000000036
 21
-85.9603889999999922
 31
0
  0
LINE
  5
939
330
22
100
AcDbEntity
  8
B.Silkscreen
  6
CONTINUOUS
100
AcDbLine
 10
154.1947820000000036
 20
-85.9603889999999922
 30
0
 11
154.196470000000005
 21
-85.9583319999999986
 31
0
  0
LINE
  5
93A
330
22
100
AcDbEntity
  8
B.Silkscreen
  6
CONTINUOUS
100
AcDbLine
 10
154.196470000000005
 20
-85.9583319999999986
 30
0
 11
154.197891999999996
 21
-85.9560729999999893
 31
0
  0
LINE
  5
93B
330
22
100
AcDbEntity
  8
B.Silkscreen
  6
CONTINUOUS
100
AcDbLine
 10
154.197891999999996
 20
-85.9560729999999893
 30
0
 11
154.199389999999994
 21
-85.954773000000003
 31
0
  0
LINE
  5
93C
330
22
100
AcDbEntity
  8
B.Silkscreen
  6
CONTINUOUS
100
AcDbLine
 10
154.199389999999994
 20
-85.954773000000003
 30
0
 11
154.2041089999999883
 21
-85.9490239999999943
 31
0
  0
LINE
  5
93D
330
22
100
AcDbEntity
  8
B.Silkscreen
  6
CONTINUOUS
100
AcDbLine
 10
154.2041089999999883
 20
-85.9490239999999943
 30
0
 11
154.2517279999999857
 21
-85.9014049999999969
 31
0
  0
LINE
  5
93E
330
22
100
AcDbEntity
  8
B.Silkscreen
  6
CONTINUOUS
100
AcDbLine
 10
154.2517279999999857
 20
-85.9014049999999969
 30
0
 11
154.2574769999999944
 21
-85.8966860000000025
 31
0
  0
LINE
  5
93F
330
22
100
AcDbEntity
  8
B.Silkscreen
  6
CONTINUOUS
100
AcDbLine
 10
154.2574769999999944
 20
-85.8966860000000025
 30
0
 11
154.2587769999999807
 21
-85.8951879999999903
 31
0
  0
LINE
  5
940
330
22
100
AcDbEntity
  8
B.Silkscreen
  6
CONTINUOUS
100
AcDbLine
 10
154.2587769999999807
 20
-85.8951879999999903
 30
0
 11
154.2610359999999901
 21
-85.8937659999999994
 31
0
  0
LINE
  5
941
330
22
100
AcDbEntity
  8
B.Silkscreen
  6
CONTINUOUS
100
AcDbLine
 10
154.2610359999999901
 20
-85.8937659999999994
 30
0
 11
154.2630929999999978
 21
-85.8920779999999979
 31
0
  0
LINE
  5
942
330
22
100
AcDbEntity
  8
B.Silkscreen
  6
CONTINUOUS
100
AcDbLine
 10
154.2630929999999978
 20
-85.8920779999999979
 30
0
 11
154.2649199999999894
 21
-85.8913199999999932
 31
0
  0
LINE
  5
943
330
22
100
AcDbEntity
  8
B.Silkscreen
  6
CONTINUOUS
100
AcDbLine
 10
154.2649199999999894
 20
-85.8913199999999932
 30
0
 11
154.2712199999999996
 21
-85.8873559999999969
 31
0
  0
LINE
  5
944
330
22
100
AcDbEntity
  8
B.Silkscreen
  6
CONTINUOUS
100
AcDbLine
 10
154.2712199999999996
 20
-85.8873559999999969
 30
0
 11
154.3664579999999944
 21
-85.8397369999999995
 31
0
  0
LINE
  5
945
330
22
100
AcDbEntity
  8
B.Silkscreen
  6
CONTINUOUS
100
AcDbLine
 10
154.3664579999999944
 20
-85.8397369999999995
 30
0
 11
154.3801890000000014
 21
-85.8344819999999942
 31
0
  0
LINE
  5
946
330
22
100
AcDbEntity
  8
B.Silkscreen
  6
CONTINUOUS
100
AcDbLine
 10
154.3801890000000014
 20
-85.8344819999999942
 30
0
 11
154.3828780000000052
 21
-85.8342899999999958
 31
0
  0
LINE
  5
947
330
22
100
AcDbEntity
  8
B.Silkscreen
  6
CONTINUOUS
100
AcDbLine
 10
154.3828780000000052
 20
-85.8342899999999958
 30
0
 11
154.3853670000000022
 21
-85.8332599999999957
 31
0
  0
LINE
  5
948
330
22
100
AcDbEntity
  8
B.Silkscreen
  6
CONTINUOUS
100
AcDbLine
 10
154.3853670000000022
 20
-85.8332599999999957
 30
0
 11
154.3999989999999798
 21
-85.8318189999999959
 31
0
  0
LINE
  5
949
330
22
100
AcDbEntity
  8
B.Silkscreen
  6
CONTINUOUS
100
AcDbLine
 10
154.3999989999999798
 20
-85.8318189999999959
 30
0
 11
154.6380939999999953
 21
-85.8318189999999959
 31
0
  0
LINE
  5
94A
330
22
100
AcDbEntity
  8
B.Silkscreen
  6
CONTINUOUS
100
AcDbLine
 10
154.6380939999999953
 20
-85.8318189999999959
 30
0
 11
154.6527260000000012
 21
-85.8332599999999957
 31
0
  0
LINE
  5
94B
330
22
100
AcDbEntity
  8
B.Silkscreen
  6
CONTINUOUS
100
AcDbLine
 10
155.7479639999999961
 20
-85.8332599999999957
 30
0
 11
155.7750000000000057
 21
-85.8444590000000005
 31
0
  0
LINE
  5
94C
330
22
100
AcDbEntity
  8
B.Silkscreen
  6
CONTINUOUS
100
AcDbLine
 10
155.7750000000000057
 20
-85.8444590000000005
 30
0
 11
155.7956920000000025
 21
-85.8651509999999973
 31
0
  0
LINE
  5
94D
330
22
100
AcDbEntity
  8
B.Silkscreen
  6
CONTINUOUS
100
AcDbLine
 10
155.7956920000000025
 20
-85.8651509999999973
 30
0
 11
155.8068909999999789
 21
-85.8921869999999927
 31
0
  0
LINE
  5
94E
330
22
100
AcDbEntity
  8
B.Silkscreen
  6
CONTINUOUS
100
AcDbLine
 10
155.8068909999999789
 20
-85.8921869999999927
 30
0
 11
155.8083320000000072
 21
-85.9068189999999987
 31
0
  0
LINE
  5
94F
330
22
100
AcDbEntity
  8
B.Silkscreen
  6
CONTINUOUS
100
AcDbLine
 10
155.8083320000000072
 20
-85.9068189999999987
 30
0
 11
155.8083320000000072
 21
-86.9068189999999987
 31
0
  0
LINE
  5
950
330
22
100
AcDbEntity
  8
B.Silkscreen
  6
CONTINUOUS
100
AcDbLine
 10
155.8083320000000072
 20
-86.9068189999999987
 30
0
 11
155.8068909999999789
 21
-86.9214509999999905
 31
0
  0
LINE
  5
951
330
22
100
AcDbEntity
  8
B.Silkscreen
  6
CONTINUOUS
100
AcDbLine
 10
155.8068909999999789
 20
-86.9214509999999905
 30
0
 11
155.7956920000000025
 21
-86.9484870000000001
 31
0
  0
LINE
  5
952
330
22
100
AcDbEntity
  8
B.Silkscreen
  6
CONTINUOUS
100
AcDbLine
 10
155.7956920000000025
 20
-86.9484870000000001
 30
0
 11
155.7750000000000057
 21
-86.9691789999999969
 31
0
  0
LINE
  5
953
330
22
100
AcDbEntity
  8
B.Silkscreen
  6
CONTINUOUS
100
AcDbLine
 10
155.7750000000000057
 20
-86.9691789999999969
 30
0
 11
155.7479639999999961
 21
-86.9803780000000017
 31
0
  0
LINE
  5
954
330
22
100
AcDbEntity
  8
B.Silkscreen
  6
CONTINUOUS
100
AcDbLine
 10
155.7479639999999961
 20
-86.9803780000000017
 30
0
 11
155.7186999999999841
 21
-86.9803780000000017
 31
0
  0
LINE
  5
955
330
22
100
AcDbEntity
  8
B.Silkscreen
  6
CONTINUOUS
100
AcDbLine
 10
155.7186999999999841
 20
-86.9803780000000017
 30
0
 11
155.6916640000000029
 21
-86.9691789999999969
 31
0
  0
LINE
  5
956
330
22
100
AcDbEntity
  8
B.Silkscreen
  6
CONTINUOUS
100
AcDbLine
 10
155.6916640000000029
 20
-86.9691789999999969
 30
0
 11
155.6709720000000061
 21
-86.9484870000000001
 31
0
  0
LINE
  5
957
330
22
100
AcDbEntity
  8
B.Silkscreen
  6
CONTINUOUS
100
AcDbLine
 10
155.6709720000000061
 20
-86.9484870000000001
 30
0
 11
155.6597730000000013
 21
-86.9214509999999905
 31
0
  0
LINE
  5
958
330
22
100
AcDbEntity
  8
B.Silkscreen
  6
CONTINUOUS
100
AcDbLine
 10
155.6597730000000013
 20
-86.9214509999999905
 30
0
 11
155.6583320000000015
 21
-86.9068189999999987
 31
0
  0
LINE
  5
959
330
22
100
AcDbEntity
  8
B.Silkscreen
  6
CONTINUOUS
100
AcDbLine
 10
155.6583320000000015
 20
-86.9068189999999987
 30
0
 11
155.6583320000000015
 21
-86.5056280000000015
 31
0
  0
LINE
  5
95A
330
22
100
AcDbEntity
  8
B.Silkscreen
  6
CONTINUOUS
100
AcDbLine
 10
155.6583320000000015
 20
-86.5056280000000015
 30
0
 11
155.3523799999999824
 21
-86.5056280000000015
 31
0
  0
LINE
  5
95B
330
22
100
AcDbEntity
  8
B.Silkscreen
  6
CONTINUOUS
100
AcDbLine
 10
155.3523799999999824
 20
-86.5056280000000015
 30
0
 11
155.3377480000000048
 21
-86.5041870000000017
 31
0
  0
LINE
  5
95C
330
22
100
AcDbEntity
  8
B.Silkscreen
  6
CONTINUOUS
100
AcDbLine
 10
155.3377480000000048
 20
-86.5041870000000017
 30
0
 11
155.3352589999999793
 21
-86.5031559999999899
 31
0
  0
LINE
  5
95D
330
22
100
AcDbEntity
  8
B.Silkscreen
  6
CONTINUOUS
100
AcDbLine
 10
155.3352589999999793
 20
-86.5031559999999899
 30
0
 11
155.332570000000004
 21
-86.502964999999989
 31
0
  0
LINE
  5
95E
330
22
100
AcDbEntity
  8
B.Silkscreen
  6
CONTINUOUS
100
AcDbLine
 10
155.332570000000004
 20
-86.502964999999989
 30
0
 11
155.318838999999997
 21
-86.4977099999999979
 31
0
  0
LINE
  5
95F
330
22
100
AcDbEntity
  8
B.Silkscreen
  6
CONTINUOUS
100
AcDbLine
 10
155.318838999999997
 20
-86.4977099999999979
 30
0
 11
155.2236010000000022
 21
-86.4500910000000005
 31
0
  0
LINE
  5
960
330
22
100
AcDbEntity
  8
B.Silkscreen
  6
CONTINUOUS
100
AcDbLine
 10
155.2236010000000022
 20
-86.4500910000000005
 30
0
 11
155.217300999999992
 21
-86.4461259999999925
 31
0
  0
LINE
  5
961
330
22
100
AcDbEntity
  8
B.Silkscreen
  6
CONTINUOUS
100
AcDbLine
 10
155.217300999999992
 20
-86.4461259999999925
 30
0
 11
155.2154740000000004
 21
-86.4453689999999995
 31
0
  0
LINE
  5
962
330
22
100
AcDbEntity
  8
B.Silkscreen
  6
CONTINUOUS
100
AcDbLine
 10
155.2154740000000004
 20
-86.4453689999999995
 30
0
 11
155.2134169999999926
 21
-86.4436800000000005
 31
0
  0
LINE
  5
963
330
22
100
AcDbEntity
  8
B.Silkscreen
  6
CONTINUOUS
100
AcDbLine
 10
155.2134169999999926
 20
-86.4436800000000005
 30
0
 11
155.2111579999999833
 21
-86.4422589999999929
 31
0
  0
LINE
  5
964
330
22
100
AcDbEntity
  8
B.Silkscreen
  6
CONTINUOUS
100
AcDbLine
 10
155.2111579999999833
 20
-86.4422589999999929
 30
0
 11
155.209857999999997
 21
-86.4407599999999974
 31
0
  0
LINE
  5
965
330
22
100
AcDbEntity
  8
B.Silkscreen
  6
CONTINUOUS
100
AcDbLine
 10
155.209857999999997
 20
-86.4407599999999974
 30
0
 11
155.2041089999999883
 21
-86.4360420000000005
 31
0
  0
LINE
  5
966
330
22
100
AcDbEntity
  8
B.Silkscreen
  6
CONTINUOUS
100
AcDbLine
 10
155.2041089999999883
 20
-86.4360420000000005
 30
0
 11
155.1564899999999909
 21
-86.3884230000000031
 31
0
  0
LINE
  5
967
330
22
100
AcDbEntity
  8
B.Silkscreen
  6
CONTINUOUS
100
AcDbLine
 10
155.1564899999999909
 20
-86.3884230000000031
 30
0
 11
155.1517709999999965
 21
-86.3826729999999969
 31
0
  0
LINE
  5
968
330
22
100
AcDbEntity
  8
B.Silkscreen
  6
CONTINUOUS
100
AcDbLine
 10
155.1517709999999965
 20
-86.3826729999999969
 30
0
 11
155.1502729999999985
 21
-86.3813739999999939
 31
0
  0
LINE
  5
969
330
22
100
AcDbEntity
  8
B.Silkscreen
  6
CONTINUOUS
100
AcDbLine
 10
155.1502729999999985
 20
-86.3813739999999939
 30
0
 11
155.1488509999999792
 21
-86.3791140000000013
 31
0
  0
LINE
  5
96A
330
22
100
AcDbEntity
  8
B.Silkscreen
  6
CONTINUOUS
100
AcDbLine
 10
155.1488509999999792
 20
-86.3791140000000013
 30
0
 11
155.1471630000000062
 21
-86.377057999999991
 31
0
  0
LINE
  5
96B
330
22
100
AcDbEntity
  8
B.Silkscreen
  6
CONTINUOUS
100
AcDbLine
 10
155.1471630000000062
 20
-86.377057999999991
 30
0
 11
155.1464049999999872
 21
-86.375230000000002
 31
0
  0
LINE
  5
96C
330
22
100
AcDbEntity
  8
B.Silkscreen
  6
CONTINUOUS
100
AcDbLine
 10
155.1464049999999872
 20
-86.375230000000002
 30
0
 11
155.1424409999999909
 21
-86.3689309999999892
 31
0
  0
LINE
  5
96D
330
22
100
AcDbEntity
  8
B.Silkscreen
  6
CONTINUOUS
100
AcDbLine
 10
155.1424409999999909
 20
-86.3689309999999892
 30
0
 11
155.0948219999999935
 21
-86.2736929999999944
 31
0
  0
LINE
  5
96E
330
22
100
AcDbEntity
  8
B.Silkscreen
  6
CONTINUOUS
100
AcDbLine
 10
155.0948219999999935
 20
-86.2736929999999944
 30
0
 11
155.0895669999999882
 21
-86.2599609999999899
 31
0
  0
LINE
  5
96F
330
22
100
AcDbEntity
  8
B.Silkscreen
  6
CONTINUOUS
100
AcDbLine
 10
155.0895669999999882
 20
-86.2599609999999899
 30
0
 11
155.0893759999999872
 21
-86.2572729999999979
 31
0
  0
LINE
  5
970
330
22
100
AcDbEntity
  8
B.Silkscreen
  6
CONTINUOUS
100
AcDbLine
 10
155.0893759999999872
 20
-86.2572729999999979
 30
0
 11
155.0883450000000039
 21
-86.2547840000000008
 31
0
  0
LINE
  5
971
330
22
100
AcDbEntity
  8
B.Silkscreen
  6
CONTINUOUS
100
AcDbLine
 10
155.0883450000000039
 20
-86.2547840000000008
 30
0
 11
155.0869040000000041
 21
-86.2401519999999948
 31
0
  0
LINE
  5
972
330
22
100
AcDbEntity
  8
B.Silkscreen
  6
CONTINUOUS
100
AcDbLine
 10
155.0869040000000041
 20
-86.2401519999999948
 30
0
 11
155.0869040000000041
 21
-86.0972950000000026
 31
0
  0
LINE
  5
973
330
22
100
AcDbEntity
  8
B.Silkscreen
  6
CONTINUOUS
100
AcDbLine
 10
155.0869040000000041
 20
-86.0972950000000026
 30
0
 11
155.0883450000000039
 21
-86.0826629999999966
 31
0
  0
LINE
  5
974
330
22
100
AcDbEntity
  8
B.Silkscreen
  6
CONTINUOUS
100
AcDbLine
 10
155.0883450000000039
 20
-86.0826629999999966
 30
0
 11
155.0893759999999872
 21
-86.080173000000002
 31
0
  0
LINE
  5
975
330
22
100
AcDbEntity
  8
B.Silkscreen
  6
CONTINUOUS
100
AcDbLine
 10
155.0893759999999872
 20
-86.080173000000002
 30
0
 11
155.0895669999999882
 21
-86.0774859999999933
 31
0
  0
LINE
  5
976
330
22
100
AcDbEntity
  8
B.Silkscreen
  6
CONTINUOUS
100
AcDbLine
 10
155.0895669999999882
 20
-86.0774859999999933
 30
0
 11
155.0948219999999935
 21
-86.063754000000003
 31
0
  0
LINE
  5
977
330
22
100
AcDbEntity
  8
B.Silkscreen
  6
CONTINUOUS
100
AcDbLine
 10
155.0948219999999935
 20
-86.063754000000003
 30
0
 11
155.1424409999999909
 21
-85.9685159999999939
 31
0
  0
LINE
  5
978
330
22
100
AcDbEntity
  8
B.Silkscreen
  6
CONTINUOUS
100
AcDbLine
 10
155.1424409999999909
 20
-85.9685159999999939
 30
0
 11
155.1464049999999872
 21
-85.962215999999998
 31
0
  0
LINE
  5
979
330
22
100
AcDbEntity
  8
B.Silkscreen
  6
CONTINUOUS
100
AcDbLine
 10
155.1464049999999872
 20
-85.962215999999998
 30
0
 11
155.1471630000000062
 21
-85.9603889999999922
 31
0
  0
LINE
  5
97A
330
22
100
AcDbEntity
  8
B.Silkscreen
  6
CONTINUOUS
100
AcDbLine
 10
155.1471630000000062
 20
-85.9603889999999922
 30
0
 11
155.1488509999999792
 21
-85.9583319999999986
 31
0
  0
LINE
  5
97B
330
22
100
AcDbEntity
  8
B.Silkscreen
  6
CONTINUOUS
100
AcDbLine
 10
155.1488509999999792
 20
-85.9583319999999986
 30
0
 11
155.1502729999999985
 21
-85.9560729999999893
 31
0
  0
LINE
  5
97C
330
22
100
AcDbEntity
  8
B.Silkscreen
  6
CONTINUOUS
100
AcDbLine
 10
155.1502729999999985
 20
-85.9560729999999893
 30
0
 11
155.1517709999999965
 21
-85.954773000000003
 31
0
  0
LINE
  5
97D
330
22
100
AcDbEntity
  8
B.Silkscreen
  6
CONTINUOUS
100
AcDbLine
 10
155.1517709999999965
 20
-85.954773000000003
 30
0
 11
155.1564899999999909
 21
-85.9490239999999943
 31
0
  0
LINE
  5
97E
330
22
100
AcDbEntity
  8
B.Silkscreen
  6
CONTINUOUS
100
AcDbLine
 10
155.1564899999999909
 20
-85.9490239999999943
 30
0
 11
155.2041089999999883
 21
-85.9014049999999969
 31
0
  0
LINE
  5
97F
330
22
100
AcDbEntity
  8
B.Silkscreen
  6
CONTINUOUS
100
AcDbLine
 10
155.2041089999999883
 20
-85.9014049999999969
 30
0
 11
155.209857999999997
 21
-85.8966860000000025
 31
0
  0
LINE
  5
980
330
22
100
AcDbEntity
  8
B.Silkscreen
  6
CONTINUOUS
100
AcDbLine
 10
155.209857999999997
 20
-85.8966860000000025
 30
0
 11
155.2111579999999833
 21
-85.8951879999999903
 31
0
  0
LINE
  5
981
330
22
100
AcDbEntity
  8
B.Silkscreen
  6
CONTINUOUS
100
AcDbLine
 10
155.2111579999999833
 20
-85.8951879999999903
 30
0
 11
155.2134169999999926
 21
-85.8937659999999994
 31
0
  0
LINE
  5
982
330
22
100
AcDbEntity
  8
B.Silkscreen
  6
CONTINUOUS
100
AcDbLine
 10
155.2134169999999926
 20
-85.8937659999999994
 30
0
 11
155.2154740000000004
 21
-85.8920779999999979
 31
0
  0
LINE
  5
983
330
22
100
AcDbEntity
  8
B.Silkscreen
  6
CONTINUOUS
100
AcDbLine
 10
155.2154740000000004
 20
-85.8920779999999979
 30
0
 11
155.217300999999992
 21
-85.8913199999999932
 31
0
  0
LINE
  5
984
330
22
100
AcDbEntity
  8
B.Silkscreen
  6
CONTINUOUS
100
AcDbLine
 10
155.217300999999992
 20
-85.8913199999999932
 30
0
 11
155.2236010000000022
 21
-85.8873559999999969
 31
0
  0
LINE
  5
985
330
22
100
AcDbEntity
  8
B.Silkscreen
  6
CONTINUOUS
100
AcDbLine
 10
155.2236010000000022
 20
-85.8873559999999969
 30
0
 11
155.318838999999997
 21
-85.8397369999999995
 31
0
  0
LINE
  5
986
330
22
100
AcDbEntity
  8
B.Silkscreen
  6
CONTINUOUS
100
AcDbLine
 10
155.318838999999997
 20
-85.8397369999999995
 30
0
 11
155.332570000000004
 21
-85.8344819999999942
 31
0
  0
LINE
  5
987
330
22
100
AcDbEntity
  8
B.Silkscreen
  6
CONTINUOUS
100
AcDbLine
 10
155.332570000000004
 20
-85.8344819999999942
 30
0
 11
155.3352589999999793
 21
-85.8342899999999958
 31
0
  0
LINE
  5
988
330
22
100
AcDbEntity
  8
B.Silkscreen
  6
CONTINUOUS
100
AcDbLine
 10
155.3352589999999793
 20
-85.8342899999999958
 30
0
 11
155.3377480000000048
 21
-85.8332599999999957
 31
0
  0
LINE
  5
989
330
22
100
AcDbEntity
  8
B.Silkscreen
  6
CONTINUOUS
100
AcDbLine
 10
155.3377480000000048
 20
-85.8332599999999957
 30
0
 11
155.3523799999999824
 21
-85.8318189999999959
 31
0
  0
LINE
  5
98A
330
22
100
AcDbEntity
  8
B.Silkscreen
  6
CONTINUOUS
100
AcDbLine
 10
155.3523799999999824
 20
-85.8318189999999959
 30
0
 11
155.7333319999999901
 21
-85.8318189999999959
 31
0
  0
LINE
  5
98B
330
22
100
AcDbEntity
  8
B.Silkscreen
  6
CONTINUOUS
100
AcDbLine
 10
155.7333319999999901
 20
-85.8318189999999959
 30
0
 11
155.7479639999999961
 21
-85.8332599999999957
 31
0
  0
LINE
  5
98C
330
22
100
AcDbEntity
  8
B.Silkscreen
  6
CONTINUOUS
100
AcDbLine
 10
155.3015690000000006
 20
-86.0160769999999957
 30
0
 11
155.2711620000000039
 21
-86.0464839999999924
 31
0
  0
LINE
  5
98D
330
22
100
AcDbEntity
  8
B.Silkscreen
  6
CONTINUOUS
100
AcDbLine
 10
155.2711620000000039
 20
-86.0464839999999924
 30
0
 11
155.2369039999999814
 21
-86.1149999999999949
 31
0
  0
LINE
  5
98E
330
22
100
AcDbEntity
  8
B.Silkscreen
  6
CONTINUOUS
100
AcDbLine
 10
155.2369039999999814
 20
-86.1149999999999949
 30
0
 11
155.2369039999999814
 21
-86.2224470000000025
 31
0
  0
LINE
  5
98F
330
22
100
AcDbEntity
  8
B.Silkscreen
  6
CONTINUOUS
100
AcDbLine
 10
155.2369039999999814
 20
-86.2224470000000025
 30
0
 11
155.2711620000000039
 21
-86.2909629999999908
 31
0
  0
LINE
  5
990
330
22
100
AcDbEntity
  8
B.Silkscreen
  6
CONTINUOUS
100
AcDbLine
 10
155.2711620000000039
 20
-86.2909629999999908
 30
0
 11
155.3015690000000006
 21
-86.3213700000000017
 31
0
  0
LINE
  5
991
330
22
100
AcDbEntity
  8
B.Silkscreen
  6
CONTINUOUS
100
AcDbLine
 10
155.3015690000000006
 20
-86.3213700000000017
 30
0
 11
155.3700849999999889
 21
-86.3556279999999958
 31
0
  0
LINE
  5
992
330
22
100
AcDbEntity
  8
B.Silkscreen
  6
CONTINUOUS
100
AcDbLine
 10
155.3700849999999889
 20
-86.3556279999999958
 30
0
 11
155.6583320000000015
 21
-86.3556279999999958
 31
0
  0
LINE
  5
993
330
22
100
AcDbEntity
  8
B.Silkscreen
  6
CONTINUOUS
100
AcDbLine
 10
155.6583320000000015
 20
-86.3556279999999958
 30
0
 11
155.6583320000000015
 21
-85.9818190000000016
 31
0
  0
LINE
  5
994
330
22
100
AcDbEntity
  8
B.Silkscreen
  6
CONTINUOUS
100
AcDbLine
 10
155.6583320000000015
 20
-85.9818190000000016
 30
0
 11
155.3700849999999889
 21
-85.9818190000000016
 31
0
  0
LINE
  5
995
330
22
100
AcDbEntity
  8
B.Silkscreen
  6
CONTINUOUS
100
AcDbLine
 10
155.3700849999999889
 20
-85.9818190000000016
 30
0
 11
155.3015690000000006
 21
-86.0160769999999957
 31
0
  0
LINE
  5
996
330
22
100
AcDbEntity
  8
B.Silkscreen
  6
CONTINUOUS
100
AcDbLine
 10
156.6527260000000012
 20
-85.8332599999999957
 30
0
 11
156.6797619999999824
 21
-85.8444590000000005
 31
0
  0
LINE
  5
997
330
22
100
AcDbEntity
  8
B.Silkscreen
  6
CONTINUOUS
100
AcDbLine
 10
156.6797619999999824
 20
-85.8444590000000005
 30
0
 11
156.7004539999999793
 21
-85.8651509999999973
 31
0
  0
LINE
  5
998
330
22
100
AcDbEntity
  8
B.Silkscreen
  6
CONTINUOUS
100
AcDbLine
 10
156.7004539999999793
 20
-85.8651509999999973
 30
0
 11
156.7116529999999841
 21
-85.8921869999999927
 31
0
  0
LINE
  5
999
330
22
100
AcDbEntity
  8
B.Silkscreen
  6
CONTINUOUS
100
AcDbLine
 10
156.7116529999999841
 20
-85.8921869999999927
 30
0
 11
156.7116529999999841
 21
-85.9214509999999905
 31
0
  0
LINE
  5
99A
330
22
100
AcDbEntity
  8
B.Silkscreen
  6
CONTINUOUS
100
AcDbLine
 10
156.7116529999999841
 20
-85.9214509999999905
 30
0
 11
156.7004539999999793
 21
-85.9484870000000001
 31
0
  0
LINE
  5
99B
330
22
100
AcDbEntity
  8
B.Silkscreen
  6
CONTINUOUS
100
AcDbLine
 10
156.7004539999999793
 20
-85.9484870000000001
 30
0
 11
156.6797619999999824
 21
-85.9691789999999969
 31
0
  0
LINE
  5
99C
330
22
100
AcDbEntity
  8
B.Silkscreen
  6
CONTINUOUS
100
AcDbLine
 10
156.6797619999999824
 20
-85.9691789999999969
 30
0
 11
156.6527260000000012
 21
-85.9803780000000017
 31
0
  0
LINE
  5
99D
330
22
100
AcDbEntity
  8
B.Silkscreen
  6
CONTINUOUS
100
AcDbLine
 10
156.6527260000000012
 20
-85.9803780000000017
 30
0
 11
156.6380939999999953
 21
-85.9818190000000016
 31
0
  0
LINE
  5
99E
330
22
100
AcDbEntity
  8
B.Silkscreen
  6
CONTINUOUS
100
AcDbLine
 10
156.6380939999999953
 20
-85.9818190000000016
 30
0
 11
156.4273799999999994
 21
-85.9818190000000016
 31
0
  0
LINE
  5
99F
330
22
100
AcDbEntity
  8
B.Silkscreen
  6
CONTINUOUS
100
AcDbLine
 10
156.4273799999999994
 20
-85.9818190000000016
 30
0
 11
156.4273799999999994
 21
-86.9068189999999987
 31
0
  0
LINE
  5
9A0
330
22
100
AcDbEntity
  8
B.Silkscreen
  6
CONTINUOUS
100
AcDbLine
 10
156.4273799999999994
 20
-86.9068189999999987
 30
0
 11
156.4259389999999996
 21
-86.9214509999999905
 31
0
  0
LINE
  5
9A1
330
22
100
AcDbEntity
  8
B.Silkscreen
  6
CONTINUOUS
100
AcDbLine
 10
156.4259389999999996
 20
-86.9214509999999905
 30
0
 11
156.4147399999999948
 21
-86.9484870000000001
 31
0
  0
LINE
  5
9A2
330
22
100
AcDbEntity
  8
B.Silkscreen
  6
CONTINUOUS
100
AcDbLine
 10
156.4147399999999948
 20
-86.9484870000000001
 30
0
 11
156.394047999999998
 21
-86.9691789999999969
 31
0
  0
LINE
  5
9A3
330
22
100
AcDbEntity
  8
B.Silkscreen
  6
CONTINUOUS
100
AcDbLine
 10
156.394047999999998
 20
-86.9691789999999969
 30
0
 11
156.3670119999999883
 21
-86.9803780000000017
 31
0
  0
LINE
  5
9A4
330
22
100
AcDbEntity
  8
B.Silkscreen
  6
CONTINUOUS
100
AcDbLine
 10
156.3670119999999883
 20
-86.9803780000000017
 30
0
 11
156.3377480000000048
 21
-86.9803780000000017
 31
0
  0
LINE
  5
9A5
330
22
100
AcDbEntity
  8
B.Silkscreen
  6
CONTINUOUS
100
AcDbLine
 10
156.3377480000000048
 20
-86.9803780000000017
 30
0
 11
156.3107119999999952
 21
-86.9691789999999969
 31
0
  0
LINE
  5
9A6
330
22
100
AcDbEntity
  8
B.Silkscreen
  6
CONTINUOUS
100
AcDbLine
 10
156.3107119999999952
 20
-86.9691789999999969
 30
0
 11
156.2900199999999984
 21
-86.9484870000000001
 31
0
  0
LINE
  5
9A7
330
22
100
AcDbEntity
  8
B.Silkscreen
  6
CONTINUOUS
100
AcDbLine
 10
156.2900199999999984
 20
-86.9484870000000001
 30
0
 11
156.2788209999999935
 21
-86.9214509999999905
 31
0
  0
LINE
  5
9A8
330
22
100
AcDbEntity
  8
B.Silkscreen
  6
CONTINUOUS
100
AcDbLine
 10
156.2788209999999935
 20
-86.9214509999999905
 30
0
 11
156.2773799999999937
 21
-86.9068189999999987
 31
0
  0
LINE
  5
9A9
330
22
100
AcDbEntity
  8
B.Silkscreen
  6
CONTINUOUS
100
AcDbLine
 10
156.2773799999999937
 20
-86.9068189999999987
 30
0
 11
156.2773799999999937
 21
-85.9818190000000016
 31
0
  0
LINE
  5
9AA
330
22
100
AcDbEntity
  8
B.Silkscreen
  6
CONTINUOUS
100
AcDbLine
 10
156.2773799999999937
 20
-85.9818190000000016
 30
0
 11
156.0666659999999979
 21
-85.9818190000000016
 31
0
  0
LINE
  5
9AB
330
22
100
AcDbEntity
  8
B.Silkscreen
  6
CONTINUOUS
100
AcDbLine
 10
156.0666659999999979
 20
-85.9818190000000016
 30
0
 11
156.0520339999999919
 21
-85.9803780000000017
 31
0
  0
LINE
  5
9AC
330
22
100
AcDbEntity
  8
B.Silkscreen
  6
CONTINUOUS
100
AcDbLine
 10
156.0520339999999919
 20
-85.9803780000000017
 30
0
 11
156.0249979999999823
 21
-85.9691789999999969
 31
0
  0
LINE
  5
9AD
330
22
100
AcDbEntity
  8
B.Silkscreen
  6
CONTINUOUS
100
AcDbLine
 10
156.0249979999999823
 20
-85.9691789999999969
 30
0
 11
156.0043059999999855
 21
-85.9484870000000001
 31
0
  0
LINE
  5
9AE
330
22
100
AcDbEntity
  8
B.Silkscreen
  6
CONTINUOUS
100
AcDbLine
 10
156.0043059999999855
 20
-85.9484870000000001
 30
0
 11
155.9931069999999806
 21
-85.9214509999999905
 31
0
  0
LINE
  5
9AF
330
22
100
AcDbEntity
  8
B.Silkscreen
  6
CONTINUOUS
100
AcDbLine
 10
155.9931069999999806
 20
-85.9214509999999905
 30
0
 11
155.9931069999999806
 21
-85.8921869999999927
 31
0
  0
LINE
  5
9B0
330
22
100
AcDbEntity
  8
B.Silkscreen
  6
CONTINUOUS
100
AcDbLine
 10
155.9931069999999806
 20
-85.8921869999999927
 30
0
 11
156.0043059999999855
 21
-85.8651509999999973
 31
0
  0
LINE
  5
9B1
330
22
100
AcDbEntity
  8
B.Silkscreen
  6
CONTINUOUS
100
AcDbLine
 10
156.0043059999999855
 20
-85.8651509999999973
 30
0
 11
156.0249979999999823
 21
-85.8444590000000005
 31
0
  0
LINE
  5
9B2
330
22
100
AcDbEntity
  8
B.Silkscreen
  6
CONTINUOUS
100
AcDbLine
 10
156.0249979999999823
 20
-85.8444590000000005
 30
0
 11
156.0520339999999919
 21
-85.8332599999999957
 31
0
  0
LINE
  5
9B3
330
22
100
AcDbEntity
  8
B.Silkscreen
  6
CONTINUOUS
100
AcDbLine
 10
156.0520339999999919
 20
-85.8332599999999957
 30
0
 11
156.0666659999999979
 21
-85.8318189999999959
 31
0
  0
LINE
  5
9B4
330
22
100
AcDbEntity
  8
B.Silkscreen
  6
CONTINUOUS
100
AcDbLine
 10
156.0666659999999979
 20
-85.8318189999999959
 30
0
 11
156.6380939999999953
 21
-85.8318189999999959
 31
0
  0
LINE
  5
9B5
330
22
100
AcDbEntity
  8
B.Silkscreen
  6
CONTINUOUS
100
AcDbLine
 10
156.6380939999999953
 20
-85.8318189999999959
 30
0
 11
156.6527260000000012
 21
-85.8332599999999957
 31
0
  0
LINE
  5
9B6
330
22
100
AcDbEntity
  8
B.Silkscreen
  6
CONTINUOUS
100
AcDbLine
 10
135.0739580000000046
 20
-86.8520819999999958
 30
0
 11
134.6109380000000044
 21
-86.8520819999999958
 31
0
  0
LINE
  5
9B7
330
22
100
AcDbEntity
  8
B.Silkscreen
  6
CONTINUOUS
100
AcDbLine
 10
134.6109380000000044
 20
-86.8520819999999958
 30
0
 11
134.6109380000000044
 21
-86.3890609999999981
 31
0
  0
LINE
  5
9B8
330
22
100
AcDbEntity
  8
B.Silkscreen
  6
CONTINUOUS
100
AcDbLine
 10
134.6109380000000044
 20
-86.3890609999999981
 30
0
 11
135.0739580000000046
 21
-86.3890609999999981
 31
0
  0
LINE
  5
9B9
330
22
100
AcDbEntity
  8
B.Silkscreen
  6
CONTINUOUS
100
AcDbLine
 10
135.0739580000000046
 20
-86.3890609999999981
 30
0
 11
135.0739580000000046
 21
-86.8520819999999958
 31
0
  0
LINE
  5
9BA
330
22
100
AcDbEntity
  8
B.Silkscreen
  6
CONTINUOUS
100
AcDbLine
 10
138.3151039999999909
 20
-86.3890609999999981
 30
0
 11
138.7781239999999912
 21
-86.3890609999999981
 31
0
  0
LINE
  5
9BB
330
22
100
AcDbEntity
  8
B.Silkscreen
  6
CONTINUOUS
100
AcDbLine
 10
138.7781239999999912
 20
-86.3890609999999981
 30
0
 11
138.7781239999999912
 21
-85.9260409999999979
 31
0
  0
LINE
  5
9BC
330
22
100
AcDbEntity
  8
B.Silkscreen
  6
CONTINUOUS
100
AcDbLine
 10
138.7781239999999912
 20
-85.9260409999999979
 30
0
 11
139.2411459999999863
 21
-85.9260409999999979
 31
0
  0
LINE
  5
9BD
330
22
100
AcDbEntity
  8
B.Silkscreen
  6
CONTINUOUS
100
AcDbLine
 10
139.2411459999999863
 20
-85.9260409999999979
 30
0
 11
139.7041659999999865
 21
-85.9260409999999979
 31
0
  0
LINE
  5
9BE
330
22
100
AcDbEntity
  8
B.Silkscreen
  6
CONTINUOUS
100
AcDbLine
 10
139.7041659999999865
 20
-85.9260409999999979
 30
0
 11
139.7041659999999865
 21
-86.3890609999999981
 31
0
  0
LINE
  5
9BF
330
22
100
AcDbEntity
  8
B.Silkscreen
  6
CONTINUOUS
100
AcDbLine
 10
139.7041659999999865
 20
-86.3890609999999981
 30
0
 11
139.7041659999999865
 21
-86.8520819999999958
 31
0
  0
LINE
  5
9C0
330
22
100
AcDbEntity
  8
B.Silkscreen
  6
CONTINUOUS
100
AcDbLine
 10
139.7041659999999865
 20
-86.8520819999999958
 30
0
 11
139.2411459999999863
 21
-86.8520819999999958
 31
0
  0
LINE
  5
9C1
330
22
100
AcDbEntity
  8
B.Silkscreen
  6
CONTINUOUS
100
AcDbLine
 10
139.2411459999999863
 20
-86.8520819999999958
 30
0
 11
138.7781239999999912
 21
-86.8520819999999958
 31
0
  0
LINE
  5
9C2
330
22
100
AcDbEntity
  8
B.Silkscreen
  6
CONTINUOUS
100
AcDbLine
 10
138.7781239999999912
 20
-86.8520819999999958
 30
0
 11
138.3151039999999909
 21
-86.8520819999999958
 31
0
  0
LINE
  5
9C3
330
22
100
AcDbEntity
  8
B.Silkscreen
  6
CONTINUOUS
100
AcDbLine
 10
138.3151039999999909
 20
-86.8520819999999958
 30
0
 11
137.8520829999999933
 21
-86.8520819999999958
 31
0
  0
LINE
  5
9C4
330
22
100
AcDbEntity
  8
B.Silkscreen
  6
CONTINUOUS
100
AcDbLine
 10
137.8520829999999933
 20
-86.8520819999999958
 30
0
 11
137.8520829999999933
 21
-86.3890609999999981
 31
0
  0
LINE
  5
9C5
330
22
100
AcDbEntity
  8
B.Silkscreen
  6
CONTINUOUS
100
AcDbLine
 10
137.8520829999999933
 20
-86.3890609999999981
 30
0
 11
138.3151039999999909
 21
-86.3890609999999981
 31
0
  0
LINE
  5
9C6
330
22
100
AcDbEntity
  8
B.Silkscreen
  6
CONTINUOUS
100
AcDbLine
 10
142.0192710000000034
 20
-86.8520819999999958
 30
0
 11
141.5562500000000057
 21
-86.8520819999999958
 31
0
  0
LINE
  5
9C7
330
22
100
AcDbEntity
  8
B.Silkscreen
  6
CONTINUOUS
100
AcDbLine
 10
141.5562500000000057
 20
-86.8520819999999958
 30
0
 11
141.5562500000000057
 21
-86.3890609999999981
 31
0
  0
LINE
  5
9C8
330
22
100
AcDbEntity
  8
B.Silkscreen
  6
CONTINUOUS
100
AcDbLine
 10
141.5562500000000057
 20
-86.3890609999999981
 30
0
 11
142.0192710000000034
 21
-86.3890609999999981
 31
0
  0
LINE
  5
9C9
330
22
100
AcDbEntity
  8
B.Silkscreen
  6
CONTINUOUS
100
AcDbLine
 10
142.0192710000000034
 20
-86.3890609999999981
 30
0
 11
142.0192710000000034
 21
-86.8520819999999958
 31
0
  0
LINE
  5
9CA
330
22
100
AcDbEntity
  8
B.Silkscreen
  6
CONTINUOUS
100
AcDbLine
 10
131.8328119999999899
 20
-86.3890609999999981
 30
0
 11
131.3697919999999897
 21
-86.3890609999999981
 31
0
  0
LINE
  5
9CB
330
22
100
AcDbEntity
  8
B.Silkscreen
  6
CONTINUOUS
100
AcDbLine
 10
131.3697919999999897
 20
-86.3890609999999981
 30
0
 11
131.3697919999999897
 21
-85.9260409999999979
 31
0
  0
LINE
  5
9CC
330
22
100
AcDbEntity
  8
B.Silkscreen
  6
CONTINUOUS
100
AcDbLine
 10
131.3697919999999897
 20
-85.9260409999999979
 30
0
 11
131.8328119999999899
 21
-85.9260409999999979
 31
0
  0
LINE
  5
9CD
330
22
100
AcDbEntity
  8
B.Silkscreen
  6
CONTINUOUS
100
AcDbLine
 10
131.8328119999999899
 20
-85.9260409999999979
 30
0
 11
131.8328119999999899
 21
-86.3890609999999981
 31
0
  0
LINE
  5
9CE
330
22
100
AcDbEntity
  8
B.Silkscreen
  6
CONTINUOUS
100
AcDbLine
 10
144.7973949999999945
 20
-86.3890609999999981
 30
0
 11
144.3343749999999943
 21
-86.3890609999999981
 31
0
  0
LINE
  5
9CF
330
22
100
AcDbEntity
  8
B.Silkscreen
  6
CONTINUOUS
100
AcDbLine
 10
144.3343749999999943
 20
-86.3890609999999981
 30
0
 11
144.3343749999999943
 21
-85.9260409999999979
 31
0
  0
LINE
  5
9D0
330
22
100
AcDbEntity
  8
B.Silkscreen
  6
CONTINUOUS
100
AcDbLine
 10
144.3343749999999943
 20
-85.9260409999999979
 30
0
 11
144.7973949999999945
 21
-85.9260409999999979
 31
0
  0
LINE
  5
9D1
330
22
100
AcDbEntity
  8
B.Silkscreen
  6
CONTINUOUS
100
AcDbLine
 10
144.7973949999999945
 20
-85.9260409999999979
 30
0
 11
144.7973949999999945
 21
-86.3890609999999981
 31
0
  0
LINE
  5
9D2
330
22
100
AcDbEntity
  8
B.Silkscreen
  6
CONTINUOUS
100
AcDbLine
 10
129.2931879999999865
 20
-84.0334900000000005
 30
0
 11
129.4761110000000031
 21
-84.1092599999999919
 31
0
  0
LINE
  5
9D3
330
22
100
AcDbEntity
  8
B.Silkscreen
  6
CONTINUOUS
100
AcDbLine
 10
129.4761110000000031
 20
-84.1092599999999919
 30
0
 11
129.6407370000000014
 21
-84.2192589999999939
 31
0
  0
LINE
  5
9D4
330
22
100
AcDbEntity
  8
B.Silkscreen
  6
CONTINUOUS
100
AcDbLine
 10
129.6407370000000014
 20
-84.2192589999999939
 30
0
 11
129.7807410000000061
 21
-84.3592629999999986
 31
0
  0
LINE
  5
9D5
330
22
100
AcDbEntity
  8
B.Silkscreen
  6
CONTINUOUS
100
AcDbLine
 10
129.7807410000000061
 20
-84.3592629999999986
 30
0
 11
129.8907399999999939
 21
-84.5238889999999969
 31
0
  0
LINE
  5
9D6
330
22
100
AcDbEntity
  8
B.Silkscreen
  6
CONTINUOUS
100
AcDbLine
 10
129.8907399999999939
 20
-84.5238889999999969
 30
0
 11
129.9665099999999995
 21
-84.7068119999999993
 31
0
  0
LINE
  5
9D7
330
22
100
AcDbEntity
  8
B.Silkscreen
  6
CONTINUOUS
100
AcDbLine
 10
129.9665099999999995
 20
-84.7068119999999993
 30
0
 11
130.0051369999999906
 21
-84.9010030000000029
 31
0
  0
LINE
  5
9D8
330
22
100
AcDbEntity
  8
B.Silkscreen
  6
CONTINUOUS
100
AcDbLine
 10
130.0051369999999906
 20
-84.9010030000000029
 30
0
 11
130.0051369999999906
 21
-85.0989969999999971
 31
0
  0
LINE
  5
9D9
330
22
100
AcDbEntity
  8
B.Silkscreen
  6
CONTINUOUS
100
AcDbLine
 10
130.0051369999999906
 20
-85.0989969999999971
 30
0
 11
129.9665099999999995
 21
-85.2931880000000007
 31
0
  0
LINE
  5
9DA
330
22
100
AcDbEntity
  8
B.Silkscreen
  6
CONTINUOUS
100
AcDbLine
 10
129.9665099999999995
 20
-85.2931880000000007
 30
0
 11
129.8907399999999939
 21
-85.4761110000000031
 31
0
  0
LINE
  5
9DB
330
22
100
AcDbEntity
  8
B.Silkscreen
  6
CONTINUOUS
100
AcDbLine
 10
129.8907399999999939
 20
-85.4761110000000031
 30
0
 11
129.7807410000000061
 21
-85.6407370000000014
 31
0
  0
LINE
  5
9DC
330
22
100
AcDbEntity
  8
B.Silkscreen
  6
CONTINUOUS
100
AcDbLine
 10
129.7807410000000061
 20
-85.6407370000000014
 30
0
 11
129.6407370000000014
 21
-85.7807409999999919
 31
0
  0
LINE
  5
9DD
330
22
100
AcDbEntity
  8
B.Silkscreen
  6
CONTINUOUS
100
AcDbLine
 10
129.6407370000000014
 20
-85.7807409999999919
 30
0
 11
129.4761110000000031
 21
-85.8907399999999939
 31
0
  0
LINE
  5
9DE
330
22
100
AcDbEntity
  8
B.Silkscreen
  6
CONTINUOUS
100
AcDbLine
 10
129.4761110000000031
 20
-85.8907399999999939
 30
0
 11
129.2931879999999865
 21
-85.9665099999999995
 31
0
  0
LINE
  5
9DF
330
22
100
AcDbEntity
  8
B.Silkscreen
  6
CONTINUOUS
100
AcDbLine
 10
129.2931879999999865
 20
-85.9665099999999995
 30
0
 11
129.0989969999999971
 21
-86.0051369999999906
 31
0
  0
LINE
  5
9E0
330
22
100
AcDbEntity
  8
B.Silkscreen
  6
CONTINUOUS
100
AcDbLine
 10
129.0989969999999971
 20
-86.0051369999999906
 30
0
 11
128.9010030000000029
 21
-86.0051369999999906
 31
0
  0
LINE
  5
9E1
330
22
100
AcDbEntity
  8
B.Silkscreen
  6
CONTINUOUS
100
AcDbLine
 10
128.9010030000000029
 20
-86.0051369999999906
 30
0
 11
128.7068119999999851
 21
-85.9665099999999995
 31
0
  0
LINE
  5
9E2
330
22
100
AcDbEntity
  8
B.Silkscreen
  6
CONTINUOUS
100
AcDbLine
 10
128.7068119999999851
 20
-85.9665099999999995
 30
0
 11
128.5238889999999969
 21
-85.8907399999999939
 31
0
  0
LINE
  5
9E3
330
22
100
AcDbEntity
  8
B.Silkscreen
  6
CONTINUOUS
100
AcDbLine
 10
128.5238889999999969
 20
-85.8907399999999939
 30
0
 11
128.3592629999999986
 21
-85.7807409999999919
 31
0
  0
LINE
  5
9E4
330
22
100
AcDbEntity
  8
B.Silkscreen
  6
CONTINUOUS
100
AcDbLine
 10
128.3592629999999986
 20
-85.7807409999999919
 30
0
 11
128.2192589999999939
 21
-85.6407370000000014
 31
0
  0
LINE
  5
9E5
330
22
100
AcDbEntity
  8
B.Silkscreen
  6
CONTINUOUS
100
AcDbLine
 10
128.2192589999999939
 20
-85.6407370000000014
 30
0
 11
128.1092600000000061
 21
-85.4761110000000031
 31
0
  0
LINE
  5
9E6
330
22
100
AcDbEntity
  8
B.Silkscreen
  6
CONTINUOUS
100
AcDbLine
 10
128.1092600000000061
 20
-85.4761110000000031
 30
0
 11
128.0334900000000005
 21
-85.2931880000000007
 31
0
  0
LINE
  5
9E7
330
22
100
AcDbEntity
  8
B.Silkscreen
  6
CONTINUOUS
100
AcDbLine
 10
128.0334900000000005
 20
-85.2931880000000007
 30
0
 11
127.9948629999999952
 21
-85.0989969999999971
 31
0
  0
LINE
  5
9E8
330
22
100
AcDbEntity
  8
B.Silkscreen
  6
CONTINUOUS
100
AcDbLine
 10
127.9948629999999952
 20
-85.0989969999999971
 30
0
 11
127.9948629999999952
 21
-84.9123429999999928
 31
0
  0
LINE
  5
9E9
330
22
100
AcDbEntity
  8
B.Silkscreen
  6
CONTINUOUS
100
AcDbLine
 10
127.9948629999999952
 20
-84.9123429999999928
 30
0
 11
127.9948629999999952
 21
-84.9010030000000029
 31
0
  0
LINE
  5
9EA
330
22
100
AcDbEntity
  8
B.Silkscreen
  6
CONTINUOUS
100
AcDbLine
 10
127.9948629999999952
 20
-84.9010030000000029
 30
0
 11
128.0334900000000005
 21
-84.7068119999999993
 31
0
  0
LINE
  5
9EB
330
22
100
AcDbEntity
  8
B.Silkscreen
  6
CONTINUOUS
100
AcDbLine
 10
128.0334900000000005
 20
-84.7068119999999993
 30
0
 11
128.1092600000000061
 21
-84.5238889999999969
 31
0
  0
LINE
  5
9EC
330
22
100
AcDbEntity
  8
B.Silkscreen
  6
CONTINUOUS
100
AcDbLine
 10
128.1092600000000061
 20
-84.5238889999999969
 30
0
 11
128.2192589999999939
 21
-84.3592629999999986
 31
0
  0
LINE
  5
9ED
330
22
100
AcDbEntity
  8
B.Silkscreen
  6
CONTINUOUS
100
AcDbLine
 10
128.2192589999999939
 20
-84.3592629999999986
 30
0
 11
128.3592629999999986
 21
-84.2192589999999939
 31
0
  0
LINE
  5
9EE
330
22
100
AcDbEntity
  8
B.Silkscreen
  6
CONTINUOUS
100
AcDbLine
 10
128.3592629999999986
 20
-84.2192589999999939
 30
0
 11
128.5238889999999969
 21
-84.1092599999999919
 31
0
  0
LINE
  5
9EF
330
22
100
AcDbEntity
  8
B.Silkscreen
  6
CONTINUOUS
100
AcDbLine
 10
128.5238889999999969
 20
-84.1092599999999919
 30
0
 11
128.7068119999999851
 21
-84.0334900000000005
 31
0
  0
LINE
  5
9F0
330
22
100
AcDbEntity
  8
B.Silkscreen
  6
CONTINUOUS
100
AcDbLine
 10
128.7068119999999851
 20
-84.0334900000000005
 30
0
 11
128.9010030000000029
 21
-83.9948629999999952
 31
0
  0
LINE
  5
9F1
330
22
100
AcDbEntity
  8
B.Silkscreen
  6
CONTINUOUS
100
AcDbLine
 10
128.9010030000000029
 20
-83.9948629999999952
 30
0
 11
129.0989969999999971
 21
-83.9948629999999952
 31
0
  0
LINE
  5
9F2
330
22
100
AcDbEntity
  8
B.Silkscreen
  6
CONTINUOUS
100
AcDbLine
 10
129.0989969999999971
 20
-83.9948629999999952
 30
0
 11
129.2931879999999865
 21
-84.0334900000000005
 31
0
  0
LINE
  5
9F3
330
22
100
AcDbEntity
  8
B.Silkscreen
  6
CONTINUOUS
100
AcDbLine
 10
128.1099999999999852
 20
-85.087656999999993
 30
0
 11
128.1442030000000045
 21
-85.2596029999999985
 31
0
  0
LINE
  5
9F4
330
22
100
AcDbEntity
  8
B.Silkscreen
  6
CONTINUOUS
100
AcDbLine
 10
128.1442030000000045
 20
-85.2596029999999985
 30
0
 11
128.2112929999999835
 21
-85.4215729999999951
 31
0
  0
LINE
  5
9F5
330
22
100
AcDbEntity
  8
B.Silkscreen
  6
CONTINUOUS
100
AcDbLine
 10
128.2112929999999835
 20
-85.4215729999999951
 30
0
 11
128.3086920000000077
 21
-85.5673419999999965
 31
0
  0
LINE
  5
9F6
330
22
100
AcDbEntity
  8
B.Silkscreen
  6
CONTINUOUS
100
AcDbLine
 10
128.3086920000000077
 20
-85.5673419999999965
 30
0
 11
128.4326580000000035
 21
-85.6913079999999923
 31
0
  0
LINE
  5
9F7
330
22
100
AcDbEntity
  8
B.Silkscreen
  6
CONTINUOUS
100
AcDbLine
 10
128.4326580000000035
 20
-85.6913079999999923
 30
0
 11
128.5784270000000049
 21
-85.7887070000000023
 31
0
  0
LINE
  5
9F8
330
22
100
AcDbEntity
  8
B.Silkscreen
  6
CONTINUOUS
100
AcDbLine
 10
128.5784270000000049
 20
-85.7887070000000023
 30
0
 11
128.7403970000000015
 21
-85.8557969999999955
 31
0
  0
LINE
  5
9F9
330
22
100
AcDbEntity
  8
B.Silkscreen
  6
CONTINUOUS
100
AcDbLine
 10
128.7403970000000015
 20
-85.8557969999999955
 30
0
 11
128.9123429999999928
 21
-85.8900000000000006
 31
0
  0
LINE
  5
9FA
330
22
100
AcDbEntity
  8
B.Silkscreen
  6
CONTINUOUS
100
AcDbLine
 10
128.9123429999999928
 20
-85.8900000000000006
 30
0
 11
129.0876570000000072
 21
-85.8900000000000006
 31
0
  0
LINE
  5
9FB
330
22
100
AcDbEntity
  8
B.Silkscreen
  6
CONTINUOUS
100
AcDbLine
 10
129.0876570000000072
 20
-85.8900000000000006
 30
0
 11
129.2596029999999985
 21
-85.8557969999999955
 31
0
  0
LINE
  5
9FC
330
22
100
AcDbEntity
  8
B.Silkscreen
  6
CONTINUOUS
100
AcDbLine
 10
129.2596029999999985
 20
-85.8557969999999955
 30
0
 11
129.4215729999999951
 21
-85.7887070000000023
 31
0
  0
LINE
  5
9FD
330
22
100
AcDbEntity
  8
B.Silkscreen
  6
CONTINUOUS
100
AcDbLine
 10
129.4215729999999951
 20
-85.7887070000000023
 30
0
 11
129.5673419999999965
 21
-85.6913079999999923
 31
0
  0
LINE
  5
9FE
330
22
100
AcDbEntity
  8
B.Silkscreen
  6
CONTINUOUS
100
AcDbLine
 10
129.5673419999999965
 20
-85.6913079999999923
 30
0
 11
129.6913079999999923
 21
-85.5673419999999965
 31
0
  0
LINE
  5
9FF
330
22
100
AcDbEntity
  8
B.Silkscreen
  6
CONTINUOUS
100
AcDbLine
 10
129.6913079999999923
 20
-85.5673419999999965
 30
0
 11
129.7887069999999881
 21
-85.4215729999999951
 31
0
  0
LINE
  5
A00
330
22
100
AcDbEntity
  8
B.Silkscreen
  6
CONTINUOUS
100
AcDbLine
 10
129.7887069999999881
 20
-85.4215729999999951
 30
0
 11
129.8557969999999955
 21
-85.2596029999999985
 31
0
  0
LINE
  5
A01
330
22
100
AcDbEntity
  8
B.Silkscreen
  6
CONTINUOUS
100
AcDbLine
 10
129.8557969999999955
 20
-85.2596029999999985
 30
0
 11
129.8899999999999864
 21
-85.087656999999993
 31
0
  0
LINE
  5
A02
330
22
100
AcDbEntity
  8
B.Silkscreen
  6
CONTINUOUS
100
AcDbLine
 10
129.8899999999999864
 20
-85.087656999999993
 30
0
 11
129.8899999999999864
 21
-84.9123429999999928
 31
0
  0
LINE
  5
A03
330
22
100
AcDbEntity
  8
B.Silkscreen
  6
CONTINUOUS
100
AcDbLine
 10
129.8899999999999864
 20
-84.9123429999999928
 30
0
 11
129.8557969999999955
 21
-84.7403970000000015
 31
0
  0
LINE
  5
A04
330
22
100
AcDbEntity
  8
B.Silkscreen
  6
CONTINUOUS
100
AcDbLine
 10
129.8557969999999955
 20
-84.7403970000000015
 30
0
 11
129.7887069999999881
 21
-84.5784269999999907
 31
0
  0
LINE
  5
A05
330
22
100
AcDbEntity
  8
B.Silkscreen
  6
CONTINUOUS
100
AcDbLine
 10
129.7887069999999881
 20
-84.5784269999999907
 30
0
 11
129.6913079999999923
 21
-84.4326579999999893
 31
0
  0
LINE
  5
A06
330
22
100
AcDbEntity
  8
B.Silkscreen
  6
CONTINUOUS
100
AcDbLine
 10
129.6913079999999923
 20
-84.4326579999999893
 30
0
 11
129.5673419999999965
 21
-84.3086919999999935
 31
0
  0
LINE
  5
A07
330
22
100
AcDbEntity
  8
B.Silkscreen
  6
CONTINUOUS
100
AcDbLine
 10
129.5673419999999965
 20
-84.3086919999999935
 30
0
 11
129.4215729999999951
 21
-84.2112929999999977
 31
0
  0
LINE
  5
A08
330
22
100
AcDbEntity
  8
B.Silkscreen
  6
CONTINUOUS
100
AcDbLine
 10
129.4215729999999951
 20
-84.2112929999999977
 30
0
 11
129.2596029999999985
 21
-84.1442029999999903
 31
0
  0
LINE
  5
A09
330
22
100
AcDbEntity
  8
B.Silkscreen
  6
CONTINUOUS
100
AcDbLine
 10
129.2596029999999985
 20
-84.1442029999999903
 30
0
 11
129.0876570000000072
 21
-84.1099999999999994
 31
0
  0
LINE
  5
A0A
330
22
100
AcDbEntity
  8
B.Silkscreen
  6
CONTINUOUS
100
AcDbLine
 10
129.0876570000000072
 20
-84.1099999999999994
 30
0
 11
128.9123429999999928
 21
-84.1099999999999994
 31
0
  0
LINE
  5
A0B
330
22
100
AcDbEntity
  8
B.Silkscreen
  6
CONTINUOUS
100
AcDbLine
 10
128.9123429999999928
 20
-84.1099999999999994
 30
0
 11
128.7403970000000015
 21
-84.1442029999999903
 31
0
  0
LINE
  5
A0C
330
22
100
AcDbEntity
  8
B.Silkscreen
  6
CONTINUOUS
100
AcDbLine
 10
128.7403970000000015
 20
-84.1442029999999903
 30
0
 11
128.5784270000000049
 21
-84.2112929999999977
 31
0
  0
LINE
  5
A0D
330
22
100
AcDbEntity
  8
B.Silkscreen
  6
CONTINUOUS
100
AcDbLine
 10
128.5784270000000049
 20
-84.2112929999999977
 30
0
 11
128.4326580000000035
 21
-84.3086919999999935
 31
0
  0
LINE
  5
A0E
330
22
100
AcDbEntity
  8
B.Silkscreen
  6
CONTINUOUS
100
AcDbLine
 10
128.4326580000000035
 20
-84.3086919999999935
 30
0
 11
128.3086920000000077
 21
-84.4326579999999893
 31
0
  0
LINE
  5
A0F
330
22
100
AcDbEntity
  8
B.Silkscreen
  6
CONTINUOUS
100
AcDbLine
 10
128.3086920000000077
 20
-84.4326579999999893
 30
0
 11
128.2112929999999835
 21
-84.5784269999999907
 31
0
  0
LINE
  5
A10
330
22
100
AcDbEntity
  8
B.Silkscreen
  6
CONTINUOUS
100
AcDbLine
 10
128.2112929999999835
 20
-84.5784269999999907
 30
0
 11
128.1442030000000045
 21
-84.7403970000000015
 31
0
  0
LINE
  5
A11
330
22
100
AcDbEntity
  8
B.Silkscreen
  6
CONTINUOUS
100
AcDbLine
 10
128.1442030000000045
 20
-84.7403970000000015
 30
0
 11
128.1099999999999852
 21
-84.9123429999999928
 31
0
  0
LINE
  5
A12
330
22
100
AcDbEntity
  8
B.Silkscreen
  6
CONTINUOUS
100
AcDbLine
 10
128.1099999999999852
 20
-84.9123429999999928
 30
0
 11
128.1099999999999852
 21
-85.087656999999993
 31
0
  0
LINE
  5
A13
330
22
100
AcDbEntity
  8
B.Silkscreen
  6
CONTINUOUS
100
AcDbLine
 10
135.0739580000000046
 20
-85.4630200000000002
 30
0
 11
135.0739580000000046
 21
-85.
 31
0
  0
LINE
  5
A14
330
22
100
AcDbEntity
  8
B.Silkscreen
  6
CONTINUOUS
100
AcDbLine
 10
135.0739580000000046
 20
-85.
 30
0
 11
135.0739580000000046
 21
-84.5369779999999906
 31
0
  0
LINE
  5
A15
330
22
100
AcDbEntity
  8
B.Silkscreen
  6
CONTINUOUS
100
AcDbLine
 10
135.0739580000000046
 20
-84.5369779999999906
 30
0
 11
134.6109380000000044
 21
-84.5369779999999906
 31
0
  0
LINE
  5
A16
330
22
100
AcDbEntity
  8
B.Silkscreen
  6
CONTINUOUS
100
AcDbLine
 10
134.6109380000000044
 20
-84.5369779999999906
 30
0
 11
134.6109380000000044
 21
-84.0739579999999904
 31
0
  0
LINE
  5
A17
330
22
100
AcDbEntity
  8
B.Silkscreen
  6
CONTINUOUS
100
AcDbLine
 10
134.6109380000000044
 20
-84.0739579999999904
 30
0
 11
135.0739580000000046
 21
-84.0739579999999904
 31
0
  0
LINE
  5
A18
330
22
100
AcDbEntity
  8
B.Silkscreen
  6
CONTINUOUS
100
AcDbLine
 10
135.0739580000000046
 20
-84.0739579999999904
 30
0
 11
135.0739580000000046
 21
-83.6109369999999927
 31
0
  0
LINE
  5
A19
330
22
100
AcDbEntity
  8
B.Silkscreen
  6
CONTINUOUS
100
AcDbLine
 10
135.0739580000000046
 20
-83.6109369999999927
 30
0
 11
135.5369790000000023
 21
-83.6109369999999927
 31
0
  0
LINE
  5
A1A
330
22
100
AcDbEntity
  8
B.Silkscreen
  6
CONTINUOUS
100
AcDbLine
 10
135.5369790000000023
 20
-83.6109369999999927
 30
0
 11
135.5369790000000023
 21
-84.0739579999999904
 31
0
  0
LINE
  5
A1B
330
22
100
AcDbEntity
  8
B.Silkscreen
  6
CONTINUOUS
100
AcDbLine
 10
135.5369790000000023
 20
-84.0739579999999904
 30
0
 11
136.
 21
-84.0739579999999904
 31
0
  0
LINE
  5
A1C
330
22
100
AcDbEntity
  8
B.Silkscreen
  6
CONTINUOUS
100
AcDbLine
 10
136.
 20
-84.0739579999999904
 30
0
 11
136.4630209999999977
 21
-84.0739579999999904
 31
0
  0
LINE
  5
A1D
330
22
100
AcDbEntity
  8
B.Silkscreen
  6
CONTINUOUS
100
AcDbLine
 10
136.4630209999999977
 20
-84.0739579999999904
 30
0
 11
136.4630209999999977
 21
-84.5369779999999906
 31
0
  0
LINE
  5
A1E
330
22
100
AcDbEntity
  8
B.Silkscreen
  6
CONTINUOUS
100
AcDbLine
 10
136.4630209999999977
 20
-84.5369779999999906
 30
0
 11
136.
 21
-84.5369779999999906
 31
0
  0
LINE
  5
A1F
330
22
100
AcDbEntity
  8
B.Silkscreen
  6
CONTINUOUS
100
AcDbLine
 10
136.
 20
-84.5369779999999906
 30
0
 11
136.
 21
-85.
 31
0
  0
LINE
  5
A20
330
22
100
AcDbEntity
  8
B.Silkscreen
  6
CONTINUOUS
100
AcDbLine
 10
136.
 20
-85.
 30
0
 11
135.5369790000000023
 21
-85.
 31
0
  0
LINE
  5
A21
330
22
100
AcDbEntity
  8
B.Silkscreen
  6
CONTINUOUS
100
AcDbLine
 10
135.5369790000000023
 20
-85.
 30
0
 11
135.5369790000000023
 21
-85.4630200000000002
 31
0
  0
LINE
  5
A22
330
22
100
AcDbEntity
  8
B.Silkscreen
  6
CONTINUOUS
100
AcDbLine
 10
135.5369790000000023
 20
-85.4630200000000002
 30
0
 11
135.5369790000000023
 21
-85.9260409999999979
 31
0
  0
LINE
  5
A23
330
22
100
AcDbEntity
  8
B.Silkscreen
  6
CONTINUOUS
100
AcDbLine
 10
135.5369790000000023
 20
-85.9260409999999979
 30
0
 11
135.0739580000000046
 21
-85.9260409999999979
 31
0
  0
LINE
  5
A24
330
22
100
AcDbEntity
  8
B.Silkscreen
  6
CONTINUOUS
100
AcDbLine
 10
135.0739580000000046
 20
-85.9260409999999979
 30
0
 11
134.6109380000000044
 21
-85.9260409999999979
 31
0
  0
LINE
  5
A25
330
22
100
AcDbEntity
  8
B.Silkscreen
  6
CONTINUOUS
100
AcDbLine
 10
134.6109380000000044
 20
-85.9260409999999979
 30
0
 11
134.6109380000000044
 21
-85.4630200000000002
 31
0
  0
LINE
  5
A26
330
22
100
AcDbEntity
  8
B.Silkscreen
  6
CONTINUOUS
100
AcDbLine
 10
134.6109380000000044
 20
-85.4630200000000002
 30
0
 11
135.0739580000000046
 21
-85.4630200000000002
 31
0
  0
LINE
  5
A27
330
22
100
AcDbEntity
  8
B.Silkscreen
  6
CONTINUOUS
100
AcDbLine
 10
140.1671869999999842
 20
-85.9260409999999979
 30
0
 11
139.7041659999999865
 21
-85.9260409999999979
 31
0
  0
LINE
  5
A28
330
22
100
AcDbEntity
  8
B.Silkscreen
  6
CONTINUOUS
100
AcDbLine
 10
139.7041659999999865
 20
-85.9260409999999979
 30
0
 11
139.7041659999999865
 21
-85.4630200000000002
 31
0
  0
LINE
  5
A29
330
22
100
AcDbEntity
  8
B.Silkscreen
  6
CONTINUOUS
100
AcDbLine
 10
139.7041659999999865
 20
-85.4630200000000002
 30
0
 11
139.2411459999999863
 21
-85.4630200000000002
 31
0
  0
LINE
  5
A2A
330
22
100
AcDbEntity
  8
B.Silkscreen
  6
CONTINUOUS
100
AcDbLine
 10
139.2411459999999863
 20
-85.4630200000000002
 30
0
 11
138.7781239999999912
 21
-85.4630200000000002
 31
0
  0
LINE
  5
A2B
330
22
100
AcDbEntity
  8
B.Silkscreen
  6
CONTINUOUS
100
AcDbLine
 10
138.7781239999999912
 20
-85.4630200000000002
 30
0
 11
138.3151039999999909
 21
-85.4630200000000002
 31
0
  0
LINE
  5
A2C
330
22
100
AcDbEntity
  8
B.Silkscreen
  6
CONTINUOUS
100
AcDbLine
 10
138.3151039999999909
 20
-85.4630200000000002
 30
0
 11
138.3151039999999909
 21
-85.
 31
0
  0
LINE
  5
A2D
330
22
100
AcDbEntity
  8
B.Silkscreen
  6
CONTINUOUS
100
AcDbLine
 10
138.3151039999999909
 20
-85.
 30
0
 11
138.7781239999999912
 21
-85.
 31
0
  0
LINE
  5
A2E
330
22
100
AcDbEntity
  8
B.Silkscreen
  6
CONTINUOUS
100
AcDbLine
 10
138.7781239999999912
 20
-85.
 30
0
 11
139.2411459999999863
 21
-85.
 31
0
  0
LINE
  5
A2F
330
22
100
AcDbEntity
  8
B.Silkscreen
  6
CONTINUOUS
100
AcDbLine
 10
139.2411459999999863
 20
-85.
 30
0
 11
139.7041659999999865
 21
-85.
 31
0
  0
LINE
  5
A30
330
22
100
AcDbEntity
  8
B.Silkscreen
  6
CONTINUOUS
100
AcDbLine
 10
139.7041659999999865
 20
-85.
 30
0
 11
140.1671869999999842
 21
-85.
 31
0
  0
LINE
  5
A31
330
22
100
AcDbEntity
  8
B.Silkscreen
  6
CONTINUOUS
100
AcDbLine
 10
140.1671869999999842
 20
-85.
 30
0
 11
140.1671869999999842
 21
-84.5369779999999906
 31
0
  0
LINE
  5
A32
330
22
100
AcDbEntity
  8
B.Silkscreen
  6
CONTINUOUS
100
AcDbLine
 10
140.1671869999999842
 20
-84.5369779999999906
 30
0
 11
140.1671869999999842
 21
-84.0739579999999904
 31
0
  0
LINE
  5
A33
330
22
100
AcDbEntity
  8
B.Silkscreen
  6
CONTINUOUS
100
AcDbLine
 10
140.1671869999999842
 20
-84.0739579999999904
 30
0
 11
140.1671869999999842
 21
-83.6109369999999927
 31
0
  0
LINE
  5
A34
330
22
100
AcDbEntity
  8
B.Silkscreen
  6
CONTINUOUS
100
AcDbLine
 10
140.1671869999999842
 20
-83.6109369999999927
 30
0
 11
140.6302079999999819
 21
-83.6109369999999927
 31
0
  0
LINE
  5
A35
330
22
100
AcDbEntity
  8
B.Silkscreen
  6
CONTINUOUS
100
AcDbLine
 10
140.6302079999999819
 20
-83.6109369999999927
 30
0
 11
140.6302079999999819
 21
-83.1479159999999951
 31
0
  0
LINE
  5
A36
330
22
100
AcDbEntity
  8
B.Silkscreen
  6
CONTINUOUS
100
AcDbLine
 10
140.6302079999999819
 20
-83.1479159999999951
 30
0
 11
140.1671869999999842
 21
-83.1479159999999951
 31
0
  0
LINE
  5
A37
330
22
100
AcDbEntity
  8
B.Silkscreen
  6
CONTINUOUS
100
AcDbLine
 10
140.1671869999999842
 20
-83.1479159999999951
 30
0
 11
140.1671869999999842
 21
-82.6848949999999974
 31
0
  0
LINE
  5
A38
330
22
100
AcDbEntity
  8
B.Silkscreen
  6
CONTINUOUS
100
AcDbLine
 10
140.1671869999999842
 20
-82.6848949999999974
 30
0
 11
140.1671869999999842
 21
-82.2218739999999997
 31
0
  0
LINE
  5
A39
330
22
100
AcDbEntity
  8
B.Silkscreen
  6
CONTINUOUS
100
AcDbLine
 10
140.1671869999999842
 20
-82.2218739999999997
 30
0
 11
140.6302079999999819
 21
-82.2218739999999997
 31
0
  0
LINE
  5
A3A
330
22
100
AcDbEntity
  8
B.Silkscreen
  6
CONTINUOUS
100
AcDbLine
 10
140.6302079999999819
 20
-82.2218739999999997
 30
0
 11
140.6302079999999819
 21
-81.758853000000002
 31
0
  0
LINE
  5
A3B
330
22
100
AcDbEntity
  8
B.Silkscreen
  6
CONTINUOUS
100
AcDbLine
 10
140.6302079999999819
 20
-81.758853000000002
 30
0
 11
141.0932289999999796
 21
-81.758853000000002
 31
0
  0
LINE
  5
A3C
330
22
100
AcDbEntity
  8
B.Silkscreen
  6
CONTINUOUS
100
AcDbLine
 10
141.0932289999999796
 20
-81.758853000000002
 30
0
 11
141.0932289999999796
 21
-82.2218739999999997
 31
0
  0
LINE
  5
A3D
330
22
100
AcDbEntity
  8
B.Silkscreen
  6
CONTINUOUS
100
AcDbLine
 10
141.0932289999999796
 20
-82.2218739999999997
 30
0
 11
141.0932289999999796
 21
-82.6848949999999974
 31
0
  0
LINE
  5
A3E
330
22
100
AcDbEntity
  8
B.Silkscreen
  6
CONTINUOUS
100
AcDbLine
 10
141.0932289999999796
 20
-82.6848949999999974
 30
0
 11
141.0932289999999796
 21
-83.1479159999999951
 31
0
  0
LINE
  5
A3F
330
22
100
AcDbEntity
  8
B.Silkscreen
  6
CONTINUOUS
100
AcDbLine
 10
141.0932289999999796
 20
-83.1479159999999951
 30
0
 11
141.5562500000000057
 21
-83.1479159999999951
 31
0
  0
LINE
  5
A40
330
22
100
AcDbEntity
  8
B.Silkscreen
  6
CONTINUOUS
100
AcDbLine
 10
141.5562500000000057
 20
-83.1479159999999951
 30
0
 11
141.5562500000000057
 21
-83.6109369999999927
 31
0
  0
LINE
  5
A41
330
22
100
AcDbEntity
  8
B.Silkscreen
  6
CONTINUOUS
100
AcDbLine
 10
141.5562500000000057
 20
-83.6109369999999927
 30
0
 11
141.0932289999999796
 21
-83.6109369999999927
 31
0
  0
LINE
  5
A42
330
22
100
AcDbEntity
  8
B.Silkscreen
  6
CONTINUOUS
100
AcDbLine
 10
141.0932289999999796
 20
-83.6109369999999927
 30
0
 11
141.0932289999999796
 21
-84.0739579999999904
 31
0
  0
LINE
  5
A43
330
22
100
AcDbEntity
  8
B.Silkscreen
  6
CONTINUOUS
100
AcDbLine
 10
141.0932289999999796
 20
-84.0739579999999904
 30
0
 11
140.6302079999999819
 21
-84.0739579999999904
 31
0
  0
LINE
  5
A44
330
22
100
AcDbEntity
  8
B.Silkscreen
  6
CONTINUOUS
100
AcDbLine
 10
140.6302079999999819
 20
-84.0739579999999904
 30
0
 11
140.6302079999999819
 21
-84.5369779999999906
 31
0
  0
LINE
  5
A45
330
22
100
AcDbEntity
  8
B.Silkscreen
  6
CONTINUOUS
100
AcDbLine
 10
140.6302079999999819
 20
-84.5369779999999906
 30
0
 11
140.6302079999999819
 21
-85.
 31
0
  0
LINE
  5
A46
330
22
100
AcDbEntity
  8
B.Silkscreen
  6
CONTINUOUS
100
AcDbLine
 10
140.6302079999999819
 20
-85.
 30
0
 11
140.6302079999999819
 21
-85.4630200000000002
 31
0
  0
LINE
  5
A47
330
22
100
AcDbEntity
  8
B.Silkscreen
  6
CONTINUOUS
100
AcDbLine
 10
140.6302079999999819
 20
-85.4630200000000002
 30
0
 11
140.1671869999999842
 21
-85.4630200000000002
 31
0
  0
LINE
  5
A48
330
22
100
AcDbEntity
  8
B.Silkscreen
  6
CONTINUOUS
100
AcDbLine
 10
140.1671869999999842
 20
-85.4630200000000002
 30
0
 11
140.1671869999999842
 21
-85.9260409999999979
 31
0
  0
LINE
  5
A49
330
22
100
AcDbEntity
  8
B.Silkscreen
  6
CONTINUOUS
100
AcDbLine
 10
125.7527259999999956
 20
-84.3812599999999975
 30
0
 11
125.7552149999999926
 21
-84.3822909999999951
 31
0
  0
LINE
  5
A4A
330
22
100
AcDbEntity
  8
B.Silkscreen
  6
CONTINUOUS
100
AcDbLine
 10
125.7552149999999926
 20
-84.3822909999999951
 30
0
 11
125.7579029999999989
 21
-84.382481999999996
 31
0
  0
LINE
  5
A4B
330
22
100
AcDbEntity
  8
B.Silkscreen
  6
CONTINUOUS
100
AcDbLine
 10
125.7579029999999989
 20
-84.382481999999996
 30
0
 11
125.7716349999999892
 21
-84.3877370000000013
 31
0
  0
LINE
  5
A4C
330
22
100
AcDbEntity
  8
B.Silkscreen
  6
CONTINUOUS
100
AcDbLine
 10
125.7716349999999892
 20
-84.3877370000000013
 30
0
 11
125.8668729999999982
 21
-84.4353559999999987
 31
0
  0
LINE
  5
A4D
330
22
100
AcDbEntity
  8
B.Silkscreen
  6
CONTINUOUS
100
AcDbLine
 10
125.8668729999999982
 20
-84.4353559999999987
 30
0
 11
125.8731719999999967
 21
-84.439319999999995
 31
0
  0
LINE
  5
A4E
330
22
100
AcDbEntity
  8
B.Silkscreen
  6
CONTINUOUS
100
AcDbLine
 10
125.8731719999999967
 20
-84.439319999999995
 30
0
 11
125.875
 21
-84.4400779999999997
 31
0
  0
LINE
  5
A4F
330
22
100
AcDbEntity
  8
B.Silkscreen
  6
CONTINUOUS
100
AcDbLine
 10
125.875
 20
-84.4400779999999997
 30
0
 11
125.8770559999999961
 21
-84.4417660000000012
 31
0
  0
LINE
  5
A50
330
22
100
AcDbEntity
  8
B.Silkscreen
  6
CONTINUOUS
100
AcDbLine
 10
125.8770559999999961
 20
-84.4417660000000012
 30
0
 11
125.8793159999999887
 21
-84.4431879999999921
 31
0
  0
LINE
  5
A51
330
22
100
AcDbEntity
  8
B.Silkscreen
  6
CONTINUOUS
100
AcDbLine
 10
125.8793159999999887
 20
-84.4431879999999921
 30
0
 11
125.8806149999999917
 21
-84.4446859999999901
 31
0
  0
LINE
  5
A52
330
22
100
AcDbEntity
  8
B.Silkscreen
  6
CONTINUOUS
100
AcDbLine
 10
125.8806149999999917
 20
-84.4446859999999901
 30
0
 11
125.8863649999999978
 21
-84.4494049999999987
 31
0
  0
LINE
  5
A53
330
22
100
AcDbEntity
  8
B.Silkscreen
  6
CONTINUOUS
100
AcDbLine
 10
125.8863649999999978
 20
-84.4494049999999987
 30
0
 11
125.9339839999999953
 21
-84.4970239999999961
 31
0
  0
LINE
  5
A54
330
22
100
AcDbEntity
  8
B.Silkscreen
  6
CONTINUOUS
100
AcDbLine
 10
125.9339839999999953
 20
-84.4970239999999961
 30
0
 11
125.9433109999999942
 21
-84.508388999999994
 31
0
  0
LINE
  5
A55
330
22
100
AcDbEntity
  8
B.Silkscreen
  6
CONTINUOUS
100
AcDbLine
 10
125.9433109999999942
 20
-84.508388999999994
 30
0
 11
125.9545099999999991
 21
-84.5354249999999894
 31
0
  0
LINE
  5
A56
330
22
100
AcDbEntity
  8
B.Silkscreen
  6
CONTINUOUS
100
AcDbLine
 10
125.9545099999999991
 20
-84.5354249999999894
 30
0
 11
125.9545099999999991
 21
-84.5646879999999896
 31
0
  0
LINE
  5
A57
330
22
100
AcDbEntity
  8
B.Silkscreen
  6
CONTINUOUS
100
AcDbLine
 10
125.9545099999999991
 20
-84.5646879999999896
 30
0
 11
125.9433109999999942
 21
-84.5917239999999993
 31
0
  0
LINE
  5
A58
330
22
100
AcDbEntity
  8
B.Silkscreen
  6
CONTINUOUS
100
AcDbLine
 10
125.9433109999999942
 20
-84.5917239999999993
 30
0
 11
125.9226179999999999
 21
-84.6124169999999935
 31
0
  0
LINE
  5
A59
330
22
100
AcDbEntity
  8
B.Silkscreen
  6
CONTINUOUS
100
AcDbLine
 10
125.9226179999999999
 20
-84.6124169999999935
 30
0
 11
125.8955819999999903
 21
-84.6236159999999984
 31
0
  0
LINE
  5
A5A
330
22
100
AcDbEntity
  8
B.Silkscreen
  6
CONTINUOUS
100
AcDbLine
 10
125.8955819999999903
 20
-84.6236159999999984
 30
0
 11
125.8663189999999901
 21
-84.6236159999999984
 31
0
  0
LINE
  5
A5B
330
22
100
AcDbEntity
  8
B.Silkscreen
  6
CONTINUOUS
100
AcDbLine
 10
125.8663189999999901
 20
-84.6236159999999984
 30
0
 11
125.8392829999999947
 21
-84.6124169999999935
 31
0
  0
LINE
  5
A5C
330
22
100
AcDbEntity
  8
B.Silkscreen
  6
CONTINUOUS
100
AcDbLine
 10
125.8392829999999947
 20
-84.6124169999999935
 30
0
 11
125.8279179999999968
 21
-84.6030899999999946
 31
0
  0
LINE
  5
A5D
330
22
100
AcDbEntity
  8
B.Silkscreen
  6
CONTINUOUS
100
AcDbLine
 10
125.8279179999999968
 20
-84.6030899999999946
 30
0
 11
125.7889049999999997
 21
-84.5640769999999975
 31
0
  0
LINE
  5
A5E
330
22
100
AcDbEntity
  8
B.Silkscreen
  6
CONTINUOUS
100
AcDbLine
 10
125.7889049999999997
 20
-84.5640769999999975
 30
0
 11
125.7203889999999973
 21
-84.5298189999999892
 31
0
  0
LINE
  5
A5F
330
22
100
AcDbEntity
  8
B.Silkscreen
  6
CONTINUOUS
100
AcDbLine
 10
125.7203889999999973
 20
-84.5298189999999892
 30
0
 11
125.5177039999999948
 21
-84.5298189999999892
 31
0
  0
LINE
  5
A60
330
22
100
AcDbEntity
  8
B.Silkscreen
  6
CONTINUOUS
100
AcDbLine
 10
125.5177039999999948
 20
-84.5298189999999892
 30
0
 11
125.4491879999999924
 21
-84.5640769999999975
 31
0
  0
LINE
  5
A61
330
22
100
AcDbEntity
  8
B.Silkscreen
  6
CONTINUOUS
100
AcDbLine
 10
125.4491879999999924
 20
-84.5640769999999975
 30
0
 11
125.4187809999999956
 21
-84.5944839999999942
 31
0
  0
LINE
  5
A62
330
22
100
AcDbEntity
  8
B.Silkscreen
  6
CONTINUOUS
100
AcDbLine
 10
125.4187809999999956
 20
-84.5944839999999942
 30
0
 11
125.3845229999999873
 21
-84.6629999999999967
 31
0
  0
LINE
  5
A63
330
22
100
AcDbEntity
  8
B.Silkscreen
  6
CONTINUOUS
100
AcDbLine
 10
125.3845229999999873
 20
-84.6629999999999967
 30
0
 11
125.3845229999999873
 21
-84.72836199999999
 31
0
  0
LINE
  5
A64
330
22
100
AcDbEntity
  8
B.Silkscreen
  6
CONTINUOUS
100
AcDbLine
 10
125.3845229999999873
 20
-84.72836199999999
 30
0
 11
125.4226939999999928
 21
-84.8428759999999897
 31
0
  0
LINE
  5
A65
330
22
100
AcDbEntity
  8
B.Silkscreen
  6
CONTINUOUS
100
AcDbLine
 10
125.4226939999999928
 20
-84.8428759999999897
 30
0
 11
125.9816029999999927
 21
-85.4017860000000013
 31
0
  0
LINE
  5
A66
330
22
100
AcDbEntity
  8
B.Silkscreen
  6
CONTINUOUS
100
AcDbLine
 10
125.9816029999999927
 20
-85.4017860000000013
 30
0
 11
125.9909309999999891
 21
-85.4131509999999992
 31
0
  0
LINE
  5
A67
330
22
100
AcDbEntity
  8
B.Silkscreen
  6
CONTINUOUS
100
AcDbLine
 10
125.9909309999999891
 20
-85.4131509999999992
 30
0
 11
126.0021289999999965
 21
-85.440187999999992
 31
0
  0
LINE
  5
A68
330
22
100
AcDbEntity
  8
B.Silkscreen
  6
CONTINUOUS
100
AcDbLine
 10
126.0021289999999965
 20
-85.440187999999992
 30
0
 11
126.0021289999999965
 21
-85.4694509999999923
 31
0
  0
LINE
  5
A69
330
22
100
AcDbEntity
  8
B.Silkscreen
  6
CONTINUOUS
100
AcDbLine
 10
126.0021289999999965
 20
-85.4694509999999923
 30
0
 11
125.9909299999999917
 21
-85.4964870000000019
 31
0
  0
LINE
  5
A6A
330
22
100
AcDbEntity
  8
B.Silkscreen
  6
CONTINUOUS
100
AcDbLine
 10
125.9909299999999917
 20
-85.4964870000000019
 30
0
 11
125.9702379999999948
 21
-85.5171799999999962
 31
0
  0
LINE
  5
A6B
330
22
100
AcDbEntity
  8
B.Silkscreen
  6
CONTINUOUS
100
AcDbLine
 10
125.9702379999999948
 20
-85.5171799999999962
 30
0
 11
125.9511199999999889
 21
-85.5250979999999998
 31
0
  0
LINE
  5
A6C
330
22
100
AcDbEntity
  8
B.Silkscreen
  6
CONTINUOUS
100
AcDbLine
 10
125.9511199999999889
 20
-85.5250979999999998
 30
0
 11
125.9432019999999994
 21
-85.5283779999999894
 31
0
  0
LINE
  5
A6D
330
22
100
AcDbEntity
  8
B.Silkscreen
  6
CONTINUOUS
100
AcDbLine
 10
125.9432019999999994
 20
-85.5283779999999894
 30
0
 11
125.9285699999999935
 21
-85.5298189999999892
 31
0
  0
LINE
  5
A6E
330
22
100
AcDbEntity
  8
B.Silkscreen
  6
CONTINUOUS
100
AcDbLine
 10
125.9285699999999935
 20
-85.5298189999999892
 30
0
 11
125.3095229999999987
 21
-85.5298189999999892
 31
0
  0
LINE
  5
A6F
330
22
100
AcDbEntity
  8
B.Silkscreen
  6
CONTINUOUS
100
AcDbLine
 10
125.3095229999999987
 20
-85.5298189999999892
 30
0
 11
125.2948909999999927
 21
-85.5283779999999894
 31
0
  0
LINE
  5
A70
330
22
100
AcDbEntity
  8
B.Silkscreen
  6
CONTINUOUS
100
AcDbLine
 10
125.2948909999999927
 20
-85.5283779999999894
 30
0
 11
125.2678549999999973
 21
-85.5171789999999987
 31
0
  0
LINE
  5
A71
330
22
100
AcDbEntity
  8
B.Silkscreen
  6
CONTINUOUS
100
AcDbLine
 10
125.2678549999999973
 20
-85.5171789999999987
 30
0
 11
125.2471630000000005
 21
-85.4964870000000019
 31
0
  0
LINE
  5
A72
330
22
100
AcDbEntity
  8
B.Silkscreen
  6
CONTINUOUS
100
AcDbLine
 10
125.2471630000000005
 20
-85.4964870000000019
 30
0
 11
125.2359639999999956
 21
-85.4694509999999923
 31
0
  0
LINE
  5
A73
330
22
100
AcDbEntity
  8
B.Silkscreen
  6
CONTINUOUS
100
AcDbLine
 10
125.2359639999999956
 20
-85.4694509999999923
 30
0
 11
125.2359639999999956
 21
-85.4401869999999946
 31
0
  0
LINE
  5
A74
330
22
100
AcDbEntity
  8
B.Silkscreen
  6
CONTINUOUS
100
AcDbLine
 10
125.2359639999999956
 20
-85.4401869999999946
 30
0
 11
125.2471630000000005
 21
-85.4131509999999992
 31
0
  0
LINE
  5
A75
330
22
100
AcDbEntity
  8
B.Silkscreen
  6
CONTINUOUS
100
AcDbLine
 10
125.2471630000000005
 20
-85.4131509999999992
 30
0
 11
125.2678549999999973
 21
-85.3924590000000023
 31
0
  0
LINE
  5
A76
330
22
100
AcDbEntity
  8
B.Silkscreen
  6
CONTINUOUS
100
AcDbLine
 10
125.2678549999999973
 20
-85.3924590000000023
 30
0
 11
125.2948909999999927
 21
-85.3812599999999975
 31
0
  0
LINE
  5
A77
330
22
100
AcDbEntity
  8
B.Silkscreen
  6
CONTINUOUS
100
AcDbLine
 10
125.2948909999999927
 20
-85.3812599999999975
 30
0
 11
125.3095229999999987
 21
-85.3798189999999977
 31
0
  0
LINE
  5
A78
330
22
100
AcDbEntity
  8
B.Silkscreen
  6
CONTINUOUS
100
AcDbLine
 10
125.3095229999999987
 20
-85.3798189999999977
 30
0
 11
125.7475039999999922
 21
-85.3798189999999977
 31
0
  0
LINE
  5
A79
330
22
100
AcDbEntity
  8
B.Silkscreen
  6
CONTINUOUS
100
AcDbLine
 10
125.7475039999999922
 20
-85.3798189999999977
 30
0
 11
125.3041089999999969
 21
-84.9364229999999907
 31
0
  0
LINE
  5
A7A
330
22
100
AcDbEntity
  8
B.Silkscreen
  6
CONTINUOUS
100
AcDbLine
 10
125.3041089999999969
 20
-84.9364229999999907
 30
0
 11
125.2947819999999979
 21
-84.9250579999999928
 31
0
  0
LINE
  5
A7B
330
22
100
AcDbEntity
  8
B.Silkscreen
  6
CONTINUOUS
100
AcDbLine
 10
125.2947819999999979
 20
-84.9250579999999928
 30
0
 11
125.2937499999999886
 21
-84.9225670000000008
 31
0
  0
LINE
  5
A7C
330
22
100
AcDbEntity
  8
B.Silkscreen
  6
CONTINUOUS
100
AcDbLine
 10
125.2937499999999886
 20
-84.9225670000000008
 30
0
 11
125.2919849999999968
 21
-84.9205319999999944
 31
0
  0
LINE
  5
A7D
330
22
100
AcDbEntity
  8
B.Silkscreen
  6
CONTINUOUS
100
AcDbLine
 10
125.2919849999999968
 20
-84.9205319999999944
 30
0
 11
125.2859909999999957
 21
-84.9071069999999963
 31
0
  0
LINE
  5
A7E
330
22
100
AcDbEntity
  8
B.Silkscreen
  6
CONTINUOUS
100
AcDbLine
 10
125.2859909999999957
 20
-84.9071069999999963
 30
0
 11
125.2383719999999983
 21
-84.7642499999999899
 31
0
  0
LINE
  5
A7F
330
22
100
AcDbEntity
  8
B.Silkscreen
  6
CONTINUOUS
100
AcDbLine
 10
125.2383719999999983
 20
-84.7642499999999899
 30
0
 11
125.2367220000000003
 21
-84.7569960000000009
 31
0
  0
LINE
  5
A80
330
22
100
AcDbEntity
  8
B.Silkscreen
  6
CONTINUOUS
100
AcDbLine
 10
125.2367220000000003
 20
-84.7569960000000009
 30
0
 11
125.2359639999999956
 21
-84.755164999999991
 31
0
  0
LINE
  5
A81
330
22
100
AcDbEntity
  8
B.Silkscreen
  6
CONTINUOUS
100
AcDbLine
 10
125.2359639999999956
 20
-84.755164999999991
 30
0
 11
125.2357019999999892
 21
-84.7525100000000009
 31
0
  0
LINE
  5
A82
330
22
100
AcDbEntity
  8
B.Silkscreen
  6
CONTINUOUS
100
AcDbLine
 10
125.2357019999999892
 20
-84.7525100000000009
 30
0
 11
125.2351120000000009
 21
-84.7499129999999923
 31
0
  0
LINE
  5
A83
330
22
100
AcDbEntity
  8
B.Silkscreen
  6
CONTINUOUS
100
AcDbLine
 10
125.2351120000000009
 20
-84.7499129999999923
 30
0
 11
125.2352519999999885
 21
-84.7479379999999907
 31
0
  0
LINE
  5
A84
330
22
100
AcDbEntity
  8
B.Silkscreen
  6
CONTINUOUS
100
AcDbLine
 10
125.2352519999999885
 20
-84.7479379999999907
 30
0
 11
125.2345229999999958
 21
-84.7405329999999992
 31
0
  0
LINE
  5
A85
330
22
100
AcDbEntity
  8
B.Silkscreen
  6
CONTINUOUS
100
AcDbLine
 10
125.2345229999999958
 20
-84.7405329999999992
 30
0
 11
125.2345229999999958
 21
-84.6452949999999902
 31
0
  0
LINE
  5
A86
330
22
100
AcDbEntity
  8
B.Silkscreen
  6
CONTINUOUS
100
AcDbLine
 10
125.2345229999999958
 20
-84.6452949999999902
 30
0
 11
125.2359639999999956
 21
-84.6306629999999984
 31
0
  0
LINE
  5
A87
330
22
100
AcDbEntity
  8
B.Silkscreen
  6
CONTINUOUS
100
AcDbLine
 10
125.2359639999999956
 20
-84.6306629999999984
 30
0
 11
125.2369949999999932
 21
-84.6281729999999897
 31
0
  0
LINE
  5
A88
330
22
100
AcDbEntity
  8
B.Silkscreen
  6
CONTINUOUS
100
AcDbLine
 10
125.2369949999999932
 20
-84.6281729999999897
 30
0
 11
125.2371859999999941
 21
-84.6254859999999951
 31
0
  0
LINE
  5
A89
330
22
100
AcDbEntity
  8
B.Silkscreen
  6
CONTINUOUS
100
AcDbLine
 10
125.2371859999999941
 20
-84.6254859999999951
 30
0
 11
125.2424409999999995
 21
-84.6117539999999906
 31
0
  0
LINE
  5
A8A
330
22
100
AcDbEntity
  8
B.Silkscreen
  6
CONTINUOUS
100
AcDbLine
 10
125.2424409999999995
 20
-84.6117539999999906
 30
0
 11
125.2900599999999969
 21
-84.5165159999999958
 31
0
  0
LINE
  5
A8B
330
22
100
AcDbEntity
  8
B.Silkscreen
  6
CONTINUOUS
100
AcDbLine
 10
125.2900599999999969
 20
-84.5165159999999958
 30
0
 11
125.2940239999999932
 21
-84.5102159999999998
 31
0
  0
LINE
  5
A8C
330
22
100
AcDbEntity
  8
B.Silkscreen
  6
CONTINUOUS
100
AcDbLine
 10
125.2940239999999932
 20
-84.5102159999999998
 30
0
 11
125.2947819999999979
 21
-84.508388999999994
 31
0
  0
LINE
  5
A8D
330
22
100
AcDbEntity
  8
B.Silkscreen
  6
CONTINUOUS
100
AcDbLine
 10
125.2947819999999979
 20
-84.508388999999994
 30
0
 11
125.2964699999999993
 21
-84.5063320000000004
 31
0
  0
LINE
  5
A8E
330
22
100
AcDbEntity
  8
B.Silkscreen
  6
CONTINUOUS
100
AcDbLine
 10
125.2964699999999993
 20
-84.5063320000000004
 30
0
 11
125.2978919999999903
 21
-84.5040729999999911
 31
0
  0
LINE
  5
A8F
330
22
100
AcDbEntity
  8
B.Silkscreen
  6
CONTINUOUS
100
AcDbLine
 10
125.2978919999999903
 20
-84.5040729999999911
 30
0
 11
125.2993899999999883
 21
-84.5027729999999906
 31
0
  0
LINE
  5
A90
330
22
100
AcDbEntity
  8
B.Silkscreen
  6
CONTINUOUS
100
AcDbLine
 10
125.2993899999999883
 20
-84.5027729999999906
 30
0
 11
125.3041089999999969
 21
-84.4970239999999961
 31
0
  0
LINE
  5
A91
330
22
100
AcDbEntity
  8
B.Silkscreen
  6
CONTINUOUS
100
AcDbLine
 10
125.3041089999999969
 20
-84.4970239999999961
 30
0
 11
125.3517279999999943
 21
-84.4494049999999987
 31
0
  0
LINE
  5
A92
330
22
100
AcDbEntity
  8
B.Silkscreen
  6
CONTINUOUS
100
AcDbLine
 10
125.3517279999999943
 20
-84.4494049999999987
 30
0
 11
125.3574769999999887
 21
-84.4446859999999901
 31
0
  0
LINE
  5
A93
330
22
100
AcDbEntity
  8
B.Silkscreen
  6
CONTINUOUS
100
AcDbLine
 10
125.3574769999999887
 20
-84.4446859999999901
 30
0
 11
125.3587769999999892
 21
-84.4431879999999921
 31
0
  0
LINE
  5
A94
330
22
100
AcDbEntity
  8
B.Silkscreen
  6
CONTINUOUS
100
AcDbLine
 10
125.3587769999999892
 20
-84.4431879999999921
 30
0
 11
125.3610359999999986
 21
-84.4417660000000012
 31
0
  0
LINE
  5
A95
330
22
100
AcDbEntity
  8
B.Silkscreen
  6
CONTINUOUS
100
AcDbLine
 10
125.3610359999999986
 20
-84.4417660000000012
 30
0
 11
125.3630929999999921
 21
-84.4400779999999997
 31
0
  0
LINE
  5
A96
330
22
100
AcDbEntity
  8
B.Silkscreen
  6
CONTINUOUS
100
AcDbLine
 10
125.3630929999999921
 20
-84.4400779999999997
 30
0
 11
125.3649199999999979
 21
-84.439319999999995
 31
0
  0
LINE
  5
A97
330
22
100
AcDbEntity
  8
B.Silkscreen
  6
CONTINUOUS
100
AcDbLine
 10
125.3649199999999979
 20
-84.439319999999995
 30
0
 11
125.3712199999999939
 21
-84.4353559999999987
 31
0
  0
LINE
  5
A98
330
22
100
AcDbEntity
  8
B.Silkscreen
  6
CONTINUOUS
100
AcDbLine
 10
125.3712199999999939
 20
-84.4353559999999987
 30
0
 11
125.4664579999999887
 21
-84.3877370000000013
 31
0
  0
LINE
  5
A99
330
22
100
AcDbEntity
  8
B.Silkscreen
  6
CONTINUOUS
100
AcDbLine
 10
125.4664579999999887
 20
-84.3877370000000013
 30
0
 11
125.4801889999999958
 21
-84.382481999999996
 31
0
  0
LINE
  5
A9A
330
22
100
AcDbEntity
  8
B.Silkscreen
  6
CONTINUOUS
100
AcDbLine
 10
125.4801889999999958
 20
-84.382481999999996
 30
0
 11
125.4828779999999995
 21
-84.3822899999999976
 31
0
  0
LINE
  5
A9B
330
22
100
AcDbEntity
  8
B.Silkscreen
  6
CONTINUOUS
100
AcDbLine
 10
125.4828779999999995
 20
-84.3822899999999976
 30
0
 11
125.4853669999999966
 21
-84.3812599999999975
 31
0
  0
LINE
  5
A9C
330
22
100
AcDbEntity
  8
B.Silkscreen
  6
CONTINUOUS
100
AcDbLine
 10
125.4853669999999966
 20
-84.3812599999999975
 30
0
 11
125.4999989999999883
 21
-84.3798189999999977
 31
0
  0
LINE
  5
A9D
330
22
100
AcDbEntity
  8
B.Silkscreen
  6
CONTINUOUS
100
AcDbLine
 10
125.4999989999999883
 20
-84.3798189999999977
 30
0
 11
125.7380939999999896
 21
-84.3798189999999977
 31
0
  0
LINE
  5
A9E
330
22
100
AcDbEntity
  8
B.Silkscreen
  6
CONTINUOUS
100
AcDbLine
 10
125.7380939999999896
 20
-84.3798189999999977
 30
0
 11
125.7527259999999956
 21
-84.3812599999999975
 31
0
  0
LINE
  5
A9F
330
22
100
AcDbEntity
  8
B.Silkscreen
  6
CONTINUOUS
100
AcDbLine
 10
124.7102849999999989
 20
-84.3348639999999961
 30
0
 11
124.7364579999999989
 21
-84.3479499999999973
 31
0
  0
LINE
  5
AA0
330
22
100
AcDbEntity
  8
B.Silkscreen
  6
CONTINUOUS
100
AcDbLine
 10
124.7364579999999989
 20
-84.3479499999999973
 30
0
 11
124.7556319999999914
 21
-84.3700570000000027
 31
0
  0
LINE
  5
AA1
330
22
100
AcDbEntity
  8
B.Silkscreen
  6
CONTINUOUS
100
AcDbLine
 10
124.7556319999999914
 20
-84.3700570000000027
 30
0
 11
124.7616259999999926
 21
-84.3834829999999982
 31
0
  0
LINE
  5
AA2
330
22
100
AcDbEntity
  8
B.Silkscreen
  6
CONTINUOUS
100
AcDbLine
 10
124.7616259999999926
 20
-84.3834829999999982
 30
0
 11
124.9997209999999939
 21
-85.0977669999999904
 31
0
  0
LINE
  5
AA3
330
22
100
AcDbEntity
  8
B.Silkscreen
  6
CONTINUOUS
100
AcDbLine
 10
124.9997209999999939
 20
-85.0977669999999904
 30
0
 11
125.0013699999999943
 21
-85.1050219999999911
 31
0
  0
LINE
  5
AA4
330
22
100
AcDbEntity
  8
B.Silkscreen
  6
CONTINUOUS
100
AcDbLine
 10
125.0013699999999943
 20
-85.1050219999999911
 30
0
 11
125.0021289999999965
 21
-85.106853000000001
 31
0
  0
LINE
  5
AA5
330
22
100
AcDbEntity
  8
B.Silkscreen
  6
CONTINUOUS
100
AcDbLine
 10
125.0021289999999965
 20
-85.106853000000001
 30
0
 11
125.0021289999999965
 21
-85.108356999999998
 31
0
  0
LINE
  5
AA6
330
22
100
AcDbEntity
  8
B.Silkscreen
  6
CONTINUOUS
100
AcDbLine
 10
125.0021289999999965
 20
-85.108356999999998
 30
0
 11
125.0029809999999912
 21
-85.1121040000000022
 31
0
  0
LINE
  5
AA7
330
22
100
AcDbEntity
  8
B.Silkscreen
  6
CONTINUOUS
100
AcDbLine
 10
125.0029809999999912
 20
-85.1121040000000022
 30
0
 11
125.0021289999999965
 21
-85.1240889999999979
 31
0
  0
LINE
  5
AA8
330
22
100
AcDbEntity
  8
B.Silkscreen
  6
CONTINUOUS
100
AcDbLine
 10
125.0021289999999965
 20
-85.1240889999999979
 30
0
 11
125.0021289999999965
 21
-85.1361169999999987
 31
0
  0
LINE
  5
AA9
330
22
100
AcDbEntity
  8
B.Silkscreen
  6
CONTINUOUS
100
AcDbLine
 10
125.0021289999999965
 20
-85.1361169999999987
 30
0
 11
125.0010959999999898
 21
-85.1386079999999907
 31
0
  0
LINE
  5
AAA
330
22
100
AcDbEntity
  8
B.Silkscreen
  6
CONTINUOUS
100
AcDbLine
 10
125.0010959999999898
 20
-85.1386079999999907
 30
0
 11
125.0009060000000005
 21
-85.141294000000002
 31
0
  0
LINE
  5
AAB
330
22
100
AcDbEntity
  8
B.Silkscreen
  6
CONTINUOUS
100
AcDbLine
 10
125.0009060000000005
 20
-85.141294000000002
 30
0
 11
124.9955319999999972
 21
-85.152040999999997
 31
0
  0
LINE
  5
AAC
330
22
100
AcDbEntity
  8
B.Silkscreen
  6
CONTINUOUS
100
AcDbLine
 10
124.9955319999999972
 20
-85.152040999999997
 30
0
 11
124.9909299999999917
 21
-85.1631529999999941
 31
0
  0
LINE
  5
AAD
330
22
100
AcDbEntity
  8
B.Silkscreen
  6
CONTINUOUS
100
AcDbLine
 10
124.9909299999999917
 20
-85.1631529999999941
 30
0
 11
124.9890240000000006
 21
-85.1650580000000019
 31
0
  0
LINE
  5
AAE
330
22
100
AcDbEntity
  8
B.Silkscreen
  6
CONTINUOUS
100
AcDbLine
 10
124.9890240000000006
 20
-85.1650580000000019
 30
0
 11
124.9878199999999993
 21
-85.1674679999999995
 31
0
  0
LINE
  5
AAF
330
22
100
AcDbEntity
  8
B.Silkscreen
  6
CONTINUOUS
100
AcDbLine
 10
124.9878199999999993
 20
-85.1674679999999995
 30
0
 11
124.9787399999999877
 21
-85.1753420000000006
 31
0
  0
LINE
  5
AB0
330
22
100
AcDbEntity
  8
B.Silkscreen
  6
CONTINUOUS
100
AcDbLine
 10
124.9787399999999877
 20
-85.1753420000000006
 30
0
 11
124.9702379999999948
 21
-85.1838449999999909
 31
0
  0
LINE
  5
AB1
330
22
100
AcDbEntity
  8
B.Silkscreen
  6
CONTINUOUS
100
AcDbLine
 10
124.9702379999999948
 20
-85.1838449999999909
 30
0
 11
124.9677469999999886
 21
-85.1848760000000027
 31
0
  0
LINE
  5
AB2
330
22
100
AcDbEntity
  8
B.Silkscreen
  6
CONTINUOUS
100
AcDbLine
 10
124.9677469999999886
 20
-85.1848760000000027
 30
0
 11
124.9657119999999964
 21
-85.186641999999992
 31
0
  0
LINE
  5
AB3
330
22
100
AcDbEntity
  8
B.Silkscreen
  6
CONTINUOUS
100
AcDbLine
 10
124.9657119999999964
 20
-85.186641999999992
 30
0
 11
124.9543109999999899
 21
-85.1904419999999902
 31
0
  0
LINE
  5
AB4
330
22
100
AcDbEntity
  8
B.Silkscreen
  6
CONTINUOUS
100
AcDbLine
 10
124.9543109999999899
 20
-85.1904419999999902
 30
0
 11
124.9432019999999994
 21
-85.1950439999999958
 31
0
  0
LINE
  5
AB5
330
22
100
AcDbEntity
  8
B.Silkscreen
  6
CONTINUOUS
100
AcDbLine
 10
124.9432019999999994
 20
-85.1950439999999958
 30
0
 11
124.9393749999999983
 21
-85.1954199999999986
 31
0
  0
LINE
  5
AB6
330
22
100
AcDbEntity
  8
B.Silkscreen
  6
CONTINUOUS
100
AcDbLine
 10
124.9393749999999983
 20
-85.1954199999999986
 30
0
 11
124.9379500000000007
 21
-85.1958959999999905
 31
0
  0
LINE
  5
AB7
330
22
100
AcDbEntity
  8
B.Silkscreen
  6
CONTINUOUS
100
AcDbLine
 10
124.9379500000000007
 20
-85.1958959999999905
 30
0
 11
124.9359749999999991
 21
-85.1957549999999912
 31
0
  0
LINE
  5
AB8
330
22
100
AcDbEntity
  8
B.Silkscreen
  6
CONTINUOUS
100
AcDbLine
 10
124.9359749999999991
 20
-85.1957549999999912
 30
0
 11
124.9285699999999935
 21
-85.1964849999999956
 31
0
  0
LINE
  5
AB9
330
22
100
AcDbEntity
  8
B.Silkscreen
  6
CONTINUOUS
100
AcDbLine
 10
124.9285699999999935
 20
-85.1964849999999956
 30
0
 11
124.5273799999999937
 21
-85.1964849999999956
 31
0
  0
LINE
  5
ABA
330
22
100
AcDbEntity
  8
B.Silkscreen
  6
CONTINUOUS
100
AcDbLine
 10
124.5273799999999937
 20
-85.1964849999999956
 30
0
 11
124.5273799999999937
 21
-85.4548190000000005
 31
0
  0
LINE
  5
ABB
330
22
100
AcDbEntity
  8
B.Silkscreen
  6
CONTINUOUS
100
AcDbLine
 10
124.5273799999999937
 20
-85.4548190000000005
 30
0
 11
124.5259389999999939
 21
-85.4694509999999923
 31
0
  0
LINE
  5
ABC
330
22
100
AcDbEntity
  8
B.Silkscreen
  6
CONTINUOUS
100
AcDbLine
 10
124.5259389999999939
 20
-85.4694509999999923
 30
0
 11
124.5147399999999891
 21
-85.4964870000000019
 31
0
  0
LINE
  5
ABD
330
22
100
AcDbEntity
  8
B.Silkscreen
  6
CONTINUOUS
100
AcDbLine
 10
124.5147399999999891
 20
-85.4964870000000019
 30
0
 11
124.4940479999999923
 21
-85.5171789999999987
 31
0
  0
LINE
  5
ABE
330
22
100
AcDbEntity
  8
B.Silkscreen
  6
CONTINUOUS
100
AcDbLine
 10
124.4940479999999923
 20
-85.5171789999999987
 30
0
 11
124.4670119999999969
 21
-85.5283779999999894
 31
0
  0
LINE
  5
ABF
330
22
100
AcDbEntity
  8
B.Silkscreen
  6
CONTINUOUS
100
AcDbLine
 10
124.4670119999999969
 20
-85.5283779999999894
 30
0
 11
124.4377479999999991
 21
-85.5283779999999894
 31
0
  0
LINE
  5
AC0
330
22
100
AcDbEntity
  8
B.Silkscreen
  6
CONTINUOUS
100
AcDbLine
 10
124.4377479999999991
 20
-85.5283779999999894
 30
0
 11
124.4107119999999895
 21
-85.5171789999999987
 31
0
  0
LINE
  5
AC1
330
22
100
AcDbEntity
  8
B.Silkscreen
  6
CONTINUOUS
100
AcDbLine
 10
124.4107119999999895
 20
-85.5171789999999987
 30
0
 11
124.3900199999999927
 21
-85.4964870000000019
 31
0
  0
LINE
  5
AC2
330
22
100
AcDbEntity
  8
B.Silkscreen
  6
CONTINUOUS
100
AcDbLine
 10
124.3900199999999927
 20
-85.4964870000000019
 30
0
 11
124.3788209999999879
 21
-85.4694509999999923
 31
0
  0
LINE
  5
AC3
330
22
100
AcDbEntity
  8
B.Silkscreen
  6
CONTINUOUS
100
AcDbLine
 10
124.3788209999999879
 20
-85.4694509999999923
 30
0
 11
124.3773799999999881
 21
-85.4548190000000005
 31
0
  0
LINE
  5
AC4
330
22
100
AcDbEntity
  8
B.Silkscreen
  6
CONTINUOUS
100
AcDbLine
 10
124.3773799999999881
 20
-85.4548190000000005
 30
0
 11
124.3773799999999881
 21
-85.1964849999999956
 31
0
  0
LINE
  5
AC5
330
22
100
AcDbEntity
  8
B.Silkscreen
  6
CONTINUOUS
100
AcDbLine
 10
124.3773799999999881
 20
-85.1964849999999956
 30
0
 11
124.3095229999999987
 21
-85.1964849999999956
 31
0
  0
LINE
  5
AC6
330
22
100
AcDbEntity
  8
B.Silkscreen
  6
CONTINUOUS
100
AcDbLine
 10
124.3095229999999987
 20
-85.1964849999999956
 30
0
 11
124.2948909999999927
 21
-85.1950439999999958
 31
0
  0
LINE
  5
AC7
330
22
100
AcDbEntity
  8
B.Silkscreen
  6
CONTINUOUS
100
AcDbLine
 10
124.2948909999999927
 20
-85.1950439999999958
 30
0
 11
124.2678549999999973
 21
-85.1838449999999909
 31
0
  0
LINE
  5
AC8
330
22
100
AcDbEntity
  8
B.Silkscreen
  6
CONTINUOUS
100
AcDbLine
 10
124.2678549999999973
 20
-85.1838449999999909
 30
0
 11
124.2471630000000005
 21
-85.1631529999999941
 31
0
  0
LINE
  5
AC9
330
22
100
AcDbEntity
  8
B.Silkscreen
  6
CONTINUOUS
100
AcDbLine
 10
124.2471630000000005
 20
-85.1631529999999941
 30
0
 11
124.2359639999999956
 21
-85.1361169999999987
 31
0
  0
LINE
  5
ACA
330
22
100
AcDbEntity
  8
B.Silkscreen
  6
CONTINUOUS
100
AcDbLine
 10
124.2359639999999956
 20
-85.1361169999999987
 30
0
 11
124.2359639999999956
 21
-85.106853000000001
 31
0
  0
LINE
  5
ACB
330
22
100
AcDbEntity
  8
B.Silkscreen
  6
CONTINUOUS
100
AcDbLine
 10
124.2359639999999956
 20
-85.106853000000001
 30
0
 11
124.2471630000000005
 21
-85.0798169999999914
 31
0
  0
LINE
  5
ACC
330
22
100
AcDbEntity
  8
B.Silkscreen
  6
CONTINUOUS
100
AcDbLine
 10
124.2471630000000005
 20
-85.0798169999999914
 30
0
 11
124.2678549999999973
 21
-85.0591249999999945
 31
0
  0
LINE
  5
ACD
330
22
100
AcDbEntity
  8
B.Silkscreen
  6
CONTINUOUS
100
AcDbLine
 10
124.2678549999999973
 20
-85.0591249999999945
 30
0
 11
124.2948909999999927
 21
-85.0479259999999897
 31
0
  0
LINE
  5
ACE
330
22
100
AcDbEntity
  8
B.Silkscreen
  6
CONTINUOUS
100
AcDbLine
 10
124.2948909999999927
 20
-85.0479259999999897
 30
0
 11
124.3095229999999987
 21
-85.0464849999999899
 31
0
  0
LINE
  5
ACF
330
22
100
AcDbEntity
  8
B.Silkscreen
  6
CONTINUOUS
100
AcDbLine
 10
124.3095229999999987
 20
-85.0464849999999899
 30
0
 11
124.3773799999999881
 21
-85.0464849999999899
 31
0
  0
LINE
  5
AD0
330
22
100
AcDbEntity
  8
B.Silkscreen
  6
CONTINUOUS
100
AcDbLine
 10
124.3773799999999881
 20
-85.0464849999999899
 30
0
 11
124.3773799999999881
 21
-84.7881519999999966
 31
0
  0
LINE
  5
AD1
330
22
100
AcDbEntity
  8
B.Silkscreen
  6
CONTINUOUS
100
AcDbLine
 10
124.3773799999999881
 20
-84.7881519999999966
 30
0
 11
124.3788209999999879
 21
-84.7735199999999907
 31
0
  0
LINE
  5
AD2
330
22
100
AcDbEntity
  8
B.Silkscreen
  6
CONTINUOUS
100
AcDbLine
 10
124.3788209999999879
 20
-84.7735199999999907
 30
0
 11
124.3900199999999927
 21
-84.7464839999999953
 31
0
  0
LINE
  5
AD3
330
22
100
AcDbEntity
  8
B.Silkscreen
  6
CONTINUOUS
100
AcDbLine
 10
124.3900199999999927
 20
-84.7464839999999953
 30
0
 11
124.4107119999999895
 21
-84.7257919999999984
 31
0
  0
LINE
  5
AD4
330
22
100
AcDbEntity
  8
B.Silkscreen
  6
CONTINUOUS
100
AcDbLine
 10
124.4107119999999895
 20
-84.7257919999999984
 30
0
 11
124.4377479999999991
 21
-84.7145929999999936
 31
0
  0
LINE
  5
AD5
330
22
100
AcDbEntity
  8
B.Silkscreen
  6
CONTINUOUS
100
AcDbLine
 10
124.4377479999999991
 20
-84.7145929999999936
 30
0
 11
124.4670119999999969
 21
-84.7145929999999936
 31
0
  0
LINE
  5
AD6
330
22
100
AcDbEntity
  8
B.Silkscreen
  6
CONTINUOUS
100
AcDbLine
 10
124.4670119999999969
 20
-84.7145929999999936
 30
0
 11
124.4940479999999923
 21
-84.7257919999999984
 31
0
  0
LINE
  5
AD7
330
22
100
AcDbEntity
  8
B.Silkscreen
  6
CONTINUOUS
100
AcDbLine
 10
124.4940479999999923
 20
-84.7257919999999984
 30
0
 11
124.5147399999999891
 21
-84.7464839999999953
 31
0
  0
LINE
  5
AD8
330
22
100
AcDbEntity
  8
B.Silkscreen
  6
CONTINUOUS
100
AcDbLine
 10
124.5147399999999891
 20
-84.7464839999999953
 30
0
 11
124.5259389999999939
 21
-84.7735199999999907
 31
0
  0
LINE
  5
AD9
330
22
100
AcDbEntity
  8
B.Silkscreen
  6
CONTINUOUS
100
AcDbLine
 10
124.5259389999999939
 20
-84.7735199999999907
 30
0
 11
124.5273799999999937
 21
-84.7881519999999966
 31
0
  0
LINE
  5
ADA
330
22
100
AcDbEntity
  8
B.Silkscreen
  6
CONTINUOUS
100
AcDbLine
 10
124.5273799999999937
 20
-84.7881519999999966
 30
0
 11
124.5273799999999937
 21
-85.0464849999999899
 31
0
  0
LINE
  5
ADB
330
22
100
AcDbEntity
  8
B.Silkscreen
  6
CONTINUOUS
100
AcDbLine
 10
124.5273799999999937
 20
-85.0464849999999899
 30
0
 11
124.8245129999999961
 21
-85.0464849999999899
 31
0
  0
LINE
  5
ADC
330
22
100
AcDbEntity
  8
B.Silkscreen
  6
CONTINUOUS
100
AcDbLine
 10
124.8245129999999961
 20
-85.0464849999999899
 30
0
 11
124.6193239999999918
 21
-84.4309169999999938
 31
0
  0
LINE
  5
ADD
330
22
100
AcDbEntity
  8
B.Silkscreen
  6
CONTINUOUS
100
AcDbLine
 10
124.6193239999999918
 20
-84.4309169999999938
 30
0
 11
124.6160639999999944
 21
-84.4165799999999962
 31
0
  0
LINE
  5
ADE
330
22
100
AcDbEntity
  8
B.Silkscreen
  6
CONTINUOUS
100
AcDbLine
 10
124.6160639999999944
 20
-84.4165799999999962
 30
0
 11
124.6181389999999993
 21
-84.3873899999999963
 31
0
  0
LINE
  5
ADF
330
22
100
AcDbEntity
  8
B.Silkscreen
  6
CONTINUOUS
100
AcDbLine
 10
124.6181389999999993
 20
-84.3873899999999963
 30
0
 11
124.6312250000000006
 21
-84.3612169999999963
 31
0
  0
LINE
  5
AE0
330
22
100
AcDbEntity
  8
B.Silkscreen
  6
CONTINUOUS
100
AcDbLine
 10
124.6312250000000006
 20
-84.3612169999999963
 30
0
 11
124.6533319999999918
 21
-84.3420429999999897
 31
0
  0
LINE
  5
AE1
330
22
100
AcDbEntity
  8
B.Silkscreen
  6
CONTINUOUS
100
AcDbLine
 10
124.6533319999999918
 20
-84.3420429999999897
 30
0
 11
124.6810949999999991
 21
-84.3327889999999911
 31
0
  0
LINE
  5
AE2
330
22
100
AcDbEntity
  8
B.Silkscreen
  6
CONTINUOUS
100
AcDbLine
 10
124.6810949999999991
 20
-84.3327889999999911
 30
0
 11
124.7102849999999989
 21
-84.3348639999999961
 31
0
  0
LINE
  5
AE3
330
22
100
AcDbEntity
  8
B.Silkscreen
  6
CONTINUOUS
100
AcDbLine
 10
126.8479639999999904
 20
-84.3812599999999975
 30
0
 11
126.875
 21
-84.3924590000000023
 31
0
  0
LINE
  5
AE4
330
22
100
AcDbEntity
  8
B.Silkscreen
  6
CONTINUOUS
100
AcDbLine
 10
126.875
 20
-84.3924590000000023
 30
0
 11
126.8956919999999968
 21
-84.4131509999999992
 31
0
  0
LINE
  5
AE5
330
22
100
AcDbEntity
  8
B.Silkscreen
  6
CONTINUOUS
100
AcDbLine
 10
126.8956919999999968
 20
-84.4131509999999992
 30
0
 11
126.9068909999999875
 21
-84.4401869999999946
 31
0
  0
LINE
  5
AE6
330
22
100
AcDbEntity
  8
B.Silkscreen
  6
CONTINUOUS
100
AcDbLine
 10
126.9068909999999875
 20
-84.4401869999999946
 30
0
 11
126.9083319999999873
 21
-84.4548190000000005
 31
0
  0
LINE
  5
AE7
330
22
100
AcDbEntity
  8
B.Silkscreen
  6
CONTINUOUS
100
AcDbLine
 10
126.9083319999999873
 20
-84.4548190000000005
 30
0
 11
126.9083319999999873
 21
-85.4548190000000005
 31
0
  0
LINE
  5
AE8
330
22
100
AcDbEntity
  8
B.Silkscreen
  6
CONTINUOUS
100
AcDbLine
 10
126.9083319999999873
 20
-85.4548190000000005
 30
0
 11
126.9068909999999875
 21
-85.4694509999999923
 31
0
  0
LINE
  5
AE9
330
22
100
AcDbEntity
  8
B.Silkscreen
  6
CONTINUOUS
100
AcDbLine
 10
126.9068909999999875
 20
-85.4694509999999923
 30
0
 11
126.8956919999999968
 21
-85.4964870000000019
 31
0
  0
LINE
  5
AEA
330
22
100
AcDbEntity
  8
B.Silkscreen
  6
CONTINUOUS
100
AcDbLine
 10
126.8956919999999968
 20
-85.4964870000000019
 30
0
 11
126.875
 21
-85.5171789999999987
 31
0
  0
LINE
  5
AEB
330
22
100
AcDbEntity
  8
B.Silkscreen
  6
CONTINUOUS
100
AcDbLine
 10
126.875
 20
-85.5171789999999987
 30
0
 11
126.8479639999999904
 21
-85.5283779999999894
 31
0
  0
LINE
  5
AEC
330
22
100
AcDbEntity
  8
B.Silkscreen
  6
CONTINUOUS
100
AcDbLine
 10
126.8479639999999904
 20
-85.5283779999999894
 30
0
 11
126.8186999999999927
 21
-85.5283779999999894
 31
0
  0
LINE
  5
AED
330
22
100
AcDbEntity
  8
B.Silkscreen
  6
CONTINUOUS
100
AcDbLine
 10
126.8186999999999927
 20
-85.5283779999999894
 30
0
 11
126.7916639999999973
 21
-85.5171789999999987
 31
0
  0
LINE
  5
AEE
330
22
100
AcDbEntity
  8
B.Silkscreen
  6
CONTINUOUS
100
AcDbLine
 10
126.7916639999999973
 20
-85.5171789999999987
 30
0
 11
126.7709720000000004
 21
-85.4964870000000019
 31
0
  0
LINE
  5
AEF
330
22
100
AcDbEntity
  8
B.Silkscreen
  6
CONTINUOUS
100
AcDbLine
 10
126.7709720000000004
 20
-85.4964870000000019
 30
0
 11
126.7597729999999956
 21
-85.4694509999999923
 31
0
  0
LINE
  5
AF0
330
22
100
AcDbEntity
  8
B.Silkscreen
  6
CONTINUOUS
100
AcDbLine
 10
126.7597729999999956
 20
-85.4694509999999923
 30
0
 11
126.7583319999999958
 21
-85.4548190000000005
 31
0
  0
LINE
  5
AF1
330
22
100
AcDbEntity
  8
B.Silkscreen
  6
CONTINUOUS
100
AcDbLine
 10
126.7583319999999958
 20
-85.4548190000000005
 30
0
 11
126.7583319999999958
 21
-85.0536279999999891
 31
0
  0
LINE
  5
AF2
330
22
100
AcDbEntity
  8
B.Silkscreen
  6
CONTINUOUS
100
AcDbLine
 10
126.7583319999999958
 20
-85.0536279999999891
 30
0
 11
126.4523799999999909
 21
-85.0536279999999891
 31
0
  0
LINE
  5
AF3
330
22
100
AcDbEntity
  8
B.Silkscreen
  6
CONTINUOUS
100
AcDbLine
 10
126.4523799999999909
 20
-85.0536279999999891
 30
0
 11
126.4377479999999991
 21
-85.0521869999999893
 31
0
  0
LINE
  5
AF4
330
22
100
AcDbEntity
  8
B.Silkscreen
  6
CONTINUOUS
100
AcDbLine
 10
126.4377479999999991
 20
-85.0521869999999893
 30
0
 11
126.4352589999999879
 21
-85.0511559999999918
 31
0
  0
LINE
  5
AF5
330
22
100
AcDbEntity
  8
B.Silkscreen
  6
CONTINUOUS
100
AcDbLine
 10
126.4352589999999879
 20
-85.0511559999999918
 30
0
 11
126.4325699999999983
 21
-85.0509649999999908
 31
0
  0
LINE
  5
AF6
330
22
100
AcDbEntity
  8
B.Silkscreen
  6
CONTINUOUS
100
AcDbLine
 10
126.4325699999999983
 20
-85.0509649999999908
 30
0
 11
126.4188389999999913
 21
-85.0457099999999997
 31
0
  0
LINE
  5
AF7
330
22
100
AcDbEntity
  8
B.Silkscreen
  6
CONTINUOUS
100
AcDbLine
 10
126.4188389999999913
 20
-85.0457099999999997
 30
0
 11
126.3236009999999965
 21
-84.9980910000000023
 31
0
  0
LINE
  5
AF8
330
22
100
AcDbEntity
  8
B.Silkscreen
  6
CONTINUOUS
100
AcDbLine
 10
126.3236009999999965
 20
-84.9980910000000023
 30
0
 11
126.3173010000000005
 21
-84.9941259999999943
 31
0
  0
LINE
  5
AF9
330
22
100
AcDbEntity
  8
B.Silkscreen
  6
CONTINUOUS
100
AcDbLine
 10
126.3173010000000005
 20
-84.9941259999999943
 30
0
 11
126.3154739999999947
 21
-84.9933690000000013
 31
0
  0
LINE
  5
AFA
330
22
100
AcDbEntity
  8
B.Silkscreen
  6
CONTINUOUS
100
AcDbLine
 10
126.3154739999999947
 20
-84.9933690000000013
 30
0
 11
126.3134170000000012
 21
-84.9916800000000023
 31
0
  0
LINE
  5
AFB
330
22
100
AcDbEntity
  8
B.Silkscreen
  6
CONTINUOUS
100
AcDbLine
 10
126.3134170000000012
 20
-84.9916800000000023
 30
0
 11
126.3111579999999918
 21
-84.9902589999999947
 31
0
  0
LINE
  5
AFC
330
22
100
AcDbEntity
  8
B.Silkscreen
  6
CONTINUOUS
100
AcDbLine
 10
126.3111579999999918
 20
-84.9902589999999947
 30
0
 11
126.3098579999999913
 21
-84.9887599999999992
 31
0
  0
LINE
  5
AFD
330
22
100
AcDbEntity
  8
B.Silkscreen
  6
CONTINUOUS
100
AcDbLine
 10
126.3098579999999913
 20
-84.9887599999999992
 30
0
 11
126.3041089999999969
 21
-84.9840420000000023
 31
0
  0
LINE
  5
AFE
330
22
100
AcDbEntity
  8
B.Silkscreen
  6
CONTINUOUS
100
AcDbLine
 10
126.3041089999999969
 20
-84.9840420000000023
 30
0
 11
126.2564899999999994
 21
-84.9364229999999907
 31
0
  0
LINE
  5
AFF
330
22
100
AcDbEntity
  8
B.Silkscreen
  6
CONTINUOUS
100
AcDbLine
 10
126.2564899999999994
 20
-84.9364229999999907
 30
0
 11
126.2517709999999909
 21
-84.9306729999999988
 31
0
  0
LINE
  5
B00
330
22
100
AcDbEntity
  8
B.Silkscreen
  6
CONTINUOUS
100
AcDbLine
 10
126.2517709999999909
 20
-84.9306729999999988
 30
0
 11
126.2502729999999929
 21
-84.9293739999999957
 31
0
  0
LINE
  5
B01
330
22
100
AcDbEntity
  8
B.Silkscreen
  6
CONTINUOUS
100
AcDbLine
 10
126.2502729999999929
 20
-84.9293739999999957
 30
0
 11
126.2488509999999877
 21
-84.9271140000000031
 31
0
  0
LINE
  5
B02
330
22
100
AcDbEntity
  8
B.Silkscreen
  6
CONTINUOUS
100
AcDbLine
 10
126.2488509999999877
 20
-84.9271140000000031
 30
0
 11
126.2471630000000005
 21
-84.9250579999999928
 31
0
  0
LINE
  5
B03
330
22
100
AcDbEntity
  8
B.Silkscreen
  6
CONTINUOUS
100
AcDbLine
 10
126.2471630000000005
 20
-84.9250579999999928
 30
0
 11
126.2464049999999958
 21
-84.9232299999999896
 31
0
  0
LINE
  5
B04
330
22
100
AcDbEntity
  8
B.Silkscreen
  6
CONTINUOUS
100
AcDbLine
 10
126.2464049999999958
 20
-84.9232299999999896
 30
0
 11
126.2424409999999995
 21
-84.9169309999999911
 31
0
  0
LINE
  5
B05
330
22
100
AcDbEntity
  8
B.Silkscreen
  6
CONTINUOUS
100
AcDbLine
 10
126.2424409999999995
 20
-84.9169309999999911
 30
0
 11
126.1948219999999878
 21
-84.8216929999999962
 31
0
  0
LINE
  5
B06
330
22
100
AcDbEntity
  8
B.Silkscreen
  6
CONTINUOUS
100
AcDbLine
 10
126.1948219999999878
 20
-84.8216929999999962
 30
0
 11
126.1895669999999967
 21
-84.8079609999999917
 31
0
  0
LINE
  5
B07
330
22
100
AcDbEntity
  8
B.Silkscreen
  6
CONTINUOUS
100
AcDbLine
 10
126.1895669999999967
 20
-84.8079609999999917
 30
0
 11
126.1893759999999958
 21
-84.8052729999999997
 31
0
  0
LINE
  5
B08
330
22
100
AcDbEntity
  8
B.Silkscreen
  6
CONTINUOUS
100
AcDbLine
 10
126.1893759999999958
 20
-84.8052729999999997
 30
0
 11
126.1883449999999982
 21
-84.8027840000000026
 31
0
  0
LINE
  5
B09
330
22
100
AcDbEntity
  8
B.Silkscreen
  6
CONTINUOUS
100
AcDbLine
 10
126.1883449999999982
 20
-84.8027840000000026
 30
0
 11
126.1869039999999984
 21
-84.7881519999999966
 31
0
  0
LINE
  5
B0A
330
22
100
AcDbEntity
  8
B.Silkscreen
  6
CONTINUOUS
100
AcDbLine
 10
126.1869039999999984
 20
-84.7881519999999966
 30
0
 11
126.1869039999999984
 21
-84.6452949999999902
 31
0
  0
LINE
  5
B0B
330
22
100
AcDbEntity
  8
B.Silkscreen
  6
CONTINUOUS
100
AcDbLine
 10
126.1869039999999984
 20
-84.6452949999999902
 30
0
 11
126.1883449999999982
 21
-84.6306629999999984
 31
0
  0
LINE
  5
B0C
330
22
100
AcDbEntity
  8
B.Silkscreen
  6
CONTINUOUS
100
AcDbLine
 10
126.1883449999999982
 20
-84.6306629999999984
 30
0
 11
126.1893759999999958
 21
-84.6281729999999897
 31
0
  0
LINE
  5
B0D
330
22
100
AcDbEntity
  8
B.Silkscreen
  6
CONTINUOUS
100
AcDbLine
 10
126.1893759999999958
 20
-84.6281729999999897
 30
0
 11
126.1895669999999967
 21
-84.6254859999999951
 31
0
  0
LINE
  5
B0E
330
22
100
AcDbEntity
  8
B.Silkscreen
  6
CONTINUOUS
100
AcDbLine
 10
126.1895669999999967
 20
-84.6254859999999951
 30
0
 11
126.1948219999999878
 21
-84.6117539999999906
 31
0
  0
LINE
  5
B0F
330
22
100
AcDbEntity
  8
B.Silkscreen
  6
CONTINUOUS
100
AcDbLine
 10
126.1948219999999878
 20
-84.6117539999999906
 30
0
 11
126.2424409999999995
 21
-84.5165159999999958
 31
0
  0
LINE
  5
B10
330
22
100
AcDbEntity
  8
B.Silkscreen
  6
CONTINUOUS
100
AcDbLine
 10
126.2424409999999995
 20
-84.5165159999999958
 30
0
 11
126.2464049999999958
 21
-84.5102159999999998
 31
0
  0
LINE
  5
B11
330
22
100
AcDbEntity
  8
B.Silkscreen
  6
CONTINUOUS
100
AcDbLine
 10
126.2464049999999958
 20
-84.5102159999999998
 30
0
 11
126.2471630000000005
 21
-84.508388999999994
 31
0
  0
LINE
  5
B12
330
22
100
AcDbEntity
  8
B.Silkscreen
  6
CONTINUOUS
100
AcDbLine
 10
126.2471630000000005
 20
-84.508388999999994
 30
0
 11
126.2488509999999877
 21
-84.5063320000000004
 31
0
  0
LINE
  5
B13
330
22
100
AcDbEntity
  8
B.Silkscreen
  6
CONTINUOUS
100
AcDbLine
 10
126.2488509999999877
 20
-84.5063320000000004
 30
0
 11
126.2502729999999929
 21
-84.5040729999999911
 31
0
  0
LINE
  5
B14
330
22
100
AcDbEntity
  8
B.Silkscreen
  6
CONTINUOUS
100
AcDbLine
 10
126.2502729999999929
 20
-84.5040729999999911
 30
0
 11
126.2517709999999909
 21
-84.5027729999999906
 31
0
  0
LINE
  5
B15
330
22
100
AcDbEntity
  8
B.Silkscreen
  6
CONTINUOUS
100
AcDbLine
 10
126.2517709999999909
 20
-84.5027729999999906
 30
0
 11
126.2564899999999994
 21
-84.4970239999999961
 31
0
  0
LINE
  5
B16
330
22
100
AcDbEntity
  8
B.Silkscreen
  6
CONTINUOUS
100
AcDbLine
 10
126.2564899999999994
 20
-84.4970239999999961
 30
0
 11
126.3041089999999969
 21
-84.4494049999999987
 31
0
  0
LINE
  5
B17
330
22
100
AcDbEntity
  8
B.Silkscreen
  6
CONTINUOUS
100
AcDbLine
 10
126.3041089999999969
 20
-84.4494049999999987
 30
0
 11
126.3098579999999913
 21
-84.4446859999999901
 31
0
  0
LINE
  5
B18
330
22
100
AcDbEntity
  8
B.Silkscreen
  6
CONTINUOUS
100
AcDbLine
 10
126.3098579999999913
 20
-84.4446859999999901
 30
0
 11
126.3111579999999918
 21
-84.4431879999999921
 31
0
  0
LINE
  5
B19
330
22
100
AcDbEntity
  8
B.Silkscreen
  6
CONTINUOUS
100
AcDbLine
 10
126.3111579999999918
 20
-84.4431879999999921
 30
0
 11
126.3134170000000012
 21
-84.4417660000000012
 31
0
  0
LINE
  5
B1A
330
22
100
AcDbEntity
  8
B.Silkscreen
  6
CONTINUOUS
100
AcDbLine
 10
126.3134170000000012
 20
-84.4417660000000012
 30
0
 11
126.3154739999999947
 21
-84.4400779999999997
 31
0
  0
LINE
  5
B1B
330
22
100
AcDbEntity
  8
B.Silkscreen
  6
CONTINUOUS
100
AcDbLine
 10
126.3154739999999947
 20
-84.4400779999999997
 30
0
 11
126.3173010000000005
 21
-84.439319999999995
 31
0
  0
LINE
  5
B1C
330
22
100
AcDbEntity
  8
B.Silkscreen
  6
CONTINUOUS
100
AcDbLine
 10
126.3173010000000005
 20
-84.439319999999995
 30
0
 11
126.3236009999999965
 21
-84.4353559999999987
 31
0
  0
LINE
  5
B1D
330
22
100
AcDbEntity
  8
B.Silkscreen
  6
CONTINUOUS
100
AcDbLine
 10
126.3236009999999965
 20
-84.4353559999999987
 30
0
 11
126.4188389999999913
 21
-84.3877370000000013
 31
0
  0
LINE
  5
B1E
330
22
100
AcDbEntity
  8
B.Silkscreen
  6
CONTINUOUS
100
AcDbLine
 10
126.4188389999999913
 20
-84.3877370000000013
 30
0
 11
126.4325699999999983
 21
-84.382481999999996
 31
0
  0
LINE
  5
B1F
330
22
100
AcDbEntity
  8
B.Silkscreen
  6
CONTINUOUS
100
AcDbLine
 10
126.4325699999999983
 20
-84.382481999999996
 30
0
 11
126.4352589999999879
 21
-84.3822899999999976
 31
0
  0
LINE
  5
B20
330
22
100
AcDbEntity
  8
B.Silkscreen
  6
CONTINUOUS
100
AcDbLine
 10
126.4352589999999879
 20
-84.3822899999999976
 30
0
 11
126.4377479999999991
 21
-84.3812599999999975
 31
0
  0
LINE
  5
B21
330
22
100
AcDbEntity
  8
B.Silkscreen
  6
CONTINUOUS
100
AcDbLine
 10
126.4377479999999991
 20
-84.3812599999999975
 30
0
 11
126.4523799999999909
 21
-84.3798189999999977
 31
0
  0
LINE
  5
B22
330
22
100
AcDbEntity
  8
B.Silkscreen
  6
CONTINUOUS
100
AcDbLine
 10
126.4523799999999909
 20
-84.3798189999999977
 30
0
 11
126.8333319999999986
 21
-84.3798189999999977
 31
0
  0
LINE
  5
B23
330
22
100
AcDbEntity
  8
B.Silkscreen
  6
CONTINUOUS
100
AcDbLine
 10
126.8333319999999986
 20
-84.3798189999999977
 30
0
 11
126.8479639999999904
 21
-84.3812599999999975
 31
0
  0
LINE
  5
B24
330
22
100
AcDbEntity
  8
B.Silkscreen
  6
CONTINUOUS
100
AcDbLine
 10
126.401568999999995
 20
-84.5640769999999975
 30
0
 11
126.3711619999999982
 21
-84.5944839999999942
 31
0
  0
LINE
  5
B25
330
22
100
AcDbEntity
  8
B.Silkscreen
  6
CONTINUOUS
100
AcDbLine
 10
126.3711619999999982
 20
-84.5944839999999942
 30
0
 11
126.3369039999999899
 21
-84.6629999999999967
 31
0
  0
LINE
  5
B26
330
22
100
AcDbEntity
  8
B.Silkscreen
  6
CONTINUOUS
100
AcDbLine
 10
126.3369039999999899
 20
-84.6629999999999967
 30
0
 11
126.3369039999999899
 21
-84.7704469999999901
 31
0
  0
LINE
  5
B27
330
22
100
AcDbEntity
  8
B.Silkscreen
  6
CONTINUOUS
100
AcDbLine
 10
126.3369039999999899
 20
-84.7704469999999901
 30
0
 11
126.3711619999999982
 21
-84.8389629999999926
 31
0
  0
LINE
  5
B28
330
22
100
AcDbEntity
  8
B.Silkscreen
  6
CONTINUOUS
100
AcDbLine
 10
126.3711619999999982
 20
-84.8389629999999926
 30
0
 11
126.401568999999995
 21
-84.8693699999999893
 31
0
  0
LINE
  5
B29
330
22
100
AcDbEntity
  8
B.Silkscreen
  6
CONTINUOUS
100
AcDbLine
 10
126.401568999999995
 20
-84.8693699999999893
 30
0
 11
126.4700849999999974
 21
-84.9036279999999977
 31
0
  0
LINE
  5
B2A
330
22
100
AcDbEntity
  8
B.Silkscreen
  6
CONTINUOUS
100
AcDbLine
 10
126.4700849999999974
 20
-84.9036279999999977
 30
0
 11
126.7583319999999958
 21
-84.9036279999999977
 31
0
  0
LINE
  5
B2B
330
22
100
AcDbEntity
  8
B.Silkscreen
  6
CONTINUOUS
100
AcDbLine
 10
126.7583319999999958
 20
-84.9036279999999977
 30
0
 11
126.7583319999999958
 21
-84.5298189999999892
 31
0
  0
LINE
  5
B2C
330
22
100
AcDbEntity
  8
B.Silkscreen
  6
CONTINUOUS
100
AcDbLine
 10
126.7583319999999958
 20
-84.5298189999999892
 30
0
 11
126.4700849999999974
 21
-84.5298189999999892
 31
0
  0
LINE
  5
B2D
330
22
100
AcDbEntity
  8
B.Silkscreen
  6
CONTINUOUS
100
AcDbLine
 10
126.4700849999999974
 20
-84.5298189999999892
 30
0
 11
126.401568999999995
 21
-84.5640769999999975
 31
0
  0
LINE
  5
B2E
330
22
100
AcDbEntity
  8
B.Silkscreen
  6
CONTINUOUS
100
AcDbLine
 10
127.7527259999999956
 20
-84.3812599999999975
 30
0
 11
127.779761999999991
 21
-84.3924590000000023
 31
0
  0
LINE
  5
B2F
330
22
100
AcDbEntity
  8
B.Silkscreen
  6
CONTINUOUS
100
AcDbLine
 10
127.779761999999991
 20
-84.3924590000000023
 30
0
 11
127.8004539999999878
 21
-84.4131509999999992
 31
0
  0
LINE
  5
B30
330
22
100
AcDbEntity
  8
B.Silkscreen
  6
CONTINUOUS
100
AcDbLine
 10
127.8004539999999878
 20
-84.4131509999999992
 30
0
 11
127.8116529999999926
 21
-84.4401869999999946
 31
0
  0
LINE
  5
B31
330
22
100
AcDbEntity
  8
B.Silkscreen
  6
CONTINUOUS
100
AcDbLine
 10
127.8116529999999926
 20
-84.4401869999999946
 30
0
 11
127.8116529999999926
 21
-84.4694509999999923
 31
0
  0
LINE
  5
B32
330
22
100
AcDbEntity
  8
B.Silkscreen
  6
CONTINUOUS
100
AcDbLine
 10
127.8116529999999926
 20
-84.4694509999999923
 30
0
 11
127.8004539999999878
 21
-84.4964870000000019
 31
0
  0
LINE
  5
B33
330
22
100
AcDbEntity
  8
B.Silkscreen
  6
CONTINUOUS
100
AcDbLine
 10
127.8004539999999878
 20
-84.4964870000000019
 30
0
 11
127.779761999999991
 21
-84.5171789999999987
 31
0
  0
LINE
  5
B34
330
22
100
AcDbEntity
  8
B.Silkscreen
  6
CONTINUOUS
100
AcDbLine
 10
127.779761999999991
 20
-84.5171789999999987
 30
0
 11
127.7527259999999956
 21
-84.5283779999999894
 31
0
  0
LINE
  5
B35
330
22
100
AcDbEntity
  8
B.Silkscreen
  6
CONTINUOUS
100
AcDbLine
 10
127.7527259999999956
 20
-84.5283779999999894
 30
0
 11
127.7380939999999896
 21
-84.5298189999999892
 31
0
  0
LINE
  5
B36
330
22
100
AcDbEntity
  8
B.Silkscreen
  6
CONTINUOUS
100
AcDbLine
 10
127.7380939999999896
 20
-84.5298189999999892
 30
0
 11
127.5273799999999937
 21
-84.5298189999999892
 31
0
  0
LINE
  5
B37
330
22
100
AcDbEntity
  8
B.Silkscreen
  6
CONTINUOUS
100
AcDbLine
 10
127.5273799999999937
 20
-84.5298189999999892
 30
0
 11
127.5273799999999937
 21
-85.4548190000000005
 31
0
  0
LINE
  5
B38
330
22
100
AcDbEntity
  8
B.Silkscreen
  6
CONTINUOUS
100
AcDbLine
 10
127.5273799999999937
 20
-85.4548190000000005
 30
0
 11
127.5259389999999939
 21
-85.4694509999999923
 31
0
  0
LINE
  5
B39
330
22
100
AcDbEntity
  8
B.Silkscreen
  6
CONTINUOUS
100
AcDbLine
 10
127.5259389999999939
 20
-85.4694509999999923
 30
0
 11
127.5147399999999891
 21
-85.4964870000000019
 31
0
  0
LINE
  5
B3A
330
22
100
AcDbEntity
  8
B.Silkscreen
  6
CONTINUOUS
100
AcDbLine
 10
127.5147399999999891
 20
-85.4964870000000019
 30
0
 11
127.4940479999999923
 21
-85.5171789999999987
 31
0
  0
LINE
  5
B3B
330
22
100
AcDbEntity
  8
B.Silkscreen
  6
CONTINUOUS
100
AcDbLine
 10
127.4940479999999923
 20
-85.5171789999999987
 30
0
 11
127.4670119999999969
 21
-85.5283779999999894
 31
0
  0
LINE
  5
B3C
330
22
100
AcDbEntity
  8
B.Silkscreen
  6
CONTINUOUS
100
AcDbLine
 10
127.4670119999999969
 20
-85.5283779999999894
 30
0
 11
127.4377479999999991
 21
-85.5283779999999894
 31
0
  0
LINE
  5
B3D
330
22
100
AcDbEntity
  8
B.Silkscreen
  6
CONTINUOUS
100
AcDbLine
 10
127.4377479999999991
 20
-85.5283779999999894
 30
0
 11
127.4107119999999895
 21
-85.5171789999999987
 31
0
  0
LINE
  5
B3E
330
22
100
AcDbEntity
  8
B.Silkscreen
  6
CONTINUOUS
100
AcDbLine
 10
127.4107119999999895
 20
-85.5171789999999987
 30
0
 11
127.3900199999999927
 21
-85.4964870000000019
 31
0
  0
LINE
  5
B3F
330
22
100
AcDbEntity
  8
B.Silkscreen
  6
CONTINUOUS
100
AcDbLine
 10
127.3900199999999927
 20
-85.4964870000000019
 30
0
 11
127.3788209999999879
 21
-85.4694509999999923
 31
0
  0
LINE
  5
B40
330
22
100
AcDbEntity
  8
B.Silkscreen
  6
CONTINUOUS
100
AcDbLine
 10
127.3788209999999879
 20
-85.4694509999999923
 30
0
 11
127.3773799999999881
 21
-85.4548190000000005
 31
0
  0
LINE
  5
B41
330
22
100
AcDbEntity
  8
B.Silkscreen
  6
CONTINUOUS
100
AcDbLine
 10
127.3773799999999881
 20
-85.4548190000000005
 30
0
 11
127.3773799999999881
 21
-84.5298189999999892
 31
0
  0
LINE
  5
B42
330
22
100
AcDbEntity
  8
B.Silkscreen
  6
CONTINUOUS
100
AcDbLine
 10
127.3773799999999881
 20
-84.5298189999999892
 30
0
 11
127.1666659999999922
 21
-84.5298189999999892
 31
0
  0
LINE
  5
B43
330
22
100
AcDbEntity
  8
B.Silkscreen
  6
CONTINUOUS
100
AcDbLine
 10
127.1666659999999922
 20
-84.5298189999999892
 30
0
 11
127.1520340000000004
 21
-84.5283779999999894
 31
0
  0
LINE
  5
B44
330
22
100
AcDbEntity
  8
B.Silkscreen
  6
CONTINUOUS
100
AcDbLine
 10
127.1520340000000004
 20
-84.5283779999999894
 30
0
 11
127.1249979999999908
 21
-84.5171789999999987
 31
0
  0
LINE
  5
B45
330
22
100
AcDbEntity
  8
B.Silkscreen
  6
CONTINUOUS
100
AcDbLine
 10
127.1249979999999908
 20
-84.5171789999999987
 30
0
 11
127.104305999999994
 21
-84.4964870000000019
 31
0
  0
LINE
  5
B46
330
22
100
AcDbEntity
  8
B.Silkscreen
  6
CONTINUOUS
100
AcDbLine
 10
127.104305999999994
 20
-84.4964870000000019
 30
0
 11
127.0931069999999892
 21
-84.4694509999999923
 31
0
  0
LINE
  5
B47
330
22
100
AcDbEntity
  8
B.Silkscreen
  6
CONTINUOUS
100
AcDbLine
 10
127.0931069999999892
 20
-84.4694509999999923
 30
0
 11
127.0931069999999892
 21
-84.4401869999999946
 31
0
  0
LINE
  5
B48
330
22
100
AcDbEntity
  8
B.Silkscreen
  6
CONTINUOUS
100
AcDbLine
 10
127.0931069999999892
 20
-84.4401869999999946
 30
0
 11
127.104305999999994
 21
-84.4131509999999992
 31
0
  0
LINE
  5
B49
330
22
100
AcDbEntity
  8
B.Silkscreen
  6
CONTINUOUS
100
AcDbLine
 10
127.104305999999994
 20
-84.4131509999999992
 30
0
 11
127.1249979999999908
 21
-84.3924590000000023
 31
0
  0
LINE
  5
B4A
330
22
100
AcDbEntity
  8
B.Silkscreen
  6
CONTINUOUS
100
AcDbLine
 10
127.1249979999999908
 20
-84.3924590000000023
 30
0
 11
127.1520340000000004
 21
-84.3812599999999975
 31
0
  0
LINE
  5
B4B
330
22
100
AcDbEntity
  8
B.Silkscreen
  6
CONTINUOUS
100
AcDbLine
 10
127.1520340000000004
 20
-84.3812599999999975
 30
0
 11
127.1666659999999922
 21
-84.3798189999999977
 31
0
  0
LINE
  5
B4C
330
22
100
AcDbEntity
  8
B.Silkscreen
  6
CONTINUOUS
100
AcDbLine
 10
127.1666659999999922
 20
-84.3798189999999977
 30
0
 11
127.7380939999999896
 21
-84.3798189999999977
 31
0
  0
LINE
  5
B4D
330
22
100
AcDbEntity
  8
B.Silkscreen
  6
CONTINUOUS
100
AcDbLine
 10
127.7380939999999896
 20
-84.3798189999999977
 30
0
 11
127.7527259999999956
 21
-84.3812599999999975
 31
0
  0
LINE
  5
B4E
330
22
100
AcDbEntity
  8
B.Silkscreen
  6
CONTINUOUS
100
AcDbLine
 10
132.2958339999999851
 20
-85.
 30
0
 11
132.2958339999999851
 21
-85.4630200000000002
 31
0
  0
LINE
  5
B4F
330
22
100
AcDbEntity
  8
B.Silkscreen
  6
CONTINUOUS
100
AcDbLine
 10
132.2958339999999851
 20
-85.4630200000000002
 30
0
 11
131.8328119999999899
 21
-85.4630200000000002
 31
0
  0
LINE
  5
B50
330
22
100
AcDbEntity
  8
B.Silkscreen
  6
CONTINUOUS
100
AcDbLine
 10
131.8328119999999899
 20
-85.4630200000000002
 30
0
 11
131.3697919999999897
 21
-85.4630200000000002
 31
0
  0
LINE
  5
B51
330
22
100
AcDbEntity
  8
B.Silkscreen
  6
CONTINUOUS
100
AcDbLine
 10
131.3697919999999897
 20
-85.4630200000000002
 30
0
 11
131.3697919999999897
 21
-85.
 31
0
  0
LINE
  5
B52
330
22
100
AcDbEntity
  8
B.Silkscreen
  6
CONTINUOUS
100
AcDbLine
 10
131.3697919999999897
 20
-85.
 30
0
 11
131.3697919999999897
 21
-84.5369779999999906
 31
0
  0
LINE
  5
B53
330
22
100
AcDbEntity
  8
B.Silkscreen
  6
CONTINUOUS
100
AcDbLine
 10
131.3697919999999897
 20
-84.5369779999999906
 30
0
 11
131.8328119999999899
 21
-84.5369779999999906
 31
0
  0
LINE
  5
B54
330
22
100
AcDbEntity
  8
B.Silkscreen
  6
CONTINUOUS
100
AcDbLine
 10
131.8328119999999899
 20
-84.5369779999999906
 30
0
 11
131.8328119999999899
 21
-85.
 31
0
  0
LINE
  5
B55
330
22
100
AcDbEntity
  8
B.Silkscreen
  6
CONTINUOUS
100
AcDbLine
 10
131.8328119999999899
 20
-85.
 30
0
 11
132.2958339999999851
 21
-85.
 31
0
  0
LINE
  5
B56
330
22
100
AcDbEntity
  8
B.Silkscreen
  6
CONTINUOUS
100
AcDbLine
 10
142.0192710000000034
 20
-84.5369779999999906
 30
0
 11
142.0192710000000034
 21
-84.0739579999999904
 31
0
  0
LINE
  5
B57
330
22
100
AcDbEntity
  8
B.Silkscreen
  6
CONTINUOUS
100
AcDbLine
 10
142.0192710000000034
 20
-84.0739579999999904
 30
0
 11
142.4822910000000036
 21
-84.0739579999999904
 31
0
  0
LINE
  5
B58
330
22
100
AcDbEntity
  8
B.Silkscreen
  6
CONTINUOUS
100
AcDbLine
 10
142.4822910000000036
 20
-84.0739579999999904
 30
0
 11
142.9453120000000013
 21
-84.0739579999999904
 31
0
  0
LINE
  5
B59
330
22
100
AcDbEntity
  8
B.Silkscreen
  6
CONTINUOUS
100
AcDbLine
 10
142.9453120000000013
 20
-84.0739579999999904
 30
0
 11
143.4083329999999989
 21
-84.0739579999999904
 31
0
  0
LINE
  5
B5A
330
22
100
AcDbEntity
  8
B.Silkscreen
  6
CONTINUOUS
100
AcDbLine
 10
143.4083329999999989
 20
-84.0739579999999904
 30
0
 11
143.4083329999999989
 21
-83.6109369999999927
 31
0
  0
LINE
  5
B5B
330
22
100
AcDbEntity
  8
B.Silkscreen
  6
CONTINUOUS
100
AcDbLine
 10
143.4083329999999989
 20
-83.6109369999999927
 30
0
 11
143.8713539999999966
 21
-83.6109369999999927
 31
0
  0
LINE
  5
B5C
330
22
100
AcDbEntity
  8
B.Silkscreen
  6
CONTINUOUS
100
AcDbLine
 10
143.8713539999999966
 20
-83.6109369999999927
 30
0
 11
143.8713539999999966
 21
-84.0739579999999904
 31
0
  0
LINE
  5
B5D
330
22
100
AcDbEntity
  8
B.Silkscreen
  6
CONTINUOUS
100
AcDbLine
 10
143.8713539999999966
 20
-84.0739579999999904
 30
0
 11
143.8713539999999966
 21
-84.5369779999999906
 31
0
  0
LINE
  5
B5E
330
22
100
AcDbEntity
  8
B.Silkscreen
  6
CONTINUOUS
100
AcDbLine
 10
143.8713539999999966
 20
-84.5369779999999906
 30
0
 11
143.4083329999999989
 21
-84.5369779999999906
 31
0
  0
LINE
  5
B5F
330
22
100
AcDbEntity
  8
B.Silkscreen
  6
CONTINUOUS
100
AcDbLine
 10
143.4083329999999989
 20
-84.5369779999999906
 30
0
 11
142.9453120000000013
 21
-84.5369779999999906
 31
0
  0
LINE
  5
B60
330
22
100
AcDbEntity
  8
B.Silkscreen
  6
CONTINUOUS
100
AcDbLine
 10
142.9453120000000013
 20
-84.5369779999999906
 30
0
 11
142.4822910000000036
 21
-84.5369779999999906
 31
0
  0
LINE
  5
B61
330
22
100
AcDbEntity
  8
B.Silkscreen
  6
CONTINUOUS
100
AcDbLine
 10
142.4822910000000036
 20
-84.5369779999999906
 30
0
 11
142.4822910000000036
 21
-85.
 31
0
  0
LINE
  5
B62
330
22
100
AcDbEntity
  8
B.Silkscreen
  6
CONTINUOUS
100
AcDbLine
 10
142.4822910000000036
 20
-85.
 30
0
 11
142.0192710000000034
 21
-85.
 31
0
  0
LINE
  5
B63
330
22
100
AcDbEntity
  8
B.Silkscreen
  6
CONTINUOUS
100
AcDbLine
 10
142.0192710000000034
 20
-85.
 30
0
 11
141.5562500000000057
 21
-85.
 31
0
  0
LINE
  5
B64
330
22
100
AcDbEntity
  8
B.Silkscreen
  6
CONTINUOUS
100
AcDbLine
 10
141.5562500000000057
 20
-85.
 30
0
 11
141.0932289999999796
 21
-85.
 31
0
  0
LINE
  5
B65
330
22
100
AcDbEntity
  8
B.Silkscreen
  6
CONTINUOUS
100
AcDbLine
 10
141.0932289999999796
 20
-85.
 30
0
 11
141.0932289999999796
 21
-84.5369779999999906
 31
0
  0
LINE
  5
B66
330
22
100
AcDbEntity
  8
B.Silkscreen
  6
CONTINUOUS
100
AcDbLine
 10
141.0932289999999796
 20
-84.5369779999999906
 30
0
 11
141.0932289999999796
 21
-84.0739579999999904
 31
0
  0
LINE
  5
B67
330
22
100
AcDbEntity
  8
B.Silkscreen
  6
CONTINUOUS
100
AcDbLine
 10
141.0932289999999796
 20
-84.0739579999999904
 30
0
 11
141.5562500000000057
 21
-84.0739579999999904
 31
0
  0
LINE
  5
B68
330
22
100
AcDbEntity
  8
B.Silkscreen
  6
CONTINUOUS
100
AcDbLine
 10
141.5562500000000057
 20
-84.0739579999999904
 30
0
 11
141.5562500000000057
 21
-84.5369779999999906
 31
0
  0
LINE
  5
B69
330
22
100
AcDbEntity
  8
B.Silkscreen
  6
CONTINUOUS
100
AcDbLine
 10
141.5562500000000057
 20
-84.5369779999999906
 30
0
 11
142.0192710000000034
 21
-84.5369779999999906
 31
0
  0
LINE
  5
B6A
330
22
100
AcDbEntity
  8
B.Silkscreen
  6
CONTINUOUS
100
AcDbLine
 10
144.7973949999999945
 20
-85.
 30
0
 11
144.3343749999999943
 21
-85.
 31
0
  0
LINE
  5
B6B
330
22
100
AcDbEntity
  8
B.Silkscreen
  6
CONTINUOUS
100
AcDbLine
 10
144.3343749999999943
 20
-85.
 30
0
 11
144.3343749999999943
 21
-84.5369779999999906
 31
0
  0
LINE
  5
B6C
330
22
100
AcDbEntity
  8
B.Silkscreen
  6
CONTINUOUS
100
AcDbLine
 10
144.3343749999999943
 20
-84.5369779999999906
 30
0
 11
144.3343749999999943
 21
-84.0739579999999904
 31
0
  0
LINE
  5
B6D
330
22
100
AcDbEntity
  8
B.Silkscreen
  6
CONTINUOUS
100
AcDbLine
 10
144.3343749999999943
 20
-84.0739579999999904
 30
0
 11
144.3343749999999943
 21
-83.6109369999999927
 31
0
  0
LINE
  5
B6E
330
22
100
AcDbEntity
  8
B.Silkscreen
  6
CONTINUOUS
100
AcDbLine
 10
144.3343749999999943
 20
-83.6109369999999927
 30
0
 11
144.3343749999999943
 21
-83.1479159999999951
 31
0
  0
LINE
  5
B6F
330
22
100
AcDbEntity
  8
B.Silkscreen
  6
CONTINUOUS
100
AcDbLine
 10
144.3343749999999943
 20
-83.1479159999999951
 30
0
 11
144.3343749999999943
 21
-82.6848949999999974
 31
0
  0
LINE
  5
B70
330
22
100
AcDbEntity
  8
B.Silkscreen
  6
CONTINUOUS
100
AcDbLine
 10
144.3343749999999943
 20
-82.6848949999999974
 30
0
 11
144.7973949999999945
 21
-82.6848949999999974
 31
0
  0
LINE
  5
B71
330
22
100
AcDbEntity
  8
B.Silkscreen
  6
CONTINUOUS
100
AcDbLine
 10
144.7973949999999945
 20
-82.6848949999999974
 30
0
 11
144.7973949999999945
 21
-83.1479159999999951
 31
0
  0
LINE
  5
B72
330
22
100
AcDbEntity
  8
B.Silkscreen
  6
CONTINUOUS
100
AcDbLine
 10
144.7973949999999945
 20
-83.1479159999999951
 30
0
 11
144.7973949999999945
 21
-83.6109369999999927
 31
0
  0
LINE
  5
B73
330
22
100
AcDbEntity
  8
B.Silkscreen
  6
CONTINUOUS
100
AcDbLine
 10
144.7973949999999945
 20
-83.6109369999999927
 30
0
 11
144.7973949999999945
 21
-84.0739579999999904
 31
0
  0
LINE
  5
B74
330
22
100
AcDbEntity
  8
B.Silkscreen
  6
CONTINUOUS
100
AcDbLine
 10
144.7973949999999945
 20
-84.0739579999999904
 30
0
 11
144.7973949999999945
 21
-84.5369779999999906
 31
0
  0
LINE
  5
B75
330
22
100
AcDbEntity
  8
B.Silkscreen
  6
CONTINUOUS
100
AcDbLine
 10
144.7973949999999945
 20
-84.5369779999999906
 30
0
 11
144.7973949999999945
 21
-85.
 31
0
  0
LINE
  5
B76
330
22
100
AcDbEntity
  8
B.Silkscreen
  6
CONTINUOUS
100
AcDbLine
 10
133.2218749999999829
 20
-84.5369779999999906
 30
0
 11
132.7588539999999853
 21
-84.5369779999999906
 31
0
  0
LINE
  5
B77
330
22
100
AcDbEntity
  8
B.Silkscreen
  6
CONTINUOUS
100
AcDbLine
 10
132.7588539999999853
 20
-84.5369779999999906
 30
0
 11
132.7588539999999853
 21
-84.0739579999999904
 31
0
  0
LINE
  5
B78
330
22
100
AcDbEntity
  8
B.Silkscreen
  6
CONTINUOUS
100
AcDbLine
 10
132.7588539999999853
 20
-84.0739579999999904
 30
0
 11
133.2218749999999829
 21
-84.0739579999999904
 31
0
  0
LINE
  5
B79
330
22
100
AcDbEntity
  8
B.Silkscreen
  6
CONTINUOUS
100
AcDbLine
 10
133.2218749999999829
 20
-84.0739579999999904
 30
0
 11
133.2218749999999829
 21
-84.5369779999999906
 31
0
  0
LINE
  5
B7A
330
22
100
AcDbEntity
  8
B.Silkscreen
  6
CONTINUOUS
100
AcDbLine
 10
139.2411459999999863
 20
-84.5369779999999906
 30
0
 11
138.7781239999999912
 21
-84.5369779999999906
 31
0
  0
LINE
  5
B7B
330
22
100
AcDbEntity
  8
B.Silkscreen
  6
CONTINUOUS
100
AcDbLine
 10
138.7781239999999912
 20
-84.5369779999999906
 30
0
 11
138.7781239999999912
 21
-84.0739579999999904
 31
0
  0
LINE
  5
B7C
330
22
100
AcDbEntity
  8
B.Silkscreen
  6
CONTINUOUS
100
AcDbLine
 10
138.7781239999999912
 20
-84.0739579999999904
 30
0
 11
138.3151039999999909
 21
-84.0739579999999904
 31
0
  0
LINE
  5
B7D
330
22
100
AcDbEntity
  8
B.Silkscreen
  6
CONTINUOUS
100
AcDbLine
 10
138.3151039999999909
 20
-84.0739579999999904
 30
0
 11
137.8520829999999933
 21
-84.0739579999999904
 31
0
  0
LINE
  5
B7E
330
22
100
AcDbEntity
  8
B.Silkscreen
  6
CONTINUOUS
100
AcDbLine
 10
137.8520829999999933
 20
-84.0739579999999904
 30
0
 11
137.8520829999999933
 21
-84.5369779999999906
 31
0
  0
LINE
  5
B7F
330
22
100
AcDbEntity
  8
B.Silkscreen
  6
CONTINUOUS
100
AcDbLine
 10
137.8520829999999933
 20
-84.5369779999999906
 30
0
 11
137.8520829999999933
 21
-85.
 31
0
  0
LINE
  5
B80
330
22
100
AcDbEntity
  8
B.Silkscreen
  6
CONTINUOUS
100
AcDbLine
 10
137.8520829999999933
 20
-85.
 30
0
 11
137.8520829999999933
 21
-85.4630200000000002
 31
0
  0
LINE
  5
B81
330
22
100
AcDbEntity
  8
B.Silkscreen
  6
CONTINUOUS
100
AcDbLine
 10
137.8520829999999933
 20
-85.4630200000000002
 30
0
 11
137.8520829999999933
 21
-85.9260409999999979
 31
0
  0
LINE
  5
B82
330
22
100
AcDbEntity
  8
B.Silkscreen
  6
CONTINUOUS
100
AcDbLine
 10
137.8520829999999933
 20
-85.9260409999999979
 30
0
 11
137.3890629999999931
 21
-85.9260409999999979
 31
0
  0
LINE
  5
B83
330
22
100
AcDbEntity
  8
B.Silkscreen
  6
CONTINUOUS
100
AcDbLine
 10
137.3890629999999931
 20
-85.9260409999999979
 30
0
 11
137.3890629999999931
 21
-86.3890609999999981
 31
0
  0
LINE
  5
B84
330
22
100
AcDbEntity
  8
B.Silkscreen
  6
CONTINUOUS
100
AcDbLine
 10
137.3890629999999931
 20
-86.3890609999999981
 30
0
 11
136.9260419999999954
 21
-86.3890609999999981
 31
0
  0
LINE
  5
B85
330
22
100
AcDbEntity
  8
B.Silkscreen
  6
CONTINUOUS
100
AcDbLine
 10
136.9260419999999954
 20
-86.3890609999999981
 30
0
 11
136.9260419999999954
 21
-85.9260409999999979
 31
0
  0
LINE
  5
B86
330
22
100
AcDbEntity
  8
B.Silkscreen
  6
CONTINUOUS
100
AcDbLine
 10
136.9260419999999954
 20
-85.9260409999999979
 30
0
 11
136.9260419999999954
 21
-85.4630200000000002
 31
0
  0
LINE
  5
B87
330
22
100
AcDbEntity
  8
B.Silkscreen
  6
CONTINUOUS
100
AcDbLine
 10
136.9260419999999954
 20
-85.4630200000000002
 30
0
 11
136.4630209999999977
 21
-85.4630200000000002
 31
0
  0
LINE
  5
B88
330
22
100
AcDbEntity
  8
B.Silkscreen
  6
CONTINUOUS
100
AcDbLine
 10
136.4630209999999977
 20
-85.4630200000000002
 30
0
 11
136.
 21
-85.4630200000000002
 31
0
  0
LINE
  5
B89
330
22
100
AcDbEntity
  8
B.Silkscreen
  6
CONTINUOUS
100
AcDbLine
 10
136.
 20
-85.4630200000000002
 30
0
 11
136.
 21
-85.
 31
0
  0
LINE
  5
B8A
330
22
100
AcDbEntity
  8
B.Silkscreen
  6
CONTINUOUS
100
AcDbLine
 10
136.
 20
-85.
 30
0
 11
136.4630209999999977
 21
-85.
 31
0
  0
LINE
  5
B8B
330
22
100
AcDbEntity
  8
B.Silkscreen
  6
CONTINUOUS
100
AcDbLine
 10
136.4630209999999977
 20
-85.
 30
0
 11
136.4630209999999977
 21
-84.5369779999999906
 31
0
  0
LINE
  5
B8C
330
22
100
AcDbEntity
  8
B.Silkscreen
  6
CONTINUOUS
100
AcDbLine
 10
136.4630209999999977
 20
-84.5369779999999906
 30
0
 11
136.9260419999999954
 21
-84.5369779999999906
 31
0
  0
LINE
  5
B8D
330
22
100
AcDbEntity
  8
B.Silkscreen
  6
CONTINUOUS
100
AcDbLine
 10
136.9260419999999954
 20
-84.5369779999999906
 30
0
 11
136.9260419999999954
 21
-84.0739579999999904
 31
0
  0
LINE
  5
B8E
330
22
100
AcDbEntity
  8
B.Silkscreen
  6
CONTINUOUS
100
AcDbLine
 10
136.9260419999999954
 20
-84.0739579999999904
 30
0
 11
137.3890629999999931
 21
-84.0739579999999904
 31
0
  0
LINE
  5
B8F
330
22
100
AcDbEntity
  8
B.Silkscreen
  6
CONTINUOUS
100
AcDbLine
 10
137.3890629999999931
 20
-84.0739579999999904
 30
0
 11
137.3890629999999931
 21
-83.6109369999999927
 31
0
  0
LINE
  5
B90
330
22
100
AcDbEntity
  8
B.Silkscreen
  6
CONTINUOUS
100
AcDbLine
 10
137.3890629999999931
 20
-83.6109369999999927
 30
0
 11
137.3890629999999931
 21
-83.1479159999999951
 31
0
  0
LINE
  5
B91
330
22
100
AcDbEntity
  8
B.Silkscreen
  6
CONTINUOUS
100
AcDbLine
 10
137.3890629999999931
 20
-83.1479159999999951
 30
0
 11
136.9260419999999954
 21
-83.1479159999999951
 31
0
  0
LINE
  5
B92
330
22
100
AcDbEntity
  8
B.Silkscreen
  6
CONTINUOUS
100
AcDbLine
 10
136.9260419999999954
 20
-83.1479159999999951
 30
0
 11
136.4630209999999977
 21
-83.1479159999999951
 31
0
  0
LINE
  5
B93
330
22
100
AcDbEntity
  8
B.Silkscreen
  6
CONTINUOUS
100
AcDbLine
 10
136.4630209999999977
 20
-83.1479159999999951
 30
0
 11
136.4630209999999977
 21
-82.6848949999999974
 31
0
  0
LINE
  5
B94
330
22
100
AcDbEntity
  8
B.Silkscreen
  6
CONTINUOUS
100
AcDbLine
 10
136.4630209999999977
 20
-82.6848949999999974
 30
0
 11
136.9260419999999954
 21
-82.6848949999999974
 31
0
  0
LINE
  5
B95
330
22
100
AcDbEntity
  8
B.Silkscreen
  6
CONTINUOUS
100
AcDbLine
 10
136.9260419999999954
 20
-82.6848949999999974
 30
0
 11
136.9260419999999954
 21
-82.2218739999999997
 31
0
  0
LINE
  5
B96
330
22
100
AcDbEntity
  8
B.Silkscreen
  6
CONTINUOUS
100
AcDbLine
 10
136.9260419999999954
 20
-82.2218739999999997
 30
0
 11
136.9260419999999954
 21
-81.758853000000002
 31
0
  0
LINE
  5
B97
330
22
100
AcDbEntity
  8
B.Silkscreen
  6
CONTINUOUS
100
AcDbLine
 10
136.9260419999999954
 20
-81.758853000000002
 30
0
 11
137.3890629999999931
 21
-81.758853000000002
 31
0
  0
LINE
  5
B98
330
22
100
AcDbEntity
  8
B.Silkscreen
  6
CONTINUOUS
100
AcDbLine
 10
137.3890629999999931
 20
-81.758853000000002
 30
0
 11
137.3890629999999931
 21
-82.2218739999999997
 31
0
  0
LINE
  5
B99
330
22
100
AcDbEntity
  8
B.Silkscreen
  6
CONTINUOUS
100
AcDbLine
 10
137.3890629999999931
 20
-82.2218739999999997
 30
0
 11
137.3890629999999931
 21
-82.6848949999999974
 31
0
  0
LINE
  5
B9A
330
22
100
AcDbEntity
  8
B.Silkscreen
  6
CONTINUOUS
100
AcDbLine
 10
137.3890629999999931
 20
-82.6848949999999974
 30
0
 11
137.8520829999999933
 21
-82.6848949999999974
 31
0
  0
LINE
  5
B9B
330
22
100
AcDbEntity
  8
B.Silkscreen
  6
CONTINUOUS
100
AcDbLine
 10
137.8520829999999933
 20
-82.6848949999999974
 30
0
 11
137.8520829999999933
 21
-82.2218739999999997
 31
0
  0
LINE
  5
B9C
330
22
100
AcDbEntity
  8
B.Silkscreen
  6
CONTINUOUS
100
AcDbLine
 10
137.8520829999999933
 20
-82.2218739999999997
 30
0
 11
137.8520829999999933
 21
-81.758853000000002
 31
0
  0
LINE
  5
B9D
330
22
100
AcDbEntity
  8
B.Silkscreen
  6
CONTINUOUS
100
AcDbLine
 10
137.8520829999999933
 20
-81.758853000000002
 30
0
 11
138.3151039999999909
 21
-81.758853000000002
 31
0
  0
LINE
  5
B9E
330
22
100
AcDbEntity
  8
B.Silkscreen
  6
CONTINUOUS
100
AcDbLine
 10
138.3151039999999909
 20
-81.758853000000002
 30
0
 11
138.3151039999999909
 21
-82.2218739999999997
 31
0
  0
LINE
  5
B9F
330
22
100
AcDbEntity
  8
B.Silkscreen
  6
CONTINUOUS
100
AcDbLine
 10
138.3151039999999909
 20
-82.2218739999999997
 30
0
 11
138.3151039999999909
 21
-82.6848949999999974
 31
0
  0
LINE
  5
BA0
330
22
100
AcDbEntity
  8
B.Silkscreen
  6
CONTINUOUS
100
AcDbLine
 10
138.3151039999999909
 20
-82.6848949999999974
 30
0
 11
138.7781239999999912
 21
-82.6848949999999974
 31
0
  0
LINE
  5
BA1
330
22
100
AcDbEntity
  8
B.Silkscreen
  6
CONTINUOUS
100
AcDbLine
 10
138.7781239999999912
 20
-82.6848949999999974
 30
0
 11
139.2411459999999863
 21
-82.6848949999999974
 31
0
  0
LINE
  5
BA2
330
22
100
AcDbEntity
  8
B.Silkscreen
  6
CONTINUOUS
100
AcDbLine
 10
139.2411459999999863
 20
-82.6848949999999974
 30
0
 11
139.7041659999999865
 21
-82.6848949999999974
 31
0
  0
LINE
  5
BA3
330
22
100
AcDbEntity
  8
B.Silkscreen
  6
CONTINUOUS
100
AcDbLine
 10
139.7041659999999865
 20
-82.6848949999999974
 30
0
 11
139.7041659999999865
 21
-83.1479159999999951
 31
0
  0
LINE
  5
BA4
330
22
100
AcDbEntity
  8
B.Silkscreen
  6
CONTINUOUS
100
AcDbLine
 10
139.7041659999999865
 20
-83.1479159999999951
 30
0
 11
139.2411459999999863
 21
-83.1479159999999951
 31
0
  0
LINE
  5
BA5
330
22
100
AcDbEntity
  8
B.Silkscreen
  6
CONTINUOUS
100
AcDbLine
 10
139.2411459999999863
 20
-83.1479159999999951
 30
0
 11
138.7781239999999912
 21
-83.1479159999999951
 31
0
  0
LINE
  5
BA6
330
22
100
AcDbEntity
  8
B.Silkscreen
  6
CONTINUOUS
100
AcDbLine
 10
138.7781239999999912
 20
-83.1479159999999951
 30
0
 11
138.3151039999999909
 21
-83.1479159999999951
 31
0
  0
LINE
  5
BA7
330
22
100
AcDbEntity
  8
B.Silkscreen
  6
CONTINUOUS
100
AcDbLine
 10
138.3151039999999909
 20
-83.1479159999999951
 30
0
 11
137.8520829999999933
 21
-83.1479159999999951
 31
0
  0
LINE
  5
BA8
330
22
100
AcDbEntity
  8
B.Silkscreen
  6
CONTINUOUS
100
AcDbLine
 10
137.8520829999999933
 20
-83.1479159999999951
 30
0
 11
137.8520829999999933
 21
-83.6109369999999927
 31
0
  0
LINE
  5
BA9
330
22
100
AcDbEntity
  8
B.Silkscreen
  6
CONTINUOUS
100
AcDbLine
 10
137.8520829999999933
 20
-83.6109369999999927
 30
0
 11
138.3151039999999909
 21
-83.6109369999999927
 31
0
  0
LINE
  5
BAA
330
22
100
AcDbEntity
  8
B.Silkscreen
  6
CONTINUOUS
100
AcDbLine
 10
138.3151039999999909
 20
-83.6109369999999927
 30
0
 11
138.7781239999999912
 21
-83.6109369999999927
 31
0
  0
LINE
  5
BAB
330
22
100
AcDbEntity
  8
B.Silkscreen
  6
CONTINUOUS
100
AcDbLine
 10
138.7781239999999912
 20
-83.6109369999999927
 30
0
 11
139.2411459999999863
 21
-83.6109369999999927
 31
0
  0
LINE
  5
BAC
330
22
100
AcDbEntity
  8
B.Silkscreen
  6
CONTINUOUS
100
AcDbLine
 10
139.2411459999999863
 20
-83.6109369999999927
 30
0
 11
139.2411459999999863
 21
-84.0739579999999904
 31
0
  0
LINE
  5
BAD
330
22
100
AcDbEntity
  8
B.Silkscreen
  6
CONTINUOUS
100
AcDbLine
 10
139.2411459999999863
 20
-84.0739579999999904
 30
0
 11
139.2411459999999863
 21
-84.5369779999999906
 31
0
  0
LINE
  5
BAE
330
22
100
AcDbEntity
  8
B.Silkscreen
  6
CONTINUOUS
100
AcDbLine
 10
117.2437189999999987
 20
-81.7237509999999929
 30
0
 11
117.2761909999999972
 21
-81.7562229999999914
 31
0
  0
LINE
  5
BAF
330
22
100
AcDbEntity
  8
B.Silkscreen
  6
CONTINUOUS
100
AcDbLine
 10
117.2761909999999972
 20
-81.7562229999999914
 30
0
 11
117.2807579999999916
 21
-81.7791840000000008
 31
0
  0
LINE
  5
BB0
330
22
100
AcDbEntity
  8
B.Silkscreen
  6
CONTINUOUS
100
AcDbLine
 10
117.2807579999999916
 20
-81.7791840000000008
 30
0
 11
117.2807579999999916
 21
-84.4291839999999922
 31
0
  0
LINE
  5
BB1
330
22
100
AcDbEntity
  8
B.Silkscreen
  6
CONTINUOUS
100
AcDbLine
 10
117.2807579999999916
 20
-84.4291839999999922
 30
0
 11
117.2761909999999972
 21
-84.4521450000000016
 31
0
  0
LINE
  5
BB2
330
22
100
AcDbEntity
  8
B.Silkscreen
  6
CONTINUOUS
100
AcDbLine
 10
117.2761909999999972
 20
-84.4521450000000016
 30
0
 11
117.2437189999999987
 21
-84.4846170000000001
 31
0
  0
LINE
  5
BB3
330
22
100
AcDbEntity
  8
B.Silkscreen
  6
CONTINUOUS
100
AcDbLine
 10
117.2437189999999987
 20
-84.4846170000000001
 30
0
 11
117.2207579999999894
 21
-84.4891839999999945
 31
0
  0
LINE
  5
BB4
330
22
100
AcDbEntity
  8
B.Silkscreen
  6
CONTINUOUS
100
AcDbLine
 10
117.2207579999999894
 20
-84.4891839999999945
 30
0
 11
114.4607579999999984
 21
-84.4891839999999945
 31
0
  0
LINE
  5
BB5
330
22
100
AcDbEntity
  8
B.Silkscreen
  6
CONTINUOUS
100
AcDbLine
 10
114.4607579999999984
 20
-84.4891839999999945
 30
0
 11
114.4377969999999891
 21
-84.4846170000000001
 31
0
  0
LINE
  5
BB6
330
22
100
AcDbEntity
  8
B.Silkscreen
  6
CONTINUOUS
100
AcDbLine
 10
114.4377969999999891
 20
-84.4846170000000001
 30
0
 11
114.4053249999999906
 21
-84.4521450000000016
 31
0
  0
LINE
  5
BB7
330
22
100
AcDbEntity
  8
B.Silkscreen
  6
CONTINUOUS
100
AcDbLine
 10
114.4053249999999906
 20
-84.4521450000000016
 30
0
 11
114.4007579999999962
 21
-84.4291839999999922
 31
0
  0
LINE
  5
BB8
330
22
100
AcDbEntity
  8
B.Silkscreen
  6
CONTINUOUS
100
AcDbLine
 10
114.4007579999999962
 20
-84.4291839999999922
 30
0
 11
114.4007579999999962
 21
-81.7791840000000008
 31
0
  0
LINE
  5
BB9
330
22
100
AcDbEntity
  8
B.Silkscreen
  6
CONTINUOUS
100
AcDbLine
 10
114.4007579999999962
 20
-81.7791840000000008
 30
0
 11
114.4053249999999906
 21
-81.7562229999999914
 31
0
  0
LINE
  5
BBA
330
22
100
AcDbEntity
  8
B.Silkscreen
  6
CONTINUOUS
100
AcDbLine
 10
114.4053249999999906
 20
-81.7562229999999914
 30
0
 11
114.4377969999999891
 21
-81.7237509999999929
 31
0
  0
LINE
  5
BBB
330
22
100
AcDbEntity
  8
B.Silkscreen
  6
CONTINUOUS
100
AcDbLine
 10
114.4377969999999891
 20
-81.7237509999999929
 30
0
 11
114.4607579999999984
 21
-81.7191839999999985
 31
0
  0
LINE
  5
BBC
330
22
100
AcDbEntity
  8
B.Silkscreen
  6
CONTINUOUS
100
AcDbLine
 10
114.4607579999999984
 20
-81.7191839999999985
 30
0
 11
117.2207579999999894
 21
-81.7191839999999985
 31
0
  0
LINE
  5
BBD
330
22
100
AcDbEntity
  8
B.Silkscreen
  6
CONTINUOUS
100
AcDbLine
 10
117.2207579999999894
 20
-81.7191839999999985
 30
0
 11
117.2437189999999987
 21
-81.7237509999999929
 31
0
  0
LINE
  5
BBE
330
22
100
AcDbEntity
  8
B.Silkscreen
  6
CONTINUOUS
100
AcDbLine
 10
114.5207580000000007
 20
-81.839184000000003
 30
0
 11
114.5207580000000007
 21
-84.36918399999999
 31
0
  0
LINE
  5
BBF
330
22
100
AcDbEntity
  8
B.Silkscreen
  6
CONTINUOUS
100
AcDbLine
 10
114.5207580000000007
 20
-84.36918399999999
 30
0
 11
117.1607580000000013
 21
-84.36918399999999
 31
0
  0
LINE
  5
BC0
330
22
100
AcDbEntity
  8
B.Silkscreen
  6
CONTINUOUS
100
AcDbLine
 10
117.1607580000000013
 20
-84.36918399999999
 30
0
 11
117.1607580000000013
 21
-81.839184000000003
 31
0
  0
LINE
  5
BC1
330
22
100
AcDbEntity
  8
B.Silkscreen
  6
CONTINUOUS
100
AcDbLine
 10
117.1607580000000013
 20
-81.839184000000003
 30
0
 11
114.5207580000000007
 21
-81.839184000000003
 31
0
  0
LINE
  5
BC2
330
22
100
AcDbEntity
  8
B.Silkscreen
  6
CONTINUOUS
100
AcDbLine
 10
133.6848959999999806
 20
-84.0739579999999904
 30
0
 11
133.2218749999999829
 21
-84.0739579999999904
 31
0
  0
LINE
  5
BC3
330
22
100
AcDbEntity
  8
B.Silkscreen
  6
CONTINUOUS
100
AcDbLine
 10
133.2218749999999829
 20
-84.0739579999999904
 30
0
 11
133.2218749999999829
 21
-83.6109369999999927
 31
0
  0
LINE
  5
BC4
330
22
100
AcDbEntity
  8
B.Silkscreen
  6
CONTINUOUS
100
AcDbLine
 10
133.2218749999999829
 20
-83.6109369999999927
 30
0
 11
133.2218749999999829
 21
-83.1479159999999951
 31
0
  0
LINE
  5
BC5
330
22
100
AcDbEntity
  8
B.Silkscreen
  6
CONTINUOUS
100
AcDbLine
 10
133.2218749999999829
 20
-83.1479159999999951
 30
0
 11
133.6848959999999806
 21
-83.1479159999999951
 31
0
  0
LINE
  5
BC6
330
22
100
AcDbEntity
  8
B.Silkscreen
  6
CONTINUOUS
100
AcDbLine
 10
133.6848959999999806
 20
-83.1479159999999951
 30
0
 11
134.1479170000000067
 21
-83.1479159999999951
 31
0
  0
LINE
  5
BC7
330
22
100
AcDbEntity
  8
B.Silkscreen
  6
CONTINUOUS
100
AcDbLine
 10
134.1479170000000067
 20
-83.1479159999999951
 30
0
 11
134.1479170000000067
 21
-83.6109369999999927
 31
0
  0
LINE
  5
BC8
330
22
100
AcDbEntity
  8
B.Silkscreen
  6
CONTINUOUS
100
AcDbLine
 10
134.1479170000000067
 20
-83.6109369999999927
 30
0
 11
133.6848959999999806
 21
-83.6109369999999927
 31
0
  0
LINE
  5
BC9
330
22
100
AcDbEntity
  8
B.Silkscreen
  6
CONTINUOUS
100
AcDbLine
 10
133.6848959999999806
 20
-83.6109369999999927
 30
0
 11
133.6848959999999806
 21
-84.0739579999999904
 31
0
  0
LINE
  5
BCA
330
22
100
AcDbEntity
  8
B.Silkscreen
  6
CONTINUOUS
100
AcDbLine
 10
142.0192710000000034
 20
-84.0739579999999904
 30
0
 11
141.5562500000000057
 21
-84.0739579999999904
 31
0
  0
LINE
  5
BCB
330
22
100
AcDbEntity
  8
B.Silkscreen
  6
CONTINUOUS
100
AcDbLine
 10
141.5562500000000057
 20
-84.0739579999999904
 30
0
 11
141.5562500000000057
 21
-83.6109369999999927
 31
0
  0
LINE
  5
BCC
330
22
100
AcDbEntity
  8
B.Silkscreen
  6
CONTINUOUS
100
AcDbLine
 10
141.5562500000000057
 20
-83.6109369999999927
 30
0
 11
142.0192710000000034
 21
-83.6109369999999927
 31
0
  0
LINE
  5
BCD
330
22
100
AcDbEntity
  8
B.Silkscreen
  6
CONTINUOUS
100
AcDbLine
 10
142.0192710000000034
 20
-83.6109369999999927
 30
0
 11
142.0192710000000034
 21
-84.0739579999999904
 31
0
  0
LINE
  5
BCE
330
22
100
AcDbEntity
  8
B.Silkscreen
  6
CONTINUOUS
100
AcDbLine
 10
132.7588539999999853
 20
-83.6109369999999927
 30
0
 11
132.2958339999999851
 21
-83.6109369999999927
 31
0
  0
LINE
  5
BCF
330
22
100
AcDbEntity
  8
B.Silkscreen
  6
CONTINUOUS
100
AcDbLine
 10
132.2958339999999851
 20
-83.6109369999999927
 30
0
 11
131.8328119999999899
 21
-83.6109369999999927
 31
0
  0
LINE
  5
BD0
330
22
100
AcDbEntity
  8
B.Silkscreen
  6
CONTINUOUS
100
AcDbLine
 10
131.8328119999999899
 20
-83.6109369999999927
 30
0
 11
131.8328119999999899
 21
-83.1479159999999951
 31
0
  0
LINE
  5
BD1
330
22
100
AcDbEntity
  8
B.Silkscreen
  6
CONTINUOUS
100
AcDbLine
 10
131.8328119999999899
 20
-83.1479159999999951
 30
0
 11
131.8328119999999899
 21
-82.6848949999999974
 31
0
  0
LINE
  5
BD2
330
22
100
AcDbEntity
  8
B.Silkscreen
  6
CONTINUOUS
100
AcDbLine
 10
131.8328119999999899
 20
-82.6848949999999974
 30
0
 11
132.2958339999999851
 21
-82.6848949999999974
 31
0
  0
LINE
  5
BD3
330
22
100
AcDbEntity
  8
B.Silkscreen
  6
CONTINUOUS
100
AcDbLine
 10
132.2958339999999851
 20
-82.6848949999999974
 30
0
 11
132.7588539999999853
 21
-82.6848949999999974
 31
0
  0
LINE
  5
BD4
330
22
100
AcDbEntity
  8
B.Silkscreen
  6
CONTINUOUS
100
AcDbLine
 10
132.7588539999999853
 20
-82.6848949999999974
 30
0
 11
133.2218749999999829
 21
-82.6848949999999974
 31
0
  0
LINE
  5
BD5
330
22
100
AcDbEntity
  8
B.Silkscreen
  6
CONTINUOUS
100
AcDbLine
 10
133.2218749999999829
 20
-82.6848949999999974
 30
0
 11
133.2218749999999829
 21
-83.1479159999999951
 31
0
  0
LINE
  5
BD6
330
22
100
AcDbEntity
  8
B.Silkscreen
  6
CONTINUOUS
100
AcDbLine
 10
133.2218749999999829
 20
-83.1479159999999951
 30
0
 11
132.7588539999999853
 21
-83.1479159999999951
 31
0
  0
LINE
  5
BD7
330
22
100
AcDbEntity
  8
B.Silkscreen
  6
CONTINUOUS
100
AcDbLine
 10
132.7588539999999853
 20
-83.1479159999999951
 30
0
 11
132.7588539999999853
 21
-83.6109369999999927
 31
0
  0
LINE
  5
BD8
330
22
100
AcDbEntity
  8
B.Silkscreen
  6
CONTINUOUS
100
AcDbLine
 10
135.0739580000000046
 20
-83.6109369999999927
 30
0
 11
134.6109380000000044
 21
-83.6109369999999927
 31
0
  0
LINE
  5
BD9
330
22
100
AcDbEntity
  8
B.Silkscreen
  6
CONTINUOUS
100
AcDbLine
 10
134.6109380000000044
 20
-83.6109369999999927
 30
0
 11
134.6109380000000044
 21
-83.1479159999999951
 31
0
  0
LINE
  5
BDA
330
22
100
AcDbEntity
  8
B.Silkscreen
  6
CONTINUOUS
100
AcDbLine
 10
134.6109380000000044
 20
-83.1479159999999951
 30
0
 11
134.1479170000000067
 21
-83.1479159999999951
 31
0
  0
LINE
  5
BDB
330
22
100
AcDbEntity
  8
B.Silkscreen
  6
CONTINUOUS
100
AcDbLine
 10
134.1479170000000067
 20
-83.1479159999999951
 30
0
 11
134.1479170000000067
 21
-82.6848949999999974
 31
0
  0
LINE
  5
BDC
330
22
100
AcDbEntity
  8
B.Silkscreen
  6
CONTINUOUS
100
AcDbLine
 10
134.1479170000000067
 20
-82.6848949999999974
 30
0
 11
134.6109380000000044
 21
-82.6848949999999974
 31
0
  0
LINE
  5
BDD
330
22
100
AcDbEntity
  8
B.Silkscreen
  6
CONTINUOUS
100
AcDbLine
 10
134.6109380000000044
 20
-82.6848949999999974
 30
0
 11
135.0739580000000046
 21
-82.6848949999999974
 31
0
  0
LINE
  5
BDE
330
22
100
AcDbEntity
  8
B.Silkscreen
  6
CONTINUOUS
100
AcDbLine
 10
135.0739580000000046
 20
-82.6848949999999974
 30
0
 11
135.0739580000000046
 21
-83.1479159999999951
 31
0
  0
LINE
  5
BDF
330
22
100
AcDbEntity
  8
B.Silkscreen
  6
CONTINUOUS
100
AcDbLine
 10
135.0739580000000046
 20
-83.1479159999999951
 30
0
 11
135.0739580000000046
 21
-83.6109369999999927
 31
0
  0
LINE
  5
BE0
330
22
100
AcDbEntity
  8
B.Silkscreen
  6
CONTINUOUS
100
AcDbLine
 10
136.
 20
-83.6109369999999927
 30
0
 11
135.5369790000000023
 21
-83.6109369999999927
 31
0
  0
LINE
  5
BE1
330
22
100
AcDbEntity
  8
B.Silkscreen
  6
CONTINUOUS
100
AcDbLine
 10
135.5369790000000023
 20
-83.6109369999999927
 30
0
 11
135.5369790000000023
 21
-83.1479159999999951
 31
0
  0
LINE
  5
BE2
330
22
100
AcDbEntity
  8
B.Silkscreen
  6
CONTINUOUS
100
AcDbLine
 10
135.5369790000000023
 20
-83.1479159999999951
 30
0
 11
136.
 21
-83.1479159999999951
 31
0
  0
LINE
  5
BE3
330
22
100
AcDbEntity
  8
B.Silkscreen
  6
CONTINUOUS
100
AcDbLine
 10
136.
 20
-83.1479159999999951
 30
0
 11
136.
 21
-83.6109369999999927
 31
0
  0
LINE
  5
BE4
330
22
100
AcDbEntity
  8
B.Silkscreen
  6
CONTINUOUS
100
AcDbLine
 10
140.1671869999999842
 20
-83.6109369999999927
 30
0
 11
139.7041659999999865
 21
-83.6109369999999927
 31
0
  0
LINE
  5
BE5
330
22
100
AcDbEntity
  8
B.Silkscreen
  6
CONTINUOUS
100
AcDbLine
 10
139.7041659999999865
 20
-83.6109369999999927
 30
0
 11
139.7041659999999865
 21
-83.1479159999999951
 31
0
  0
LINE
  5
BE6
330
22
100
AcDbEntity
  8
B.Silkscreen
  6
CONTINUOUS
100
AcDbLine
 10
139.7041659999999865
 20
-83.1479159999999951
 30
0
 11
140.1671869999999842
 21
-83.1479159999999951
 31
0
  0
LINE
  5
BE7
330
22
100
AcDbEntity
  8
B.Silkscreen
  6
CONTINUOUS
100
AcDbLine
 10
140.1671869999999842
 20
-83.1479159999999951
 30
0
 11
140.1671869999999842
 21
-83.6109369999999927
 31
0
  0
LINE
  5
BE8
330
22
100
AcDbEntity
  8
B.Silkscreen
  6
CONTINUOUS
100
AcDbLine
 10
142.9453120000000013
 20
-83.1479159999999951
 30
0
 11
143.4083329999999989
 21
-83.1479159999999951
 31
0
  0
LINE
  5
BE9
330
22
100
AcDbEntity
  8
B.Silkscreen
  6
CONTINUOUS
100
AcDbLine
 10
143.4083329999999989
 20
-83.1479159999999951
 30
0
 11
143.4083329999999989
 21
-83.6109369999999927
 31
0
  0
LINE
  5
BEA
330
22
100
AcDbEntity
  8
B.Silkscreen
  6
CONTINUOUS
100
AcDbLine
 10
143.4083329999999989
 20
-83.6109369999999927
 30
0
 11
142.9453120000000013
 21
-83.6109369999999927
 31
0
  0
LINE
  5
BEB
330
22
100
AcDbEntity
  8
B.Silkscreen
  6
CONTINUOUS
100
AcDbLine
 10
142.9453120000000013
 20
-83.6109369999999927
 30
0
 11
142.4822910000000036
 21
-83.6109369999999927
 31
0
  0
LINE
  5
BEC
330
22
100
AcDbEntity
  8
B.Silkscreen
  6
CONTINUOUS
100
AcDbLine
 10
142.4822910000000036
 20
-83.6109369999999927
 30
0
 11
142.4822910000000036
 21
-83.1479159999999951
 31
0
  0
LINE
  5
BED
330
22
100
AcDbEntity
  8
B.Silkscreen
  6
CONTINUOUS
100
AcDbLine
 10
142.4822910000000036
 20
-83.1479159999999951
 30
0
 11
142.9453120000000013
 21
-83.1479159999999951
 31
0
  0
LINE
  5
BEE
330
22
100
AcDbEntity
  8
B.Silkscreen
  6
CONTINUOUS
100
AcDbLine
 10
142.0192710000000034
 20
-83.1479159999999951
 30
0
 11
141.5562500000000057
 21
-83.1479159999999951
 31
0
  0
LINE
  5
BEF
330
22
100
AcDbEntity
  8
B.Silkscreen
  6
CONTINUOUS
100
AcDbLine
 10
141.5562500000000057
 20
-83.1479159999999951
 30
0
 11
141.5562500000000057
 21
-82.6848949999999974
 31
0
  0
LINE
  5
BF0
330
22
100
AcDbEntity
  8
B.Silkscreen
  6
CONTINUOUS
100
AcDbLine
 10
141.5562500000000057
 20
-82.6848949999999974
 30
0
 11
142.0192710000000034
 21
-82.6848949999999974
 31
0
  0
LINE
  5
BF1
330
22
100
AcDbEntity
  8
B.Silkscreen
  6
CONTINUOUS
100
AcDbLine
 10
142.0192710000000034
 20
-82.6848949999999974
 30
0
 11
142.0192710000000034
 21
-83.1479159999999951
 31
0
  0
LINE
  5
BF2
330
22
100
AcDbEntity
  8
B.Silkscreen
  6
CONTINUOUS
100
AcDbLine
 10
133.6848959999999806
 20
-81.2958330000000018
 30
0
 11
132.2958339999999851
 21
-81.2958330000000018
 31
0
  0
LINE
  5
BF3
330
22
100
AcDbEntity
  8
B.Silkscreen
  6
CONTINUOUS
100
AcDbLine
 10
132.2958339999999851
 20
-81.2958330000000018
 30
0
 11
132.2958339999999851
 21
-79.9067699999999945
 31
0
  0
LINE
  5
BF4
330
22
100
AcDbEntity
  8
B.Silkscreen
  6
CONTINUOUS
100
AcDbLine
 10
132.2958339999999851
 20
-79.9067699999999945
 30
0
 11
133.6848959999999806
 21
-79.9067699999999945
 31
0
  0
LINE
  5
BF5
330
22
100
AcDbEntity
  8
B.Silkscreen
  6
CONTINUOUS
100
AcDbLine
 10
133.6848959999999806
 20
-79.9067699999999945
 30
0
 11
133.6848959999999806
 21
-81.2958330000000018
 31
0
  0
LINE
  5
BF6
330
22
100
AcDbEntity
  8
B.Silkscreen
  6
CONTINUOUS
100
AcDbLine
 10
134.6109380000000044
 20
-82.2218739999999997
 30
0
 11
134.1247659999999939
 21
-82.2218739999999997
 31
0
  0
LINE
  5
BF7
330
22
100
AcDbEntity
  8
B.Silkscreen
  6
CONTINUOUS
100
AcDbLine
 10
134.1247659999999939
 20
-82.2218739999999997
 30
0
 11
131.8559640000000002
 21
-82.2218739999999997
 31
0
  0
LINE
  5
BF8
330
22
100
AcDbEntity
  8
B.Silkscreen
  6
CONTINUOUS
100
AcDbLine
 10
131.8559640000000002
 20
-82.2218739999999997
 30
0
 11
131.3697919999999897
 21
-82.2218739999999997
 31
0
  0
LINE
  5
BF9
330
22
100
AcDbEntity
  8
B.Silkscreen
  6
CONTINUOUS
100
AcDbLine
 10
131.3697919999999897
 20
-82.2218739999999997
 30
0
 11
131.3697919999999897
 21
-81.7357019999999892
 31
0
  0
LINE
  5
BFA
330
22
100
AcDbEntity
  8
B.Silkscreen
  6
CONTINUOUS
100
AcDbLine
 10
131.3697919999999897
 20
-81.7357019999999892
 30
0
 11
131.3697919999999897
 21
-79.4668999999999954
 31
0
  0
LINE
  5
BFB
330
22
100
AcDbEntity
  8
B.Silkscreen
  6
CONTINUOUS
100
AcDbLine
 10
131.3697919999999897
 20
-79.4668999999999954
 30
0
 11
131.3697919999999897
 21
-78.9807289999999966
 31
0
  0
LINE
  5
BFC
330
22
100
AcDbEntity
  8
B.Silkscreen
  6
CONTINUOUS
100
AcDbLine
 10
131.3697919999999897
 20
-78.9807289999999966
 30
0
 11
131.8559640000000002
 21
-78.9807289999999966
 31
0
  0
LINE
  5
BFD
330
22
100
AcDbEntity
  8
B.Silkscreen
  6
CONTINUOUS
100
AcDbLine
 10
131.8559640000000002
 20
-78.9807289999999966
 30
0
 11
134.1247659999999939
 21
-78.9807289999999966
 31
0
  0
LINE
  5
BFE
330
22
100
AcDbEntity
  8
B.Silkscreen
  6
CONTINUOUS
100
AcDbLine
 10
134.1247659999999939
 20
-78.9807289999999966
 30
0
 11
134.6109380000000044
 21
-78.9807289999999966
 31
0
  0
LINE
  5
BFF
330
22
100
AcDbEntity
  8
B.Silkscreen
  6
CONTINUOUS
100
AcDbLine
 10
134.6109380000000044
 20
-78.9807289999999966
 30
0
 11
134.6109380000000044
 21
-79.4668999999999954
 31
0
  0
LINE
  5
C00
330
22
100
AcDbEntity
  8
B.Silkscreen
  6
CONTINUOUS
100
AcDbLine
 10
134.6109380000000044
 20
-79.4668999999999954
 30
0
 11
134.6109380000000044
 21
-81.7357019999999892
 31
0
  0
LINE
  5
C01
330
22
100
AcDbEntity
  8
B.Silkscreen
  6
CONTINUOUS
100
AcDbLine
 10
134.6109380000000044
 20
-81.7357019999999892
 30
0
 11
134.6109380000000044
 21
-82.2218739999999997
 31
0
  0
LINE
  5
C02
330
22
100
AcDbEntity
  8
B.Silkscreen
  6
CONTINUOUS
100
AcDbLine
 10
134.1247659999999939
 20
-79.4668999999999954
 30
0
 11
131.8559640000000002
 21
-79.4668999999999954
 31
0
  0
LINE
  5
C03
330
22
100
AcDbEntity
  8
B.Silkscreen
  6
CONTINUOUS
100
AcDbLine
 10
131.8559640000000002
 20
-79.4668999999999954
 30
0
 11
131.8559640000000002
 21
-81.7357019999999892
 31
0
  0
LINE
  5
C04
330
22
100
AcDbEntity
  8
B.Silkscreen
  6
CONTINUOUS
100
AcDbLine
 10
131.8559640000000002
 20
-81.7357019999999892
 30
0
 11
134.1247659999999939
 21
-81.7357019999999892
 31
0
  0
LINE
  5
C05
330
22
100
AcDbEntity
  8
B.Silkscreen
  6
CONTINUOUS
100
AcDbLine
 10
134.1247659999999939
 20
-81.7357019999999892
 30
0
 11
134.1247659999999939
 21
-79.4668999999999954
 31
0
  0
LINE
  5
C06
330
22
100
AcDbEntity
  8
B.Silkscreen
  6
CONTINUOUS
100
AcDbLine
 10
136.4630209999999977
 20
-82.2218739999999997
 30
0
 11
136.
 21
-82.2218739999999997
 31
0
  0
LINE
  5
C07
330
22
100
AcDbEntity
  8
B.Silkscreen
  6
CONTINUOUS
100
AcDbLine
 10
136.
 20
-82.2218739999999997
 30
0
 11
136.
 21
-81.758853000000002
 31
0
  0
LINE
  5
C08
330
22
100
AcDbEntity
  8
B.Silkscreen
  6
CONTINUOUS
100
AcDbLine
 10
136.
 20
-81.758853000000002
 30
0
 11
136.
 21
-81.2958330000000018
 31
0
  0
LINE
  5
C09
330
22
100
AcDbEntity
  8
B.Silkscreen
  6
CONTINUOUS
100
AcDbLine
 10
136.
 20
-81.2958330000000018
 30
0
 11
135.5369790000000023
 21
-81.2958330000000018
 31
0
  0
LINE
  5
C0A
330
22
100
AcDbEntity
  8
B.Silkscreen
  6
CONTINUOUS
100
AcDbLine
 10
135.5369790000000023
 20
-81.2958330000000018
 30
0
 11
135.5369790000000023
 21
-81.758853000000002
 31
0
  0
LINE
  5
C0B
330
22
100
AcDbEntity
  8
B.Silkscreen
  6
CONTINUOUS
100
AcDbLine
 10
135.5369790000000023
 20
-81.758853000000002
 30
0
 11
135.5369790000000023
 21
-82.2218739999999997
 31
0
  0
LINE
  5
C0C
330
22
100
AcDbEntity
  8
B.Silkscreen
  6
CONTINUOUS
100
AcDbLine
 10
135.5369790000000023
 20
-82.2218739999999997
 30
0
 11
135.5369790000000023
 21
-82.6848949999999974
 31
0
  0
LINE
  5
C0D
330
22
100
AcDbEntity
  8
B.Silkscreen
  6
CONTINUOUS
100
AcDbLine
 10
135.5369790000000023
 20
-82.6848949999999974
 30
0
 11
135.0739580000000046
 21
-82.6848949999999974
 31
0
  0
LINE
  5
C0E
330
22
100
AcDbEntity
  8
B.Silkscreen
  6
CONTINUOUS
100
AcDbLine
 10
135.0739580000000046
 20
-82.6848949999999974
 30
0
 11
135.0739580000000046
 21
-82.2218739999999997
 31
0
  0
LINE
  5
C0F
330
22
100
AcDbEntity
  8
B.Silkscreen
  6
CONTINUOUS
100
AcDbLine
 10
135.0739580000000046
 20
-82.2218739999999997
 30
0
 11
135.0739580000000046
 21
-81.758853000000002
 31
0
  0
LINE
  5
C10
330
22
100
AcDbEntity
  8
B.Silkscreen
  6
CONTINUOUS
100
AcDbLine
 10
135.0739580000000046
 20
-81.758853000000002
 30
0
 11
135.0739580000000046
 21
-81.2958330000000018
 31
0
  0
LINE
  5
C11
330
22
100
AcDbEntity
  8
B.Silkscreen
  6
CONTINUOUS
100
AcDbLine
 10
135.0739580000000046
 20
-81.2958330000000018
 30
0
 11
135.0739580000000046
 21
-80.8328119999999899
 31
0
  0
LINE
  5
C12
330
22
100
AcDbEntity
  8
B.Silkscreen
  6
CONTINUOUS
100
AcDbLine
 10
135.0739580000000046
 20
-80.8328119999999899
 30
0
 11
135.5369790000000023
 21
-80.8328119999999899
 31
0
  0
LINE
  5
C13
330
22
100
AcDbEntity
  8
B.Silkscreen
  6
CONTINUOUS
100
AcDbLine
 10
135.5369790000000023
 20
-80.8328119999999899
 30
0
 11
136.
 21
-80.8328119999999899
 31
0
  0
LINE
  5
C14
330
22
100
AcDbEntity
  8
B.Silkscreen
  6
CONTINUOUS
100
AcDbLine
 10
136.
 20
-80.8328119999999899
 30
0
 11
136.4630209999999977
 21
-80.8328119999999899
 31
0
  0
LINE
  5
C15
330
22
100
AcDbEntity
  8
B.Silkscreen
  6
CONTINUOUS
100
AcDbLine
 10
136.4630209999999977
 20
-80.8328119999999899
 30
0
 11
136.4630209999999977
 21
-80.3697909999999922
 31
0
  0
LINE
  5
C16
330
22
100
AcDbEntity
  8
B.Silkscreen
  6
CONTINUOUS
100
AcDbLine
 10
136.4630209999999977
 20
-80.3697909999999922
 30
0
 11
136.9260419999999954
 21
-80.3697909999999922
 31
0
  0
LINE
  5
C17
330
22
100
AcDbEntity
  8
B.Silkscreen
  6
CONTINUOUS
100
AcDbLine
 10
136.9260419999999954
 20
-80.3697909999999922
 30
0
 11
137.3890629999999931
 21
-80.3697909999999922
 31
0
  0
LINE
  5
C18
330
22
100
AcDbEntity
  8
B.Silkscreen
  6
CONTINUOUS
100
AcDbLine
 10
137.3890629999999931
 20
-80.3697909999999922
 30
0
 11
137.8520829999999933
 21
-80.3697909999999922
 31
0
  0
LINE
  5
C19
330
22
100
AcDbEntity
  8
B.Silkscreen
  6
CONTINUOUS
100
AcDbLine
 10
137.8520829999999933
 20
-80.3697909999999922
 30
0
 11
137.8520829999999933
 21
-80.8328119999999899
 31
0
  0
LINE
  5
C1A
330
22
100
AcDbEntity
  8
B.Silkscreen
  6
CONTINUOUS
100
AcDbLine
 10
137.8520829999999933
 20
-80.8328119999999899
 30
0
 11
137.3890629999999931
 21
-80.8328119999999899
 31
0
  0
LINE
  5
C1B
330
22
100
AcDbEntity
  8
B.Silkscreen
  6
CONTINUOUS
100
AcDbLine
 10
137.3890629999999931
 20
-80.8328119999999899
 30
0
 11
137.3890629999999931
 21
-81.2958330000000018
 31
0
  0
LINE
  5
C1C
330
22
100
AcDbEntity
  8
B.Silkscreen
  6
CONTINUOUS
100
AcDbLine
 10
137.3890629999999931
 20
-81.2958330000000018
 30
0
 11
136.9260419999999954
 21
-81.2958330000000018
 31
0
  0
LINE
  5
C1D
330
22
100
AcDbEntity
  8
B.Silkscreen
  6
CONTINUOUS
100
AcDbLine
 10
136.9260419999999954
 20
-81.2958330000000018
 30
0
 11
136.4630209999999977
 21
-81.2958330000000018
 31
0
  0
LINE
  5
C1E
330
22
100
AcDbEntity
  8
B.Silkscreen
  6
CONTINUOUS
100
AcDbLine
 10
136.4630209999999977
 20
-81.2958330000000018
 30
0
 11
136.4630209999999977
 21
-81.758853000000002
 31
0
  0
LINE
  5
C1F
330
22
100
AcDbEntity
  8
B.Silkscreen
  6
CONTINUOUS
100
AcDbLine
 10
136.4630209999999977
 20
-81.758853000000002
 30
0
 11
136.4630209999999977
 21
-82.2218739999999997
 31
0
  0
LINE
  5
C20
330
22
100
AcDbEntity
  8
B.Silkscreen
  6
CONTINUOUS
100
AcDbLine
 10
140.1671869999999842
 20
-82.2218739999999997
 30
0
 11
139.7041659999999865
 21
-82.2218739999999997
 31
0
  0
LINE
  5
C21
330
22
100
AcDbEntity
  8
B.Silkscreen
  6
CONTINUOUS
100
AcDbLine
 10
139.7041659999999865
 20
-82.2218739999999997
 30
0
 11
139.7041659999999865
 21
-81.758853000000002
 31
0
  0
LINE
  5
C22
330
22
100
AcDbEntity
  8
B.Silkscreen
  6
CONTINUOUS
100
AcDbLine
 10
139.7041659999999865
 20
-81.758853000000002
 30
0
 11
140.1671869999999842
 21
-81.758853000000002
 31
0
  0
LINE
  5
C23
330
22
100
AcDbEntity
  8
B.Silkscreen
  6
CONTINUOUS
100
AcDbLine
 10
140.1671869999999842
 20
-81.758853000000002
 30
0
 11
140.1671869999999842
 21
-82.2218739999999997
 31
0
  0
LINE
  5
C24
330
22
100
AcDbEntity
  8
B.Silkscreen
  6
CONTINUOUS
100
AcDbLine
 10
143.8713539999999966
 20
-81.2958330000000018
 30
0
 11
142.4822910000000036
 21
-81.2958330000000018
 31
0
  0
LINE
  5
C25
330
22
100
AcDbEntity
  8
B.Silkscreen
  6
CONTINUOUS
100
AcDbLine
 10
142.4822910000000036
 20
-81.2958330000000018
 30
0
 11
142.4822910000000036
 21
-79.9067699999999945
 31
0
  0
LINE
  5
C26
330
22
100
AcDbEntity
  8
B.Silkscreen
  6
CONTINUOUS
100
AcDbLine
 10
142.4822910000000036
 20
-79.9067699999999945
 30
0
 11
143.8713539999999966
 21
-79.9067699999999945
 31
0
  0
LINE
  5
C27
330
22
100
AcDbEntity
  8
B.Silkscreen
  6
CONTINUOUS
100
AcDbLine
 10
143.8713539999999966
 20
-79.9067699999999945
 30
0
 11
143.8713539999999966
 21
-81.2958330000000018
 31
0
  0
LINE
  5
C28
330
22
100
AcDbEntity
  8
B.Silkscreen
  6
CONTINUOUS
100
AcDbLine
 10
144.7973949999999945
 20
-82.2218739999999997
 30
0
 11
144.3112239999999815
 21
-82.2218739999999997
 31
0
  0
LINE
  5
C29
330
22
100
AcDbEntity
  8
B.Silkscreen
  6
CONTINUOUS
100
AcDbLine
 10
144.3112239999999815
 20
-82.2218739999999997
 30
0
 11
142.0424219999999877
 21
-82.2218739999999997
 31
0
  0
LINE
  5
C2A
330
22
100
AcDbEntity
  8
B.Silkscreen
  6
CONTINUOUS
100
AcDbLine
 10
142.0424219999999877
 20
-82.2218739999999997
 30
0
 11
141.5562500000000057
 21
-82.2218739999999997
 31
0
  0
LINE
  5
C2B
330
22
100
AcDbEntity
  8
B.Silkscreen
  6
CONTINUOUS
100
AcDbLine
 10
141.5562500000000057
 20
-82.2218739999999997
 30
0
 11
141.5562500000000057
 21
-81.7357019999999892
 31
0
  0
LINE
  5
C2C
330
22
100
AcDbEntity
  8
B.Silkscreen
  6
CONTINUOUS
100
AcDbLine
 10
141.5562500000000057
 20
-81.7357019999999892
 30
0
 11
141.5562500000000057
 21
-79.4668999999999954
 31
0
  0
LINE
  5
C2D
330
22
100
AcDbEntity
  8
B.Silkscreen
  6
CONTINUOUS
100
AcDbLine
 10
141.5562500000000057
 20
-79.4668999999999954
 30
0
 11
141.5562500000000057
 21
-78.9807289999999966
 31
0
  0
LINE
  5
C2E
330
22
100
AcDbEntity
  8
B.Silkscreen
  6
CONTINUOUS
100
AcDbLine
 10
141.5562500000000057
 20
-78.9807289999999966
 30
0
 11
142.0424219999999877
 21
-78.9807289999999966
 31
0
  0
LINE
  5
C2F
330
22
100
AcDbEntity
  8
B.Silkscreen
  6
CONTINUOUS
100
AcDbLine
 10
142.0424219999999877
 20
-78.9807289999999966
 30
0
 11
144.3112239999999815
 21
-78.9807289999999966
 31
0
  0
LINE
  5
C30
330
22
100
AcDbEntity
  8
B.Silkscreen
  6
CONTINUOUS
100
AcDbLine
 10
144.3112239999999815
 20
-78.9807289999999966
 30
0
 11
144.7973949999999945
 21
-78.9807289999999966
 31
0
  0
LINE
  5
C31
330
22
100
AcDbEntity
  8
B.Silkscreen
  6
CONTINUOUS
100
AcDbLine
 10
144.7973949999999945
 20
-78.9807289999999966
 30
0
 11
144.7973949999999945
 21
-79.4668999999999954
 31
0
  0
LINE
  5
C32
330
22
100
AcDbEntity
  8
B.Silkscreen
  6
CONTINUOUS
100
AcDbLine
 10
144.7973949999999945
 20
-79.4668999999999954
 30
0
 11
144.7973949999999945
 21
-81.7357019999999892
 31
0
  0
LINE
  5
C33
330
22
100
AcDbEntity
  8
B.Silkscreen
  6
CONTINUOUS
100
AcDbLine
 10
144.7973949999999945
 20
-81.7357019999999892
 30
0
 11
144.7973949999999945
 21
-82.2218739999999997
 31
0
  0
LINE
  5
C34
330
22
100
AcDbEntity
  8
B.Silkscreen
  6
CONTINUOUS
100
AcDbLine
 10
144.3112239999999815
 20
-79.4668999999999954
 30
0
 11
142.0424219999999877
 21
-79.4668999999999954
 31
0
  0
LINE
  5
C35
330
22
100
AcDbEntity
  8
B.Silkscreen
  6
CONTINUOUS
100
AcDbLine
 10
142.0424219999999877
 20
-79.4668999999999954
 30
0
 11
142.0424219999999877
 21
-81.7357019999999892
 31
0
  0
LINE
  5
C36
330
22
100
AcDbEntity
  8
B.Silkscreen
  6
CONTINUOUS
100
AcDbLine
 10
142.0424219999999877
 20
-81.7357019999999892
 30
0
 11
144.3112239999999815
 21
-81.7357019999999892
 31
0
  0
LINE
  5
C37
330
22
100
AcDbEntity
  8
B.Silkscreen
  6
CONTINUOUS
100
AcDbLine
 10
144.3112239999999815
 20
-81.7357019999999892
 30
0
 11
144.3112239999999815
 21
-79.4668999999999954
 31
0
  0
LINE
  5
C38
330
22
100
AcDbEntity
  8
B.Silkscreen
  6
CONTINUOUS
100
AcDbLine
 10
140.1671869999999842
 20
-80.8328119999999899
 30
0
 11
140.1671869999999842
 21
-80.3697909999999922
 31
0
  0
LINE
  5
C39
330
22
100
AcDbEntity
  8
B.Silkscreen
  6
CONTINUOUS
100
AcDbLine
 10
140.1671869999999842
 20
-80.3697909999999922
 30
0
 11
139.7041659999999865
 21
-80.3697909999999922
 31
0
  0
LINE
  5
C3A
330
22
100
AcDbEntity
  8
B.Silkscreen
  6
CONTINUOUS
100
AcDbLine
 10
139.7041659999999865
 20
-80.3697909999999922
 30
0
 11
139.7041659999999865
 21
-79.9067699999999945
 31
0
  0
LINE
  5
C3B
330
22
100
AcDbEntity
  8
B.Silkscreen
  6
CONTINUOUS
100
AcDbLine
 10
139.7041659999999865
 20
-79.9067699999999945
 30
0
 11
139.2411459999999863
 21
-79.9067699999999945
 31
0
  0
LINE
  5
C3C
330
22
100
AcDbEntity
  8
B.Silkscreen
  6
CONTINUOUS
100
AcDbLine
 10
139.2411459999999863
 20
-79.9067699999999945
 30
0
 11
139.2411459999999863
 21
-80.3697909999999922
 31
0
  0
LINE
  5
C3D
330
22
100
AcDbEntity
  8
B.Silkscreen
  6
CONTINUOUS
100
AcDbLine
 10
139.2411459999999863
 20
-80.3697909999999922
 30
0
 11
139.2411459999999863
 21
-80.8328119999999899
 31
0
  0
LINE
  5
C3E
330
22
100
AcDbEntity
  8
B.Silkscreen
  6
CONTINUOUS
100
AcDbLine
 10
139.2411459999999863
 20
-80.8328119999999899
 30
0
 11
139.2411459999999863
 21
-81.2958330000000018
 31
0
  0
LINE
  5
C3F
330
22
100
AcDbEntity
  8
B.Silkscreen
  6
CONTINUOUS
100
AcDbLine
 10
139.2411459999999863
 20
-81.2958330000000018
 30
0
 11
139.2411459999999863
 21
-81.758853000000002
 31
0
  0
LINE
  5
C40
330
22
100
AcDbEntity
  8
B.Silkscreen
  6
CONTINUOUS
100
AcDbLine
 10
139.2411459999999863
 20
-81.758853000000002
 30
0
 11
139.2411459999999863
 21
-82.2218739999999997
 31
0
  0
LINE
  5
C41
330
22
100
AcDbEntity
  8
B.Silkscreen
  6
CONTINUOUS
100
AcDbLine
 10
139.2411459999999863
 20
-82.2218739999999997
 30
0
 11
138.7781239999999912
 21
-82.2218739999999997
 31
0
  0
LINE
  5
C42
330
22
100
AcDbEntity
  8
B.Silkscreen
  6
CONTINUOUS
100
AcDbLine
 10
138.7781239999999912
 20
-82.2218739999999997
 30
0
 11
138.7781239999999912
 21
-81.758853000000002
 31
0
  0
LINE
  5
C43
330
22
100
AcDbEntity
  8
B.Silkscreen
  6
CONTINUOUS
100
AcDbLine
 10
138.7781239999999912
 20
-81.758853000000002
 30
0
 11
138.7781239999999912
 21
-81.2958330000000018
 31
0
  0
LINE
  5
C44
330
22
100
AcDbEntity
  8
B.Silkscreen
  6
CONTINUOUS
100
AcDbLine
 10
138.7781239999999912
 20
-81.2958330000000018
 30
0
 11
138.7781239999999912
 21
-80.8328119999999899
 31
0
  0
LINE
  5
C45
330
22
100
AcDbEntity
  8
B.Silkscreen
  6
CONTINUOUS
100
AcDbLine
 10
138.7781239999999912
 20
-80.8328119999999899
 30
0
 11
138.3151039999999909
 21
-80.8328119999999899
 31
0
  0
LINE
  5
C46
330
22
100
AcDbEntity
  8
B.Silkscreen
  6
CONTINUOUS
100
AcDbLine
 10
138.3151039999999909
 20
-80.8328119999999899
 30
0
 11
138.3151039999999909
 21
-80.3697909999999922
 31
0
  0
LINE
  5
C47
330
22
100
AcDbEntity
  8
B.Silkscreen
  6
CONTINUOUS
100
AcDbLine
 10
138.3151039999999909
 20
-80.3697909999999922
 30
0
 11
138.7781239999999912
 21
-80.3697909999999922
 31
0
  0
LINE
  5
C48
330
22
100
AcDbEntity
  8
B.Silkscreen
  6
CONTINUOUS
100
AcDbLine
 10
138.7781239999999912
 20
-80.3697909999999922
 30
0
 11
138.7781239999999912
 21
-79.9067699999999945
 31
0
  0
LINE
  5
C49
330
22
100
AcDbEntity
  8
B.Silkscreen
  6
CONTINUOUS
100
AcDbLine
 10
138.7781239999999912
 20
-79.9067699999999945
 30
0
 11
138.7781239999999912
 21
-79.4437489999999968
 31
0
  0
LINE
  5
C4A
330
22
100
AcDbEntity
  8
B.Silkscreen
  6
CONTINUOUS
100
AcDbLine
 10
138.7781239999999912
 20
-79.4437489999999968
 30
0
 11
139.2411459999999863
 21
-79.4437489999999968
 31
0
  0
LINE
  5
C4B
330
22
100
AcDbEntity
  8
B.Silkscreen
  6
CONTINUOUS
100
AcDbLine
 10
139.2411459999999863
 20
-79.4437489999999968
 30
0
 11
139.2411459999999863
 21
-78.9807289999999966
 31
0
  0
LINE
  5
C4C
330
22
100
AcDbEntity
  8
B.Silkscreen
  6
CONTINUOUS
100
AcDbLine
 10
139.2411459999999863
 20
-78.9807289999999966
 30
0
 11
139.7041659999999865
 21
-78.9807289999999966
 31
0
  0
LINE
  5
C4D
330
22
100
AcDbEntity
  8
B.Silkscreen
  6
CONTINUOUS
100
AcDbLine
 10
139.7041659999999865
 20
-78.9807289999999966
 30
0
 11
140.1671869999999842
 21
-78.9807289999999966
 31
0
  0
LINE
  5
C4E
330
22
100
AcDbEntity
  8
B.Silkscreen
  6
CONTINUOUS
100
AcDbLine
 10
140.1671869999999842
 20
-78.9807289999999966
 30
0
 11
140.6302079999999819
 21
-78.9807289999999966
 31
0
  0
LINE
  5
C4F
330
22
100
AcDbEntity
  8
B.Silkscreen
  6
CONTINUOUS
100
AcDbLine
 10
140.6302079999999819
 20
-78.9807289999999966
 30
0
 11
140.6302079999999819
 21
-79.4437489999999968
 31
0
  0
LINE
  5
C50
330
22
100
AcDbEntity
  8
B.Silkscreen
  6
CONTINUOUS
100
AcDbLine
 10
140.6302079999999819
 20
-79.4437489999999968
 30
0
 11
140.1671869999999842
 21
-79.4437489999999968
 31
0
  0
LINE
  5
C51
330
22
100
AcDbEntity
  8
B.Silkscreen
  6
CONTINUOUS
100
AcDbLine
 10
140.1671869999999842
 20
-79.4437489999999968
 30
0
 11
140.1671869999999842
 21
-79.9067699999999945
 31
0
  0
LINE
  5
C52
330
22
100
AcDbEntity
  8
B.Silkscreen
  6
CONTINUOUS
100
AcDbLine
 10
140.1671869999999842
 20
-79.9067699999999945
 30
0
 11
140.6302079999999819
 21
-79.9067699999999945
 31
0
  0
LINE
  5
C53
330
22
100
AcDbEntity
  8
B.Silkscreen
  6
CONTINUOUS
100
AcDbLine
 10
140.6302079999999819
 20
-79.9067699999999945
 30
0
 11
140.6302079999999819
 21
-79.4437489999999968
 31
0
  0
LINE
  5
C54
330
22
100
AcDbEntity
  8
B.Silkscreen
  6
CONTINUOUS
100
AcDbLine
 10
140.6302079999999819
 20
-79.4437489999999968
 30
0
 11
141.0932289999999796
 21
-79.4437489999999968
 31
0
  0
LINE
  5
C55
330
22
100
AcDbEntity
  8
B.Silkscreen
  6
CONTINUOUS
100
AcDbLine
 10
141.0932289999999796
 20
-79.4437489999999968
 30
0
 11
141.0932289999999796
 21
-79.9067699999999945
 31
0
  0
LINE
  5
C56
330
22
100
AcDbEntity
  8
B.Silkscreen
  6
CONTINUOUS
100
AcDbLine
 10
141.0932289999999796
 20
-79.9067699999999945
 30
0
 11
141.0932289999999796
 21
-80.3697909999999922
 31
0
  0
LINE
  5
C57
330
22
100
AcDbEntity
  8
B.Silkscreen
  6
CONTINUOUS
100
AcDbLine
 10
141.0932289999999796
 20
-80.3697909999999922
 30
0
 11
141.0932289999999796
 21
-80.8328119999999899
 31
0
  0
LINE
  5
C58
330
22
100
AcDbEntity
  8
B.Silkscreen
  6
CONTINUOUS
100
AcDbLine
 10
141.0932289999999796
 20
-80.8328119999999899
 30
0
 11
140.6302079999999819
 21
-80.8328119999999899
 31
0
  0
LINE
  5
C59
330
22
100
AcDbEntity
  8
B.Silkscreen
  6
CONTINUOUS
100
AcDbLine
 10
140.6302079999999819
 20
-80.8328119999999899
 30
0
 11
140.6302079999999819
 21
-81.2958330000000018
 31
0
  0
LINE
  5
C5A
330
22
100
AcDbEntity
  8
B.Silkscreen
  6
CONTINUOUS
100
AcDbLine
 10
140.6302079999999819
 20
-81.2958330000000018
 30
0
 11
140.1671869999999842
 21
-81.2958330000000018
 31
0
  0
LINE
  5
C5B
330
22
100
AcDbEntity
  8
B.Silkscreen
  6
CONTINUOUS
100
AcDbLine
 10
140.1671869999999842
 20
-81.2958330000000018
 30
0
 11
139.7041659999999865
 21
-81.2958330000000018
 31
0
  0
LINE
  5
C5C
330
22
100
AcDbEntity
  8
B.Silkscreen
  6
CONTINUOUS
100
AcDbLine
 10
139.7041659999999865
 20
-81.2958330000000018
 30
0
 11
139.7041659999999865
 21
-80.8328119999999899
 31
0
  0
LINE
  5
C5D
330
22
100
AcDbEntity
  8
B.Silkscreen
  6
CONTINUOUS
100
AcDbLine
 10
139.7041659999999865
 20
-80.8328119999999899
 30
0
 11
140.1671869999999842
 21
-80.8328119999999899
 31
0
  0
LINE
  5
C5E
330
22
100
AcDbEntity
  8
B.Silkscreen
  6
CONTINUOUS
100
AcDbLine
 10
136.
 20
-79.9067699999999945
 30
0
 11
136.
 21
-79.4437489999999968
 31
0
  0
LINE
  5
C5F
330
22
100
AcDbEntity
  8
B.Silkscreen
  6
CONTINUOUS
100
AcDbLine
 10
136.
 20
-79.4437489999999968
 30
0
 11
136.4630209999999977
 21
-79.4437489999999968
 31
0
  0
LINE
  5
C60
330
22
100
AcDbEntity
  8
B.Silkscreen
  6
CONTINUOUS
100
AcDbLine
 10
136.4630209999999977
 20
-79.4437489999999968
 30
0
 11
136.4630209999999977
 21
-78.9807289999999966
 31
0
  0
LINE
  5
C61
330
22
100
AcDbEntity
  8
B.Silkscreen
  6
CONTINUOUS
100
AcDbLine
 10
136.4630209999999977
 20
-78.9807289999999966
 30
0
 11
136.9260419999999954
 21
-78.9807289999999966
 31
0
  0
LINE
  5
C62
330
22
100
AcDbEntity
  8
B.Silkscreen
  6
CONTINUOUS
100
AcDbLine
 10
136.9260419999999954
 20
-78.9807289999999966
 30
0
 11
136.9260419999999954
 21
-79.4437489999999968
 31
0
  0
LINE
  5
C63
330
22
100
AcDbEntity
  8
B.Silkscreen
  6
CONTINUOUS
100
AcDbLine
 10
136.9260419999999954
 20
-79.4437489999999968
 30
0
 11
137.3890629999999931
 21
-79.4437489999999968
 31
0
  0
LINE
  5
C64
330
22
100
AcDbEntity
  8
B.Silkscreen
  6
CONTINUOUS
100
AcDbLine
 10
137.3890629999999931
 20
-79.4437489999999968
 30
0
 11
137.3890629999999931
 21
-79.9067699999999945
 31
0
  0
LINE
  5
C65
330
22
100
AcDbEntity
  8
B.Silkscreen
  6
CONTINUOUS
100
AcDbLine
 10
137.3890629999999931
 20
-79.9067699999999945
 30
0
 11
136.9260419999999954
 21
-79.9067699999999945
 31
0
  0
LINE
  5
C66
330
22
100
AcDbEntity
  8
B.Silkscreen
  6
CONTINUOUS
100
AcDbLine
 10
136.9260419999999954
 20
-79.9067699999999945
 30
0
 11
136.4630209999999977
 21
-79.9067699999999945
 31
0
  0
LINE
  5
C67
330
22
100
AcDbEntity
  8
B.Silkscreen
  6
CONTINUOUS
100
AcDbLine
 10
136.4630209999999977
 20
-79.9067699999999945
 30
0
 11
136.4630209999999977
 21
-80.3697909999999922
 31
0
  0
LINE
  5
C68
330
22
100
AcDbEntity
  8
B.Silkscreen
  6
CONTINUOUS
100
AcDbLine
 10
136.4630209999999977
 20
-80.3697909999999922
 30
0
 11
136.
 21
-80.3697909999999922
 31
0
  0
LINE
  5
C69
330
22
100
AcDbEntity
  8
B.Silkscreen
  6
CONTINUOUS
100
AcDbLine
 10
136.
 20
-80.3697909999999922
 30
0
 11
135.5369790000000023
 21
-80.3697909999999922
 31
0
  0
LINE
  5
C6A
330
22
100
AcDbEntity
  8
B.Silkscreen
  6
CONTINUOUS
100
AcDbLine
 10
135.5369790000000023
 20
-80.3697909999999922
 30
0
 11
135.5369790000000023
 21
-79.9067699999999945
 31
0
  0
LINE
  5
C6B
330
22
100
AcDbEntity
  8
B.Silkscreen
  6
CONTINUOUS
100
AcDbLine
 10
135.5369790000000023
 20
-79.9067699999999945
 30
0
 11
136.
 21
-79.9067699999999945
 31
0
  0
LINE
  5
C6C
330
22
100
AcDbEntity
  8
B.Silkscreen
  6
CONTINUOUS
100
AcDbLine
 10
138.3151039999999909
 20
-79.9067699999999945
 30
0
 11
137.8520829999999933
 21
-79.9067699999999945
 31
0
  0
LINE
  5
C6D
330
22
100
AcDbEntity
  8
B.Silkscreen
  6
CONTINUOUS
100
AcDbLine
 10
137.8520829999999933
 20
-79.9067699999999945
 30
0
 11
137.8520829999999933
 21
-79.4437489999999968
 31
0
  0
LINE
  5
C6E
330
22
100
AcDbEntity
  8
B.Silkscreen
  6
CONTINUOUS
100
AcDbLine
 10
137.8520829999999933
 20
-79.4437489999999968
 30
0
 11
137.8520829999999933
 21
-78.9807289999999966
 31
0
  0
LINE
  5
C6F
330
22
100
AcDbEntity
  8
B.Silkscreen
  6
CONTINUOUS
100
AcDbLine
 10
137.8520829999999933
 20
-78.9807289999999966
 30
0
 11
138.3151039999999909
 21
-78.9807289999999966
 31
0
  0
LINE
  5
C70
330
22
100
AcDbEntity
  8
B.Silkscreen
  6
CONTINUOUS
100
AcDbLine
 10
138.3151039999999909
 20
-78.9807289999999966
 30
0
 11
138.3151039999999909
 21
-79.4437489999999968
 31
0
  0
LINE
  5
C71
330
22
100
AcDbEntity
  8
B.Silkscreen
  6
CONTINUOUS
100
AcDbLine
 10
138.3151039999999909
 20
-79.4437489999999968
 30
0
 11
138.3151039999999909
 21
-79.9067699999999945
 31
0
  0
LINE
  5
C72
330
22
100
AcDbEntity
  8
B.Silkscreen
  6
CONTINUOUS
100
AcDbLine
 10
158.0329610000000002
 20
-79.1945669999999922
 30
0
 11
158.0654329999999845
 21
-79.2270389999999907
 31
0
  0
LINE
  5
C73
330
22
100
AcDbEntity
  8
B.Silkscreen
  6
CONTINUOUS
100
AcDbLine
 10
158.0654329999999845
 20
-79.2270389999999907
 30
0
 11
158.0699999999999932
 21
-79.25
 31
0
  0
LINE
  5
C74
330
22
100
AcDbEntity
  8
B.Silkscreen
  6
CONTINUOUS
100
AcDbLine
 10
158.0699999999999932
 20
-79.25
 30
0
 11
158.0699999999999932
 21
-79.3599999999999994
 31
0
  0
LINE
  5
C75
330
22
100
AcDbEntity
  8
B.Silkscreen
  6
CONTINUOUS
100
AcDbLine
 10
158.0699999999999932
 20
-79.3599999999999994
 30
0
 11
158.0654329999999845
 21
-79.3829609999999946
 31
0
  0
LINE
  5
C76
330
22
100
AcDbEntity
  8
B.Silkscreen
  6
CONTINUOUS
100
AcDbLine
 10
158.0654329999999845
 20
-79.3829609999999946
 30
0
 11
158.0329610000000002
 21
-79.4154329999999931
 31
0
  0
LINE
  5
C77
330
22
100
AcDbEntity
  8
B.Silkscreen
  6
CONTINUOUS
100
AcDbLine
 10
158.0329610000000002
 20
-79.4154329999999931
 30
0
 11
158.0099999999999909
 21
-79.4200000000000017
 31
0
  0
LINE
  5
C78
330
22
100
AcDbEntity
  8
B.Silkscreen
  6
CONTINUOUS
100
AcDbLine
 10
158.0099999999999909
 20
-79.4200000000000017
 30
0
 11
155.789999999999992
 21
-79.4200000000000017
 31
0
  0
LINE
  5
C79
330
22
100
AcDbEntity
  8
B.Silkscreen
  6
CONTINUOUS
100
AcDbLine
 10
155.789999999999992
 20
-79.4200000000000017
 30
0
 11
155.7670389999999827
 21
-79.4154329999999931
 31
0
  0
LINE
  5
C7A
330
22
100
AcDbEntity
  8
B.Silkscreen
  6
CONTINUOUS
100
AcDbLine
 10
155.7670389999999827
 20
-79.4154329999999931
 30
0
 11
155.7345669999999984
 21
-79.3829609999999946
 31
0
  0
LINE
  5
C7B
330
22
100
AcDbEntity
  8
B.Silkscreen
  6
CONTINUOUS
100
AcDbLine
 10
155.7345669999999984
 20
-79.3829609999999946
 30
0
 11
155.7299999999999898
 21
-79.3599999999999994
 31
0
  0
LINE
  5
C7C
330
22
100
AcDbEntity
  8
B.Silkscreen
  6
CONTINUOUS
100
AcDbLine
 10
155.7299999999999898
 20
-79.3599999999999994
 30
0
 11
155.7299999999999898
 21
-79.25
 31
0
  0
LINE
  5
C7D
330
22
100
AcDbEntity
  8
B.Silkscreen
  6
CONTINUOUS
100
AcDbLine
 10
155.7299999999999898
 20
-79.25
 30
0
 11
155.7345669999999984
 21
-79.2270389999999907
 31
0
  0
LINE
  5
C7E
330
22
100
AcDbEntity
  8
B.Silkscreen
  6
CONTINUOUS
100
AcDbLine
 10
155.7345669999999984
 20
-79.2270389999999907
 30
0
 11
155.7670389999999827
 21
-79.1945669999999922
 31
0
  0
LINE
  5
C7F
330
22
100
AcDbEntity
  8
B.Silkscreen
  6
CONTINUOUS
100
AcDbLine
 10
155.7670389999999827
 20
-79.1945669999999922
 30
0
 11
155.789999999999992
 21
-79.1899999999999977
 31
0
  0
LINE
  5
C80
330
22
100
AcDbEntity
  8
B.Silkscreen
  6
CONTINUOUS
100
AcDbLine
 10
155.789999999999992
 20
-79.1899999999999977
 30
0
 11
158.0099999999999909
 21
-79.1899999999999977
 31
0
  0
LINE
  5
C81
330
22
100
AcDbEntity
  8
B.Silkscreen
  6
CONTINUOUS
100
AcDbLine
 10
158.0099999999999909
 20
-79.1899999999999977
 30
0
 11
158.0329610000000002
 21
-79.1945669999999922
 31
0
  0
LINE
  5
C82
330
22
100
AcDbEntity
  8
B.Silkscreen
  6
CONTINUOUS
100
AcDbLine
 10
154.7750010000000032
 20
-77.6424590000000023
 30
0
 11
154.795693
 21
-77.6631509999999992
 31
0
  0
LINE
  5
C83
330
22
100
AcDbEntity
  8
B.Silkscreen
  6
CONTINUOUS
100
AcDbLine
 10
154.795693
 20
-77.6631509999999992
 30
0
 11
154.8068920000000048
 21
-77.6901869999999946
 31
0
  0
LINE
  5
C84
330
22
100
AcDbEntity
  8
B.Silkscreen
  6
CONTINUOUS
100
AcDbLine
 10
154.8068920000000048
 20
-77.6901869999999946
 30
0
 11
154.8083330000000046
 21
-77.7048190000000005
 31
0
  0
LINE
  5
C85
330
22
100
AcDbEntity
  8
B.Silkscreen
  6
CONTINUOUS
100
AcDbLine
 10
154.8083330000000046
 20
-77.7048190000000005
 30
0
 11
154.8083330000000046
 21
-78.4069329999999951
 31
0
  0
LINE
  5
C86
330
22
100
AcDbEntity
  8
B.Silkscreen
  6
CONTINUOUS
100
AcDbLine
 10
154.8083330000000046
 20
-78.4069329999999951
 30
0
 11
154.8465039999999817
 21
-78.5214469999999949
 31
0
  0
LINE
  5
C87
330
22
100
AcDbEntity
  8
B.Silkscreen
  6
CONTINUOUS
100
AcDbLine
 10
154.8465039999999817
 20
-78.5214469999999949
 30
0
 11
154.9167039999999815
 21
-78.5916479999999922
 31
0
  0
LINE
  5
C88
330
22
100
AcDbEntity
  8
B.Silkscreen
  6
CONTINUOUS
100
AcDbLine
 10
154.9167039999999815
 20
-78.5916479999999922
 30
0
 11
155.0312169999999981
 21
-78.6298189999999977
 31
0
  0
LINE
  5
C89
330
22
100
AcDbEntity
  8
B.Silkscreen
  6
CONTINUOUS
100
AcDbLine
 10
155.0312169999999981
 20
-78.6298189999999977
 30
0
 11
155.1142849999999953
 21
-78.6298189999999977
 31
0
  0
LINE
  5
C8A
330
22
100
AcDbEntity
  8
B.Silkscreen
  6
CONTINUOUS
100
AcDbLine
 10
155.1142849999999953
 20
-78.6298189999999977
 30
0
 11
155.1289170000000013
 21
-78.6312599999999975
 31
0
  0
LINE
  5
C8B
330
22
100
AcDbEntity
  8
B.Silkscreen
  6
CONTINUOUS
100
AcDbLine
 10
155.1289170000000013
 20
-78.6312599999999975
 30
0
 11
155.1559529999999825
 21
-78.6424590000000023
 31
0
  0
LINE
  5
C8C
330
22
100
AcDbEntity
  8
B.Silkscreen
  6
CONTINUOUS
100
AcDbLine
 10
155.1559529999999825
 20
-78.6424590000000023
 30
0
 11
155.1766449999999793
 21
-78.6631509999999992
 31
0
  0
LINE
  5
C8D
330
22
100
AcDbEntity
  8
B.Silkscreen
  6
CONTINUOUS
100
AcDbLine
 10
155.1766449999999793
 20
-78.6631509999999992
 30
0
 11
155.1878439999999841
 21
-78.6901869999999946
 31
0
  0
LINE
  5
C8E
330
22
100
AcDbEntity
  8
B.Silkscreen
  6
CONTINUOUS
100
AcDbLine
 10
155.1878439999999841
 20
-78.6901869999999946
 30
0
 11
155.1878439999999841
 21
-78.7194509999999923
 31
0
  0
LINE
  5
C8F
330
22
100
AcDbEntity
  8
B.Silkscreen
  6
CONTINUOUS
100
AcDbLine
 10
155.1878439999999841
 20
-78.7194509999999923
 30
0
 11
155.1766449999999793
 21
-78.7464870000000019
 31
0
  0
LINE
  5
C90
330
22
100
AcDbEntity
  8
B.Silkscreen
  6
CONTINUOUS
100
AcDbLine
 10
155.1766449999999793
 20
-78.7464870000000019
 30
0
 11
155.1559529999999825
 21
-78.7671789999999987
 31
0
  0
LINE
  5
C91
330
22
100
AcDbEntity
  8
B.Silkscreen
  6
CONTINUOUS
100
AcDbLine
 10
155.1559529999999825
 20
-78.7671789999999987
 30
0
 11
155.1289170000000013
 21
-78.7783779999999894
 31
0
  0
LINE
  5
C92
330
22
100
AcDbEntity
  8
B.Silkscreen
  6
CONTINUOUS
100
AcDbLine
 10
155.1289170000000013
 20
-78.7783779999999894
 30
0
 11
155.1142849999999953
 21
-78.7798190000000034
 31
0
  0
LINE
  5
C93
330
22
100
AcDbEntity
  8
B.Silkscreen
  6
CONTINUOUS
100
AcDbLine
 10
155.1142849999999953
 20
-78.7798190000000034
 30
0
 11
155.0190470000000005
 21
-78.7798190000000034
 31
0
  0
LINE
  5
C94
330
22
100
AcDbEntity
  8
B.Silkscreen
  6
CONTINUOUS
100
AcDbLine
 10
155.0190470000000005
 20
-78.7798190000000034
 30
0
 11
155.0116399999999999
 21
-78.779088999999999
 31
0
  0
LINE
  5
C95
330
22
100
AcDbEntity
  8
B.Silkscreen
  6
CONTINUOUS
100
AcDbLine
 10
155.0116399999999999
 20
-78.779088999999999
 30
0
 11
155.0096659999999815
 21
-78.7792299999999983
 31
0
  0
LINE
  5
C96
330
22
100
AcDbEntity
  8
B.Silkscreen
  6
CONTINUOUS
100
AcDbLine
 10
155.0096659999999815
 20
-78.7792299999999983
 30
0
 11
155.0070680000000038
 21
-78.7786389999999983
 31
0
  0
LINE
  5
C97
330
22
100
AcDbEntity
  8
B.Silkscreen
  6
CONTINUOUS
100
AcDbLine
 10
155.0070680000000038
 20
-78.7786389999999983
 30
0
 11
155.0044149999999945
 21
-78.7783779999999894
 31
0
  0
LINE
  5
C98
330
22
100
AcDbEntity
  8
B.Silkscreen
  6
CONTINUOUS
100
AcDbLine
 10
155.0044149999999945
 20
-78.7783779999999894
 30
0
 11
155.0025839999999846
 21
-78.7776190000000014
 31
0
  0
LINE
  5
C99
330
22
100
AcDbEntity
  8
B.Silkscreen
  6
CONTINUOUS
100
AcDbLine
 10
155.0025839999999846
 20
-78.7776190000000014
 30
0
 11
154.9953289999999981
 21
-78.7759700000000009
 31
0
  0
LINE
  5
C9A
330
22
100
AcDbEntity
  8
B.Silkscreen
  6
CONTINUOUS
100
AcDbLine
 10
154.9953289999999981
 20
-78.7759700000000009
 30
0
 11
154.8524730000000034
 21
-78.7283510000000035
 31
0
  0
LINE
  5
C9B
330
22
100
AcDbEntity
  8
B.Silkscreen
  6
CONTINUOUS
100
AcDbLine
 10
154.8524730000000034
 20
-78.7283510000000035
 30
0
 11
154.8390469999999937
 21
-78.7223570000000024
 31
0
  0
LINE
  5
C9C
330
22
100
AcDbEntity
  8
B.Silkscreen
  6
CONTINUOUS
100
AcDbLine
 10
154.8390469999999937
 20
-78.7223570000000024
 30
0
 11
154.8370119999999872
 21
-78.7205919999999963
 31
0
  0
LINE
  5
C9D
330
22
100
AcDbEntity
  8
B.Silkscreen
  6
CONTINUOUS
100
AcDbLine
 10
154.8370119999999872
 20
-78.7205919999999963
 30
0
 11
154.8345219999999927
 21
-78.7195609999999988
 31
0
  0
LINE
  5
C9E
330
22
100
AcDbEntity
  8
B.Silkscreen
  6
CONTINUOUS
100
AcDbLine
 10
154.8345219999999927
 20
-78.7195609999999988
 30
0
 11
154.8231569999999806
 21
-78.7102330000000023
 31
0
  0
LINE
  5
C9F
330
22
100
AcDbEntity
  8
B.Silkscreen
  6
CONTINUOUS
100
AcDbLine
 10
154.8231569999999806
 20
-78.7102330000000023
 30
0
 11
154.7279189999999858
 21
-78.6149939999999958
 31
0
  0
LINE
  5
CA0
330
22
100
AcDbEntity
  8
B.Silkscreen
  6
CONTINUOUS
100
AcDbLine
 10
154.7279189999999858
 20
-78.6149939999999958
 30
0
 11
154.7185910000000035
 21
-78.6036280000000005
 31
0
  0
LINE
  5
CA1
330
22
100
AcDbEntity
  8
B.Silkscreen
  6
CONTINUOUS
100
AcDbLine
 10
154.7185910000000035
 20
-78.6036280000000005
 30
0
 11
154.7175589999999943
 21
-78.6011369999999943
 31
0
  0
LINE
  5
CA2
330
22
100
AcDbEntity
  8
B.Silkscreen
  6
CONTINUOUS
100
AcDbLine
 10
154.7175589999999943
 20
-78.6011369999999943
 30
0
 11
154.7157949999999857
 21
-78.5991029999999995
 31
0
  0
LINE
  5
CA3
330
22
100
AcDbEntity
  8
B.Silkscreen
  6
CONTINUOUS
100
AcDbLine
 10
154.7157949999999857
 20
-78.5991029999999995
 30
0
 11
154.7098009999999988
 21
-78.5856780000000015
 31
0
  0
LINE
  5
CA4
330
22
100
AcDbEntity
  8
B.Silkscreen
  6
CONTINUOUS
100
AcDbLine
 10
154.7098009999999988
 20
-78.5856780000000015
 30
0
 11
154.6621820000000014
 21
-78.442820999999995
 31
0
  0
LINE
  5
CA5
330
22
100
AcDbEntity
  8
B.Silkscreen
  6
CONTINUOUS
100
AcDbLine
 10
154.6621820000000014
 20
-78.442820999999995
 30
0
 11
154.6605319999999892
 21
-78.4355669999999918
 31
0
  0
LINE
  5
CA6
330
22
100
AcDbEntity
  8
B.Silkscreen
  6
CONTINUOUS
100
AcDbLine
 10
154.6605319999999892
 20
-78.4355669999999918
 30
0
 11
154.6597739999999988
 21
-78.4337359999999961
 31
0
  0
LINE
  5
CA7
330
22
100
AcDbEntity
  8
B.Silkscreen
  6
CONTINUOUS
100
AcDbLine
 10
154.6597739999999988
 20
-78.4337359999999961
 30
0
 11
154.6595120000000065
 21
-78.4310809999999918
 31
0
  0
LINE
  5
CA8
330
22
100
AcDbEntity
  8
B.Silkscreen
  6
CONTINUOUS
100
AcDbLine
 10
154.6595120000000065
 20
-78.4310809999999918
 30
0
 11
154.6589219999999898
 21
-78.4284839999999974
 31
0
  0
LINE
  5
CA9
330
22
100
AcDbEntity
  8
B.Silkscreen
  6
CONTINUOUS
100
AcDbLine
 10
154.6589219999999898
 20
-78.4284839999999974
 30
0
 11
154.6590620000000058
 21
-78.4265089999999958
 31
0
  0
LINE
  5
CAA
330
22
100
AcDbEntity
  8
B.Silkscreen
  6
CONTINUOUS
100
AcDbLine
 10
154.6590620000000058
 20
-78.4265089999999958
 30
0
 11
154.6583329999999989
 21
-78.4191039999999902
 31
0
  0
LINE
  5
CAB
330
22
100
AcDbEntity
  8
B.Silkscreen
  6
CONTINUOUS
100
AcDbLine
 10
154.6583329999999989
 20
-78.4191039999999902
 30
0
 11
154.6583329999999989
 21
-77.7048190000000005
 31
0
  0
LINE
  5
CAC
330
22
100
AcDbEntity
  8
B.Silkscreen
  6
CONTINUOUS
100
AcDbLine
 10
154.6583329999999989
 20
-77.7048190000000005
 30
0
 11
154.6597739999999988
 21
-77.6901869999999946
 31
0
  0
LINE
  5
CAD
330
22
100
AcDbEntity
  8
B.Silkscreen
  6
CONTINUOUS
100
AcDbLine
 10
154.6597739999999988
 20
-77.6901869999999946
 30
0
 11
154.6709730000000036
 21
-77.6631509999999992
 31
0
  0
LINE
  5
CAE
330
22
100
AcDbEntity
  8
B.Silkscreen
  6
CONTINUOUS
100
AcDbLine
 10
154.6709730000000036
 20
-77.6631509999999992
 30
0
 11
154.6916650000000004
 21
-77.6424590000000023
 31
0
  0
LINE
  5
CAF
330
22
100
AcDbEntity
  8
B.Silkscreen
  6
CONTINUOUS
100
AcDbLine
 10
154.6916650000000004
 20
-77.6424590000000023
 30
0
 11
154.7187009999999816
 21
-77.6312599999999975
 31
0
  0
LINE
  5
CB0
330
22
100
AcDbEntity
  8
B.Silkscreen
  6
CONTINUOUS
100
AcDbLine
 10
154.7187009999999816
 20
-77.6312599999999975
 30
0
 11
154.7479649999999936
 21
-77.6312599999999975
 31
0
  0
LINE
  5
CB1
330
22
100
AcDbEntity
  8
B.Silkscreen
  6
CONTINUOUS
100
AcDbLine
 10
154.7479649999999936
 20
-77.6312599999999975
 30
0
 11
154.7750010000000032
 21
-77.6424590000000023
 31
0
  0
LINE
  5
CB2
330
22
100
AcDbEntity
  8
B.Silkscreen
  6
CONTINUOUS
100
AcDbLine
 10
154.0864760000000047
 20
-77.5848639999999961
 30
0
 11
154.1126490000000047
 21
-77.5979499999999973
 31
0
  0
LINE
  5
CB3
330
22
100
AcDbEntity
  8
B.Silkscreen
  6
CONTINUOUS
100
AcDbLine
 10
154.1126490000000047
 20
-77.5979499999999973
 30
0
 11
154.1318229999999971
 21
-77.6200570000000027
 31
0
  0
LINE
  5
CB4
330
22
100
AcDbEntity
  8
B.Silkscreen
  6
CONTINUOUS
100
AcDbLine
 10
154.1318229999999971
 20
-77.6200570000000027
 30
0
 11
154.1378169999999841
 21
-77.6334829999999982
 31
0
  0
LINE
  5
CB5
330
22
100
AcDbEntity
  8
B.Silkscreen
  6
CONTINUOUS
100
AcDbLine
 10
154.1378169999999841
 20
-77.6334829999999982
 30
0
 11
154.3759119999999996
 21
-78.3477669999999904
 31
0
  0
LINE
  5
CB6
330
22
100
AcDbEntity
  8
B.Silkscreen
  6
CONTINUOUS
100
AcDbLine
 10
154.3759119999999996
 20
-78.3477669999999904
 30
0
 11
154.3775609999999858
 21
-78.3550219999999911
 31
0
  0
LINE
  5
CB7
330
22
100
AcDbEntity
  8
B.Silkscreen
  6
CONTINUOUS
100
AcDbLine
 10
154.3775609999999858
 20
-78.3550219999999911
 30
0
 11
154.3783200000000022
 21
-78.356853000000001
 31
0
  0
LINE
  5
CB8
330
22
100
AcDbEntity
  8
B.Silkscreen
  6
CONTINUOUS
100
AcDbLine
 10
154.3783200000000022
 20
-78.356853000000001
 30
0
 11
154.3783200000000022
 21
-78.358356999999998
 31
0
  0
LINE
  5
CB9
330
22
100
AcDbEntity
  8
B.Silkscreen
  6
CONTINUOUS
100
AcDbLine
 10
154.3783200000000022
 20
-78.358356999999998
 30
0
 11
154.3791719999999827
 21
-78.3621040000000022
 31
0
  0
LINE
  5
CBA
330
22
100
AcDbEntity
  8
B.Silkscreen
  6
CONTINUOUS
100
AcDbLine
 10
154.3791719999999827
 20
-78.3621040000000022
 30
0
 11
154.3783200000000022
 21
-78.3740889999999979
 31
0
  0
LINE
  5
CBB
330
22
100
AcDbEntity
  8
B.Silkscreen
  6
CONTINUOUS
100
AcDbLine
 10
154.3783200000000022
 20
-78.3740889999999979
 30
0
 11
154.3783200000000022
 21
-78.3861169999999987
 31
0
  0
LINE
  5
CBC
330
22
100
AcDbEntity
  8
B.Silkscreen
  6
CONTINUOUS
100
AcDbLine
 10
154.3783200000000022
 20
-78.3861169999999987
 30
0
 11
154.3772869999999955
 21
-78.3886079999999907
 31
0
  0
LINE
  5
CBD
330
22
100
AcDbEntity
  8
B.Silkscreen
  6
CONTINUOUS
100
AcDbLine
 10
154.3772869999999955
 20
-78.3886079999999907
 30
0
 11
154.377096999999992
 21
-78.391294000000002
 31
0
  0
LINE
  5
CBE
330
22
100
AcDbEntity
  8
B.Silkscreen
  6
CONTINUOUS
100
AcDbLine
 10
154.377096999999992
 20
-78.391294000000002
 30
0
 11
154.3717230000000029
 21
-78.402040999999997
 31
0
  0
LINE
  5
CBF
330
22
100
AcDbEntity
  8
B.Silkscreen
  6
CONTINUOUS
100
AcDbLine
 10
154.3717230000000029
 20
-78.402040999999997
 30
0
 11
154.3671209999999974
 21
-78.4131529999999941
 31
0
  0
LINE
  5
CC0
330
22
100
AcDbEntity
  8
B.Silkscreen
  6
CONTINUOUS
100
AcDbLine
 10
154.3671209999999974
 20
-78.4131529999999941
 30
0
 11
154.3652150000000063
 21
-78.4150580000000019
 31
0
  0
LINE
  5
CC1
330
22
100
AcDbEntity
  8
B.Silkscreen
  6
CONTINUOUS
100
AcDbLine
 10
154.3652150000000063
 20
-78.4150580000000019
 30
0
 11
154.364011000000005
 21
-78.4174679999999995
 31
0
  0
LINE
  5
CC2
330
22
100
AcDbEntity
  8
B.Silkscreen
  6
CONTINUOUS
100
AcDbLine
 10
154.364011000000005
 20
-78.4174679999999995
 30
0
 11
154.3549309999999934
 21
-78.4253420000000006
 31
0
  0
LINE
  5
CC3
330
22
100
AcDbEntity
  8
B.Silkscreen
  6
CONTINUOUS
100
AcDbLine
 10
154.3549309999999934
 20
-78.4253420000000006
 30
0
 11
154.3464290000000005
 21
-78.4338449999999909
 31
0
  0
LINE
  5
CC4
330
22
100
AcDbEntity
  8
B.Silkscreen
  6
CONTINUOUS
100
AcDbLine
 10
154.3464290000000005
 20
-78.4338449999999909
 30
0
 11
154.3439379999999801
 21
-78.4348760000000027
 31
0
  0
LINE
  5
CC5
330
22
100
AcDbEntity
  8
B.Silkscreen
  6
CONTINUOUS
100
AcDbLine
 10
154.3439379999999801
 20
-78.4348760000000027
 30
0
 11
154.3419030000000021
 21
-78.436641999999992
 31
0
  0
LINE
  5
CC6
330
22
100
AcDbEntity
  8
B.Silkscreen
  6
CONTINUOUS
100
AcDbLine
 10
154.3419030000000021
 20
-78.436641999999992
 30
0
 11
154.3305019999999956
 21
-78.4404419999999902
 31
0
  0
LINE
  5
CC7
330
22
100
AcDbEntity
  8
B.Silkscreen
  6
CONTINUOUS
100
AcDbLine
 10
154.3305019999999956
 20
-78.4404419999999902
 30
0
 11
154.3193929999999909
 21
-78.4450439999999958
 31
0
  0
LINE
  5
CC8
330
22
100
AcDbEntity
  8
B.Silkscreen
  6
CONTINUOUS
100
AcDbLine
 10
154.3193929999999909
 20
-78.4450439999999958
 30
0
 11
154.3155659999999898
 21
-78.4454199999999986
 31
0
  0
LINE
  5
CC9
330
22
100
AcDbEntity
  8
B.Silkscreen
  6
CONTINUOUS
100
AcDbLine
 10
154.3155659999999898
 20
-78.4454199999999986
 30
0
 11
154.3141410000000064
 21
-78.4458959999999905
 31
0
  0
LINE
  5
CCA
330
22
100
AcDbEntity
  8
B.Silkscreen
  6
CONTINUOUS
100
AcDbLine
 10
154.3141410000000064
 20
-78.4458959999999905
 30
0
 11
154.3121659999999906
 21
-78.4457549999999912
 31
0
  0
LINE
  5
CCB
330
22
100
AcDbEntity
  8
B.Silkscreen
  6
CONTINUOUS
100
AcDbLine
 10
154.3121659999999906
 20
-78.4457549999999912
 30
0
 11
154.304760999999985
 21
-78.4464849999999956
 31
0
  0
LINE
  5
CCC
330
22
100
AcDbEntity
  8
B.Silkscreen
  6
CONTINUOUS
100
AcDbLine
 10
154.304760999999985
 20
-78.4464849999999956
 30
0
 11
153.9035709999999995
 21
-78.4464849999999956
 31
0
  0
LINE
  5
CCD
330
22
100
AcDbEntity
  8
B.Silkscreen
  6
CONTINUOUS
100
AcDbLine
 10
153.9035709999999995
 20
-78.4464849999999956
 30
0
 11
153.9035709999999995
 21
-78.7048190000000005
 31
0
  0
LINE
  5
CCE
330
22
100
AcDbEntity
  8
B.Silkscreen
  6
CONTINUOUS
100
AcDbLine
 10
153.9035709999999995
 20
-78.7048190000000005
 30
0
 11
153.9021299999999997
 21
-78.7194509999999923
 31
0
  0
LINE
  5
CCF
330
22
100
AcDbEntity
  8
B.Silkscreen
  6
CONTINUOUS
100
AcDbLine
 10
153.9021299999999997
 20
-78.7194509999999923
 30
0
 11
153.8909309999999948
 21
-78.7464870000000019
 31
0
  0
LINE
  5
CD0
330
22
100
AcDbEntity
  8
B.Silkscreen
  6
CONTINUOUS
100
AcDbLine
 10
153.8909309999999948
 20
-78.7464870000000019
 30
0
 11
153.870238999999998
 21
-78.7671789999999987
 31
0
  0
LINE
  5
CD1
330
22
100
AcDbEntity
  8
B.Silkscreen
  6
CONTINUOUS
100
AcDbLine
 10
153.870238999999998
 20
-78.7671789999999987
 30
0
 11
153.8432029999999884
 21
-78.7783779999999894
 31
0
  0
LINE
  5
CD2
330
22
100
AcDbEntity
  8
B.Silkscreen
  6
CONTINUOUS
100
AcDbLine
 10
153.8432029999999884
 20
-78.7783779999999894
 30
0
 11
153.8139390000000049
 21
-78.7783779999999894
 31
0
  0
LINE
  5
CD3
330
22
100
AcDbEntity
  8
B.Silkscreen
  6
CONTINUOUS
100
AcDbLine
 10
153.8139390000000049
 20
-78.7783779999999894
 30
0
 11
153.7869029999999952
 21
-78.7671789999999987
 31
0
  0
LINE
  5
CD4
330
22
100
AcDbEntity
  8
B.Silkscreen
  6
CONTINUOUS
100
AcDbLine
 10
153.7869029999999952
 20
-78.7671789999999987
 30
0
 11
153.7662109999999984
 21
-78.7464870000000019
 31
0
  0
LINE
  5
CD5
330
22
100
AcDbEntity
  8
B.Silkscreen
  6
CONTINUOUS
100
AcDbLine
 10
153.7662109999999984
 20
-78.7464870000000019
 30
0
 11
153.7550119999999936
 21
-78.7194509999999923
 31
0
  0
LINE
  5
CD6
330
22
100
AcDbEntity
  8
B.Silkscreen
  6
CONTINUOUS
100
AcDbLine
 10
153.7550119999999936
 20
-78.7194509999999923
 30
0
 11
153.7535709999999938
 21
-78.7048190000000005
 31
0
  0
LINE
  5
CD7
330
22
100
AcDbEntity
  8
B.Silkscreen
  6
CONTINUOUS
100
AcDbLine
 10
153.7535709999999938
 20
-78.7048190000000005
 30
0
 11
153.7535709999999938
 21
-78.4464849999999956
 31
0
  0
LINE
  5
CD8
330
22
100
AcDbEntity
  8
B.Silkscreen
  6
CONTINUOUS
100
AcDbLine
 10
153.7535709999999938
 20
-78.4464849999999956
 30
0
 11
153.6857139999999902
 21
-78.4464849999999956
 31
0
  0
LINE
  5
CD9
330
22
100
AcDbEntity
  8
B.Silkscreen
  6
CONTINUOUS
100
AcDbLine
 10
153.6857139999999902
 20
-78.4464849999999956
 30
0
 11
153.6710819999999842
 21
-78.4450439999999958
 31
0
  0
LINE
  5
CDA
330
22
100
AcDbEntity
  8
B.Silkscreen
  6
CONTINUOUS
100
AcDbLine
 10
153.6710819999999842
 20
-78.4450439999999958
 30
0
 11
153.644046000000003
 21
-78.4338449999999909
 31
0
  0
LINE
  5
CDB
330
22
100
AcDbEntity
  8
B.Silkscreen
  6
CONTINUOUS
100
AcDbLine
 10
153.644046000000003
 20
-78.4338449999999909
 30
0
 11
153.6233540000000062
 21
-78.4131529999999941
 31
0
  0
LINE
  5
CDC
330
22
100
AcDbEntity
  8
B.Silkscreen
  6
CONTINUOUS
100
AcDbLine
 10
153.6233540000000062
 20
-78.4131529999999941
 30
0
 11
153.6121550000000013
 21
-78.3861169999999987
 31
0
  0
LINE
  5
CDD
330
22
100
AcDbEntity
  8
B.Silkscreen
  6
CONTINUOUS
100
AcDbLine
 10
153.6121550000000013
 20
-78.3861169999999987
 30
0
 11
153.6121550000000013
 21
-78.356853000000001
 31
0
  0
LINE
  5
CDE
330
22
100
AcDbEntity
  8
B.Silkscreen
  6
CONTINUOUS
100
AcDbLine
 10
153.6121550000000013
 20
-78.356853000000001
 30
0
 11
153.6233540000000062
 21
-78.3298169999999914
 31
0
  0
LINE
  5
CDF
330
22
100
AcDbEntity
  8
B.Silkscreen
  6
CONTINUOUS
100
AcDbLine
 10
153.6233540000000062
 20
-78.3298169999999914
 30
0
 11
153.644046000000003
 21
-78.3091249999999945
 31
0
  0
LINE
  5
CE0
330
22
100
AcDbEntity
  8
B.Silkscreen
  6
CONTINUOUS
100
AcDbLine
 10
153.644046000000003
 20
-78.3091249999999945
 30
0
 11
153.6710819999999842
 21
-78.2979259999999897
 31
0
  0
LINE
  5
CE1
330
22
100
AcDbEntity
  8
B.Silkscreen
  6
CONTINUOUS
100
AcDbLine
 10
153.6710819999999842
 20
-78.2979259999999897
 30
0
 11
153.6857139999999902
 21
-78.2964849999999899
 31
0
  0
LINE
  5
CE2
330
22
100
AcDbEntity
  8
B.Silkscreen
  6
CONTINUOUS
100
AcDbLine
 10
153.6857139999999902
 20
-78.2964849999999899
 30
0
 11
153.7535709999999938
 21
-78.2964849999999899
 31
0
  0
LINE
  5
CE3
330
22
100
AcDbEntity
  8
B.Silkscreen
  6
CONTINUOUS
100
AcDbLine
 10
153.7535709999999938
 20
-78.2964849999999899
 30
0
 11
153.7535709999999938
 21
-78.0381519999999966
 31
0
  0
LINE
  5
CE4
330
22
100
AcDbEntity
  8
B.Silkscreen
  6
CONTINUOUS
100
AcDbLine
 10
153.7535709999999938
 20
-78.0381519999999966
 30
0
 11
153.7550119999999936
 21
-78.0235199999999907
 31
0
  0
LINE
  5
CE5
330
22
100
AcDbEntity
  8
B.Silkscreen
  6
CONTINUOUS
100
AcDbLine
 10
153.7550119999999936
 20
-78.0235199999999907
 30
0
 11
153.7662109999999984
 21
-77.9964839999999953
 31
0
  0
LINE
  5
CE6
330
22
100
AcDbEntity
  8
B.Silkscreen
  6
CONTINUOUS
100
AcDbLine
 10
153.7662109999999984
 20
-77.9964839999999953
 30
0
 11
153.7869029999999952
 21
-77.9757919999999984
 31
0
  0
LINE
  5
CE7
330
22
100
AcDbEntity
  8
B.Silkscreen
  6
CONTINUOUS
100
AcDbLine
 10
153.7869029999999952
 20
-77.9757919999999984
 30
0
 11
153.8139390000000049
 21
-77.9645929999999936
 31
0
  0
LINE
  5
CE8
330
22
100
AcDbEntity
  8
B.Silkscreen
  6
CONTINUOUS
100
AcDbLine
 10
153.8139390000000049
 20
-77.9645929999999936
 30
0
 11
153.8432029999999884
 21
-77.9645929999999936
 31
0
  0
LINE
  5
CE9
330
22
100
AcDbEntity
  8
B.Silkscreen
  6
CONTINUOUS
100
AcDbLine
 10
153.8432029999999884
 20
-77.9645929999999936
 30
0
 11
153.870238999999998
 21
-77.9757919999999984
 31
0
  0
LINE
  5
CEA
330
22
100
AcDbEntity
  8
B.Silkscreen
  6
CONTINUOUS
100
AcDbLine
 10
153.870238999999998
 20
-77.9757919999999984
 30
0
 11
153.8909309999999948
 21
-77.9964839999999953
 31
0
  0
LINE
  5
CEB
330
22
100
AcDbEntity
  8
B.Silkscreen
  6
CONTINUOUS
100
AcDbLine
 10
153.8909309999999948
 20
-77.9964839999999953
 30
0
 11
153.9021299999999997
 21
-78.0235199999999907
 31
0
  0
LINE
  5
CEC
330
22
100
AcDbEntity
  8
B.Silkscreen
  6
CONTINUOUS
100
AcDbLine
 10
153.9021299999999997
 20
-78.0235199999999907
 30
0
 11
153.9035709999999995
 21
-78.0381519999999966
 31
0
  0
LINE
  5
CED
330
22
100
AcDbEntity
  8
B.Silkscreen
  6
CONTINUOUS
100
AcDbLine
 10
153.9035709999999995
 20
-78.0381519999999966
 30
0
 11
153.9035709999999995
 21
-78.2964849999999899
 31
0
  0
LINE
  5
CEE
330
22
100
AcDbEntity
  8
B.Silkscreen
  6
CONTINUOUS
100
AcDbLine
 10
153.9035709999999995
 20
-78.2964849999999899
 30
0
 11
154.2007040000000018
 21
-78.2964849999999899
 31
0
  0
LINE
  5
CEF
330
22
100
AcDbEntity
  8
B.Silkscreen
  6
CONTINUOUS
100
AcDbLine
 10
154.2007040000000018
 20
-78.2964849999999899
 30
0
 11
153.9955149999999833
 21
-77.6809169999999938
 31
0
  0
LINE
  5
CF0
330
22
100
AcDbEntity
  8
B.Silkscreen
  6
CONTINUOUS
100
AcDbLine
 10
153.9955149999999833
 20
-77.6809169999999938
 30
0
 11
153.9922550000000001
 21
-77.6665799999999962
 31
0
  0
LINE
  5
CF1
330
22
100
AcDbEntity
  8
B.Silkscreen
  6
CONTINUOUS
100
AcDbLine
 10
153.9922550000000001
 20
-77.6665799999999962
 30
0
 11
153.9943299999999908
 21
-77.6373899999999963
 31
0
  0
LINE
  5
CF2
330
22
100
AcDbEntity
  8
B.Silkscreen
  6
CONTINUOUS
100
AcDbLine
 10
153.9943299999999908
 20
-77.6373899999999963
 30
0
 11
154.0074160000000063
 21
-77.6112169999999963
 31
0
  0
LINE
  5
CF3
330
22
100
AcDbEntity
  8
B.Silkscreen
  6
CONTINUOUS
100
AcDbLine
 10
154.0074160000000063
 20
-77.6112169999999963
 30
0
 11
154.0295229999999833
 21
-77.5920429999999897
 31
0
  0
LINE
  5
CF4
330
22
100
AcDbEntity
  8
B.Silkscreen
  6
CONTINUOUS
100
AcDbLine
 10
154.0295229999999833
 20
-77.5920429999999897
 30
0
 11
154.0572860000000048
 21
-77.5827889999999911
 31
0
  0
LINE
  5
CF5
330
22
100
AcDbEntity
  8
B.Silkscreen
  6
CONTINUOUS
100
AcDbLine
 10
154.0572860000000048
 20
-77.5827889999999911
 30
0
 11
154.0864760000000047
 21
-77.5848639999999961
 31
0
  0
LINE
  5
CF6
330
22
100
AcDbEntity
  8
B.Silkscreen
  6
CONTINUOUS
100
AcDbLine
 10
158.0329610000000002
 20
-77.0845669999999927
 30
0
 11
158.0654329999999845
 21
-77.1170389999999912
 31
0
  0
LINE
  5
CF7
330
22
100
AcDbEntity
  8
B.Silkscreen
  6
CONTINUOUS
100
AcDbLine
 10
158.0654329999999845
 20
-77.1170389999999912
 30
0
 11
158.0699999999999932
 21
-77.1400000000000006
 31
0
  0
LINE
  5
CF8
330
22
100
AcDbEntity
  8
B.Silkscreen
  6
CONTINUOUS
100
AcDbLine
 10
158.0699999999999932
 20
-77.1400000000000006
 30
0
 11
158.0699999999999932
 21
-78.25
 31
0
  0
LINE
  5
CF9
330
22
100
AcDbEntity
  8
B.Silkscreen
  6
CONTINUOUS
100
AcDbLine
 10
158.0699999999999932
 20
-78.25
 30
0
 11
158.0654329999999845
 21
-78.2729609999999951
 31
0
  0
LINE
  5
CFA
330
22
100
AcDbEntity
  8
B.Silkscreen
  6
CONTINUOUS
100
AcDbLine
 10
158.0654329999999845
 20
-78.2729609999999951
 30
0
 11
158.0329610000000002
 21
-78.3054329999999936
 31
0
  0
LINE
  5
CFB
330
22
100
AcDbEntity
  8
B.Silkscreen
  6
CONTINUOUS
100
AcDbLine
 10
158.0329610000000002
 20
-78.3054329999999936
 30
0
 11
157.9870389999999816
 21
-78.3054329999999936
 31
0
  0
LINE
  5
CFC
330
22
100
AcDbEntity
  8
B.Silkscreen
  6
CONTINUOUS
100
AcDbLine
 10
157.9870389999999816
 20
-78.3054329999999936
 30
0
 11
157.9545669999999973
 21
-78.2729609999999951
 31
0
  0
LINE
  5
CFD
330
22
100
AcDbEntity
  8
B.Silkscreen
  6
CONTINUOUS
100
AcDbLine
 10
157.9545669999999973
 20
-78.2729609999999951
 30
0
 11
157.9499999999999886
 21
-78.25
 31
0
  0
LINE
  5
CFE
330
22
100
AcDbEntity
  8
B.Silkscreen
  6
CONTINUOUS
100
AcDbLine
 10
157.9499999999999886
 20
-78.25
 30
0
 11
157.9499999999999886
 21
-77.2000000000000028
 31
0
  0
LINE
  5
CFF
330
22
100
AcDbEntity
  8
B.Silkscreen
  6
CONTINUOUS
100
AcDbLine
 10
157.9499999999999886
 20
-77.2000000000000028
 30
0
 11
156.9000000000000057
 21
-77.2000000000000028
 31
0
  0
LINE
  5
D00
330
22
100
AcDbEntity
  8
B.Silkscreen
  6
CONTINUOUS
100
AcDbLine
 10
156.9000000000000057
 20
-77.2000000000000028
 30
0
 11
156.8770389999999963
 21
-77.1954329999999942
 31
0
  0
LINE
  5
D01
330
22
100
AcDbEntity
  8
B.Silkscreen
  6
CONTINUOUS
100
AcDbLine
 10
156.8770389999999963
 20
-77.1954329999999942
 30
0
 11
156.8445669999999836
 21
-77.1629609999999957
 31
0
  0
LINE
  5
D02
330
22
100
AcDbEntity
  8
B.Silkscreen
  6
CONTINUOUS
100
AcDbLine
 10
156.8445669999999836
 20
-77.1629609999999957
 30
0
 11
156.8445669999999836
 21
-77.1170389999999912
 31
0
  0
LINE
  5
D03
330
22
100
AcDbEntity
  8
B.Silkscreen
  6
CONTINUOUS
100
AcDbLine
 10
156.8445669999999836
 20
-77.1170389999999912
 30
0
 11
156.8770389999999963
 21
-77.0845669999999927
 31
0
  0
LINE
  5
D04
330
22
100
AcDbEntity
  8
B.Silkscreen
  6
CONTINUOUS
100
AcDbLine
 10
156.8770389999999963
 20
-77.0845669999999927
 30
0
 11
156.9000000000000057
 21
-77.0799999999999983
 31
0
  0
LINE
  5
D05
330
22
100
AcDbEntity
  8
B.Silkscreen
  6
CONTINUOUS
100
AcDbLine
 10
156.9000000000000057
 20
-77.0799999999999983
 30
0
 11
158.0099999999999909
 21
-77.0799999999999983
 31
0
  0
LINE
  5
D06
330
22
100
AcDbEntity
  8
B.Silkscreen
  6
CONTINUOUS
100
AcDbLine
 10
158.0099999999999909
 20
-77.0799999999999983
 30
0
 11
158.0329610000000002
 21
-77.0845669999999927
 31
0
  0
LINE
  5
D07
330
22
100
AcDbEntity
  8
B.Silkscreen
  6
CONTINUOUS
100
AcDbLine
 10
144.1603419999999858
 20
-77.5705200000000019
 30
0
 11
144.1865169999999807
 21
-77.5836079999999981
 31
0
  0
LINE
  5
D08
330
22
100
AcDbEntity
  8
B.Silkscreen
  6
CONTINUOUS
100
AcDbLine
 10
144.1865169999999807
 20
-77.5836079999999981
 30
0
 11
144.2056900000000041
 21
-77.6057150000000036
 31
0
  0
LINE
  5
D09
330
22
100
AcDbEntity
  8
B.Silkscreen
  6
CONTINUOUS
100
AcDbLine
 10
144.2056900000000041
 20
-77.6057150000000036
 30
0
 11
144.2149440000000027
 21
-77.6334769999999992
 31
0
  0
LINE
  5
D0A
330
22
100
AcDbEntity
  8
B.Silkscreen
  6
CONTINUOUS
100
AcDbLine
 10
144.2149440000000027
 20
-77.6334769999999992
 30
0
 11
144.212869999999981
 21
-77.662666999999999
 31
0
  0
LINE
  5
D0B
330
22
100
AcDbEntity
  8
B.Silkscreen
  6
CONTINUOUS
100
AcDbLine
 10
144.212869999999981
 20
-77.662666999999999
 30
0
 11
144.2076150000000041
 21
-77.6763979999999918
 31
0
  0
LINE
  5
D0C
330
22
100
AcDbEntity
  8
B.Silkscreen
  6
CONTINUOUS
100
AcDbLine
 10
144.2076150000000041
 20
-77.6763979999999918
 30
0
 11
144.1599960000000067
 21
-77.7716360000000009
 31
0
  0
LINE
  5
D0D
330
22
100
AcDbEntity
  8
B.Silkscreen
  6
CONTINUOUS
100
AcDbLine
 10
144.1599960000000067
 20
-77.7716360000000009
 30
0
 11
144.1560329999999794
 21
-77.7779299999999978
 31
0
  0
LINE
  5
D0E
330
22
100
AcDbEntity
  8
B.Silkscreen
  6
CONTINUOUS
100
AcDbLine
 10
144.1560329999999794
 20
-77.7779299999999978
 30
0
 11
144.1552749999999889
 21
-77.7797630000000026
 31
0
  0
LINE
  5
D0F
330
22
100
AcDbEntity
  8
B.Silkscreen
  6
CONTINUOUS
100
AcDbLine
 10
144.1552749999999889
 20
-77.7797630000000026
 30
0
 11
144.1535829999999976
 21
-77.7818240000000003
 31
0
  0
LINE
  5
D10
330
22
100
AcDbEntity
  8
B.Silkscreen
  6
CONTINUOUS
100
AcDbLine
 10
144.1535829999999976
 20
-77.7818240000000003
 30
0
 11
144.1521639999999991
 21
-77.7840789999999913
 31
0
  0
LINE
  5
D11
330
22
100
AcDbEntity
  8
B.Silkscreen
  6
CONTINUOUS
100
AcDbLine
 10
144.1521639999999991
 20
-77.7840789999999913
 30
0
 11
144.1506669999999986
 21
-77.7853769999999969
 31
0
  0
LINE
  5
D12
330
22
100
AcDbEntity
  8
B.Silkscreen
  6
CONTINUOUS
100
AcDbLine
 10
144.1506669999999986
 20
-77.7853769999999969
 30
0
 11
144.1459470000000067
 21
-77.7911280000000005
 31
0
  0
LINE
  5
D13
330
22
100
AcDbEntity
  8
B.Silkscreen
  6
CONTINUOUS
100
AcDbLine
 10
144.1459470000000067
 20
-77.7911280000000005
 30
0
 11
144.0835040000000049
 21
-77.8535710000000023
 31
0
  0
LINE
  5
D14
330
22
100
AcDbEntity
  8
B.Silkscreen
  6
CONTINUOUS
100
AcDbLine
 10
144.0835040000000049
 20
-77.8535710000000023
 30
0
 11
144.7798190000000034
 21
-77.8535710000000023
 31
0
  0
LINE
  5
D15
330
22
100
AcDbEntity
  8
B.Silkscreen
  6
CONTINUOUS
100
AcDbLine
 10
144.7798190000000034
 20
-77.8535710000000023
 30
0
 11
144.7798190000000034
 21
-77.6428569999999922
 31
0
  0
LINE
  5
D16
330
22
100
AcDbEntity
  8
B.Silkscreen
  6
CONTINUOUS
100
AcDbLine
 10
144.7798190000000034
 20
-77.6428569999999922
 30
0
 11
144.7812600000000032
 21
-77.6282250000000005
 31
0
  0
LINE
  5
D17
330
22
100
AcDbEntity
  8
B.Silkscreen
  6
CONTINUOUS
100
AcDbLine
 10
144.7812600000000032
 20
-77.6282250000000005
 30
0
 11
144.7924589999999796
 21
-77.6011889999999909
 31
0
  0
LINE
  5
D18
330
22
100
AcDbEntity
  8
B.Silkscreen
  6
CONTINUOUS
100
AcDbLine
 10
144.7924589999999796
 20
-77.6011889999999909
 30
0
 11
144.8131510000000048
 21
-77.580496999999994
 31
0
  0
LINE
  5
D19
330
22
100
AcDbEntity
  8
B.Silkscreen
  6
CONTINUOUS
100
AcDbLine
 10
144.8131510000000048
 20
-77.580496999999994
 30
0
 11
144.840186999999986
 21
-77.5692980000000034
 31
0
  0
LINE
  5
D1A
330
22
100
AcDbEntity
  8
B.Silkscreen
  6
CONTINUOUS
100
AcDbLine
 10
144.840186999999986
 20
-77.5692980000000034
 30
0
 11
144.869450999999998
 21
-77.5692980000000034
 31
0
  0
LINE
  5
D1B
330
22
100
AcDbEntity
  8
B.Silkscreen
  6
CONTINUOUS
100
AcDbLine
 10
144.869450999999998
 20
-77.5692980000000034
 30
0
 11
144.8964870000000076
 21
-77.580496999999994
 31
0
  0
LINE
  5
D1C
330
22
100
AcDbEntity
  8
B.Silkscreen
  6
CONTINUOUS
100
AcDbLine
 10
144.8964870000000076
 20
-77.580496999999994
 30
0
 11
144.9171790000000044
 21
-77.6011889999999909
 31
0
  0
LINE
  5
D1D
330
22
100
AcDbEntity
  8
B.Silkscreen
  6
CONTINUOUS
100
AcDbLine
 10
144.9171790000000044
 20
-77.6011889999999909
 30
0
 11
144.9283779999999808
 21
-77.6282250000000005
 31
0
  0
LINE
  5
D1E
330
22
100
AcDbEntity
  8
B.Silkscreen
  6
CONTINUOUS
100
AcDbLine
 10
144.9283779999999808
 20
-77.6282250000000005
 30
0
 11
144.9298189999999806
 21
-77.6428569999999922
 31
0
  0
LINE
  5
D1F
330
22
100
AcDbEntity
  8
B.Silkscreen
  6
CONTINUOUS
100
AcDbLine
 10
144.9298189999999806
 20
-77.6428569999999922
 30
0
 11
144.9298189999999806
 21
-78.2142849999999896
 31
0
  0
LINE
  5
D20
330
22
100
AcDbEntity
  8
B.Silkscreen
  6
CONTINUOUS
100
AcDbLine
 10
144.9298189999999806
 20
-78.2142849999999896
 30
0
 11
144.9283779999999808
 21
-78.2289169999999956
 31
0
  0
LINE
  5
D21
330
22
100
AcDbEntity
  8
B.Silkscreen
  6
CONTINUOUS
100
AcDbLine
 10
144.9283779999999808
 20
-78.2289169999999956
 30
0
 11
144.9171790000000044
 21
-78.255952999999991
 31
0
  0
LINE
  5
D22
330
22
100
AcDbEntity
  8
B.Silkscreen
  6
CONTINUOUS
100
AcDbLine
 10
144.9171790000000044
 20
-78.255952999999991
 30
0
 11
144.8964870000000076
 21
-78.276645000000002
 31
0
  0
LINE
  5
D23
330
22
100
AcDbEntity
  8
B.Silkscreen
  6
CONTINUOUS
100
AcDbLine
 10
144.8964870000000076
 20
-78.276645000000002
 30
0
 11
144.869450999999998
 21
-78.2878439999999927
 31
0
  0
LINE
  5
D24
330
22
100
AcDbEntity
  8
B.Silkscreen
  6
CONTINUOUS
100
AcDbLine
 10
144.869450999999998
 20
-78.2878439999999927
 30
0
 11
144.840186999999986
 21
-78.2878439999999927
 31
0
  0
LINE
  5
D25
330
22
100
AcDbEntity
  8
B.Silkscreen
  6
CONTINUOUS
100
AcDbLine
 10
144.840186999999986
 20
-78.2878439999999927
 30
0
 11
144.8131510000000048
 21
-78.276645000000002
 31
0
  0
LINE
  5
D26
330
22
100
AcDbEntity
  8
B.Silkscreen
  6
CONTINUOUS
100
AcDbLine
 10
144.8131510000000048
 20
-78.276645000000002
 30
0
 11
144.7924589999999796
 21
-78.255952999999991
 31
0
  0
LINE
  5
D27
330
22
100
AcDbEntity
  8
B.Silkscreen
  6
CONTINUOUS
100
AcDbLine
 10
144.7924589999999796
 20
-78.255952999999991
 30
0
 11
144.7812600000000032
 21
-78.2289169999999956
 31
0
  0
LINE
  5
D28
330
22
100
AcDbEntity
  8
B.Silkscreen
  6
CONTINUOUS
100
AcDbLine
 10
144.7812600000000032
 20
-78.2289169999999956
 30
0
 11
144.7798190000000034
 21
-78.2142849999999896
 31
0
  0
LINE
  5
D29
330
22
100
AcDbEntity
  8
B.Silkscreen
  6
CONTINUOUS
100
AcDbLine
 10
144.7798190000000034
 20
-78.2142849999999896
 30
0
 11
144.7798190000000034
 21
-78.0035709999999938
 31
0
  0
LINE
  5
D2A
330
22
100
AcDbEntity
  8
B.Silkscreen
  6
CONTINUOUS
100
AcDbLine
 10
144.7798190000000034
 20
-78.0035709999999938
 30
0
 11
143.854818999999992
 21
-78.0035709999999938
 31
0
  0
LINE
  5
D2B
330
22
100
AcDbEntity
  8
B.Silkscreen
  6
CONTINUOUS
100
AcDbLine
 10
143.854818999999992
 20
-78.0035709999999938
 30
0
 11
143.8547659999999837
 21
-78.0035649999999947
 31
0
  0
LINE
  5
D2C
330
22
100
AcDbEntity
  8
B.Silkscreen
  6
CONTINUOUS
100
AcDbLine
 10
143.8547659999999837
 20
-78.0035649999999947
 30
0
 11
143.8547399999999925
 21
-78.0035709999999938
 31
0
  0
LINE
  5
D2D
330
22
100
AcDbEntity
  8
B.Silkscreen
  6
CONTINUOUS
100
AcDbLine
 10
143.8547399999999925
 20
-78.0035709999999938
 30
0
 11
143.854662999999988
 21
-78.0035549999999915
 31
0
  0
LINE
  5
D2E
330
22
100
AcDbEntity
  8
B.Silkscreen
  6
CONTINUOUS
100
AcDbLine
 10
143.854662999999988
 20
-78.0035549999999915
 30
0
 11
143.840186999999986
 21
-78.002129999999994
 31
0
  0
LINE
  5
D2F
330
22
100
AcDbEntity
  8
B.Silkscreen
  6
CONTINUOUS
100
AcDbLine
 10
143.840186999999986
 20
-78.002129999999994
 30
0
 11
143.8333259999999996
 21
-77.9992879999999928
 31
0
  0
LINE
  5
D30
330
22
100
AcDbEntity
  8
B.Silkscreen
  6
CONTINUOUS
100
AcDbLine
 10
143.8333259999999996
 20
-77.9992879999999928
 30
0
 11
143.826045999999991
 21
-77.9978320000000025
 31
0
  0
LINE
  5
D31
330
22
100
AcDbEntity
  8
B.Silkscreen
  6
CONTINUOUS
100
AcDbLine
 10
143.826045999999991
 20
-77.9978320000000025
 30
0
 11
143.8199400000000026
 21
-77.9937429999999949
 31
0
  0
LINE
  5
D32
330
22
100
AcDbEntity
  8
B.Silkscreen
  6
CONTINUOUS
100
AcDbLine
 10
143.8199400000000026
 20
-77.9937429999999949
 30
0
 11
143.8131510000000048
 21
-77.9909310000000033
 31
0
  0
LINE
  5
D33
330
22
100
AcDbEntity
  8
B.Silkscreen
  6
CONTINUOUS
100
AcDbLine
 10
143.8131510000000048
 20
-77.9909310000000033
 30
0
 11
143.8078999999999894
 21
-77.9856800000000021
 31
0
  0
LINE
  5
D34
330
22
100
AcDbEntity
  8
B.Silkscreen
  6
CONTINUOUS
100
AcDbLine
 10
143.8078999999999894
 20
-77.9856800000000021
 30
0
 11
143.8017309999999895
 21
-77.9815490000000011
 31
0
  0
LINE
  5
D35
330
22
100
AcDbEntity
  8
B.Silkscreen
  6
CONTINUOUS
100
AcDbLine
 10
143.8017309999999895
 20
-77.9815490000000011
 30
0
 11
143.7976539999999943
 21
-77.9754339999999928
 31
0
  0
LINE
  5
D36
330
22
100
AcDbEntity
  8
B.Silkscreen
  6
CONTINUOUS
100
AcDbLine
 10
143.7976539999999943
 20
-77.9754339999999928
 30
0
 11
143.7924589999999796
 21
-77.9702389999999923
 31
0
  0
LINE
  5
D37
330
22
100
AcDbEntity
  8
B.Silkscreen
  6
CONTINUOUS
100
AcDbLine
 10
143.7924589999999796
 20
-77.9702389999999923
 30
0
 11
143.7896169999999927
 21
-77.9633779999999916
 31
0
  0
LINE
  5
D38
330
22
100
AcDbEntity
  8
B.Silkscreen
  6
CONTINUOUS
100
AcDbLine
 10
143.7896169999999927
 20
-77.9633779999999916
 30
0
 11
143.7854979999999898
 21
-77.9572000000000003
 31
0
  0
LINE
  5
D39
330
22
100
AcDbEntity
  8
B.Silkscreen
  6
CONTINUOUS
100
AcDbLine
 10
143.7854979999999898
 20
-77.9572000000000003
 30
0
 11
143.7840719999999806
 21
-77.9499909999999971
 31
0
  0
LINE
  5
D3A
330
22
100
AcDbEntity
  8
B.Silkscreen
  6
CONTINUOUS
100
AcDbLine
 10
143.7840719999999806
 20
-77.9499909999999971
 30
0
 11
143.7812600000000032
 21
-77.9432029999999969
 31
0
  0
LINE
  5
D3B
330
22
100
AcDbEntity
  8
B.Silkscreen
  6
CONTINUOUS
100
AcDbLine
 10
143.7812600000000032
 20
-77.9432029999999969
 30
0
 11
143.7812600000000032
 21
-77.9357759999999899
 31
0
  0
LINE
  5
D3C
330
22
100
AcDbEntity
  8
B.Silkscreen
  6
CONTINUOUS
100
AcDbLine
 10
143.7812600000000032
 20
-77.9357759999999899
 30
0
 11
143.7798190000000034
 21
-77.9284919999999914
 31
0
  0
LINE
  5
D3D
330
22
100
AcDbEntity
  8
B.Silkscreen
  6
CONTINUOUS
100
AcDbLine
 10
143.7798190000000034
 20
-77.9284919999999914
 30
0
 11
143.7812600000000032
 21
-77.9212869999999924
 31
0
  0
LINE
  5
D3E
330
22
100
AcDbEntity
  8
B.Silkscreen
  6
CONTINUOUS
100
AcDbLine
 10
143.7812600000000032
 20
-77.9212869999999924
 30
0
 11
143.7812600000000032
 21
-77.9139389999999992
 31
0
  0
LINE
  5
D3F
330
22
100
AcDbEntity
  8
B.Silkscreen
  6
CONTINUOUS
100
AcDbLine
 10
143.7812600000000032
 20
-77.9139389999999992
 30
0
 11
143.7841009999999926
 21
-77.9070779999999985
 31
0
  0
LINE
  5
D40
330
22
100
AcDbEntity
  8
B.Silkscreen
  6
CONTINUOUS
100
AcDbLine
 10
143.7841009999999926
 20
-77.9070779999999985
 30
0
 11
143.7855579999999804
 21
-77.8997979999999899
 31
0
  0
LINE
  5
D41
330
22
100
AcDbEntity
  8
B.Silkscreen
  6
CONTINUOUS
100
AcDbLine
 10
143.7855579999999804
 20
-77.8997979999999899
 30
0
 11
143.7896460000000047
 21
-77.8936920000000015
 31
0
  0
LINE
  5
D42
330
22
100
AcDbEntity
  8
B.Silkscreen
  6
CONTINUOUS
100
AcDbLine
 10
143.7896460000000047
 20
-77.8936920000000015
 30
0
 11
143.7924589999999796
 21
-77.8869029999999896
 31
0
  0
LINE
  5
D43
330
22
100
AcDbEntity
  8
B.Silkscreen
  6
CONTINUOUS
100
AcDbLine
 10
143.7924589999999796
 20
-77.8869029999999896
 30
0
 11
143.7977089999999976
 21
-77.8816520000000025
 31
0
  0
LINE
  5
D44
330
22
100
AcDbEntity
  8
B.Silkscreen
  6
CONTINUOUS
100
AcDbLine
 10
143.7977089999999976
 20
-77.8816520000000025
 30
0
 11
143.801840999999996
 21
-77.8754830000000027
 31
0
  0
LINE
  5
D45
330
22
100
AcDbEntity
  8
B.Silkscreen
  6
CONTINUOUS
100
AcDbLine
 10
143.801840999999996
 20
-77.8754830000000027
 30
0
 11
143.813098999999994
 21
-77.8662619999999919
 31
0
  0
LINE
  5
D46
330
22
100
AcDbEntity
  8
B.Silkscreen
  6
CONTINUOUS
100
AcDbLine
 10
143.813098999999994
 20
-77.8662619999999919
 30
0
 11
143.8131510000000048
 21
-77.8662109999999927
 31
0
  0
LINE
  5
D47
330
22
100
AcDbEntity
  8
B.Silkscreen
  6
CONTINUOUS
100
AcDbLine
 10
143.8131510000000048
 20
-77.8662109999999927
 30
0
 11
143.8131730000000061
 21
-77.8662009999999896
 31
0
  0
LINE
  5
D48
330
22
100
AcDbEntity
  8
B.Silkscreen
  6
CONTINUOUS
100
AcDbLine
 10
143.8131730000000061
 20
-77.8662009999999896
 30
0
 11
143.8132159999999828
 21
-77.8661669999999901
 31
0
  0
LINE
  5
D49
330
22
100
AcDbEntity
  8
B.Silkscreen
  6
CONTINUOUS
100
AcDbLine
 10
143.8132159999999828
 20
-77.8661669999999901
 30
0
 11
143.9498940000000005
 21
-77.7750479999999982
 31
0
  0
LINE
  5
D4A
330
22
100
AcDbEntity
  8
B.Silkscreen
  6
CONTINUOUS
100
AcDbLine
 10
143.9498940000000005
 20
-77.7750479999999982
 30
0
 11
144.0312749999999937
 21
-77.6936680000000024
 31
0
  0
LINE
  5
D4B
330
22
100
AcDbEntity
  8
B.Silkscreen
  6
CONTINUOUS
100
AcDbLine
 10
144.0312749999999937
 20
-77.6936680000000024
 30
0
 11
144.0734510000000057
 21
-77.6093159999999926
 31
0
  0
LINE
  5
D4C
330
22
100
AcDbEntity
  8
B.Silkscreen
  6
CONTINUOUS
100
AcDbLine
 10
144.0734510000000057
 20
-77.6093159999999926
 30
0
 11
144.0812829999999849
 21
-77.5968730000000022
 31
0
  0
LINE
  5
D4D
330
22
100
AcDbEntity
  8
B.Silkscreen
  6
CONTINUOUS
100
AcDbLine
 10
144.0812829999999849
 20
-77.5968730000000022
 30
0
 11
144.1033909999999878
 21
-77.577699999999993
 31
0
  0
LINE
  5
D4E
330
22
100
AcDbEntity
  8
B.Silkscreen
  6
CONTINUOUS
100
AcDbLine
 10
144.1033909999999878
 20
-77.577699999999993
 30
0
 11
144.1311519999999859
 21
-77.5684459999999945
 31
0
  0
LINE
  5
D4F
330
22
100
AcDbEntity
  8
B.Silkscreen
  6
CONTINUOUS
100
AcDbLine
 10
144.1311519999999859
 20
-77.5684459999999945
 30
0
 11
144.1603419999999858
 21
-77.5705200000000019
 31
0
  0
LINE
  5
D50
330
22
100
AcDbEntity
  8
B.Silkscreen
  6
CONTINUOUS
100
AcDbLine
 10
141.4229609999999866
 20
-75.8845669999999899
 30
0
 11
141.4554329999999993
 21
-75.9170390000000026
 31
0
  0
LINE
  5
D51
330
22
100
AcDbEntity
  8
B.Silkscreen
  6
CONTINUOUS
100
AcDbLine
 10
141.4554329999999993
 20
-75.9170390000000026
 30
0
 11
141.4599999999999795
 21
-75.9399999999999977
 31
0
  0
LINE
  5
D52
330
22
100
AcDbEntity
  8
B.Silkscreen
  6
CONTINUOUS
100
AcDbLine
 10
141.4599999999999795
 20
-75.9399999999999977
 30
0
 11
141.4599999999999795
 21
-78.0600000000000023
 31
0
  0
LINE
  5
D53
330
22
100
AcDbEntity
  8
B.Silkscreen
  6
CONTINUOUS
100
AcDbLine
 10
141.4599999999999795
 20
-78.0600000000000023
 30
0
 11
141.4554329999999993
 21
-78.0829609999999974
 31
0
  0
LINE
  5
D54
330
22
100
AcDbEntity
  8
B.Silkscreen
  6
CONTINUOUS
100
AcDbLine
 10
141.4554329999999993
 20
-78.0829609999999974
 30
0
 11
141.4229609999999866
 21
-78.1154329999999959
 31
0
  0
LINE
  5
D55
330
22
100
AcDbEntity
  8
B.Silkscreen
  6
CONTINUOUS
100
AcDbLine
 10
141.4229609999999866
 20
-78.1154329999999959
 30
0
 11
141.4000000000000057
 21
-78.1199999999999903
 31
0
  0
LINE
  5
D56
330
22
100
AcDbEntity
  8
B.Silkscreen
  6
CONTINUOUS
100
AcDbLine
 10
141.4000000000000057
 20
-78.1199999999999903
 30
0
 11
137.3400000000000034
 21
-78.1199999999999903
 31
0
  0
LINE
  5
D57
330
22
100
AcDbEntity
  8
B.Silkscreen
  6
CONTINUOUS
100
AcDbLine
 10
137.3400000000000034
 20
-78.1199999999999903
 30
0
 11
137.3170389999999941
 21
-78.1154329999999959
 31
0
  0
LINE
  5
D58
330
22
100
AcDbEntity
  8
B.Silkscreen
  6
CONTINUOUS
100
AcDbLine
 10
137.3170389999999941
 20
-78.1154329999999959
 30
0
 11
137.2845669999999814
 21
-78.0829609999999974
 31
0
  0
LINE
  5
D59
330
22
100
AcDbEntity
  8
B.Silkscreen
  6
CONTINUOUS
100
AcDbLine
 10
137.2845669999999814
 20
-78.0829609999999974
 30
0
 11
137.2800000000000011
 21
-78.0600000000000023
 31
0
  0
LINE
  5
D5A
330
22
100
AcDbEntity
  8
B.Silkscreen
  6
CONTINUOUS
100
AcDbLine
 10
137.2800000000000011
 20
-78.0600000000000023
 30
0
 11
137.2800000000000011
 21
-75.9399999999999977
 31
0
  0
LINE
  5
D5B
330
22
100
AcDbEntity
  8
B.Silkscreen
  6
CONTINUOUS
100
AcDbLine
 10
137.2800000000000011
 20
-75.9399999999999977
 30
0
 11
137.2845669999999814
 21
-75.9170390000000026
 31
0
  0
LINE
  5
D5C
330
22
100
AcDbEntity
  8
B.Silkscreen
  6
CONTINUOUS
100
AcDbLine
 10
137.2845669999999814
 20
-75.9170390000000026
 30
0
 11
137.3170389999999941
 21
-75.8845669999999899
 31
0
  0
LINE
  5
D5D
330
22
100
AcDbEntity
  8
B.Silkscreen
  6
CONTINUOUS
100
AcDbLine
 10
137.3170389999999941
 20
-75.8845669999999899
 30
0
 11
137.3400000000000034
 21
-75.8799999999999955
 31
0
  0
LINE
  5
D5E
330
22
100
AcDbEntity
  8
B.Silkscreen
  6
CONTINUOUS
100
AcDbLine
 10
137.3400000000000034
 20
-75.8799999999999955
 30
0
 11
141.4000000000000057
 21
-75.8799999999999955
 31
0
  0
LINE
  5
D5F
330
22
100
AcDbEntity
  8
B.Silkscreen
  6
CONTINUOUS
100
AcDbLine
 10
141.4000000000000057
 20
-75.8799999999999955
 30
0
 11
141.4229609999999866
 21
-75.8845669999999899
 31
0
  0
LINE
  5
D60
330
22
100
AcDbEntity
  8
B.Silkscreen
  6
CONTINUOUS
100
AcDbLine
 10
137.4000000000000057
 20
-76.
 30
0
 11
137.4000000000000057
 21
-78.
 31
0
  0
LINE
  5
D61
330
22
100
AcDbEntity
  8
B.Silkscreen
  6
CONTINUOUS
100
AcDbLine
 10
137.4000000000000057
 20
-78.
 30
0
 11
141.3400000000000034
 21
-78.
 31
0
  0
LINE
  5
D62
330
22
100
AcDbEntity
  8
B.Silkscreen
  6
CONTINUOUS
100
AcDbLine
 10
141.3400000000000034
 20
-78.
 30
0
 11
141.3400000000000034
 21
-76.
 31
0
  0
LINE
  5
D63
330
22
100
AcDbEntity
  8
B.Silkscreen
  6
CONTINUOUS
100
AcDbLine
 10
141.3400000000000034
 20
-76.
 30
0
 11
137.4000000000000057
 21
-76.
 31
0
  0
LINE
  5
D64
330
22
100
AcDbEntity
  8
B.Silkscreen
  6
CONTINUOUS
100
AcDbLine
 10
143.8785359999999969
 20
-76.6193250000000035
 30
0
 11
144.8785359999999969
 21
-76.9526579999999996
 31
0
  0
LINE
  5
D65
330
22
100
AcDbEntity
  8
B.Silkscreen
  6
CONTINUOUS
100
AcDbLine
 10
144.8785359999999969
 20
-76.9526579999999996
 30
0
 11
144.8919609999999807
 21
-76.9586520000000007
 31
0
  0
LINE
  5
D66
330
22
100
AcDbEntity
  8
B.Silkscreen
  6
CONTINUOUS
100
AcDbLine
 10
144.8919609999999807
 20
-76.9586520000000007
 30
0
 11
144.8960079999999948
 21
-76.9621619999999922
 31
0
  0
LINE
  5
D67
330
22
100
AcDbEntity
  8
B.Silkscreen
  6
CONTINUOUS
100
AcDbLine
 10
144.8960079999999948
 20
-76.9621619999999922
 30
0
 11
144.9008019999999988
 21
-76.9645589999999942
 31
0
  0
LINE
  5
D68
330
22
100
AcDbEntity
  8
B.Silkscreen
  6
CONTINUOUS
100
AcDbLine
 10
144.9008019999999988
 20
-76.9645589999999942
 30
0
 11
144.9069659999999828
 21
-76.971665999999999
 31
0
  0
LINE
  5
D69
330
22
100
AcDbEntity
  8
B.Silkscreen
  6
CONTINUOUS
100
AcDbLine
 10
144.9069659999999828
 20
-76.971665999999999
 30
0
 11
144.9140679999999861
 21
-76.9778259999999932
 31
0
  0
LINE
  5
D6A
330
22
100
AcDbEntity
  8
B.Silkscreen
  6
CONTINUOUS
100
AcDbLine
 10
144.9140679999999861
 20
-76.9778259999999932
 30
0
 11
144.9164629999999931
 21
-76.9826169999999905
 31
0
  0
LINE
  5
D6B
330
22
100
AcDbEntity
  8
B.Silkscreen
  6
CONTINUOUS
100
AcDbLine
 10
144.9164629999999931
 20
-76.9826169999999905
 30
0
 11
144.9199759999999912
 21
-76.9866669999999971
 31
0
  0
LINE
  5
D6C
330
22
100
AcDbEntity
  8
B.Silkscreen
  6
CONTINUOUS
100
AcDbLine
 10
144.9199759999999912
 20
-76.9866669999999971
 30
0
 11
144.9229499999999859
 21
-76.9955889999999954
 31
0
  0
LINE
  5
D6D
330
22
100
AcDbEntity
  8
B.Silkscreen
  6
CONTINUOUS
100
AcDbLine
 10
144.9229499999999859
 20
-76.9955889999999954
 30
0
 11
144.9271549999999991
 21
-77.0039989999999932
 31
0
  0
LINE
  5
D6E
330
22
100
AcDbEntity
  8
B.Silkscreen
  6
CONTINUOUS
100
AcDbLine
 10
144.9271549999999991
 20
-77.0039989999999932
 30
0
 11
144.9275339999999801
 21
-77.0093430000000012
 31
0
  0
LINE
  5
D6F
330
22
100
AcDbEntity
  8
B.Silkscreen
  6
CONTINUOUS
100
AcDbLine
 10
144.9275339999999801
 20
-77.0093430000000012
 30
0
 11
144.9292299999999898
 21
-77.0144289999999927
 31
0
  0
LINE
  5
D70
330
22
100
AcDbEntity
  8
B.Silkscreen
  6
CONTINUOUS
100
AcDbLine
 10
144.9292299999999898
 20
-77.0144289999999927
 30
0
 11
144.9285629999999969
 21
-77.023809
 31
0
  0
LINE
  5
D71
330
22
100
AcDbEntity
  8
B.Silkscreen
  6
CONTINUOUS
100
AcDbLine
 10
144.9285629999999969
 20
-77.023809
 30
0
 11
144.9292299999999898
 21
-77.033188999999993
 31
0
  0
LINE
  5
D72
330
22
100
AcDbEntity
  8
B.Silkscreen
  6
CONTINUOUS
100
AcDbLine
 10
144.9292299999999898
 20
-77.033188999999993
 30
0
 11
144.9275339999999801
 21
-77.0382740000000013
 31
0
  0
LINE
  5
D73
330
22
100
AcDbEntity
  8
B.Silkscreen
  6
CONTINUOUS
100
AcDbLine
 10
144.9275339999999801
 20
-77.0382740000000013
 30
0
 11
144.9271549999999991
 21
-77.0436189999999925
 31
0
  0
LINE
  5
D74
330
22
100
AcDbEntity
  8
B.Silkscreen
  6
CONTINUOUS
100
AcDbLine
 10
144.9271549999999991
 20
-77.0436189999999925
 30
0
 11
144.9229499999999859
 21
-77.0520279999999929
 31
0
  0
LINE
  5
D75
330
22
100
AcDbEntity
  8
B.Silkscreen
  6
CONTINUOUS
100
AcDbLine
 10
144.9229499999999859
 20
-77.0520279999999929
 30
0
 11
144.9199759999999912
 21
-77.0609510000000029
 31
0
  0
LINE
  5
D76
330
22
100
AcDbEntity
  8
B.Silkscreen
  6
CONTINUOUS
100
AcDbLine
 10
144.9199759999999912
 20
-77.0609510000000029
 30
0
 11
144.9164629999999931
 21
-77.0649999999999977
 31
0
  0
LINE
  5
D77
330
22
100
AcDbEntity
  8
B.Silkscreen
  6
CONTINUOUS
100
AcDbLine
 10
144.9164629999999931
 20
-77.0649999999999977
 30
0
 11
144.9140679999999861
 21
-77.0697919999999925
 31
0
  0
LINE
  5
D78
330
22
100
AcDbEntity
  8
B.Silkscreen
  6
CONTINUOUS
100
AcDbLine
 10
144.9140679999999861
 20
-77.0697919999999925
 30
0
 11
144.9069659999999828
 21
-77.0759510000000034
 31
0
  0
LINE
  5
D79
330
22
100
AcDbEntity
  8
B.Silkscreen
  6
CONTINUOUS
100
AcDbLine
 10
144.9069659999999828
 20
-77.0759510000000034
 30
0
 11
144.9008019999999988
 21
-77.0830589999999916
 31
0
  0
LINE
  5
D7A
330
22
100
AcDbEntity
  8
B.Silkscreen
  6
CONTINUOUS
100
AcDbLine
 10
144.9008019999999988
 20
-77.0830589999999916
 30
0
 11
144.8960079999999948
 21
-77.0854549999999961
 31
0
  0
LINE
  5
D7B
330
22
100
AcDbEntity
  8
B.Silkscreen
  6
CONTINUOUS
100
AcDbLine
 10
144.8960079999999948
 20
-77.0854549999999961
 30
0
 11
144.8919609999999807
 21
-77.0889659999999992
 31
0
  0
LINE
  5
D7C
330
22
100
AcDbEntity
  8
B.Silkscreen
  6
CONTINUOUS
100
AcDbLine
 10
144.8919609999999807
 20
-77.0889659999999992
 30
0
 11
144.8785359999999969
 21
-77.0949600000000004
 31
0
  0
LINE
  5
D7D
330
22
100
AcDbEntity
  8
B.Silkscreen
  6
CONTINUOUS
100
AcDbLine
 10
144.8785359999999969
 20
-77.0949600000000004
 30
0
 11
143.8785359999999969
 21
-77.4282929999999965
 31
0
  0
LINE
  5
D7E
330
22
100
AcDbEntity
  8
B.Silkscreen
  6
CONTINUOUS
100
AcDbLine
 10
143.8785359999999969
 20
-77.4282929999999965
 30
0
 11
143.8641989999999851
 21
-77.4315529999999939
 31
0
  0
LINE
  5
D7F
330
22
100
AcDbEntity
  8
B.Silkscreen
  6
CONTINUOUS
100
AcDbLine
 10
143.8641989999999851
 20
-77.4315529999999939
 30
0
 11
143.8350089999999852
 21
-77.4294780000000031
 31
0
  0
LINE
  5
D80
330
22
100
AcDbEntity
  8
B.Silkscreen
  6
CONTINUOUS
100
AcDbLine
 10
143.8350089999999852
 20
-77.4294780000000031
 30
0
 11
143.8088359999999852
 21
-77.4163920000000019
 31
0
  0
LINE
  5
D81
330
22
100
AcDbEntity
  8
B.Silkscreen
  6
CONTINUOUS
100
AcDbLine
 10
143.8088359999999852
 20
-77.4163920000000019
 30
0
 11
143.7896619999999928
 21
-77.3942849999999964
 31
0
  0
LINE
  5
D82
330
22
100
AcDbEntity
  8
B.Silkscreen
  6
CONTINUOUS
100
AcDbLine
 10
143.7896619999999928
 20
-77.3942849999999964
 30
0
 11
143.7804079999999942
 21
-77.3665220000000033
 31
0
  0
LINE
  5
D83
330
22
100
AcDbEntity
  8
B.Silkscreen
  6
CONTINUOUS
100
AcDbLine
 10
143.7804079999999942
 20
-77.3665220000000033
 30
0
 11
143.7824829999999849
 21
-77.3373320000000035
 31
0
  0
LINE
  5
D84
330
22
100
AcDbEntity
  8
B.Silkscreen
  6
CONTINUOUS
100
AcDbLine
 10
143.7824829999999849
 20
-77.3373320000000035
 30
0
 11
143.7955690000000004
 21
-77.3111590000000035
 31
0
  0
LINE
  5
D85
330
22
100
AcDbEntity
  8
B.Silkscreen
  6
CONTINUOUS
100
AcDbLine
 10
143.7955690000000004
 20
-77.3111590000000035
 30
0
 11
143.8176760000000058
 21
-77.2919849999999968
 31
0
  0
LINE
  5
D86
330
22
100
AcDbEntity
  8
B.Silkscreen
  6
CONTINUOUS
100
AcDbLine
 10
143.8176760000000058
 20
-77.2919849999999968
 30
0
 11
143.8311019999999871
 21
-77.2859909999999957
 31
0
  0
LINE
  5
D87
330
22
100
AcDbEntity
  8
B.Silkscreen
  6
CONTINUOUS
100
AcDbLine
 10
143.8311019999999871
 20
-77.2859909999999957
 30
0
 11
144.6176480000000026
 21
-77.023809
 31
0
  0
LINE
  5
D88
330
22
100
AcDbEntity
  8
B.Silkscreen
  6
CONTINUOUS
100
AcDbLine
 10
144.6176480000000026
 20
-77.023809
 30
0
 11
143.8311019999999871
 21
-76.7616269999999901
 31
0
  0
LINE
  5
D89
330
22
100
AcDbEntity
  8
B.Silkscreen
  6
CONTINUOUS
100
AcDbLine
 10
143.8311019999999871
 20
-76.7616269999999901
 30
0
 11
143.8176760000000058
 21
-76.7556330000000031
 31
0
  0
LINE
  5
D8A
330
22
100
AcDbEntity
  8
B.Silkscreen
  6
CONTINUOUS
100
AcDbLine
 10
143.8176760000000058
 20
-76.7556330000000031
 30
0
 11
143.7955690000000004
 21
-76.7364589999999964
 31
0
  0
LINE
  5
D8B
330
22
100
AcDbEntity
  8
B.Silkscreen
  6
CONTINUOUS
100
AcDbLine
 10
143.7955690000000004
 20
-76.7364589999999964
 30
0
 11
143.7824829999999849
 21
-76.7102859999999964
 31
0
  0
LINE
  5
D8C
330
22
100
AcDbEntity
  8
B.Silkscreen
  6
CONTINUOUS
100
AcDbLine
 10
143.7824829999999849
 20
-76.7102859999999964
 30
0
 11
143.7804079999999942
 21
-76.6810959999999966
 31
0
  0
LINE
  5
D8D
330
22
100
AcDbEntity
  8
B.Silkscreen
  6
CONTINUOUS
100
AcDbLine
 10
143.7804079999999942
 20
-76.6810959999999966
 30
0
 11
143.7896619999999928
 21
-76.6533330000000035
 31
0
  0
LINE
  5
D8E
330
22
100
AcDbEntity
  8
B.Silkscreen
  6
CONTINUOUS
100
AcDbLine
 10
143.7896619999999928
 20
-76.6533330000000035
 30
0
 11
143.8088359999999852
 21
-76.6312259999999981
 31
0
  0
LINE
  5
D8F
330
22
100
AcDbEntity
  8
B.Silkscreen
  6
CONTINUOUS
100
AcDbLine
 10
143.8088359999999852
 20
-76.6312259999999981
 30
0
 11
143.8350089999999852
 21
-76.6181399999999968
 31
0
  0
LINE
  5
D90
330
22
100
AcDbEntity
  8
B.Silkscreen
  6
CONTINUOUS
100
AcDbLine
 10
143.8350089999999852
 20
-76.6181399999999968
 30
0
 11
143.8641989999999851
 21
-76.6160649999999919
 31
0
  0
LINE
  5
D91
330
22
100
AcDbEntity
  8
B.Silkscreen
  6
CONTINUOUS
100
AcDbLine
 10
143.8641989999999851
 20
-76.6160649999999919
 30
0
 11
143.8785359999999969
 21
-76.6193250000000035
 31
0
  0
LINE
  5
D92
330
22
100
AcDbEntity
  8
B.Silkscreen
  6
CONTINUOUS
100
AcDbLine
 10
143.4829609999999889
 20
-75.8845669999999899
 30
0
 11
143.5154330000000016
 21
-75.9170390000000026
 31
0
  0
LINE
  5
D93
330
22
100
AcDbEntity
  8
B.Silkscreen
  6
CONTINUOUS
100
AcDbLine
 10
143.5154330000000016
 20
-75.9170390000000026
 30
0
 11
143.5199999999999818
 21
-75.9399999999999977
 31
0
  0
LINE
  5
D94
330
22
100
AcDbEntity
  8
B.Silkscreen
  6
CONTINUOUS
100
AcDbLine
 10
143.5199999999999818
 20
-75.9399999999999977
 30
0
 11
143.5199999999999818
 21
-77.
 31
0
  0
LINE
  5
D95
330
22
100
AcDbEntity
  8
B.Silkscreen
  6
CONTINUOUS
100
AcDbLine
 10
143.5199999999999818
 20
-77.
 30
0
 11
143.5154330000000016
 21
-77.0229609999999951
 31
0
  0
LINE
  5
D96
330
22
100
AcDbEntity
  8
B.Silkscreen
  6
CONTINUOUS
100
AcDbLine
 10
143.5154330000000016
 20
-77.0229609999999951
 30
0
 11
143.4829609999999889
 21
-77.0554329999999936
 31
0
  0
LINE
  5
D97
330
22
100
AcDbEntity
  8
B.Silkscreen
  6
CONTINUOUS
100
AcDbLine
 10
143.4829609999999889
 20
-77.0554329999999936
 30
0
 11
143.4370389999999986
 21
-77.0554329999999936
 31
0
  0
LINE
  5
D98
330
22
100
AcDbEntity
  8
B.Silkscreen
  6
CONTINUOUS
100
AcDbLine
 10
143.4370389999999986
 20
-77.0554329999999936
 30
0
 11
143.4045669999999859
 21
-77.0229609999999951
 31
0
  0
LINE
  5
D99
330
22
100
AcDbEntity
  8
B.Silkscreen
  6
CONTINUOUS
100
AcDbLine
 10
143.4045669999999859
 20
-77.0229609999999951
 30
0
 11
143.4000000000000057
 21
-77.
 31
0
  0
LINE
  5
D9A
330
22
100
AcDbEntity
  8
B.Silkscreen
  6
CONTINUOUS
100
AcDbLine
 10
143.4000000000000057
 20
-77.
 30
0
 11
143.4000000000000057
 21
-76.
 31
0
  0
LINE
  5
D9B
330
22
100
AcDbEntity
  8
B.Silkscreen
  6
CONTINUOUS
100
AcDbLine
 10
143.4000000000000057
 20
-76.
 30
0
 11
142.4000000000000057
 21
-76.
 31
0
  0
LINE
  5
D9C
330
22
100
AcDbEntity
  8
B.Silkscreen
  6
CONTINUOUS
100
AcDbLine
 10
142.4000000000000057
 20
-76.
 30
0
 11
142.3770389999999963
 21
-75.9954329999999914
 31
0
  0
LINE
  5
D9D
330
22
100
AcDbEntity
  8
B.Silkscreen
  6
CONTINUOUS
100
AcDbLine
 10
142.3770389999999963
 20
-75.9954329999999914
 30
0
 11
142.3445669999999836
 21
-75.9629609999999929
 31
0
  0
LINE
  5
D9E
330
22
100
AcDbEntity
  8
B.Silkscreen
  6
CONTINUOUS
100
AcDbLine
 10
142.3445669999999836
 20
-75.9629609999999929
 30
0
 11
142.3445669999999836
 21
-75.9170390000000026
 31
0
  0
LINE
  5
D9F
330
22
100
AcDbEntity
  8
B.Silkscreen
  6
CONTINUOUS
100
AcDbLine
 10
142.3445669999999836
 20
-75.9170390000000026
 30
0
 11
142.3770389999999963
 21
-75.8845669999999899
 31
0
  0
LINE
  5
DA0
330
22
100
AcDbEntity
  8
B.Silkscreen
  6
CONTINUOUS
100
AcDbLine
 10
142.3770389999999963
 20
-75.8845669999999899
 30
0
 11
142.4000000000000057
 21
-75.8799999999999955
 31
0
  0
LINE
  5
DA1
330
22
100
AcDbEntity
  8
B.Silkscreen
  6
CONTINUOUS
100
AcDbLine
 10
142.4000000000000057
 20
-75.8799999999999955
 30
0
 11
143.4599999999999795
 21
-75.8799999999999955
 31
0
  0
LINE
  5
DA2
330
22
100
AcDbEntity
  8
B.Silkscreen
  6
CONTINUOUS
100
AcDbLine
 10
143.4599999999999795
 20
-75.8799999999999955
 30
0
 11
143.4829609999999889
 21
-75.8845669999999899
 31
0
  0
LINE
  5
DA3
330
22
100
AcDbEntity
  8
B.Silkscreen
  6
CONTINUOUS
100
AcDbLine
 10
144.869450999999998
 20
-75.7597739999999931
 30
0
 11
144.8964870000000076
 21
-75.7709729999999979
 31
0
  0
LINE
  5
DA4
330
22
100
AcDbEntity
  8
B.Silkscreen
  6
CONTINUOUS
100
AcDbLine
 10
144.8964870000000076
 20
-75.7709729999999979
 30
0
 11
144.9171790000000044
 21
-75.7916649999999947
 31
0
  0
LINE
  5
DA5
330
22
100
AcDbEntity
  8
B.Silkscreen
  6
CONTINUOUS
100
AcDbLine
 10
144.9171790000000044
 20
-75.7916649999999947
 30
0
 11
144.9283779999999808
 21
-75.8187009999999901
 31
0
  0
LINE
  5
DA6
330
22
100
AcDbEntity
  8
B.Silkscreen
  6
CONTINUOUS
100
AcDbLine
 10
144.9283779999999808
 20
-75.8187009999999901
 30
0
 11
144.9283779999999808
 21
-75.8479650000000021
 31
0
  0
LINE
  5
DA7
330
22
100
AcDbEntity
  8
B.Silkscreen
  6
CONTINUOUS
100
AcDbLine
 10
144.9283779999999808
 20
-75.8479650000000021
 30
0
 11
144.9171790000000044
 21
-75.8750009999999975
 31
0
  0
LINE
  5
DA8
330
22
100
AcDbEntity
  8
B.Silkscreen
  6
CONTINUOUS
100
AcDbLine
 10
144.9171790000000044
 20
-75.8750009999999975
 30
0
 11
144.8964870000000076
 21
-75.8956929999999943
 31
0
  0
LINE
  5
DA9
330
22
100
AcDbEntity
  8
B.Silkscreen
  6
CONTINUOUS
100
AcDbLine
 10
144.8964870000000076
 20
-75.8956929999999943
 30
0
 11
144.869450999999998
 21
-75.9068919999999991
 31
0
  0
LINE
  5
DAA
330
22
100
AcDbEntity
  8
B.Silkscreen
  6
CONTINUOUS
100
AcDbLine
 10
144.869450999999998
 20
-75.9068919999999991
 30
0
 11
144.854818999999992
 21
-75.9083329999999989
 31
0
  0
LINE
  5
DAB
330
22
100
AcDbEntity
  8
B.Silkscreen
  6
CONTINUOUS
100
AcDbLine
 10
144.854818999999992
 20
-75.9083329999999989
 30
0
 11
144.4536279999999806
 21
-75.9083329999999989
 31
0
  0
LINE
  5
DAC
330
22
100
AcDbEntity
  8
B.Silkscreen
  6
CONTINUOUS
100
AcDbLine
 10
144.4536279999999806
 20
-75.9083329999999989
 30
0
 11
144.4536279999999806
 21
-76.0323779999999942
 31
0
  0
LINE
  5
DAD
330
22
100
AcDbEntity
  8
B.Silkscreen
  6
CONTINUOUS
100
AcDbLine
 10
144.4536279999999806
 20
-76.0323779999999942
 30
0
 11
144.8978290000000015
 21
-76.3433189999999939
 31
0
  0
LINE
  5
DAE
330
22
100
AcDbEntity
  8
B.Silkscreen
  6
CONTINUOUS
100
AcDbLine
 10
144.8978290000000015
 20
-76.3433189999999939
 30
0
 11
144.9089889999999912
 21
-76.3528900000000021
 31
0
  0
LINE
  5
DAF
330
22
100
AcDbEntity
  8
B.Silkscreen
  6
CONTINUOUS
100
AcDbLine
 10
144.9089889999999912
 20
-76.3528900000000021
 30
0
 11
144.9247159999999894
 21
-76.377568999999994
 31
0
  0
LINE
  5
DB0
330
22
100
AcDbEntity
  8
B.Silkscreen
  6
CONTINUOUS
100
AcDbLine
 10
144.9247159999999894
 20
-76.377568999999994
 30
0
 11
144.9298019999999951
 21
-76.4063859999999977
 31
0
  0
LINE
  5
DB1
330
22
100
AcDbEntity
  8
B.Silkscreen
  6
CONTINUOUS
100
AcDbLine
 10
144.9298019999999951
 20
-76.4063859999999977
 30
0
 11
144.9234720000000038
 21
-76.4349569999999972
 31
0
  0
LINE
  5
DB2
330
22
100
AcDbEntity
  8
B.Silkscreen
  6
CONTINUOUS
100
AcDbLine
 10
144.9234720000000038
 20
-76.4349569999999972
 30
0
 11
144.9066899999999976
 21
-76.4589309999999927
 31
0
  0
LINE
  5
DB3
330
22
100
AcDbEntity
  8
B.Silkscreen
  6
CONTINUOUS
100
AcDbLine
 10
144.9066899999999976
 20
-76.4589309999999927
 30
0
 11
144.8820120000000031
 21
-76.4746579999999909
 31
0
  0
LINE
  5
DB4
330
22
100
AcDbEntity
  8
B.Silkscreen
  6
CONTINUOUS
100
AcDbLine
 10
144.8820120000000031
 20
-76.4746579999999909
 30
0
 11
144.853194000000002
 21
-76.4797429999999991
 31
0
  0
LINE
  5
DB5
330
22
100
AcDbEntity
  8
B.Silkscreen
  6
CONTINUOUS
100
AcDbLine
 10
144.853194000000002
 20
-76.4797429999999991
 30
0
 11
144.8246230000000025
 21
-76.4734139999999911
 31
0
  0
LINE
  5
DB6
330
22
100
AcDbEntity
  8
B.Silkscreen
  6
CONTINUOUS
100
AcDbLine
 10
144.8246230000000025
 20
-76.4734139999999911
 30
0
 11
144.8118099999999799
 21
-76.4662039999999905
 31
0
  0
LINE
  5
DB7
330
22
100
AcDbEntity
  8
B.Silkscreen
  6
CONTINUOUS
100
AcDbLine
 10
144.8118099999999799
 20
-76.4662039999999905
 30
0
 11
144.4535180000000025
 21
-76.2154000000000025
 31
0
  0
LINE
  5
DB8
330
22
100
AcDbEntity
  8
B.Silkscreen
  6
CONTINUOUS
100
AcDbLine
 10
144.4535180000000025
 20
-76.2154000000000025
 30
0
 11
144.4521869999999808
 21
-76.2289169999999956
 31
0
  0
LINE
  5
DB9
330
22
100
AcDbEntity
  8
B.Silkscreen
  6
CONTINUOUS
100
AcDbLine
 10
144.4521869999999808
 20
-76.2289169999999956
 30
0
 11
144.4511559999999974
 21
-76.2314049999999952
 31
0
  0
LINE
  5
DBA
330
22
100
AcDbEntity
  8
B.Silkscreen
  6
CONTINUOUS
100
AcDbLine
 10
144.4511559999999974
 20
-76.2314049999999952
 30
0
 11
144.4509649999999965
 21
-76.2340949999999964
 31
0
  0
LINE
  5
DBB
330
22
100
AcDbEntity
  8
B.Silkscreen
  6
CONTINUOUS
100
AcDbLine
 10
144.4509649999999965
 20
-76.2340949999999964
 30
0
 11
144.4457099999999912
 21
-76.2478260000000034
 31
0
  0
LINE
  5
DBC
330
22
100
AcDbEntity
  8
B.Silkscreen
  6
CONTINUOUS
100
AcDbLine
 10
144.4457099999999912
 20
-76.2478260000000034
 30
0
 11
144.3980909999999938
 21
-76.3430639999999983
 31
0
  0
LINE
  5
DBD
330
22
100
AcDbEntity
  8
B.Silkscreen
  6
CONTINUOUS
100
AcDbLine
 10
144.3980909999999938
 20
-76.3430639999999983
 30
0
 11
144.394126
 21
-76.3493629999999968
 31
0
  0
LINE
  5
DBE
330
22
100
AcDbEntity
  8
B.Silkscreen
  6
CONTINUOUS
100
AcDbLine
 10
144.394126
 20
-76.3493629999999968
 30
0
 11
144.393369000000007
 21
-76.351191
 31
0
  0
LINE
  5
DBF
330
22
100
AcDbEntity
  8
B.Silkscreen
  6
CONTINUOUS
100
AcDbLine
 10
144.393369000000007
 20
-76.351191
 30
0
 11
144.3916799999999796
 21
-76.3532469999999961
 31
0
  0
LINE
  5
DC0
330
22
100
AcDbEntity
  8
B.Silkscreen
  6
CONTINUOUS
100
AcDbLine
 10
144.3916799999999796
 20
-76.3532469999999961
 30
0
 11
144.3902589999999861
 21
-76.3555070000000029
 31
0
  0
LINE
  5
DC1
330
22
100
AcDbEntity
  8
B.Silkscreen
  6
CONTINUOUS
100
AcDbLine
 10
144.3902589999999861
 20
-76.3555070000000029
 30
0
 11
144.3887599999999907
 21
-76.3568059999999917
 31
0
  0
LINE
  5
DC2
330
22
100
AcDbEntity
  8
B.Silkscreen
  6
CONTINUOUS
100
AcDbLine
 10
144.3887599999999907
 20
-76.3568059999999917
 30
0
 11
144.3840419999999938
 21
-76.3625559999999979
 31
0
  0
LINE
  5
DC3
330
22
100
AcDbEntity
  8
B.Silkscreen
  6
CONTINUOUS
100
AcDbLine
 10
144.3840419999999938
 20
-76.3625559999999979
 30
0
 11
144.3364229999999964
 21
-76.4101749999999953
 31
0
  0
LINE
  5
DC4
330
22
100
AcDbEntity
  8
B.Silkscreen
  6
CONTINUOUS
100
AcDbLine
 10
144.3364229999999964
 20
-76.4101749999999953
 30
0
 11
144.3306729999999902
 21
-76.4148929999999922
 31
0
  0
LINE
  5
DC5
330
22
100
AcDbEntity
  8
B.Silkscreen
  6
CONTINUOUS
100
AcDbLine
 10
144.3306729999999902
 20
-76.4148929999999922
 30
0
 11
144.3293740000000014
 21
-76.4163920000000019
 31
0
  0
LINE
  5
DC6
330
22
100
AcDbEntity
  8
B.Silkscreen
  6
CONTINUOUS
100
AcDbLine
 10
144.3293740000000014
 20
-76.4163920000000019
 30
0
 11
144.3271139999999946
 21
-76.4178129999999953
 31
0
  0
LINE
  5
DC7
330
22
100
AcDbEntity
  8
B.Silkscreen
  6
CONTINUOUS
100
AcDbLine
 10
144.3271139999999946
 20
-76.4178129999999953
 30
0
 11
144.3250579999999843
 21
-76.4195019999999943
 31
0
  0
LINE
  5
DC8
330
22
100
AcDbEntity
  8
B.Silkscreen
  6
CONTINUOUS
100
AcDbLine
 10
144.3250579999999843
 20
-76.4195019999999943
 30
0
 11
144.3232299999999952
 21
-76.4202590000000015
 31
0
  0
LINE
  5
DC9
330
22
100
AcDbEntity
  8
B.Silkscreen
  6
CONTINUOUS
100
AcDbLine
 10
144.3232299999999952
 20
-76.4202590000000015
 30
0
 11
144.3169309999999825
 21
-76.4242239999999953
 31
0
  0
LINE
  5
DCA
330
22
100
AcDbEntity
  8
B.Silkscreen
  6
CONTINUOUS
100
AcDbLine
 10
144.3169309999999825
 20
-76.4242239999999953
 30
0
 11
144.2216929999999877
 21
-76.4718429999999927
 31
0
  0
LINE
  5
DCB
330
22
100
AcDbEntity
  8
B.Silkscreen
  6
CONTINUOUS
100
AcDbLine
 10
144.2216929999999877
 20
-76.4718429999999927
 30
0
 11
144.2079609999999832
 21
-76.477097999999998
 31
0
  0
LINE
  5
DCC
330
22
100
AcDbEntity
  8
B.Silkscreen
  6
CONTINUOUS
100
AcDbLine
 10
144.2079609999999832
 20
-76.477097999999998
 30
0
 11
144.2052730000000054
 21
-76.4772880000000015
 31
0
  0
LINE
  5
DCD
330
22
100
AcDbEntity
  8
B.Silkscreen
  6
CONTINUOUS
100
AcDbLine
 10
144.2052730000000054
 20
-76.4772880000000015
 30
0
 11
144.2027839999999799
 21
-76.4783199999999965
 31
0
  0
LINE
  5
DCE
330
22
100
AcDbEntity
  8
B.Silkscreen
  6
CONTINUOUS
100
AcDbLine
 10
144.2027839999999799
 20
-76.4783199999999965
 30
0
 11
144.1881520000000023
 21
-76.4797609999999963
 31
0
  0
LINE
  5
DCF
330
22
100
AcDbEntity
  8
B.Silkscreen
  6
CONTINUOUS
100
AcDbLine
 10
144.1881520000000023
 20
-76.4797609999999963
 30
0
 11
144.0452949999999817
 21
-76.4797609999999963
 31
0
  0
LINE
  5
DD0
330
22
100
AcDbEntity
  8
B.Silkscreen
  6
CONTINUOUS
100
AcDbLine
 10
144.0452949999999817
 20
-76.4797609999999963
 30
0
 11
144.0306630000000041
 21
-76.4783199999999965
 31
0
  0
LINE
  5
DD1
330
22
100
AcDbEntity
  8
B.Silkscreen
  6
CONTINUOUS
100
AcDbLine
 10
144.0306630000000041
 20
-76.4783199999999965
 30
0
 11
144.028174000000007
 21
-76.477288999999999
 31
0
  0
LINE
  5
DD2
330
22
100
AcDbEntity
  8
B.Silkscreen
  6
CONTINUOUS
100
AcDbLine
 10
144.028174000000007
 20
-76.477288999999999
 30
0
 11
144.0254850000000033
 21
-76.477097999999998
 31
0
  0
LINE
  5
DD3
330
22
100
AcDbEntity
  8
B.Silkscreen
  6
CONTINUOUS
100
AcDbLine
 10
144.0254850000000033
 20
-76.477097999999998
 30
0
 11
144.0117539999999963
 21
-76.4718429999999927
 31
0
  0
LINE
  5
DD4
330
22
100
AcDbEntity
  8
B.Silkscreen
  6
CONTINUOUS
100
AcDbLine
 10
144.0117539999999963
 20
-76.4718429999999927
 30
0
 11
143.9165160000000014
 21
-76.4242239999999953
 31
0
  0
LINE
  5
DD5
330
22
100
AcDbEntity
  8
B.Silkscreen
  6
CONTINUOUS
100
AcDbLine
 10
143.9165160000000014
 20
-76.4242239999999953
 30
0
 11
143.9102159999999913
 21
-76.4202590000000015
 31
0
  0
LINE
  5
DD6
330
22
100
AcDbEntity
  8
B.Silkscreen
  6
CONTINUOUS
100
AcDbLine
 10
143.9102159999999913
 20
-76.4202590000000015
 30
0
 11
143.9083889999999997
 21
-76.4195019999999943
 31
0
  0
LINE
  5
DD7
330
22
100
AcDbEntity
  8
B.Silkscreen
  6
CONTINUOUS
100
AcDbLine
 10
143.9083889999999997
 20
-76.4195019999999943
 30
0
 11
143.9063319999999919
 21
-76.4178129999999953
 31
0
  0
LINE
  5
DD8
330
22
100
AcDbEntity
  8
B.Silkscreen
  6
CONTINUOUS
100
AcDbLine
 10
143.9063319999999919
 20
-76.4178129999999953
 30
0
 11
143.9040729999999826
 21
-76.4163920000000019
 31
0
  0
LINE
  5
DD9
330
22
100
AcDbEntity
  8
B.Silkscreen
  6
CONTINUOUS
100
AcDbLine
 10
143.9040729999999826
 20
-76.4163920000000019
 30
0
 11
143.9027729999999963
 21
-76.4148929999999922
 31
0
  0
LINE
  5
DDA
330
22
100
AcDbEntity
  8
B.Silkscreen
  6
CONTINUOUS
100
AcDbLine
 10
143.9027729999999963
 20
-76.4148929999999922
 30
0
 11
143.8970239999999876
 21
-76.4101749999999953
 31
0
  0
LINE
  5
DDB
330
22
100
AcDbEntity
  8
B.Silkscreen
  6
CONTINUOUS
100
AcDbLine
 10
143.8970239999999876
 20
-76.4101749999999953
 30
0
 11
143.8494049999999902
 21
-76.3625559999999979
 31
0
  0
LINE
  5
DDC
330
22
100
AcDbEntity
  8
B.Silkscreen
  6
CONTINUOUS
100
AcDbLine
 10
143.8494049999999902
 20
-76.3625559999999979
 30
0
 11
143.8446859999999958
 21
-76.3568059999999917
 31
0
  0
LINE
  5
DDD
330
22
100
AcDbEntity
  8
B.Silkscreen
  6
CONTINUOUS
100
AcDbLine
 10
143.8446859999999958
 20
-76.3568059999999917
 30
0
 11
143.8431879999999978
 21
-76.3555070000000029
 31
0
  0
LINE
  5
DDE
330
22
100
AcDbEntity
  8
B.Silkscreen
  6
CONTINUOUS
100
AcDbLine
 10
143.8431879999999978
 20
-76.3555070000000029
 30
0
 11
143.8417660000000069
 21
-76.3532469999999961
 31
0
  0
LINE
  5
DDF
330
22
100
AcDbEntity
  8
B.Silkscreen
  6
CONTINUOUS
100
AcDbLine
 10
143.8417660000000069
 20
-76.3532469999999961
 30
0
 11
143.8400780000000054
 21
-76.351191
 31
0
  0
LINE
  5
DE0
330
22
100
AcDbEntity
  8
B.Silkscreen
  6
CONTINUOUS
100
AcDbLine
 10
143.8400780000000054
 20
-76.351191
 30
0
 11
143.8393199999999865
 21
-76.3493629999999968
 31
0
  0
LINE
  5
DE1
330
22
100
AcDbEntity
  8
B.Silkscreen
  6
CONTINUOUS
100
AcDbLine
 10
143.8393199999999865
 20
-76.3493629999999968
 30
0
 11
143.8353559999999902
 21
-76.3430639999999983
 31
0
  0
LINE
  5
DE2
330
22
100
AcDbEntity
  8
B.Silkscreen
  6
CONTINUOUS
100
AcDbLine
 10
143.8353559999999902
 20
-76.3430639999999983
 30
0
 11
143.7877369999999928
 21
-76.2478260000000034
 31
0
  0
LINE
  5
DE3
330
22
100
AcDbEntity
  8
B.Silkscreen
  6
CONTINUOUS
100
AcDbLine
 10
143.7877369999999928
 20
-76.2478260000000034
 30
0
 11
143.7824819999999875
 21
-76.2340939999999989
 31
0
  0
LINE
  5
DE4
330
22
100
AcDbEntity
  8
B.Silkscreen
  6
CONTINUOUS
100
AcDbLine
 10
143.7824819999999875
 20
-76.2340939999999989
 30
0
 11
143.7822909999999865
 21
-76.2314059999999927
 31
0
  0
LINE
  5
DE5
330
22
100
AcDbEntity
  8
B.Silkscreen
  6
CONTINUOUS
100
AcDbLine
 10
143.7822909999999865
 20
-76.2314059999999927
 30
0
 11
143.7812600000000032
 21
-76.2289169999999956
 31
0
  0
LINE
  5
DE6
330
22
100
AcDbEntity
  8
B.Silkscreen
  6
CONTINUOUS
100
AcDbLine
 10
143.7812600000000032
 20
-76.2289169999999956
 30
0
 11
143.7798190000000034
 21
-76.2142849999999896
 31
0
  0
LINE
  5
DE7
330
22
100
AcDbEntity
  8
B.Silkscreen
  6
CONTINUOUS
100
AcDbLine
 10
143.7798190000000034
 20
-76.2142849999999896
 30
0
 11
143.7798190000000034
 21
-75.8333329999999961
 31
0
  0
LINE
  5
DE8
330
22
100
AcDbEntity
  8
B.Silkscreen
  6
CONTINUOUS
100
AcDbLine
 10
143.7798190000000034
 20
-75.8333329999999961
 30
0
 11
143.7812600000000032
 21
-75.8187009999999901
 31
0
  0
LINE
  5
DE9
330
22
100
AcDbEntity
  8
B.Silkscreen
  6
CONTINUOUS
100
AcDbLine
 10
143.7812600000000032
 20
-75.8187009999999901
 30
0
 11
143.7924589999999796
 21
-75.7916649999999947
 31
0
  0
LINE
  5
DEA
330
22
100
AcDbEntity
  8
B.Silkscreen
  6
CONTINUOUS
100
AcDbLine
 10
143.7924589999999796
 20
-75.7916649999999947
 30
0
 11
143.8131510000000048
 21
-75.7709729999999979
 31
0
  0
LINE
  5
DEB
330
22
100
AcDbEntity
  8
B.Silkscreen
  6
CONTINUOUS
100
AcDbLine
 10
143.8131510000000048
 20
-75.7709729999999979
 30
0
 11
143.840186999999986
 21
-75.7597739999999931
 31
0
  0
LINE
  5
DEC
330
22
100
AcDbEntity
  8
B.Silkscreen
  6
CONTINUOUS
100
AcDbLine
 10
143.840186999999986
 20
-75.7597739999999931
 30
0
 11
143.854818999999992
 21
-75.7583329999999933
 31
0
  0
LINE
  5
DED
330
22
100
AcDbEntity
  8
B.Silkscreen
  6
CONTINUOUS
100
AcDbLine
 10
143.854818999999992
 20
-75.7583329999999933
 30
0
 11
144.854818999999992
 21
-75.7583329999999933
 31
0
  0
LINE
  5
DEE
330
22
100
AcDbEntity
  8
B.Silkscreen
  6
CONTINUOUS
100
AcDbLine
 10
144.854818999999992
 20
-75.7583329999999933
 30
0
 11
144.869450999999998
 21
-75.7597739999999931
 31
0
  0
LINE
  5
DEF
330
22
100
AcDbEntity
  8
B.Silkscreen
  6
CONTINUOUS
100
AcDbLine
 10
143.9298189999999806
 20
-76.1965799999999973
 30
0
 11
143.9640770000000032
 21
-76.2650959999999998
 31
0
  0
LINE
  5
DF0
330
22
100
AcDbEntity
  8
B.Silkscreen
  6
CONTINUOUS
100
AcDbLine
 10
143.9640770000000032
 20
-76.2650959999999998
 30
0
 11
143.9944839999999999
 21
-76.2955029999999965
 31
0
  0
LINE
  5
DF1
330
22
100
AcDbEntity
  8
B.Silkscreen
  6
CONTINUOUS
100
AcDbLine
 10
143.9944839999999999
 20
-76.2955029999999965
 30
0
 11
144.0629999999999882
 21
-76.3297609999999906
 31
0
  0
LINE
  5
DF2
330
22
100
AcDbEntity
  8
B.Silkscreen
  6
CONTINUOUS
100
AcDbLine
 10
144.0629999999999882
 20
-76.3297609999999906
 30
0
 11
144.1704469999999958
 21
-76.3297609999999906
 31
0
  0
LINE
  5
DF3
330
22
100
AcDbEntity
  8
B.Silkscreen
  6
CONTINUOUS
100
AcDbLine
 10
144.1704469999999958
 20
-76.3297609999999906
 30
0
 11
144.238962999999984
 21
-76.2955029999999965
 31
0
  0
LINE
  5
DF4
330
22
100
AcDbEntity
  8
B.Silkscreen
  6
CONTINUOUS
100
AcDbLine
 10
144.238962999999984
 20
-76.2955029999999965
 30
0
 11
144.2693699999999808
 21
-76.2650959999999998
 31
0
  0
LINE
  5
DF5
330
22
100
AcDbEntity
  8
B.Silkscreen
  6
CONTINUOUS
100
AcDbLine
 10
144.2693699999999808
 20
-76.2650959999999998
 30
0
 11
144.3036280000000033
 21
-76.1965799999999973
 31
0
  0
LINE
  5
DF6
330
22
100
AcDbEntity
  8
B.Silkscreen
  6
CONTINUOUS
100
AcDbLine
 10
144.3036280000000033
 20
-76.1965799999999973
 30
0
 11
144.3036280000000033
 21
-75.9083329999999989
 31
0
  0
LINE
  5
DF7
330
22
100
AcDbEntity
  8
B.Silkscreen
  6
CONTINUOUS
100
AcDbLine
 10
144.3036280000000033
 20
-75.9083329999999989
 30
0
 11
143.9298189999999806
 21
-75.9083329999999989
 31
0
  0
LINE
  5
DF8
330
22
100
AcDbEntity
  8
B.Silkscreen
  6
CONTINUOUS
100
AcDbLine
 10
143.9298189999999806
 20
-75.9083329999999989
 30
0
 11
143.9298189999999806
 21
-76.1965799999999973
 31
0
  0
CIRCLE
  5
DF9
330
22
100
AcDbEntity
  8
B.Silkscreen
100
AcDbCircle
 10
163.9000000000000057
 20
-90.
 30
0
 40
0.175
  0
CIRCLE
  5
DFA
330
22
100
AcDbEntity
  8
B.Silkscreen
100
AcDbCircle
 10
163.9000000000000057
 20
-88.
 30
0
 40
0.175
  0
CIRCLE
  5
DFB
330
22
100
AcDbEntity
  8
B.Silkscreen
100
AcDbCircle
 10
115.8407579999999939
 20
-85.6991840000000025
 30
0
 40
0.175
  0
CIRCLE
  5
DFC
330
22
100
AcDbEntity
  8
B.Silkscreen
100
AcDbCircle
 10
115.8407579999999939
 20
-83.1591839999999962
 30
0
 40
0.175
  0
CIRCLE
  5
DFD
330
22
100
AcDbEntity
  8
B.Silkscreen
100
AcDbCircle
 10
160.9000000000000057
 20
-90.
 30
0
 40
0.175
  0
CIRCLE
  5
DFE
330
22
100
AcDbEntity
  8
B.Silkscreen
100
AcDbCircle
 10
160.9000000000000057
 20
-88.
 30
0
 40
0.175
  0
CIRCLE
  5
DFF
330
22
100
AcDbEntity
  8
B.Silkscreen
100
AcDbCircle
 10
160.9000000000000057
 20
-86.
 30
0
 40
0.175
  0
CIRCLE
  5
E00
330
22
100
AcDbEntity
  8
B.Silkscreen
100
AcDbCircle
 10
142.4000000000000057
 20
-77.
 30
0
 40
0.175
  0
CIRCLE
  5
E01
330
22
100
AcDbEntity
  8
B.Silkscreen
100
AcDbCircle
 10
140.4000000000000057
 20
-77.
 30
0
 40
0.175
  0
CIRCLE
  5
E02
330
22
100
AcDbEntity
  8
B.Silkscreen
100
AcDbCircle
 10
138.4000000000000057
 20
-77.
 30
0
 40
0.175
  0
CIRCLE
  5
E03
330
22
100
AcDbEntity
  8
B.Silkscreen
100
AcDbCircle
 10
156.9000000000000057
 20
-78.25
 30
0
 40
0.175
  0
CIRCLE
  5
E04
330
22
100
AcDbEntity
  8
B.Silkscreen
100
AcDbCircle
 10
166.9000000000000057
 20
-90.
 30
0
 40
0.175
  0
CIRCLE
  5
E05
330
22
100
AcDbEntity
  8
B.Silkscreen
100
AcDbCircle
 10
166.9000000000000057
 20
-88.
 30
0
 40
0.175
  0
LINE
  5
E06
330
22
100
AcDbEntity
  8
B.Silkscreen
  6
CONTINUOUS
100
AcDbLine
 10
168.4000000000000057
 20
-74.4749999999999943
 30
0
 11
168.6643159999999853
 21
-74.4923239999999964
 31
0
  0
LINE
  5
E07
330
22
100
AcDbEntity
  8
B.Silkscreen
  6
CONTINUOUS
100
AcDbLine
 10
168.6643159999999853
 20
-74.4923239999999964
 30
0
 11
168.9241089999999872
 21
-74.5439999999999969
 31
0
  0
LINE
  5
E08
330
22
100
AcDbEntity
  8
B.Silkscreen
  6
CONTINUOUS
100
AcDbLine
 10
168.9241089999999872
 20
-74.5439999999999969
 30
0
 11
169.1749339999999791
 21
-74.6291439999999966
 31
0
  0
LINE
  5
E09
330
22
100
AcDbEntity
  8
B.Silkscreen
  6
CONTINUOUS
100
AcDbLine
 10
169.1749339999999791
 20
-74.6291439999999966
 30
0
 11
169.4124999999999943
 21
-74.7462979999999959
 31
0
  0
LINE
  5
E0A
330
22
100
AcDbEntity
  8
B.Silkscreen
  6
CONTINUOUS
100
AcDbLine
 10
169.4124999999999943
 20
-74.7462979999999959
 30
0
 11
169.632741999999979
 21
-74.8934589999999929
 31
0
  0
LINE
  5
E0B
330
22
100
AcDbEntity
  8
B.Silkscreen
  6
CONTINUOUS
100
AcDbLine
 10
169.632741999999979
 20
-74.8934589999999929
 30
0
 11
169.8318919999999821
 21
-75.0681079999999952
 31
0
  0
LINE
  5
E0C
330
22
100
AcDbEntity
  8
B.Silkscreen
  6
CONTINUOUS
100
AcDbLine
 10
169.8318919999999821
 20
-75.0681079999999952
 30
0
 11
170.0065409999999986
 21
-75.2672579999999982
 31
0
  0
LINE
  5
E0D
330
22
100
AcDbEntity
  8
B.Silkscreen
  6
CONTINUOUS
100
AcDbLine
 10
170.0065409999999986
 20
-75.2672579999999982
 30
0
 11
170.1537019999999814
 21
-75.4874999999999972
 31
0
  0
LINE
  5
E0E
330
22
100
AcDbEntity
  8
B.Silkscreen
  6
CONTINUOUS
100
AcDbLine
 10
170.1537019999999814
 20
-75.4874999999999972
 30
0
 11
170.2708559999999807
 21
-75.7250659999999982
 31
0
  0
LINE
  5
E0F
330
22
100
AcDbEntity
  8
B.Silkscreen
  6
CONTINUOUS
100
AcDbLine
 10
170.2708559999999807
 20
-75.7250659999999982
 30
0
 11
170.3559999999999945
 21
-75.9758909999999901
 31
0
  0
LINE
  5
E10
330
22
100
AcDbEntity
  8
B.Silkscreen
  6
CONTINUOUS
100
AcDbLine
 10
170.3559999999999945
 20
-75.9758909999999901
 30
0
 11
170.4076759999999808
 21
-76.235683999999992
 31
0
  0
LINE
  5
E11
330
22
100
AcDbEntity
  8
B.Silkscreen
  6
CONTINUOUS
100
AcDbLine
 10
170.4076759999999808
 20
-76.235683999999992
 30
0
 11
170.4249999999999829
 21
-76.5
 31
0
  0
LINE
  5
E12
330
22
100
AcDbEntity
  8
B.Silkscreen
  6
CONTINUOUS
100
AcDbLine
 10
170.4249999999999829
 20
-76.5
 30
0
 11
170.4249999999999829
 21
-111.
 31
0
  0
LINE
  5
E13
330
22
100
AcDbEntity
  8
B.Silkscreen
  6
CONTINUOUS
100
AcDbLine
 10
170.4249999999999829
 20
-111.
 30
0
 11
170.4076759999999808
 21
-111.2643159999999938
 31
0
  0
LINE
  5
E14
330
22
100
AcDbEntity
  8
B.Silkscreen
  6
CONTINUOUS
100
AcDbLine
 10
170.4076759999999808
 20
-111.2643159999999938
 30
0
 11
170.3559999999999945
 21
-111.5241089999999957
 31
0
  0
LINE
  5
E15
330
22
100
AcDbEntity
  8
B.Silkscreen
  6
CONTINUOUS
100
AcDbLine
 10
170.3559999999999945
 20
-111.5241089999999957
 30
0
 11
170.2708559999999807
 21
-111.7749340000000018
 31
0
  0
LINE
  5
E16
330
22
100
AcDbEntity
  8
B.Silkscreen
  6
CONTINUOUS
100
AcDbLine
 10
170.2708559999999807
 20
-111.7749340000000018
 30
0
 11
170.1537019999999814
 21
-112.0124999999999886
 31
0
  0
LINE
  5
E17
330
22
100
AcDbEntity
  8
B.Silkscreen
  6
CONTINUOUS
100
AcDbLine
 10
170.1537019999999814
 20
-112.0124999999999886
 30
0
 11
170.0065409999999986
 21
-112.2327420000000018
 31
0
  0
LINE
  5
E18
330
22
100
AcDbEntity
  8
B.Silkscreen
  6
CONTINUOUS
100
AcDbLine
 10
170.0065409999999986
 20
-112.2327420000000018
 30
0
 11
169.8318919999999821
 21
-112.4318919999999906
 31
0
  0
LINE
  5
E19
330
22
100
AcDbEntity
  8
B.Silkscreen
  6
CONTINUOUS
100
AcDbLine
 10
169.8318919999999821
 20
-112.4318919999999906
 30
0
 11
169.632741999999979
 21
-112.6065409999999929
 31
0
  0
LINE
  5
E1A
330
22
100
AcDbEntity
  8
B.Silkscreen
  6
CONTINUOUS
100
AcDbLine
 10
169.632741999999979
 20
-112.6065409999999929
 30
0
 11
169.4124999999999943
 21
-112.7537019999999899
 31
0
  0
LINE
  5
E1B
330
22
100
AcDbEntity
  8
B.Silkscreen
  6
CONTINUOUS
100
AcDbLine
 10
169.4124999999999943
 20
-112.7537019999999899
 30
0
 11
169.1749339999999791
 21
-112.8708559999999892
 31
0
  0
LINE
  5
E1C
330
22
100
AcDbEntity
  8
B.Silkscreen
  6
CONTINUOUS
100
AcDbLine
 10
169.1749339999999791
 20
-112.8708559999999892
 30
0
 11
168.9241089999999872
 21
-112.9559999999999889
 31
0
  0
LINE
  5
E1D
330
22
100
AcDbEntity
  8
B.Silkscreen
  6
CONTINUOUS
100
AcDbLine
 10
168.9241089999999872
 20
-112.9559999999999889
 30
0
 11
168.6643159999999853
 21
-113.0076759999999894
 31
0
  0
LINE
  5
E1E
330
22
100
AcDbEntity
  8
B.Silkscreen
  6
CONTINUOUS
100
AcDbLine
 10
168.6643159999999853
 20
-113.0076759999999894
 30
0
 11
168.4000000000000057
 21
-113.0249999999999915
 31
0
  0
LINE
  5
E1F
330
22
100
AcDbEntity
  8
B.Silkscreen
  6
CONTINUOUS
100
AcDbLine
 10
168.4000000000000057
 20
-113.0249999999999915
 30
0
 11
115.3999999999999915
 21
-113.0249999999999915
 31
0
  0
LINE
  5
E20
330
22
100
AcDbEntity
  8
B.Silkscreen
  6
CONTINUOUS
100
AcDbLine
 10
115.3999999999999915
 20
-113.0249999999999915
 30
0
 11
115.1356839999999977
 21
-113.0076759999999894
 31
0
  0
LINE
  5
E21
330
22
100
AcDbEntity
  8
B.Silkscreen
  6
CONTINUOUS
100
AcDbLine
 10
115.1356839999999977
 20
-113.0076759999999894
 30
0
 11
114.8758909999999958
 21
-112.9559999999999889
 31
0
  0
LINE
  5
E22
330
22
100
AcDbEntity
  8
B.Silkscreen
  6
CONTINUOUS
100
AcDbLine
 10
114.8758909999999958
 20
-112.9559999999999889
 30
0
 11
114.6250659999999897
 21
-112.8708559999999892
 31
0
  0
LINE
  5
E23
330
22
100
AcDbEntity
  8
B.Silkscreen
  6
CONTINUOUS
100
AcDbLine
 10
114.6250659999999897
 20
-112.8708559999999892
 30
0
 11
114.3874999999999886
 21
-112.7537019999999899
 31
0
  0
LINE
  5
E24
330
22
100
AcDbEntity
  8
B.Silkscreen
  6
CONTINUOUS
100
AcDbLine
 10
114.3874999999999886
 20
-112.7537019999999899
 30
0
 11
114.1672579999999897
 21
-112.6065409999999929
 31
0
  0
LINE
  5
E25
330
22
100
AcDbEntity
  8
B.Silkscreen
  6
CONTINUOUS
100
AcDbLine
 10
114.1672579999999897
 20
-112.6065409999999929
 30
0
 11
113.9681080000000009
 21
-112.4318919999999906
 31
0
  0
LINE
  5
E26
330
22
100
AcDbEntity
  8
B.Silkscreen
  6
CONTINUOUS
100
AcDbLine
 10
113.9681080000000009
 20
-112.4318919999999906
 30
0
 11
113.7934589999999986
 21
-112.2327420000000018
 31
0
  0
LINE
  5
E27
330
22
100
AcDbEntity
  8
B.Silkscreen
  6
CONTINUOUS
100
AcDbLine
 10
113.7934589999999986
 20
-112.2327420000000018
 30
0
 11
113.6462980000000016
 21
-112.0124999999999886
 31
0
  0
LINE
  5
E28
330
22
100
AcDbEntity
  8
B.Silkscreen
  6
CONTINUOUS
100
AcDbLine
 10
113.6462980000000016
 20
-112.0124999999999886
 30
0
 11
113.5291439999999881
 21
-111.7749340000000018
 31
0
  0
LINE
  5
E29
330
22
100
AcDbEntity
  8
B.Silkscreen
  6
CONTINUOUS
100
AcDbLine
 10
113.5291439999999881
 20
-111.7749340000000018
 30
0
 11
113.4439999999999884
 21
-111.5241089999999957
 31
0
  0
LINE
  5
E2A
330
22
100
AcDbEntity
  8
B.Silkscreen
  6
CONTINUOUS
100
AcDbLine
 10
113.4439999999999884
 20
-111.5241089999999957
 30
0
 11
113.3923239999999879
 21
-111.2643159999999938
 31
0
  0
LINE
  5
E2B
330
22
100
AcDbEntity
  8
B.Silkscreen
  6
CONTINUOUS
100
AcDbLine
 10
113.3923239999999879
 20
-111.2643159999999938
 30
0
 11
113.375
 21
-111.
 31
0
  0
LINE
  5
E2C
330
22
100
AcDbEntity
  8
B.Silkscreen
  6
CONTINUOUS
100
AcDbLine
 10
113.375
 20
-111.
 30
0
 11
113.375
 21
-76.5
 31
0
  0
LINE
  5
E2D
330
22
100
AcDbEntity
  8
B.Silkscreen
  6
CONTINUOUS
100
AcDbLine
 10
113.375
 20
-76.5
 30
0
 11
113.3923239999999879
 21
-76.235683999999992
 31
0
  0
LINE
  5
E2E
330
22
100
AcDbEntity
  8
B.Silkscreen
  6
CONTINUOUS
100
AcDbLine
 10
113.3923239999999879
 20
-76.235683999999992
 30
0
 11
113.4439999999999884
 21
-75.9758909999999901
 31
0
  0
LINE
  5
E2F
330
22
100
AcDbEntity
  8
B.Silkscreen
  6
CONTINUOUS
100
AcDbLine
 10
113.4439999999999884
 20
-75.9758909999999901
 30
0
 11
113.5291439999999881
 21
-75.7250659999999982
 31
0
  0
LINE
  5
E30
330
22
100
AcDbEntity
  8
B.Silkscreen
  6
CONTINUOUS
100
AcDbLine
 10
113.5291439999999881
 20
-75.7250659999999982
 30
0
 11
113.6462980000000016
 21
-75.4874999999999972
 31
0
  0
LINE
  5
E31
330
22
100
AcDbEntity
  8
B.Silkscreen
  6
CONTINUOUS
100
AcDbLine
 10
113.6462980000000016
 20
-75.4874999999999972
 30
0
 11
113.7934589999999986
 21
-75.2672579999999982
 31
0
  0
LINE
  5
E32
330
22
100
AcDbEntity
  8
B.Silkscreen
  6
CONTINUOUS
100
AcDbLine
 10
113.7934589999999986
 20
-75.2672579999999982
 30
0
 11
113.9681080000000009
 21
-75.0681079999999952
 31
0
  0
LINE
  5
E33
330
22
100
AcDbEntity
  8
B.Silkscreen
  6
CONTINUOUS
100
AcDbLine
 10
113.9681080000000009
 20
-75.0681079999999952
 30
0
 11
114.1672579999999897
 21
-74.8934589999999929
 31
0
  0
LINE
  5
E34
330
22
100
AcDbEntity
  8
B.Silkscreen
  6
CONTINUOUS
100
AcDbLine
 10
114.1672579999999897
 20
-74.8934589999999929
 30
0
 11
114.3874999999999886
 21
-74.7462979999999959
 31
0
  0
LINE
  5
E35
330
22
100
AcDbEntity
  8
B.Silkscreen
  6
CONTINUOUS
100
AcDbLine
 10
114.3874999999999886
 20
-74.7462979999999959
 30
0
 11
114.6250659999999897
 21
-74.6291439999999966
 31
0
  0
LINE
  5
E36
330
22
100
AcDbEntity
  8
B.Silkscreen
  6
CONTINUOUS
100
AcDbLine
 10
114.6250659999999897
 20
-74.6291439999999966
 30
0
 11
114.8758909999999958
 21
-74.5439999999999969
 31
0
  0
LINE
  5
E37
330
22
100
AcDbEntity
  8
B.Silkscreen
  6
CONTINUOUS
100
AcDbLine
 10
114.8758909999999958
 20
-74.5439999999999969
 30
0
 11
115.1356839999999977
 21
-74.4923239999999964
 31
0
  0
LINE
  5
E38
330
22
100
AcDbEntity
  8
B.Silkscreen
  6
CONTINUOUS
100
AcDbLine
 10
115.1356839999999977
 20
-74.4923239999999964
 30
0
 11
115.3999999999999915
 21
-74.4749999999999943
 31
0
  0
LINE
  5
E39
330
22
100
AcDbEntity
  8
B.Silkscreen
  6
CONTINUOUS
100
AcDbLine
 10
115.3999999999999915
 20
-74.4749999999999943
 30
0
 11
168.4000000000000057
 21
-74.4749999999999943
 31
0
  0
LINE
  5
E3A
330
22
100
AcDbEntity
  8
B.Silkscreen
  6
CONTINUOUS
100
AcDbLine
 10
115.3999999999999915
 20
-74.5249999999999915
 30
0
 11
115.270551999999995
 21
-74.5249999999999915
 31
0
  0
LINE
  5
E3B
330
22
100
AcDbEntity
  8
B.Silkscreen
  6
CONTINUOUS
100
AcDbLine
 10
115.270551999999995
 20
-74.5249999999999915
 30
0
 11
115.0138699999999972
 21
-74.5587919999999968
 31
0
  0
LINE
  5
E3C
330
22
100
AcDbEntity
  8
B.Silkscreen
  6
CONTINUOUS
100
AcDbLine
 10
115.0138699999999972
 20
-74.5587919999999968
 30
0
 11
114.7637950000000018
 21
-74.6257999999999981
 31
0
  0
LINE
  5
E3D
330
22
100
AcDbEntity
  8
B.Silkscreen
  6
CONTINUOUS
100
AcDbLine
 10
114.7637950000000018
 20
-74.6257999999999981
 30
0
 11
114.524604999999994
 21
-74.7248749999999973
 31
0
  0
LINE
  5
E3E
330
22
100
AcDbEntity
  8
B.Silkscreen
  6
CONTINUOUS
100
AcDbLine
 10
114.524604999999994
 20
-74.7248749999999973
 30
0
 11
114.3003939999999972
 21
-74.8543229999999937
 31
0
  0
LINE
  5
E3F
330
22
100
AcDbEntity
  8
B.Silkscreen
  6
CONTINUOUS
100
AcDbLine
 10
114.3003939999999972
 20
-74.8543229999999937
 30
0
 11
114.0949969999999922
 21
-75.0119299999999924
 31
0
  0
LINE
  5
E40
330
22
100
AcDbEntity
  8
B.Silkscreen
  6
CONTINUOUS
100
AcDbLine
 10
114.0949969999999922
 20
-75.0119299999999924
 30
0
 11
113.9119299999999981
 21
-75.1949970000000008
 31
0
  0
LINE
  5
E41
330
22
100
AcDbEntity
  8
B.Silkscreen
  6
CONTINUOUS
100
AcDbLine
 10
113.9119299999999981
 20
-75.1949970000000008
 30
0
 11
113.7543229999999994
 21
-75.4003939999999915
 31
0
  0
LINE
  5
E42
330
22
100
AcDbEntity
  8
B.Silkscreen
  6
CONTINUOUS
100
AcDbLine
 10
113.7543229999999994
 20
-75.4003939999999915
 30
0
 11
113.6248749999999887
 21
-75.6246050000000025
 31
0
  0
LINE
  5
E43
330
22
100
AcDbEntity
  8
B.Silkscreen
  6
CONTINUOUS
100
AcDbLine
 10
113.6248749999999887
 20
-75.6246050000000025
 30
0
 11
113.5257999999999896
 21
-75.8637949999999961
 31
0
  0
LINE
  5
E44
330
22
100
AcDbEntity
  8
B.Silkscreen
  6
CONTINUOUS
100
AcDbLine
 10
113.5257999999999896
 20
-75.8637949999999961
 30
0
 11
113.4587919999999883
 21
-76.1138699999999915
 31
0
  0
LINE
  5
E45
330
22
100
AcDbEntity
  8
B.Silkscreen
  6
CONTINUOUS
100
AcDbLine
 10
113.4587919999999883
 20
-76.1138699999999915
 30
0
 11
113.4249999999999972
 21
-76.3705520000000035
 31
0
  0
LINE
  5
E46
330
22
100
AcDbEntity
  8
B.Silkscreen
  6
CONTINUOUS
100
AcDbLine
 10
113.4249999999999972
 20
-76.3705520000000035
 30
0
 11
113.4249999999999972
 21
-76.5
 31
0
  0
LINE
  5
E47
330
22
100
AcDbEntity
  8
B.Silkscreen
  6
CONTINUOUS
100
AcDbLine
 10
113.4249999999999972
 20
-76.5
 30
0
 11
113.4249999999999972
 21
-111.
 31
0
  0
LINE
  5
E48
330
22
100
AcDbEntity
  8
B.Silkscreen
  6
CONTINUOUS
100
AcDbLine
 10
113.4249999999999972
 20
-111.
 30
0
 11
113.4249999999999972
 21
-111.1294479999999965
 31
0
  0
LINE
  5
E49
330
22
100
AcDbEntity
  8
B.Silkscreen
  6
CONTINUOUS
100
AcDbLine
 10
113.4249999999999972
 20
-111.1294479999999965
 30
0
 11
113.4587919999999883
 21
-111.3861299999999943
 31
0
  0
LINE
  5
E4A
330
22
100
AcDbEntity
  8
B.Silkscreen
  6
CONTINUOUS
100
AcDbLine
 10
113.4587919999999883
 20
-111.3861299999999943
 30
0
 11
113.5257999999999896
 21
-111.6362049999999897
 31
0
  0
LINE
  5
E4B
330
22
100
AcDbEntity
  8
B.Silkscreen
  6
CONTINUOUS
100
AcDbLine
 10
113.5257999999999896
 20
-111.6362049999999897
 30
0
 11
113.6248749999999887
 21
-111.8753949999999975
 31
0
  0
LINE
  5
E4C
330
22
100
AcDbEntity
  8
B.Silkscreen
  6
CONTINUOUS
100
AcDbLine
 10
113.6248749999999887
 20
-111.8753949999999975
 30
0
 11
113.7543229999999994
 21
-112.0996059999999943
 31
0
  0
LINE
  5
E4D
330
22
100
AcDbEntity
  8
B.Silkscreen
  6
CONTINUOUS
100
AcDbLine
 10
113.7543229999999994
 20
-112.0996059999999943
 30
0
 11
113.9119299999999981
 21
-112.3050029999999992
 31
0
  0
LINE
  5
E4E
330
22
100
AcDbEntity
  8
B.Silkscreen
  6
CONTINUOUS
100
AcDbLine
 10
113.9119299999999981
 20
-112.3050029999999992
 30
0
 11
114.0949969999999922
 21
-112.4880699999999933
 31
0
  0
LINE
  5
E4F
330
22
100
AcDbEntity
  8
B.Silkscreen
  6
CONTINUOUS
100
AcDbLine
 10
114.0949969999999922
 20
-112.4880699999999933
 30
0
 11
114.3003939999999972
 21
-112.6456769999999921
 31
0
  0
LINE
  5
E50
330
22
100
AcDbEntity
  8
B.Silkscreen
  6
CONTINUOUS
100
AcDbLine
 10
114.3003939999999972
 20
-112.6456769999999921
 30
0
 11
114.524604999999994
 21
-112.7751249999999885
 31
0
  0
LINE
  5
E51
330
22
100
AcDbEntity
  8
B.Silkscreen
  6
CONTINUOUS
100
AcDbLine
 10
114.524604999999994
 20
-112.7751249999999885
 30
0
 11
114.7637950000000018
 21
-112.8742000000000019
 31
0
  0
LINE
  5
E52
330
22
100
AcDbEntity
  8
B.Silkscreen
  6
CONTINUOUS
100
AcDbLine
 10
114.7637950000000018
 20
-112.8742000000000019
 30
0
 11
115.0138699999999972
 21
-112.9412079999999889
 31
0
  0
LINE
  5
E53
330
22
100
AcDbEntity
  8
B.Silkscreen
  6
CONTINUOUS
100
AcDbLine
 10
115.0138699999999972
 20
-112.9412079999999889
 30
0
 11
115.270551999999995
 21
-112.9749999999999943
 31
0
  0
LINE
  5
E54
330
22
100
AcDbEntity
  8
B.Silkscreen
  6
CONTINUOUS
100
AcDbLine
 10
115.270551999999995
 20
-112.9749999999999943
 30
0
 11
115.3999999999999915
 21
-112.9749999999999943
 31
0
  0
LINE
  5
E55
330
22
100
AcDbEntity
  8
B.Silkscreen
  6
CONTINUOUS
100
AcDbLine
 10
115.3999999999999915
 20
-112.9749999999999943
 30
0
 11
168.4000000000000057
 21
-112.9749999999999943
 31
0
  0
LINE
  5
E56
330
22
100
AcDbEntity
  8
B.Silkscreen
  6
CONTINUOUS
100
AcDbLine
 10
168.4000000000000057
 20
-112.9749999999999943
 30
0
 11
168.5294480000000021
 21
-112.9749999999999943
 31
0
  0
LINE
  5
E57
330
22
100
AcDbEntity
  8
B.Silkscreen
  6
CONTINUOUS
100
AcDbLine
 10
168.5294480000000021
 20
-112.9749999999999943
 30
0
 11
168.7861299999999858
 21
-112.9412079999999889
 31
0
  0
LINE
  5
E58
330
22
100
AcDbEntity
  8
B.Silkscreen
  6
CONTINUOUS
100
AcDbLine
 10
168.7861299999999858
 20
-112.9412079999999889
 30
0
 11
169.0362049999999954
 21
-112.8742000000000019
 31
0
  0
LINE
  5
E59
330
22
100
AcDbEntity
  8
B.Silkscreen
  6
CONTINUOUS
100
AcDbLine
 10
169.0362049999999954
 20
-112.8742000000000019
 30
0
 11
169.2753950000000032
 21
-112.7751249999999885
 31
0
  0
LINE
  5
E5A
330
22
100
AcDbEntity
  8
B.Silkscreen
  6
CONTINUOUS
100
AcDbLine
 10
169.2753950000000032
 20
-112.7751249999999885
 30
0
 11
169.499606
 21
-112.6456769999999921
 31
0
  0
LINE
  5
E5B
330
22
100
AcDbEntity
  8
B.Silkscreen
  6
CONTINUOUS
100
AcDbLine
 10
169.499606
 20
-112.6456769999999921
 30
0
 11
169.7050030000000049
 21
-112.4880699999999933
 31
0
  0
LINE
  5
E5C
330
22
100
AcDbEntity
  8
B.Silkscreen
  6
CONTINUOUS
100
AcDbLine
 10
169.7050030000000049
 20
-112.4880699999999933
 30
0
 11
169.888069999999999
 21
-112.3050029999999992
 31
0
  0
LINE
  5
E5D
330
22
100
AcDbEntity
  8
B.Silkscreen
  6
CONTINUOUS
100
AcDbLine
 10
169.888069999999999
 20
-112.3050029999999992
 30
0
 11
170.0456769999999835
 21
-112.0996059999999943
 31
0
  0
LINE
  5
E5E
330
22
100
AcDbEntity
  8
B.Silkscreen
  6
CONTINUOUS
100
AcDbLine
 10
170.0456769999999835
 20
-112.0996059999999943
 30
0
 11
170.17512499999998
 21
-111.8753949999999975
 31
0
  0
LINE
  5
E5F
330
22
100
AcDbEntity
  8
B.Silkscreen
  6
CONTINUOUS
100
AcDbLine
 10
170.17512499999998
 20
-111.8753949999999975
 30
0
 11
170.2741999999999791
 21
-111.6362049999999897
 31
0
  0
LINE
  5
E60
330
22
100
AcDbEntity
  8
B.Silkscreen
  6
CONTINUOUS
100
AcDbLine
 10
170.2741999999999791
 20
-111.6362049999999897
 30
0
 11
170.3412079999999946
 21
-111.3861299999999943
 31
0
  0
LINE
  5
E61
330
22
100
AcDbEntity
  8
B.Silkscreen
  6
CONTINUOUS
100
AcDbLine
 10
170.3412079999999946
 20
-111.3861299999999943
 30
0
 11
170.375
 21
-111.1294479999999965
 31
0
  0
LINE
  5
E62
330
22
100
AcDbEntity
  8
B.Silkscreen
  6
CONTINUOUS
100
AcDbLine
 10
170.375
 20
-111.1294479999999965
 30
0
 11
170.375
 21
-111.
 31
0
  0
LINE
  5
E63
330
22
100
AcDbEntity
  8
B.Silkscreen
  6
CONTINUOUS
100
AcDbLine
 10
170.375
 20
-111.
 30
0
 11
170.375
 21
-76.5
 31
0
  0
LINE
  5
E64
330
22
100
AcDbEntity
  8
B.Silkscreen
  6
CONTINUOUS
100
AcDbLine
 10
170.375
 20
-76.5
 30
0
 11
170.375
 21
-76.3705520000000035
 31
0
  0
LINE
  5
E65
330
22
100
AcDbEntity
  8
B.Silkscreen
  6
CONTINUOUS
100
AcDbLine
 10
170.375
 20
-76.3705520000000035
 30
0
 11
170.3412079999999946
 21
-76.1138699999999915
 31
0
  0
LINE
  5
E66
330
22
100
AcDbEntity
  8
B.Silkscreen
  6
CONTINUOUS
100
AcDbLine
 10
170.3412079999999946
 20
-76.1138699999999915
 30
0
 11
170.2741999999999791
 21
-75.8637949999999961
 31
0
  0
LINE
  5
E67
330
22
100
AcDbEntity
  8
B.Silkscreen
  6
CONTINUOUS
100
AcDbLine
 10
170.2741999999999791
 20
-75.8637949999999961
 30
0
 11
170.17512499999998
 21
-75.6246050000000025
 31
0
  0
LINE
  5
E68
330
22
100
AcDbEntity
  8
B.Silkscreen
  6
CONTINUOUS
100
AcDbLine
 10
170.17512499999998
 20
-75.6246050000000025
 30
0
 11
170.0456769999999835
 21
-75.4003939999999915
 31
0
  0
LINE
  5
E69
330
22
100
AcDbEntity
  8
B.Silkscreen
  6
CONTINUOUS
100
AcDbLine
 10
170.0456769999999835
 20
-75.4003939999999915
 30
0
 11
169.888069999999999
 21
-75.1949970000000008
 31
0
  0
LINE
  5
E6A
330
22
100
AcDbEntity
  8
B.Silkscreen
  6
CONTINUOUS
100
AcDbLine
 10
169.888069999999999
 20
-75.1949970000000008
 30
0
 11
169.7050030000000049
 21
-75.0119299999999924
 31
0
  0
LINE
  5
E6B
330
22
100
AcDbEntity
  8
B.Silkscreen
  6
CONTINUOUS
100
AcDbLine
 10
169.7050030000000049
 20
-75.0119299999999924
 30
0
 11
169.499606
 21
-74.8543229999999937
 31
0
  0
LINE
  5
E6C
330
22
100
AcDbEntity
  8
B.Silkscreen
  6
CONTINUOUS
100
AcDbLine
 10
169.499606
 20
-74.8543229999999937
 30
0
 11
169.2753950000000032
 21
-74.7248749999999973
 31
0
  0
LINE
  5
E6D
330
22
100
AcDbEntity
  8
B.Silkscreen
  6
CONTINUOUS
100
AcDbLine
 10
169.2753950000000032
 20
-74.7248749999999973
 30
0
 11
169.0362049999999954
 21
-74.6257999999999981
 31
0
  0
LINE
  5
E6E
330
22
100
AcDbEntity
  8
B.Silkscreen
  6
CONTINUOUS
100
AcDbLine
 10
169.0362049999999954
 20
-74.6257999999999981
 30
0
 11
168.7861299999999858
 21
-74.5587919999999968
 31
0
  0
LINE
  5
E6F
330
22
100
AcDbEntity
  8
B.Silkscreen
  6
CONTINUOUS
100
AcDbLine
 10
168.7861299999999858
 20
-74.5587919999999968
 30
0
 11
168.5294480000000021
 21
-74.5249999999999915
 31
0
  0
LINE
  5
E70
330
22
100
AcDbEntity
  8
B.Silkscreen
  6
CONTINUOUS
100
AcDbLine
 10
168.5294480000000021
 20
-74.5249999999999915
 30
0
 11
168.4000000000000057
 21
-74.5249999999999915
 31
0
  0
LINE
  5
E71
330
22
100
AcDbEntity
  8
B.Silkscreen
  6
CONTINUOUS
100
AcDbLine
 10
168.4000000000000057
 20
-74.5249999999999915
 30
0
 11
115.3999999999999915
 21
-74.5249999999999915
 31
0
  0
CIRCLE
  5
E72
330
22
100
AcDbEntity
  8
B.Silkscreen
100
AcDbCircle
 10
163.9000000000000057
 20
-90.
 30
0
 40
0.175
  0
CIRCLE
  5
E73
330
22
100
AcDbEntity
  8
B.Silkscreen
100
AcDbCircle
 10
163.9000000000000057
 20
-88.
 30
0
 40
0.175
  0
CIRCLE
  5
E74
330
22
100
AcDbEntity
  8
B.Silkscreen
100
AcDbCircle
 10
115.8407579999999939
 20
-85.6991840000000025
 30
0
 40
0.175
  0
CIRCLE
  5
E75
330
22
100
AcDbEntity
  8
B.Silkscreen
100
AcDbCircle
 10
115.8407579999999939
 20
-83.1591839999999962
 30
0
 40
0.175
  0
CIRCLE
  5
E76
330
22
100
AcDbEntity
  8
B.Silkscreen
100
AcDbCircle
 10
160.9000000000000057
 20
-90.
 30
0
 40
0.175
  0
CIRCLE
  5
E77
330
22
100
AcDbEntity
  8
B.Silkscreen
100
AcDbCircle
 10
160.9000000000000057
 20
-88.
 30
0
 40
0.175
  0
CIRCLE
  5
E78
330
22
100
AcDbEntity
  8
B.Silkscreen
100
AcDbCircle
 10
160.9000000000000057
 20
-86.
 30
0
 40
0.175
  0
CIRCLE
  5
E79
330
22
100
AcDbEntity
  8
B.Silkscreen
100
AcDbCircle
 10
142.4000000000000057
 20
-77.
 30
0
 40
0.175
  0
CIRCLE
  5
E7A
330
22
100
AcDbEntity
  8
B.Silkscreen
100
AcDbCircle
 10
140.4000000000000057
 20
-77.
 30
0
 40
0.175
  0
CIRCLE
  5
E7B
330
22
100
AcDbEntity
  8
B.Silkscreen
100
AcDbCircle
 10
138.4000000000000057
 20
-77.
 30
0
 40
0.175
  0
CIRCLE
  5
E7C
330
22
100
AcDbEntity
  8
B.Silkscreen
100
AcDbCircle
 10
156.9000000000000057
 20
-78.25
 30
0
 40
0.175
  0
CIRCLE
  5
E7D
330
22
100
AcDbEntity
  8
B.Silkscreen
100
AcDbCircle
 10
166.9000000000000057
 20
-90.
 30
0
 40
0.175
  0
CIRCLE
  5
E7E
330
22
100
AcDbEntity
  8
B.Silkscreen
100
AcDbCircle
 10
166.9000000000000057
 20
-88.
 30
0
 40
0.175
  0
ENDSEC
  0
SECTION
  2
OBJECTS
  0
DICTIONARY
  5
28
330
0
100
AcDbDictionary
281
1
  3
ACAD_GROUP
350
E7F
  3
ACAD_LAYOUT
350
29
  3
ACAD_PLOTSTYLENAME
350
11
  0
DICTIONARY
  5
E7F
330
28
100
AcDbDictionary
281
1
  0
ACDBDICTIONARYWDFLT
  5
11
330
28
100
AcDbDictionary
281
1
  3
Normal
350
10
100
AcDbDictionaryWithDefault
340
10
  0
ACDBPLACEHOLDER
  5
10
330
11
  0
DICTIONARY
  5
29
330
28
100
AcDbDictionary
281
1
  3
Model
350
25
  3
Layout1
350
26
  3
Layout2
350
27
  0
LAYOUT
  5
25
330
29
100
AcDbPlotSettings
  1

  2
none_device
  4
A3
  6

 40
0.0
 41
0.0
 42
0.0
 43
0.0
 44
420.0
 45
297.0
 46
0.0
 47
0.0
 48
0.0
 49
0.0
140
0.0
141
0.0
142
1.0
143
1.0
 70
1024
 72
1
 73
0
 74
5
  7

 75
16
 76
0
 77
2
 78
300
147
1.0
148
0.0
149
0.0
100
AcDbLayout
  1
Model
 70
1
 71
0
 10
0.0
 20
0.0
 11
420.0
 21
297.0
 12
0.0
 22
0.0
 32
0.0
 14
1e+20
 24
1e+20
 34
1e+20
 15
-1e+20
 25
-1e+20
 35
-1e+20
146
0.0
 13
0.0
 23
0.0
 33
0.0
 16
1.0
 26
0.0
 36
0.0
 17
0.0
 27
1.0
 37
0.0
 76
0
330
22
  0
LAYOUT
  5
26
330
29
100
AcDbPlotSettings
  1

  2
none_device
  4
A3
  6

 40
0.0
 41
0.0
 42
0.0
 43
0.0
 44
420.0
 45
297.0
 46
0.0
 47
0.0
 48
0.0
 49
0.0
140
0.0
141
0.0
142
1.0
143
1.0
 70
0
 72
1
 73
0
 74
5
  7

 75
16
 76
0
 77
2
 78
300
147
1.0
148
0.0
149
0.0
100
AcDbLayout
  1
Layout1
 70
1
 71
1
 10
0.0
 20
0.0
 11
420.0
 21
297.0
 12
0.0
 22
0.0
 32
0.0
 14
1e+20
 24
1e+20
 34
1e+20
 15
-1e+20
 25
-1e+20
 35
-1e+20
146
0.0
 13
0.0
 23
0.0
 33
0.0
 16
1.0
 26
0.0
 36
0.0
 17
0.0
 27
1.0
 37
0.0
 76
0
330
23
  0
LAYOUT
  5
27
330
29
100
AcDbPlotSettings
  1

  2
none_device
  4
A3
  6

 40
0.0
 41
0.0
 42
0.0
 43
0.0
 44
420.0
 45
297.0
 46
0.0
 47
0.0
 48
0.0
 49
0.0
140
0.0
141
0.0
142
1.0
143
1.0
 70
0
 72
1
 73
0
 74
5
  7

 75
16
 76
0
 77
2
 78
300
147
1.0
148
0.0
149
0.0
100
AcDbLayout
  1
Layout2
 70
1
 71
2
 10
0.0
 20
0.0
 11
420.0
 21
297.0
 12
0.0
 22
0.0
 32
0.0
 14
1e+20
 24
1e+20
 34
1e+20
 15
-1e+20
 25
-1e+20
 35
-1e+20
146
0.0
 13
0.0
 23
0.0
 33
0.0
 16
1.0
 26
0.0
 36
0.0
 17
0.0
 27
1.0
 37
0.0
 76
0
330
24
  0
ENDSEC
  0
EOF
