  0
SECTION
  2
HEADER
  9
$ACADVER
  1
AC1018
  9
$HANDSEED
  5
FFFFFFFF
  9
$ANGBASE
  50
0.0
  9
$ANGDIR
  70
1
  9
$MEASUREMENT
  70
1
  9
$INSUNITS
  70
4
  0
ENDSEC
  0
SECTION
  2
TABLES
  0
TABLE
  2
APPID
  5
1
330
0
100
AcDbSymbolTable
 70
1
  0
APPID
  5
2
330
1
100
AcDbSymbolTableRecord
100
AcDbRegAppTableRecord
  2
ACAD
 70
0
  0
ENDTAB
  0
TABLE
  2
LTYPE
  5
3
330
0
100
AcDbSymbolTable
 70
6
  0
LTYPE
  5
4
330
3
100
AcDbSymbolTableRecord
100
AcDbLinetypeTableRecord
  2
ByBlock
 70
0
  3

 72
65
 73
0
 40
0
  0
LTYPE
  5
5
330
3
100
AcDbSymbolTableRecord
100
AcDbLinetypeTableRecord
  2
ByLayer
 70
0
  3

 72
65
 73
0
 40
0
  0
LTYPE
  5
6
330
3
100
AcDbSymbolTableRecord
100
AcDbLinetypeTableRecord
  2
CONTINUOUS
 70
0
  3
Solid line
 72
65
 73
0
 40
0
  0
LTYPE
  5
7
330
3
100
AcDbSymbolTableRecord
100
AcDbLinetypeTableRecord
  2
DASHDOT
 70
0
  3
Dash Dot ____ _ ____ _
 72
65
 73
4
 40
2
 49
1.25
 74
0
 49
-0.25
 74
0
 49
0.25
 74
0
 49
-0.25
 74
0
  0
LTYPE
  5
8
330
3
100
AcDbSymbolTableRecord
100
AcDbLinetypeTableRecord
  2
DASHED
 70
0
  3
Dashed __ __ __ __ __
 72
65
 73
2
 40
0.75
 49
0.5
 74
0
 49
-0.25
 74
0
  0
LTYPE
  5
9
330
3
100
AcDbSymbolTableRecord
100
AcDbLinetypeTableRecord
  2
DOTTED
 70
0
  3
Dotted .  .  .  .
 72
65
 73
2
 40
0.2
 49
0.0
 74
0
 49
-0.2
 74
0
  0
ENDTAB
  0
TABLE
  2
STYLE
  5
A
330
0
100
AcDbSymbolTable
 70
4
  0
STYLE
  5
B
330
A
100
AcDbSymbolTableRecord
100
AcDbTextStyleTableRecord
  2
KICAD
 70
0
 40
0
 41
1
 42
1
 50
0
 71
0
  3
isocp.shx
  0
STYLE
  5
C
330
A
100
AcDbSymbolTableRecord
100
AcDbTextStyleTableRecord
  2
KICADB
 70
0
 40
0
 41
1
 42
1
 50
0
 71
0
  3
isocp.shx
  0
STYLE
  5
D
330
A
100
AcDbSymbolTableRecord
100
AcDbTextStyleTableRecord
  2
KICADI
 70
0
 40
0
 41
1
 42
1
 50
15
 71
0
  3
isocp.shx
  0
STYLE
  5
E
330
A
100
AcDbSymbolTableRecord
100
AcDbTextStyleTableRecord
  2
KICADBI
 70
0
 40
0
 41
1
 42
1
 50
15
 71
0
  3
isocp.shx
  0
ENDTAB
  0
TABLE
  2
LAYER
  5
F
330
0
100
AcDbSymbolTable
 70
10
  0
LAYER
  5
12
330
F
100
AcDbSymbolTableRecord
100
AcDbLayerTableRecord
  2
0
 70
0
 62
7
  6
CONTINUOUS
390
10
  0
LAYER
  5
13
330
F
100
AcDbSymbolTableRecord
100
AcDbLayerTableRecord
  2
F.Cu
 70
0
 62
13
420
13120564
  6
CONTINUOUS
390
10
  0
LAYER
  5
14
330
F
100
AcDbSymbolTableRecord
100
AcDbLayerTableRecord
  2
B.Cu
 70
0
 62
153
420
5078980
  6
CONTINUOUS
390
10
  0
LAYER
  5
15
330
F
100
AcDbSymbolTableRecord
100
AcDbLayerTableRecord
  2
F.Paste
 70
0
 62
253
420
11837594
  6
CONTINUOUS
390
10
  0
LAYER
  5
16
330
F
100
AcDbSymbolTableRecord
100
AcDbLayerTableRecord
  2
B.Paste
 70
0
 62
132
420
49858
  6
CONTINUOUS
390
10
  0
LAYER
  5
17
330
F
100
AcDbSymbolTableRecord
100
AcDbLayerTableRecord
  2
F.Silkscreen
 70
0
 62
41
420
15920545
  6
CONTINUOUS
390
10
  0
LAYER
  5
18
330
F
100
AcDbSymbolTableRecord
100
AcDbLayerTableRecord
  2
B.Silkscreen
 70
0
 62
31
420
15250087
  6
CONTINUOUS
390
10
  0
LAYER
  5
19
330
F
100
AcDbSymbolTableRecord
100
AcDbLayerTableRecord
  2
F.Mask
 70
0
 62
201
420
14181631
  6
CONTINUOUS
390
10
  0
LAYER
  5
1A
330
F
100
AcDbSymbolTableRecord
100
AcDbLayerTableRecord
  2
B.Mask
 70
0
 62
4
420
196590
  6
CONTINUOUS
390
10
  0
LAYER
  5
1B
330
F
100
AcDbSymbolTableRecord
100
AcDbLayerTableRecord
  2
Edge.Cuts
 70
0
 62
254
420
13685453
  6
CONTINUOUS
390
10
  0
ENDTAB
  0
TABLE
  2
VPORT
  5
1C
330
0
100
AcDbSymbolTable
 70
0
  0
ENDTAB
  0
TABLE
  2
VIEW
  5
1D
330
0
100
AcDbSymbolTable
 70
0
  0
ENDTAB
  0
TABLE
  2
UCS
  5
1E
330
0
100
AcDbSymbolTable
 70
0
  0
ENDTAB
  0
TABLE
  2
DIMSTYLE
  5
1F
330
0
100
AcDbSymbolTable
 70
1
100
AcDbDimStyleTable
 71
0
  0
DIMSTYLE
105
20
330
1F
100
AcDbSymbolTableRecord
100
AcDbDimStyleTableRecord
  2
Standard
 70
0
  0
ENDTAB
  0
TABLE
  2
BLOCK_RECORD
  5
21
330
0
100
AcDbSymbolTable
 70
3
  0
BLOCK_RECORD
  5
22
330
21
100
AcDbSymbolTableRecord
100
AcDbBlockTableRecord
  2
*Model_Space
340
25
 70
0
280
1
281
0
  0
BLOCK_RECORD
  5
23
330
21
100
AcDbSymbolTableRecord
100
AcDbBlockTableRecord
  2
*Paper_Space
340
26
 70
0
280
1
281
0
  0
BLOCK_RECORD
  5
24
330
21
100
AcDbSymbolTableRecord
100
AcDbBlockTableRecord
  2
*Paper_Space0
340
27
 70
0
280
1
281
0
  0
ENDTAB
  0
ENDSEC
  0
SECTION
  2
BLOCKS
  0
BLOCK
  5
2B
330
22
100
AcDbEntity
  8
0
100
AcDbBlockBegin
  2
*Model_Space
 70
0
 10
0.0
 20
0.0
 30
0.0
  3
*Model_Space
  1

  0
ENDBLK
  5
2A
330
22
100
AcDbEntity
  8
0
100
AcDbBlockEnd
  0
BLOCK
  5
2D
330
23
100
AcDbEntity
 67
1
  8
0
100
AcDbBlockBegin
  2
*Paper_Space
 70
0
 10
0.0
 20
0.0
 30
0.0
  3
*Paper_Space
  1

  0
ENDBLK
  5
2C
330
23
100
AcDbEntity
 67
1
  8
0
100
AcDbBlockEnd
  0
BLOCK
  5
2F
330
24
100
AcDbEntity
 67
1
  8
0
100
AcDbBlockBegin
  2
*Paper_Space0
 70
0
 10
0.0
 20
0.0
 30
0.0
  3
*Paper_Space0
  1

  0
ENDBLK
  5
2E
330
24
100
AcDbEntity
 67
1
  8
0
100
AcDbBlockEnd
  0
ENDSEC
  0
SECTION
  2
ENTITIES
  0
LINE
  5
30
330
22
100
AcDbEntity
  8
F.Paste
  6
CONTINUOUS
100
AcDbLine
 10
122.0839339999999993
 20
-99.9690299999999894
 30
0
 11
122.1650399999999905
 21
-100.0232230000000015
 31
0
  0
LINE
  5
31
330
22
100
AcDbEntity
  8
F.Paste
  6
CONTINUOUS
100
AcDbLine
 10
122.1650399999999905
 20
-100.0232230000000015
 30
0
 11
122.2192329999999885
 21
-100.1043289999999928
 31
0
  0
LINE
  5
32
330
22
100
AcDbEntity
  8
F.Paste
  6
CONTINUOUS
100
AcDbLine
 10
122.2192329999999885
 20
-100.1043289999999928
 30
0
 11
122.2382629999999892
 21
-100.1999999999999886
 31
0
  0
LINE
  5
33
330
22
100
AcDbEntity
  8
F.Paste
  6
CONTINUOUS
100
AcDbLine
 10
122.2382629999999892
 20
-100.1999999999999886
 30
0
 11
122.2382629999999892
 21
-101.
 31
0
  0
LINE
  5
34
330
22
100
AcDbEntity
  8
F.Paste
  6
CONTINUOUS
100
AcDbLine
 10
122.2382629999999892
 20
-101.
 30
0
 11
122.2192329999999885
 21
-101.0956709999999958
 31
0
  0
LINE
  5
35
330
22
100
AcDbEntity
  8
F.Paste
  6
CONTINUOUS
100
AcDbLine
 10
122.2192329999999885
 20
-101.0956709999999958
 30
0
 11
122.1650399999999905
 21
-101.1767770000000013
 31
0
  0
LINE
  5
36
330
22
100
AcDbEntity
  8
F.Paste
  6
CONTINUOUS
100
AcDbLine
 10
122.1650399999999905
 20
-101.1767770000000013
 30
0
 11
122.0839339999999993
 21
-101.2309699999999992
 31
0
  0
LINE
  5
37
330
22
100
AcDbEntity
  8
F.Paste
  6
CONTINUOUS
100
AcDbLine
 10
122.0839339999999993
 20
-101.2309699999999992
 30
0
 11
121.9882629999999892
 21
-101.25
 31
0
  0
LINE
  5
38
330
22
100
AcDbEntity
  8
F.Paste
  6
CONTINUOUS
100
AcDbLine
 10
121.9882629999999892
 20
-101.25
 30
0
 11
120.7382629999999892
 21
-101.25
 31
0
  0
LINE
  5
39
330
22
100
AcDbEntity
  8
F.Paste
  6
CONTINUOUS
100
AcDbLine
 10
120.7382629999999892
 20
-101.25
 30
0
 11
120.6425919999999934
 21
-101.2309699999999992
 31
0
  0
LINE
  5
3A
330
22
100
AcDbEntity
  8
F.Paste
  6
CONTINUOUS
100
AcDbLine
 10
120.6425919999999934
 20
-101.2309699999999992
 30
0
 11
120.5614859999999879
 21
-101.1767770000000013
 31
0
  0
LINE
  5
3B
330
22
100
AcDbEntity
  8
F.Paste
  6
CONTINUOUS
100
AcDbLine
 10
120.5614859999999879
 20
-101.1767770000000013
 30
0
 11
120.50729299999999
 21
-101.0956709999999958
 31
0
  0
LINE
  5
3C
330
22
100
AcDbEntity
  8
F.Paste
  6
CONTINUOUS
100
AcDbLine
 10
120.50729299999999
 20
-101.0956709999999958
 30
0
 11
120.4882629999999892
 21
-101.
 31
0
  0
LINE
  5
3D
330
22
100
AcDbEntity
  8
F.Paste
  6
CONTINUOUS
100
AcDbLine
 10
120.4882629999999892
 20
-101.
 30
0
 11
120.4882629999999892
 21
-100.1999999999999886
 31
0
  0
LINE
  5
3E
330
22
100
AcDbEntity
  8
F.Paste
  6
CONTINUOUS
100
AcDbLine
 10
120.4882629999999892
 20
-100.1999999999999886
 30
0
 11
120.50729299999999
 21
-100.1043289999999928
 31
0
  0
LINE
  5
3F
330
22
100
AcDbEntity
  8
F.Paste
  6
CONTINUOUS
100
AcDbLine
 10
120.50729299999999
 20
-100.1043289999999928
 30
0
 11
120.5614859999999879
 21
-100.0232230000000015
 31
0
  0
LINE
  5
40
330
22
100
AcDbEntity
  8
F.Paste
  6
CONTINUOUS
100
AcDbLine
 10
120.5614859999999879
 20
-100.0232230000000015
 30
0
 11
120.6425919999999934
 21
-99.9690299999999894
 31
0
  0
LINE
  5
41
330
22
100
AcDbEntity
  8
F.Paste
  6
CONTINUOUS
100
AcDbLine
 10
120.6425919999999934
 20
-99.9690299999999894
 30
0
 11
120.7382629999999892
 21
-99.9499999999999886
 31
0
  0
LINE
  5
42
330
22
100
AcDbEntity
  8
F.Paste
  6
CONTINUOUS
100
AcDbLine
 10
120.7382629999999892
 20
-99.9499999999999886
 30
0
 11
121.9882629999999892
 21
-99.9499999999999886
 31
0
  0
LINE
  5
43
330
22
100
AcDbEntity
  8
F.Paste
  6
CONTINUOUS
100
AcDbLine
 10
121.9882629999999892
 20
-99.9499999999999886
 30
0
 11
122.0839339999999993
 21
-99.9690299999999894
 31
0
  0
LINE
  5
44
330
22
100
AcDbEntity
  8
F.Paste
  6
CONTINUOUS
100
AcDbLine
 10
163.0584079999999858
 20
-99.9662519999999972
 30
0
 11
163.1395139999999913
 21
-100.0204449999999952
 31
0
  0
LINE
  5
45
330
22
100
AcDbEntity
  8
F.Paste
  6
CONTINUOUS
100
AcDbLine
 10
163.1395139999999913
 20
-100.0204449999999952
 30
0
 11
163.1937069999999892
 21
-100.1015510000000006
 31
0
  0
LINE
  5
46
330
22
100
AcDbEntity
  8
F.Paste
  6
CONTINUOUS
100
AcDbLine
 10
163.1937069999999892
 20
-100.1015510000000006
 30
0
 11
163.2127370000000042
 21
-100.1972219999999965
 31
0
  0
LINE
  5
47
330
22
100
AcDbEntity
  8
F.Paste
  6
CONTINUOUS
100
AcDbLine
 10
163.2127370000000042
 20
-100.1972219999999965
 30
0
 11
163.2127370000000042
 21
-100.9972219999999936
 31
0
  0
LINE
  5
48
330
22
100
AcDbEntity
  8
F.Paste
  6
CONTINUOUS
100
AcDbLine
 10
163.2127370000000042
 20
-100.9972219999999936
 30
0
 11
163.1937069999999892
 21
-101.0928929999999895
 31
0
  0
LINE
  5
49
330
22
100
AcDbEntity
  8
F.Paste
  6
CONTINUOUS
100
AcDbLine
 10
163.1937069999999892
 20
-101.0928929999999895
 30
0
 11
163.1395139999999913
 21
-101.1739989999999949
 31
0
  0
LINE
  5
4A
330
22
100
AcDbEntity
  8
F.Paste
  6
CONTINUOUS
100
AcDbLine
 10
163.1395139999999913
 20
-101.1739989999999949
 30
0
 11
163.0584079999999858
 21
-101.2281919999999928
 31
0
  0
LINE
  5
4B
330
22
100
AcDbEntity
  8
F.Paste
  6
CONTINUOUS
100
AcDbLine
 10
163.0584079999999858
 20
-101.2281919999999928
 30
0
 11
162.9627370000000042
 21
-101.2472219999999936
 31
0
  0
LINE
  5
4C
330
22
100
AcDbEntity
  8
F.Paste
  6
CONTINUOUS
100
AcDbLine
 10
162.9627370000000042
 20
-101.2472219999999936
 30
0
 11
161.7127370000000042
 21
-101.2472219999999936
 31
0
  0
LINE
  5
4D
330
22
100
AcDbEntity
  8
F.Paste
  6
CONTINUOUS
100
AcDbLine
 10
161.7127370000000042
 20
-101.2472219999999936
 30
0
 11
161.6170659999999941
 21
-101.2281919999999928
 31
0
  0
LINE
  5
4E
330
22
100
AcDbEntity
  8
F.Paste
  6
CONTINUOUS
100
AcDbLine
 10
161.6170659999999941
 20
-101.2281919999999928
 30
0
 11
161.5359599999999887
 21
-101.1739989999999949
 31
0
  0
LINE
  5
4F
330
22
100
AcDbEntity
  8
F.Paste
  6
CONTINUOUS
100
AcDbLine
 10
161.5359599999999887
 20
-101.1739989999999949
 30
0
 11
161.4817669999999907
 21
-101.0928929999999895
 31
0
  0
LINE
  5
50
330
22
100
AcDbEntity
  8
F.Paste
  6
CONTINUOUS
100
AcDbLine
 10
161.4817669999999907
 20
-101.0928929999999895
 30
0
 11
161.4627370000000042
 21
-100.9972219999999936
 31
0
  0
LINE
  5
51
330
22
100
AcDbEntity
  8
F.Paste
  6
CONTINUOUS
100
AcDbLine
 10
161.4627370000000042
 20
-100.9972219999999936
 30
0
 11
161.4627370000000042
 21
-100.1972219999999965
 31
0
  0
LINE
  5
52
330
22
100
AcDbEntity
  8
F.Paste
  6
CONTINUOUS
100
AcDbLine
 10
161.4627370000000042
 20
-100.1972219999999965
 30
0
 11
161.4817669999999907
 21
-100.1015510000000006
 31
0
  0
LINE
  5
53
330
22
100
AcDbEntity
  8
F.Paste
  6
CONTINUOUS
100
AcDbLine
 10
161.4817669999999907
 20
-100.1015510000000006
 30
0
 11
161.5359599999999887
 21
-100.0204449999999952
 31
0
  0
LINE
  5
54
330
22
100
AcDbEntity
  8
F.Paste
  6
CONTINUOUS
100
AcDbLine
 10
161.5359599999999887
 20
-100.0204449999999952
 30
0
 11
161.6170659999999941
 21
-99.9662519999999972
 31
0
  0
LINE
  5
55
330
22
100
AcDbEntity
  8
F.Paste
  6
CONTINUOUS
100
AcDbLine
 10
161.6170659999999941
 20
-99.9662519999999972
 30
0
 11
161.7127370000000042
 21
-99.9472219999999965
 31
0
  0
LINE
  5
56
330
22
100
AcDbEntity
  8
F.Paste
  6
CONTINUOUS
100
AcDbLine
 10
161.7127370000000042
 20
-99.9472219999999965
 30
0
 11
162.9627370000000042
 21
-99.9472219999999965
 31
0
  0
LINE
  5
57
330
22
100
AcDbEntity
  8
F.Paste
  6
CONTINUOUS
100
AcDbLine
 10
162.9627370000000042
 20
-99.9472219999999965
 30
0
 11
163.0584079999999858
 21
-99.9662519999999972
 31
0
  0
LINE
  5
58
330
22
100
AcDbEntity
  8
F.Paste
  6
CONTINUOUS
100
AcDbLine
 10
133.0104599999999948
 20
-99.9634739999999908
 30
0
 11
133.0915660000000003
 21
-100.0176669999999888
 31
0
  0
LINE
  5
59
330
22
100
AcDbEntity
  8
F.Paste
  6
CONTINUOUS
100
AcDbLine
 10
133.0915660000000003
 20
-100.0176669999999888
 30
0
 11
133.1457589999999982
 21
-100.0987729999999942
 31
0
  0
LINE
  5
5A
330
22
100
AcDbEntity
  8
F.Paste
  6
CONTINUOUS
100
AcDbLine
 10
133.1457589999999982
 20
-100.0987729999999942
 30
0
 11
133.1647889999999848
 21
-100.1944439999999901
 31
0
  0
LINE
  5
5B
330
22
100
AcDbEntity
  8
F.Paste
  6
CONTINUOUS
100
AcDbLine
 10
133.1647889999999848
 20
-100.1944439999999901
 30
0
 11
133.1647889999999848
 21
-100.9944440000000014
 31
0
  0
LINE
  5
5C
330
22
100
AcDbEntity
  8
F.Paste
  6
CONTINUOUS
100
AcDbLine
 10
133.1647889999999848
 20
-100.9944440000000014
 30
0
 11
133.1457589999999982
 21
-101.0901149999999973
 31
0
  0
LINE
  5
5D
330
22
100
AcDbEntity
  8
F.Paste
  6
CONTINUOUS
100
AcDbLine
 10
133.1457589999999982
 20
-101.0901149999999973
 30
0
 11
133.0915660000000003
 21
-101.1712209999999885
 31
0
  0
LINE
  5
5E
330
22
100
AcDbEntity
  8
F.Paste
  6
CONTINUOUS
100
AcDbLine
 10
133.0915660000000003
 20
-101.1712209999999885
 30
0
 11
133.0104599999999948
 21
-101.2254140000000007
 31
0
  0
LINE
  5
5F
330
22
100
AcDbEntity
  8
F.Paste
  6
CONTINUOUS
100
AcDbLine
 10
133.0104599999999948
 20
-101.2254140000000007
 30
0
 11
132.9147889999999848
 21
-101.2444440000000014
 31
0
  0
LINE
  5
60
330
22
100
AcDbEntity
  8
F.Paste
  6
CONTINUOUS
100
AcDbLine
 10
132.9147889999999848
 20
-101.2444440000000014
 30
0
 11
131.6647889999999848
 21
-101.2444440000000014
 31
0
  0
LINE
  5
61
330
22
100
AcDbEntity
  8
F.Paste
  6
CONTINUOUS
100
AcDbLine
 10
131.6647889999999848
 20
-101.2444440000000014
 30
0
 11
131.5691180000000031
 21
-101.2254140000000007
 31
0
  0
LINE
  5
62
330
22
100
AcDbEntity
  8
F.Paste
  6
CONTINUOUS
100
AcDbLine
 10
131.5691180000000031
 20
-101.2254140000000007
 30
0
 11
131.4880119999999977
 21
-101.1712209999999885
 31
0
  0
LINE
  5
63
330
22
100
AcDbEntity
  8
F.Paste
  6
CONTINUOUS
100
AcDbLine
 10
131.4880119999999977
 20
-101.1712209999999885
 30
0
 11
131.4338189999999997
 21
-101.0901149999999973
 31
0
  0
LINE
  5
64
330
22
100
AcDbEntity
  8
F.Paste
  6
CONTINUOUS
100
AcDbLine
 10
131.4338189999999997
 20
-101.0901149999999973
 30
0
 11
131.4147889999999848
 21
-100.9944440000000014
 31
0
  0
LINE
  5
65
330
22
100
AcDbEntity
  8
F.Paste
  6
CONTINUOUS
100
AcDbLine
 10
131.4147889999999848
 20
-100.9944440000000014
 30
0
 11
131.4147889999999848
 21
-100.1944439999999901
 31
0
  0
LINE
  5
66
330
22
100
AcDbEntity
  8
F.Paste
  6
CONTINUOUS
100
AcDbLine
 10
131.4147889999999848
 20
-100.1944439999999901
 30
0
 11
131.4338189999999997
 21
-100.0987729999999942
 31
0
  0
LINE
  5
67
330
22
100
AcDbEntity
  8
F.Paste
  6
CONTINUOUS
100
AcDbLine
 10
131.4338189999999997
 20
-100.0987729999999942
 30
0
 11
131.4880119999999977
 21
-100.0176669999999888
 31
0
  0
LINE
  5
68
330
22
100
AcDbEntity
  8
F.Paste
  6
CONTINUOUS
100
AcDbLine
 10
131.4880119999999977
 20
-100.0176669999999888
 30
0
 11
131.5691180000000031
 21
-99.9634739999999908
 31
0
  0
LINE
  5
69
330
22
100
AcDbEntity
  8
F.Paste
  6
CONTINUOUS
100
AcDbLine
 10
131.5691180000000031
 20
-99.9634739999999908
 30
0
 11
131.6647889999999848
 21
-99.9444439999999901
 31
0
  0
LINE
  5
6A
330
22
100
AcDbEntity
  8
F.Paste
  6
CONTINUOUS
100
AcDbLine
 10
131.6647889999999848
 20
-99.9444439999999901
 30
0
 11
132.9147889999999848
 21
-99.9444439999999901
 31
0
  0
LINE
  5
6B
330
22
100
AcDbEntity
  8
F.Paste
  6
CONTINUOUS
100
AcDbLine
 10
132.9147889999999848
 20
-99.9444439999999901
 30
0
 11
133.0104599999999948
 21
-99.9634739999999908
 31
0
  0
LINE
  5
6C
330
22
100
AcDbEntity
  8
F.Paste
  6
CONTINUOUS
100
AcDbLine
 10
146.6686179999999808
 20
-99.9606969999999961
 30
0
 11
146.7497239999999863
 21
-100.0148899999999941
 31
0
  0
LINE
  5
6D
330
22
100
AcDbEntity
  8
F.Paste
  6
CONTINUOUS
100
AcDbLine
 10
146.7497239999999863
 20
-100.0148899999999941
 30
0
 11
146.8039169999999842
 21
-100.0959959999999995
 31
0
  0
LINE
  5
6E
330
22
100
AcDbEntity
  8
F.Paste
  6
CONTINUOUS
100
AcDbLine
 10
146.8039169999999842
 20
-100.0959959999999995
 30
0
 11
146.8229469999999992
 21
-100.1916669999999954
 31
0
  0
LINE
  5
6F
330
22
100
AcDbEntity
  8
F.Paste
  6
CONTINUOUS
100
AcDbLine
 10
146.8229469999999992
 20
-100.1916669999999954
 30
0
 11
146.8229469999999992
 21
-100.9916669999999925
 31
0
  0
LINE
  5
70
330
22
100
AcDbEntity
  8
F.Paste
  6
CONTINUOUS
100
AcDbLine
 10
146.8229469999999992
 20
-100.9916669999999925
 30
0
 11
146.8039169999999842
 21
-101.0873379999999884
 31
0
  0
LINE
  5
71
330
22
100
AcDbEntity
  8
F.Paste
  6
CONTINUOUS
100
AcDbLine
 10
146.8039169999999842
 20
-101.0873379999999884
 30
0
 11
146.7497239999999863
 21
-101.1684439999999938
 31
0
  0
LINE
  5
72
330
22
100
AcDbEntity
  8
F.Paste
  6
CONTINUOUS
100
AcDbLine
 10
146.7497239999999863
 20
-101.1684439999999938
 30
0
 11
146.6686179999999808
 21
-101.2226369999999918
 31
0
  0
LINE
  5
73
330
22
100
AcDbEntity
  8
F.Paste
  6
CONTINUOUS
100
AcDbLine
 10
146.6686179999999808
 20
-101.2226369999999918
 30
0
 11
146.5729469999999992
 21
-101.2416669999999925
 31
0
  0
LINE
  5
74
330
22
100
AcDbEntity
  8
F.Paste
  6
CONTINUOUS
100
AcDbLine
 10
146.5729469999999992
 20
-101.2416669999999925
 30
0
 11
145.3229469999999992
 21
-101.2416669999999925
 31
0
  0
LINE
  5
75
330
22
100
AcDbEntity
  8
F.Paste
  6
CONTINUOUS
100
AcDbLine
 10
145.3229469999999992
 20
-101.2416669999999925
 30
0
 11
145.2272759999999892
 21
-101.2226369999999918
 31
0
  0
LINE
  5
76
330
22
100
AcDbEntity
  8
F.Paste
  6
CONTINUOUS
100
AcDbLine
 10
145.2272759999999892
 20
-101.2226369999999918
 30
0
 11
145.1461699999999837
 21
-101.1684439999999938
 31
0
  0
LINE
  5
77
330
22
100
AcDbEntity
  8
F.Paste
  6
CONTINUOUS
100
AcDbLine
 10
145.1461699999999837
 20
-101.1684439999999938
 30
0
 11
145.0919769999999858
 21
-101.0873379999999884
 31
0
  0
LINE
  5
78
330
22
100
AcDbEntity
  8
F.Paste
  6
CONTINUOUS
100
AcDbLine
 10
145.0919769999999858
 20
-101.0873379999999884
 30
0
 11
145.0729469999999992
 21
-100.9916669999999925
 31
0
  0
LINE
  5
79
330
22
100
AcDbEntity
  8
F.Paste
  6
CONTINUOUS
100
AcDbLine
 10
145.0729469999999992
 20
-100.9916669999999925
 30
0
 11
145.0729469999999992
 21
-100.1916669999999954
 31
0
  0
LINE
  5
7A
330
22
100
AcDbEntity
  8
F.Paste
  6
CONTINUOUS
100
AcDbLine
 10
145.0729469999999992
 20
-100.1916669999999954
 30
0
 11
145.0919769999999858
 21
-100.0959959999999995
 31
0
  0
LINE
  5
7B
330
22
100
AcDbEntity
  8
F.Paste
  6
CONTINUOUS
100
AcDbLine
 10
145.0919769999999858
 20
-100.0959959999999995
 30
0
 11
145.1461699999999837
 21
-100.0148899999999941
 31
0
  0
LINE
  5
7C
330
22
100
AcDbEntity
  8
F.Paste
  6
CONTINUOUS
100
AcDbLine
 10
145.1461699999999837
 20
-100.0148899999999941
 30
0
 11
145.2272759999999892
 21
-99.9606969999999961
 31
0
  0
LINE
  5
7D
330
22
100
AcDbEntity
  8
F.Paste
  6
CONTINUOUS
100
AcDbLine
 10
145.2272759999999892
 20
-99.9606969999999961
 30
0
 11
145.3229469999999992
 21
-99.9416669999999954
 31
0
  0
LINE
  5
7E
330
22
100
AcDbEntity
  8
F.Paste
  6
CONTINUOUS
100
AcDbLine
 10
145.3229469999999992
 20
-99.9416669999999954
 30
0
 11
146.5729469999999992
 21
-99.9416669999999954
 31
0
  0
LINE
  5
7F
330
22
100
AcDbEntity
  8
F.Paste
  6
CONTINUOUS
100
AcDbLine
 10
146.5729469999999992
 20
-99.9416669999999954
 30
0
 11
146.6686179999999808
 21
-99.9606969999999961
 31
0
  0
LINE
  5
80
330
22
100
AcDbEntity
  8
F.Paste
  6
CONTINUOUS
100
AcDbLine
 10
160.3267759999999953
 20
-99.9579189999999898
 30
0
 11
160.4078820000000007
 21
-100.0121120000000019
 31
0
  0
LINE
  5
81
330
22
100
AcDbEntity
  8
F.Paste
  6
CONTINUOUS
100
AcDbLine
 10
160.4078820000000007
 20
-100.0121120000000019
 30
0
 11
160.4620749999999987
 21
-100.0932179999999931
 31
0
  0
LINE
  5
82
330
22
100
AcDbEntity
  8
F.Paste
  6
CONTINUOUS
100
AcDbLine
 10
160.4620749999999987
 20
-100.0932179999999931
 30
0
 11
160.4811049999999852
 21
-100.188888999999989
 31
0
  0
LINE
  5
83
330
22
100
AcDbEntity
  8
F.Paste
  6
CONTINUOUS
100
AcDbLine
 10
160.4811049999999852
 20
-100.188888999999989
 30
0
 11
160.4811049999999852
 21
-100.9888890000000004
 31
0
  0
LINE
  5
84
330
22
100
AcDbEntity
  8
F.Paste
  6
CONTINUOUS
100
AcDbLine
 10
160.4811049999999852
 20
-100.9888890000000004
 30
0
 11
160.4620749999999987
 21
-101.0845599999999962
 31
0
  0
LINE
  5
85
330
22
100
AcDbEntity
  8
F.Paste
  6
CONTINUOUS
100
AcDbLine
 10
160.4620749999999987
 20
-101.0845599999999962
 30
0
 11
160.4078820000000007
 21
-101.1656660000000016
 31
0
  0
LINE
  5
86
330
22
100
AcDbEntity
  8
F.Paste
  6
CONTINUOUS
100
AcDbLine
 10
160.4078820000000007
 20
-101.1656660000000016
 30
0
 11
160.3267759999999953
 21
-101.2198589999999996
 31
0
  0
LINE
  5
87
330
22
100
AcDbEntity
  8
F.Paste
  6
CONTINUOUS
100
AcDbLine
 10
160.3267759999999953
 20
-101.2198589999999996
 30
0
 11
160.2311049999999852
 21
-101.2388890000000004
 31
0
  0
LINE
  5
88
330
22
100
AcDbEntity
  8
F.Paste
  6
CONTINUOUS
100
AcDbLine
 10
160.2311049999999852
 20
-101.2388890000000004
 30
0
 11
158.9811049999999852
 21
-101.2388890000000004
 31
0
  0
LINE
  5
89
330
22
100
AcDbEntity
  8
F.Paste
  6
CONTINUOUS
100
AcDbLine
 10
158.9811049999999852
 20
-101.2388890000000004
 30
0
 11
158.8854340000000036
 21
-101.2198589999999996
 31
0
  0
LINE
  5
8A
330
22
100
AcDbEntity
  8
F.Paste
  6
CONTINUOUS
100
AcDbLine
 10
158.8854340000000036
 20
-101.2198589999999996
 30
0
 11
158.8043279999999982
 21
-101.1656660000000016
 31
0
  0
LINE
  5
8B
330
22
100
AcDbEntity
  8
F.Paste
  6
CONTINUOUS
100
AcDbLine
 10
158.8043279999999982
 20
-101.1656660000000016
 30
0
 11
158.7501350000000002
 21
-101.0845599999999962
 31
0
  0
LINE
  5
8C
330
22
100
AcDbEntity
  8
F.Paste
  6
CONTINUOUS
100
AcDbLine
 10
158.7501350000000002
 20
-101.0845599999999962
 30
0
 11
158.7311049999999852
 21
-100.9888890000000004
 31
0
  0
LINE
  5
8D
330
22
100
AcDbEntity
  8
F.Paste
  6
CONTINUOUS
100
AcDbLine
 10
158.7311049999999852
 20
-100.9888890000000004
 30
0
 11
158.7311049999999852
 21
-100.188888999999989
 31
0
  0
LINE
  5
8E
330
22
100
AcDbEntity
  8
F.Paste
  6
CONTINUOUS
100
AcDbLine
 10
158.7311049999999852
 20
-100.188888999999989
 30
0
 11
158.7501350000000002
 21
-100.0932179999999931
 31
0
  0
LINE
  5
8F
330
22
100
AcDbEntity
  8
F.Paste
  6
CONTINUOUS
100
AcDbLine
 10
158.7501350000000002
 20
-100.0932179999999931
 30
0
 11
158.8043279999999982
 21
-100.0121120000000019
 31
0
  0
LINE
  5
90
330
22
100
AcDbEntity
  8
F.Paste
  6
CONTINUOUS
100
AcDbLine
 10
158.8043279999999982
 20
-100.0121120000000019
 30
0
 11
158.8854340000000036
 21
-99.9579189999999898
 31
0
  0
LINE
  5
91
330
22
100
AcDbEntity
  8
F.Paste
  6
CONTINUOUS
100
AcDbLine
 10
158.8854340000000036
 20
-99.9579189999999898
 30
0
 11
158.9811049999999852
 21
-99.938888999999989
 31
0
  0
LINE
  5
92
330
22
100
AcDbEntity
  8
F.Paste
  6
CONTINUOUS
100
AcDbLine
 10
158.9811049999999852
 20
-99.938888999999989
 30
0
 11
160.2311049999999852
 21
-99.938888999999989
 31
0
  0
LINE
  5
93
330
22
100
AcDbEntity
  8
F.Paste
  6
CONTINUOUS
100
AcDbLine
 10
160.2311049999999852
 20
-99.938888999999989
 30
0
 11
160.3267759999999953
 21
-99.9579189999999898
 31
0
  0
LINE
  5
94
330
22
100
AcDbEntity
  8
F.Paste
  6
CONTINUOUS
100
AcDbLine
 10
154.8635129999999833
 20
-99.9551409999999976
 30
0
 11
154.9446189999999888
 21
-100.0093339999999955
 31
0
  0
LINE
  5
95
330
22
100
AcDbEntity
  8
F.Paste
  6
CONTINUOUS
100
AcDbLine
 10
154.9446189999999888
 20
-100.0093339999999955
 30
0
 11
154.9988119999999867
 21
-100.090440000000001
 31
0
  0
LINE
  5
96
330
22
100
AcDbEntity
  8
F.Paste
  6
CONTINUOUS
100
AcDbLine
 10
154.9988119999999867
 20
-100.090440000000001
 30
0
 11
155.0178420000000017
 21
-100.1861109999999968
 31
0
  0
LINE
  5
97
330
22
100
AcDbEntity
  8
F.Paste
  6
CONTINUOUS
100
AcDbLine
 10
155.0178420000000017
 20
-100.1861109999999968
 30
0
 11
155.0178420000000017
 21
-100.986110999999994
 31
0
  0
LINE
  5
98
330
22
100
AcDbEntity
  8
F.Paste
  6
CONTINUOUS
100
AcDbLine
 10
155.0178420000000017
 20
-100.986110999999994
 30
0
 11
154.9988119999999867
 21
-101.0817819999999898
 31
0
  0
LINE
  5
99
330
22
100
AcDbEntity
  8
F.Paste
  6
CONTINUOUS
100
AcDbLine
 10
154.9988119999999867
 20
-101.0817819999999898
 30
0
 11
154.9446189999999888
 21
-101.1628879999999953
 31
0
  0
LINE
  5
9A
330
22
100
AcDbEntity
  8
F.Paste
  6
CONTINUOUS
100
AcDbLine
 10
154.9446189999999888
 20
-101.1628879999999953
 30
0
 11
154.8635129999999833
 21
-101.2170809999999932
 31
0
  0
LINE
  5
9B
330
22
100
AcDbEntity
  8
F.Paste
  6
CONTINUOUS
100
AcDbLine
 10
154.8635129999999833
 20
-101.2170809999999932
 30
0
 11
154.7678420000000017
 21
-101.236110999999994
 31
0
  0
LINE
  5
9C
330
22
100
AcDbEntity
  8
F.Paste
  6
CONTINUOUS
100
AcDbLine
 10
154.7678420000000017
 20
-101.236110999999994
 30
0
 11
153.5178420000000017
 21
-101.236110999999994
 31
0
  0
LINE
  5
9D
330
22
100
AcDbEntity
  8
F.Paste
  6
CONTINUOUS
100
AcDbLine
 10
153.5178420000000017
 20
-101.236110999999994
 30
0
 11
153.4221709999999916
 21
-101.2170809999999932
 31
0
  0
LINE
  5
9E
330
22
100
AcDbEntity
  8
F.Paste
  6
CONTINUOUS
100
AcDbLine
 10
153.4221709999999916
 20
-101.2170809999999932
 30
0
 11
153.3410649999999862
 21
-101.1628879999999953
 31
0
  0
LINE
  5
9F
330
22
100
AcDbEntity
  8
F.Paste
  6
CONTINUOUS
100
AcDbLine
 10
153.3410649999999862
 20
-101.1628879999999953
 30
0
 11
153.2868719999999882
 21
-101.0817819999999898
 31
0
  0
LINE
  5
A0
330
22
100
AcDbEntity
  8
F.Paste
  6
CONTINUOUS
100
AcDbLine
 10
153.2868719999999882
 20
-101.0817819999999898
 30
0
 11
153.2678420000000017
 21
-100.986110999999994
 31
0
  0
LINE
  5
A1
330
22
100
AcDbEntity
  8
F.Paste
  6
CONTINUOUS
100
AcDbLine
 10
153.2678420000000017
 20
-100.986110999999994
 30
0
 11
153.2678420000000017
 21
-100.1861109999999968
 31
0
  0
LINE
  5
A2
330
22
100
AcDbEntity
  8
F.Paste
  6
CONTINUOUS
100
AcDbLine
 10
153.2678420000000017
 20
-100.1861109999999968
 30
0
 11
153.2868719999999882
 21
-100.090440000000001
 31
0
  0
LINE
  5
A3
330
22
100
AcDbEntity
  8
F.Paste
  6
CONTINUOUS
100
AcDbLine
 10
153.2868719999999882
 20
-100.090440000000001
 30
0
 11
153.3410649999999862
 21
-100.0093339999999955
 31
0
  0
LINE
  5
A4
330
22
100
AcDbEntity
  8
F.Paste
  6
CONTINUOUS
100
AcDbLine
 10
153.3410649999999862
 20
-100.0093339999999955
 30
0
 11
153.4221709999999916
 21
-99.9551409999999976
 31
0
  0
LINE
  5
A5
330
22
100
AcDbEntity
  8
F.Paste
  6
CONTINUOUS
100
AcDbLine
 10
153.4221709999999916
 20
-99.9551409999999976
 30
0
 11
153.5178420000000017
 21
-99.9361109999999968
 31
0
  0
LINE
  5
A6
330
22
100
AcDbEntity
  8
F.Paste
  6
CONTINUOUS
100
AcDbLine
 10
153.5178420000000017
 20
-99.9361109999999968
 30
0
 11
154.7678420000000017
 21
-99.9361109999999968
 31
0
  0
LINE
  5
A7
330
22
100
AcDbEntity
  8
F.Paste
  6
CONTINUOUS
100
AcDbLine
 10
154.7678420000000017
 20
-99.9361109999999968
 30
0
 11
154.8635129999999833
 21
-99.9551409999999976
 31
0
  0
LINE
  5
A8
330
22
100
AcDbEntity
  8
F.Paste
  6
CONTINUOUS
100
AcDbLine
 10
143.9369869999999878
 20
-99.9523629999999912
 30
0
 11
144.0180929999999933
 21
-100.0065559999999891
 31
0
  0
LINE
  5
A9
330
22
100
AcDbEntity
  8
F.Paste
  6
CONTINUOUS
100
AcDbLine
 10
144.0180929999999933
 20
-100.0065559999999891
 30
0
 11
144.0722859999999912
 21
-100.0876619999999946
 31
0
  0
LINE
  5
AA
330
22
100
AcDbEntity
  8
F.Paste
  6
CONTINUOUS
100
AcDbLine
 10
144.0722859999999912
 20
-100.0876619999999946
 30
0
 11
144.0913160000000062
 21
-100.1833329999999904
 31
0
  0
LINE
  5
AB
330
22
100
AcDbEntity
  8
F.Paste
  6
CONTINUOUS
100
AcDbLine
 10
144.0913160000000062
 20
-100.1833329999999904
 30
0
 11
144.0913160000000062
 21
-100.9833330000000018
 31
0
  0
LINE
  5
AC
330
22
100
AcDbEntity
  8
F.Paste
  6
CONTINUOUS
100
AcDbLine
 10
144.0913160000000062
 20
-100.9833330000000018
 30
0
 11
144.0722859999999912
 21
-101.0790039999999976
 31
0
  0
LINE
  5
AD
330
22
100
AcDbEntity
  8
F.Paste
  6
CONTINUOUS
100
AcDbLine
 10
144.0722859999999912
 20
-101.0790039999999976
 30
0
 11
144.0180929999999933
 21
-101.1601099999999889
 31
0
  0
LINE
  5
AE
330
22
100
AcDbEntity
  8
F.Paste
  6
CONTINUOUS
100
AcDbLine
 10
144.0180929999999933
 20
-101.1601099999999889
 30
0
 11
143.9369869999999878
 21
-101.214303000000001
 31
0
  0
LINE
  5
AF
330
22
100
AcDbEntity
  8
F.Paste
  6
CONTINUOUS
100
AcDbLine
 10
143.9369869999999878
 20
-101.214303000000001
 30
0
 11
143.8413160000000062
 21
-101.2333330000000018
 31
0
  0
LINE
  5
B0
330
22
100
AcDbEntity
  8
F.Paste
  6
CONTINUOUS
100
AcDbLine
 10
143.8413160000000062
 20
-101.2333330000000018
 30
0
 11
142.5913160000000062
 21
-101.2333330000000018
 31
0
  0
LINE
  5
B1
330
22
100
AcDbEntity
  8
F.Paste
  6
CONTINUOUS
100
AcDbLine
 10
142.5913160000000062
 20
-101.2333330000000018
 30
0
 11
142.4956449999999961
 21
-101.214303000000001
 31
0
  0
LINE
  5
B2
330
22
100
AcDbEntity
  8
F.Paste
  6
CONTINUOUS
100
AcDbLine
 10
142.4956449999999961
 20
-101.214303000000001
 30
0
 11
142.4145389999999907
 21
-101.1601099999999889
 31
0
  0
LINE
  5
B3
330
22
100
AcDbEntity
  8
F.Paste
  6
CONTINUOUS
100
AcDbLine
 10
142.4145389999999907
 20
-101.1601099999999889
 30
0
 11
142.3603459999999927
 21
-101.0790039999999976
 31
0
  0
LINE
  5
B4
330
22
100
AcDbEntity
  8
F.Paste
  6
CONTINUOUS
100
AcDbLine
 10
142.3603459999999927
 20
-101.0790039999999976
 30
0
 11
142.3413160000000062
 21
-100.9833330000000018
 31
0
  0
LINE
  5
B5
330
22
100
AcDbEntity
  8
F.Paste
  6
CONTINUOUS
100
AcDbLine
 10
142.3413160000000062
 20
-100.9833330000000018
 30
0
 11
142.3413160000000062
 21
-100.1833329999999904
 31
0
  0
LINE
  5
B6
330
22
100
AcDbEntity
  8
F.Paste
  6
CONTINUOUS
100
AcDbLine
 10
142.3413160000000062
 20
-100.1833329999999904
 30
0
 11
142.3603459999999927
 21
-100.0876619999999946
 31
0
  0
LINE
  5
B7
330
22
100
AcDbEntity
  8
F.Paste
  6
CONTINUOUS
100
AcDbLine
 10
142.3603459999999927
 20
-100.0876619999999946
 30
0
 11
142.4145389999999907
 21
-100.0065559999999891
 31
0
  0
LINE
  5
B8
330
22
100
AcDbEntity
  8
F.Paste
  6
CONTINUOUS
100
AcDbLine
 10
142.4145389999999907
 20
-100.0065559999999891
 30
0
 11
142.4956449999999961
 21
-99.9523629999999912
 31
0
  0
LINE
  5
B9
330
22
100
AcDbEntity
  8
F.Paste
  6
CONTINUOUS
100
AcDbLine
 10
142.4956449999999961
 20
-99.9523629999999912
 30
0
 11
142.5913160000000062
 21
-99.9333329999999904
 31
0
  0
LINE
  5
BA
330
22
100
AcDbEntity
  8
F.Paste
  6
CONTINUOUS
100
AcDbLine
 10
142.5913160000000062
 20
-99.9333329999999904
 30
0
 11
143.8413160000000062
 21
-99.9333329999999904
 31
0
  0
LINE
  5
BB
330
22
100
AcDbEntity
  8
F.Paste
  6
CONTINUOUS
100
AcDbLine
 10
143.8413160000000062
 20
-99.9333329999999904
 30
0
 11
143.9369869999999878
 21
-99.9523629999999912
 31
0
  0
LINE
  5
BC
330
22
100
AcDbEntity
  8
F.Paste
  6
CONTINUOUS
100
AcDbLine
 10
124.8155659999999898
 20
-99.9495859999999965
 30
0
 11
124.8966719999999953
 21
-100.0037789999999944
 31
0
  0
LINE
  5
BD
330
22
100
AcDbEntity
  8
F.Paste
  6
CONTINUOUS
100
AcDbLine
 10
124.8966719999999953
 20
-100.0037789999999944
 30
0
 11
124.9508649999999932
 21
-100.0848849999999999
 31
0
  0
LINE
  5
BE
330
22
100
AcDbEntity
  8
F.Paste
  6
CONTINUOUS
100
AcDbLine
 10
124.9508649999999932
 20
-100.0848849999999999
 30
0
 11
124.969894999999994
 21
-100.1805559999999957
 31
0
  0
LINE
  5
BF
330
22
100
AcDbEntity
  8
F.Paste
  6
CONTINUOUS
100
AcDbLine
 10
124.969894999999994
 20
-100.1805559999999957
 30
0
 11
124.969894999999994
 21
-100.9805559999999929
 31
0
  0
LINE
  5
C0
330
22
100
AcDbEntity
  8
F.Paste
  6
CONTINUOUS
100
AcDbLine
 10
124.969894999999994
 20
-100.9805559999999929
 30
0
 11
124.9508649999999932
 21
-101.0762269999999887
 31
0
  0
LINE
  5
C1
330
22
100
AcDbEntity
  8
F.Paste
  6
CONTINUOUS
100
AcDbLine
 10
124.9508649999999932
 20
-101.0762269999999887
 30
0
 11
124.8966719999999953
 21
-101.1573329999999942
 31
0
  0
LINE
  5
C2
330
22
100
AcDbEntity
  8
F.Paste
  6
CONTINUOUS
100
AcDbLine
 10
124.8966719999999953
 20
-101.1573329999999942
 30
0
 11
124.8155659999999898
 21
-101.2115259999999921
 31
0
  0
LINE
  5
C3
330
22
100
AcDbEntity
  8
F.Paste
  6
CONTINUOUS
100
AcDbLine
 10
124.8155659999999898
 20
-101.2115259999999921
 30
0
 11
124.719894999999994
 21
-101.2305559999999929
 31
0
  0
LINE
  5
C4
330
22
100
AcDbEntity
  8
F.Paste
  6
CONTINUOUS
100
AcDbLine
 10
124.719894999999994
 20
-101.2305559999999929
 30
0
 11
123.469894999999994
 21
-101.2305559999999929
 31
0
  0
LINE
  5
C5
330
22
100
AcDbEntity
  8
F.Paste
  6
CONTINUOUS
100
AcDbLine
 10
123.469894999999994
 20
-101.2305559999999929
 30
0
 11
123.3742239999999981
 21
-101.2115259999999921
 31
0
  0
LINE
  5
C6
330
22
100
AcDbEntity
  8
F.Paste
  6
CONTINUOUS
100
AcDbLine
 10
123.3742239999999981
 20
-101.2115259999999921
 30
0
 11
123.2931179999999927
 21
-101.1573329999999942
 31
0
  0
LINE
  5
C7
330
22
100
AcDbEntity
  8
F.Paste
  6
CONTINUOUS
100
AcDbLine
 10
123.2931179999999927
 20
-101.1573329999999942
 30
0
 11
123.2389249999999947
 21
-101.0762269999999887
 31
0
  0
LINE
  5
C8
330
22
100
AcDbEntity
  8
F.Paste
  6
CONTINUOUS
100
AcDbLine
 10
123.2389249999999947
 20
-101.0762269999999887
 30
0
 11
123.219894999999994
 21
-100.9805559999999929
 31
0
  0
LINE
  5
C9
330
22
100
AcDbEntity
  8
F.Paste
  6
CONTINUOUS
100
AcDbLine
 10
123.219894999999994
 20
-100.9805559999999929
 30
0
 11
123.219894999999994
 21
-100.1805559999999957
 31
0
  0
LINE
  5
CA
330
22
100
AcDbEntity
  8
F.Paste
  6
CONTINUOUS
100
AcDbLine
 10
123.219894999999994
 20
-100.1805559999999957
 30
0
 11
123.2389249999999947
 21
-100.0848849999999999
 31
0
  0
LINE
  5
CB
330
22
100
AcDbEntity
  8
F.Paste
  6
CONTINUOUS
100
AcDbLine
 10
123.2389249999999947
 20
-100.0848849999999999
 30
0
 11
123.2931179999999927
 21
-100.0037789999999944
 31
0
  0
LINE
  5
CC
330
22
100
AcDbEntity
  8
F.Paste
  6
CONTINUOUS
100
AcDbLine
 10
123.2931179999999927
 20
-100.0037789999999944
 30
0
 11
123.3742239999999981
 21
-99.9495859999999965
 31
0
  0
LINE
  5
CD
330
22
100
AcDbEntity
  8
F.Paste
  6
CONTINUOUS
100
AcDbLine
 10
123.3742239999999981
 20
-99.9495859999999965
 30
0
 11
123.469894999999994
 21
-99.9305559999999957
 31
0
  0
LINE
  5
CE
330
22
100
AcDbEntity
  8
F.Paste
  6
CONTINUOUS
100
AcDbLine
 10
123.469894999999994
 20
-99.9305559999999957
 30
0
 11
124.719894999999994
 21
-99.9305559999999957
 31
0
  0
LINE
  5
CF
330
22
100
AcDbEntity
  8
F.Paste
  6
CONTINUOUS
100
AcDbLine
 10
124.719894999999994
 20
-99.9305559999999957
 30
0
 11
124.8155659999999898
 21
-99.9495859999999965
 31
0
  0
LINE
  5
D0
330
22
100
AcDbEntity
  8
F.Paste
  6
CONTINUOUS
100
AcDbLine
 10
135.7420919999999853
 20
-99.9468079999999901
 30
0
 11
135.8231979999999908
 21
-100.0010010000000023
 31
0
  0
LINE
  5
D1
330
22
100
AcDbEntity
  8
F.Paste
  6
CONTINUOUS
100
AcDbLine
 10
135.8231979999999908
 20
-100.0010010000000023
 30
0
 11
135.8773909999999887
 21
-100.0821069999999935
 31
0
  0
LINE
  5
D2
330
22
100
AcDbEntity
  8
F.Paste
  6
CONTINUOUS
100
AcDbLine
 10
135.8773909999999887
 20
-100.0821069999999935
 30
0
 11
135.8964210000000037
 21
-100.1777779999999893
 31
0
  0
LINE
  5
D3
330
22
100
AcDbEntity
  8
F.Paste
  6
CONTINUOUS
100
AcDbLine
 10
135.8964210000000037
 20
-100.1777779999999893
 30
0
 11
135.8964210000000037
 21
-100.9777780000000007
 31
0
  0
LINE
  5
D4
330
22
100
AcDbEntity
  8
F.Paste
  6
CONTINUOUS
100
AcDbLine
 10
135.8964210000000037
 20
-100.9777780000000007
 30
0
 11
135.8773909999999887
 21
-101.0734489999999965
 31
0
  0
LINE
  5
D5
330
22
100
AcDbEntity
  8
F.Paste
  6
CONTINUOUS
100
AcDbLine
 10
135.8773909999999887
 20
-101.0734489999999965
 30
0
 11
135.8231979999999908
 21
-101.154555000000002
 31
0
  0
LINE
  5
D6
330
22
100
AcDbEntity
  8
F.Paste
  6
CONTINUOUS
100
AcDbLine
 10
135.8231979999999908
 20
-101.154555000000002
 30
0
 11
135.7420919999999853
 21
-101.2087479999999999
 31
0
  0
LINE
  5
D7
330
22
100
AcDbEntity
  8
F.Paste
  6
CONTINUOUS
100
AcDbLine
 10
135.7420919999999853
 20
-101.2087479999999999
 30
0
 11
135.6464210000000037
 21
-101.2277780000000007
 31
0
  0
LINE
  5
D8
330
22
100
AcDbEntity
  8
F.Paste
  6
CONTINUOUS
100
AcDbLine
 10
135.6464210000000037
 20
-101.2277780000000007
 30
0
 11
134.3964210000000037
 21
-101.2277780000000007
 31
0
  0
LINE
  5
D9
330
22
100
AcDbEntity
  8
F.Paste
  6
CONTINUOUS
100
AcDbLine
 10
134.3964210000000037
 20
-101.2277780000000007
 30
0
 11
134.3007499999999936
 21
-101.2087479999999999
 31
0
  0
LINE
  5
DA
330
22
100
AcDbEntity
  8
F.Paste
  6
CONTINUOUS
100
AcDbLine
 10
134.3007499999999936
 20
-101.2087479999999999
 30
0
 11
134.2196439999999882
 21
-101.154555000000002
 31
0
  0
LINE
  5
DB
330
22
100
AcDbEntity
  8
F.Paste
  6
CONTINUOUS
100
AcDbLine
 10
134.2196439999999882
 20
-101.154555000000002
 30
0
 11
134.1654509999999902
 21
-101.0734489999999965
 31
0
  0
LINE
  5
DC
330
22
100
AcDbEntity
  8
F.Paste
  6
CONTINUOUS
100
AcDbLine
 10
134.1654509999999902
 20
-101.0734489999999965
 30
0
 11
134.1464210000000037
 21
-100.9777780000000007
 31
0
  0
LINE
  5
DD
330
22
100
AcDbEntity
  8
F.Paste
  6
CONTINUOUS
100
AcDbLine
 10
134.1464210000000037
 20
-100.9777780000000007
 30
0
 11
134.1464210000000037
 21
-100.1777779999999893
 31
0
  0
LINE
  5
DE
330
22
100
AcDbEntity
  8
F.Paste
  6
CONTINUOUS
100
AcDbLine
 10
134.1464210000000037
 20
-100.1777779999999893
 30
0
 11
134.1654509999999902
 21
-100.0821069999999935
 31
0
  0
LINE
  5
DF
330
22
100
AcDbEntity
  8
F.Paste
  6
CONTINUOUS
100
AcDbLine
 10
134.1654509999999902
 20
-100.0821069999999935
 30
0
 11
134.2196439999999882
 21
-100.0010010000000023
 31
0
  0
LINE
  5
E0
330
22
100
AcDbEntity
  8
F.Paste
  6
CONTINUOUS
100
AcDbLine
 10
134.2196439999999882
 20
-100.0010010000000023
 30
0
 11
134.3007499999999936
 21
-99.9468079999999901
 31
0
  0
LINE
  5
E1
330
22
100
AcDbEntity
  8
F.Paste
  6
CONTINUOUS
100
AcDbLine
 10
134.3007499999999936
 20
-99.9468079999999901
 30
0
 11
134.3964210000000037
 21
-99.9277779999999893
 31
0
  0
LINE
  5
E2
330
22
100
AcDbEntity
  8
F.Paste
  6
CONTINUOUS
100
AcDbLine
 10
134.3964210000000037
 20
-99.9277779999999893
 30
0
 11
135.6464210000000037
 21
-99.9277779999999893
 31
0
  0
LINE
  5
E3
330
22
100
AcDbEntity
  8
F.Paste
  6
CONTINUOUS
100
AcDbLine
 10
135.6464210000000037
 20
-99.9277779999999893
 30
0
 11
135.7420919999999853
 21
-99.9468079999999901
 31
0
  0
LINE
  5
E4
330
22
100
AcDbEntity
  8
F.Paste
  6
CONTINUOUS
100
AcDbLine
 10
152.1318819999999903
 20
-99.9440299999999979
 30
0
 11
152.2129879999999957
 21
-99.9982229999999959
 31
0
  0
LINE
  5
E5
330
22
100
AcDbEntity
  8
F.Paste
  6
CONTINUOUS
100
AcDbLine
 10
152.2129879999999957
 20
-99.9982229999999959
 30
0
 11
152.2671809999999937
 21
-100.0793290000000013
 31
0
  0
LINE
  5
E6
330
22
100
AcDbEntity
  8
F.Paste
  6
CONTINUOUS
100
AcDbLine
 10
152.2671809999999937
 20
-100.0793290000000013
 30
0
 11
152.2862109999999802
 21
-100.1749999999999972
 31
0
  0
LINE
  5
E7
330
22
100
AcDbEntity
  8
F.Paste
  6
CONTINUOUS
100
AcDbLine
 10
152.2862109999999802
 20
-100.1749999999999972
 30
0
 11
152.2862109999999802
 21
-100.9749999999999943
 31
0
  0
LINE
  5
E8
330
22
100
AcDbEntity
  8
F.Paste
  6
CONTINUOUS
100
AcDbLine
 10
152.2862109999999802
 20
-100.9749999999999943
 30
0
 11
152.2671809999999937
 21
-101.0706709999999902
 31
0
  0
LINE
  5
E9
330
22
100
AcDbEntity
  8
F.Paste
  6
CONTINUOUS
100
AcDbLine
 10
152.2671809999999937
 20
-101.0706709999999902
 30
0
 11
152.2129879999999957
 21
-101.1517769999999956
 31
0
  0
LINE
  5
EA
330
22
100
AcDbEntity
  8
F.Paste
  6
CONTINUOUS
100
AcDbLine
 10
152.2129879999999957
 20
-101.1517769999999956
 30
0
 11
152.1318819999999903
 21
-101.2059699999999935
 31
0
  0
LINE
  5
EB
330
22
100
AcDbEntity
  8
F.Paste
  6
CONTINUOUS
100
AcDbLine
 10
152.1318819999999903
 20
-101.2059699999999935
 30
0
 11
152.0362109999999802
 21
-101.2249999999999943
 31
0
  0
LINE
  5
EC
330
22
100
AcDbEntity
  8
F.Paste
  6
CONTINUOUS
100
AcDbLine
 10
152.0362109999999802
 20
-101.2249999999999943
 30
0
 11
150.7862109999999802
 21
-101.2249999999999943
 31
0
  0
LINE
  5
ED
330
22
100
AcDbEntity
  8
F.Paste
  6
CONTINUOUS
100
AcDbLine
 10
150.7862109999999802
 20
-101.2249999999999943
 30
0
 11
150.6905399999999986
 21
-101.2059699999999935
 31
0
  0
LINE
  5
EE
330
22
100
AcDbEntity
  8
F.Paste
  6
CONTINUOUS
100
AcDbLine
 10
150.6905399999999986
 20
-101.2059699999999935
 30
0
 11
150.6094339999999931
 21
-101.1517769999999956
 31
0
  0
LINE
  5
EF
330
22
100
AcDbEntity
  8
F.Paste
  6
CONTINUOUS
100
AcDbLine
 10
150.6094339999999931
 20
-101.1517769999999956
 30
0
 11
150.5552409999999952
 21
-101.0706709999999902
 31
0
  0
LINE
  5
F0
330
22
100
AcDbEntity
  8
F.Paste
  6
CONTINUOUS
100
AcDbLine
 10
150.5552409999999952
 20
-101.0706709999999902
 30
0
 11
150.5362109999999802
 21
-100.9749999999999943
 31
0
  0
LINE
  5
F1
330
22
100
AcDbEntity
  8
F.Paste
  6
CONTINUOUS
100
AcDbLine
 10
150.5362109999999802
 20
-100.9749999999999943
 30
0
 11
150.5362109999999802
 21
-100.1749999999999972
 31
0
  0
LINE
  5
F2
330
22
100
AcDbEntity
  8
F.Paste
  6
CONTINUOUS
100
AcDbLine
 10
150.5362109999999802
 20
-100.1749999999999972
 30
0
 11
150.5552409999999952
 21
-100.0793290000000013
 31
0
  0
LINE
  5
F3
330
22
100
AcDbEntity
  8
F.Paste
  6
CONTINUOUS
100
AcDbLine
 10
150.5552409999999952
 20
-100.0793290000000013
 30
0
 11
150.6094339999999931
 21
-99.9982229999999959
 31
0
  0
LINE
  5
F4
330
22
100
AcDbEntity
  8
F.Paste
  6
CONTINUOUS
100
AcDbLine
 10
150.6094339999999931
 20
-99.9982229999999959
 30
0
 11
150.6905399999999986
 21
-99.9440299999999979
 31
0
  0
LINE
  5
F5
330
22
100
AcDbEntity
  8
F.Paste
  6
CONTINUOUS
100
AcDbLine
 10
150.6905399999999986
 20
-99.9440299999999979
 30
0
 11
150.7862109999999802
 21
-99.9249999999999972
 31
0
  0
LINE
  5
F6
330
22
100
AcDbEntity
  8
F.Paste
  6
CONTINUOUS
100
AcDbLine
 10
150.7862109999999802
 20
-99.9249999999999972
 30
0
 11
152.0362109999999802
 21
-99.9249999999999972
 31
0
  0
LINE
  5
F7
330
22
100
AcDbEntity
  8
F.Paste
  6
CONTINUOUS
100
AcDbLine
 10
152.0362109999999802
 20
-99.9249999999999972
 30
0
 11
152.1318819999999903
 21
-99.9440299999999979
 31
0
  0
LINE
  5
F8
330
22
100
AcDbEntity
  8
F.Paste
  6
CONTINUOUS
100
AcDbLine
 10
157.5951450000000023
 20
-99.9412519999999915
 30
0
 11
157.6762509999999793
 21
-99.9954449999999895
 31
0
  0
LINE
  5
F9
330
22
100
AcDbEntity
  8
F.Paste
  6
CONTINUOUS
100
AcDbLine
 10
157.6762509999999793
 20
-99.9954449999999895
 30
0
 11
157.7304440000000056
 21
-100.0765509999999949
 31
0
  0
LINE
  5
FA
330
22
100
AcDbEntity
  8
F.Paste
  6
CONTINUOUS
100
AcDbLine
 10
157.7304440000000056
 20
-100.0765509999999949
 30
0
 11
157.7494739999999922
 21
-100.1722219999999908
 31
0
  0
LINE
  5
FB
330
22
100
AcDbEntity
  8
F.Paste
  6
CONTINUOUS
100
AcDbLine
 10
157.7494739999999922
 20
-100.1722219999999908
 30
0
 11
157.7494739999999922
 21
-100.9722220000000021
 31
0
  0
LINE
  5
FC
330
22
100
AcDbEntity
  8
F.Paste
  6
CONTINUOUS
100
AcDbLine
 10
157.7494739999999922
 20
-100.9722220000000021
 30
0
 11
157.7304440000000056
 21
-101.067892999999998
 31
0
  0
LINE
  5
FD
330
22
100
AcDbEntity
  8
F.Paste
  6
CONTINUOUS
100
AcDbLine
 10
157.7304440000000056
 20
-101.067892999999998
 30
0
 11
157.6762509999999793
 21
-101.1489989999999892
 31
0
  0
LINE
  5
FE
330
22
100
AcDbEntity
  8
F.Paste
  6
CONTINUOUS
100
AcDbLine
 10
157.6762509999999793
 20
-101.1489989999999892
 30
0
 11
157.5951450000000023
 21
-101.2031920000000014
 31
0
  0
LINE
  5
FF
330
22
100
AcDbEntity
  8
F.Paste
  6
CONTINUOUS
100
AcDbLine
 10
157.5951450000000023
 20
-101.2031920000000014
 30
0
 11
157.4994739999999922
 21
-101.2222220000000021
 31
0
  0
LINE
  5
100
330
22
100
AcDbEntity
  8
F.Paste
  6
CONTINUOUS
100
AcDbLine
 10
157.4994739999999922
 20
-101.2222220000000021
 30
0
 11
156.2494739999999922
 21
-101.2222220000000021
 31
0
  0
LINE
  5
101
330
22
100
AcDbEntity
  8
F.Paste
  6
CONTINUOUS
100
AcDbLine
 10
156.2494739999999922
 20
-101.2222220000000021
 30
0
 11
156.1538029999999821
 21
-101.2031920000000014
 31
0
  0
LINE
  5
102
330
22
100
AcDbEntity
  8
F.Paste
  6
CONTINUOUS
100
AcDbLine
 10
156.1538029999999821
 20
-101.2031920000000014
 30
0
 11
156.0726970000000051
 21
-101.1489989999999892
 31
0
  0
LINE
  5
103
330
22
100
AcDbEntity
  8
F.Paste
  6
CONTINUOUS
100
AcDbLine
 10
156.0726970000000051
 20
-101.1489989999999892
 30
0
 11
156.0185039999999788
 21
-101.067892999999998
 31
0
  0
LINE
  5
104
330
22
100
AcDbEntity
  8
F.Paste
  6
CONTINUOUS
100
AcDbLine
 10
156.0185039999999788
 20
-101.067892999999998
 30
0
 11
155.9994739999999922
 21
-100.9722220000000021
 31
0
  0
LINE
  5
105
330
22
100
AcDbEntity
  8
F.Paste
  6
CONTINUOUS
100
AcDbLine
 10
155.9994739999999922
 20
-100.9722220000000021
 30
0
 11
155.9994739999999922
 21
-100.1722219999999908
 31
0
  0
LINE
  5
106
330
22
100
AcDbEntity
  8
F.Paste
  6
CONTINUOUS
100
AcDbLine
 10
155.9994739999999922
 20
-100.1722219999999908
 30
0
 11
156.0185039999999788
 21
-100.0765509999999949
 31
0
  0
LINE
  5
107
330
22
100
AcDbEntity
  8
F.Paste
  6
CONTINUOUS
100
AcDbLine
 10
156.0185039999999788
 20
-100.0765509999999949
 30
0
 11
156.0726970000000051
 21
-99.9954449999999895
 31
0
  0
LINE
  5
108
330
22
100
AcDbEntity
  8
F.Paste
  6
CONTINUOUS
100
AcDbLine
 10
156.0726970000000051
 20
-99.9954449999999895
 30
0
 11
156.1538029999999821
 21
-99.9412519999999915
 31
0
  0
LINE
  5
109
330
22
100
AcDbEntity
  8
F.Paste
  6
CONTINUOUS
100
AcDbLine
 10
156.1538029999999821
 20
-99.9412519999999915
 30
0
 11
156.2494739999999922
 21
-99.9222219999999908
 31
0
  0
LINE
  5
10A
330
22
100
AcDbEntity
  8
F.Paste
  6
CONTINUOUS
100
AcDbLine
 10
156.2494739999999922
 20
-99.9222219999999908
 30
0
 11
157.4994739999999922
 21
-99.9222219999999908
 31
0
  0
LINE
  5
10B
330
22
100
AcDbEntity
  8
F.Paste
  6
CONTINUOUS
100
AcDbLine
 10
157.4994739999999922
 20
-99.9222219999999908
 30
0
 11
157.5951450000000023
 21
-99.9412519999999915
 31
0
  0
LINE
  5
10C
330
22
100
AcDbEntity
  8
F.Paste
  6
CONTINUOUS
100
AcDbLine
 10
168.5216709999999978
 20
-99.9384739999999994
 30
0
 11
168.6027770000000032
 21
-99.9926669999999973
 31
0
  0
LINE
  5
10D
330
22
100
AcDbEntity
  8
F.Paste
  6
CONTINUOUS
100
AcDbLine
 10
168.6027770000000032
 20
-99.9926669999999973
 30
0
 11
168.6569700000000012
 21
-100.0737729999999885
 31
0
  0
LINE
  5
10E
330
22
100
AcDbEntity
  8
F.Paste
  6
CONTINUOUS
100
AcDbLine
 10
168.6569700000000012
 20
-100.0737729999999885
 30
0
 11
168.6759999999999877
 21
-100.1694439999999986
 31
0
  0
LINE
  5
10F
330
22
100
AcDbEntity
  8
F.Paste
  6
CONTINUOUS
100
AcDbLine
 10
168.6759999999999877
 20
-100.1694439999999986
 30
0
 11
168.6759999999999877
 21
-100.9694439999999958
 31
0
  0
LINE
  5
110
330
22
100
AcDbEntity
  8
F.Paste
  6
CONTINUOUS
100
AcDbLine
 10
168.6759999999999877
 20
-100.9694439999999958
 30
0
 11
168.6569700000000012
 21
-101.0651149999999916
 31
0
  0
LINE
  5
111
330
22
100
AcDbEntity
  8
F.Paste
  6
CONTINUOUS
100
AcDbLine
 10
168.6569700000000012
 20
-101.0651149999999916
 30
0
 11
168.6027770000000032
 21
-101.146220999999997
 31
0
  0
LINE
  5
112
330
22
100
AcDbEntity
  8
F.Paste
  6
CONTINUOUS
100
AcDbLine
 10
168.6027770000000032
 20
-101.146220999999997
 30
0
 11
168.5216709999999978
 21
-101.200413999999995
 31
0
  0
LINE
  5
113
330
22
100
AcDbEntity
  8
F.Paste
  6
CONTINUOUS
100
AcDbLine
 10
168.5216709999999978
 20
-101.200413999999995
 30
0
 11
168.4259999999999877
 21
-101.2194439999999958
 31
0
  0
LINE
  5
114
330
22
100
AcDbEntity
  8
F.Paste
  6
CONTINUOUS
100
AcDbLine
 10
168.4259999999999877
 20
-101.2194439999999958
 30
0
 11
167.1759999999999877
 21
-101.2194439999999958
 31
0
  0
LINE
  5
115
330
22
100
AcDbEntity
  8
F.Paste
  6
CONTINUOUS
100
AcDbLine
 10
167.1759999999999877
 20
-101.2194439999999958
 30
0
 11
167.0803290000000061
 21
-101.200413999999995
 31
0
  0
LINE
  5
116
330
22
100
AcDbEntity
  8
F.Paste
  6
CONTINUOUS
100
AcDbLine
 10
167.0803290000000061
 20
-101.200413999999995
 30
0
 11
166.9992230000000006
 21
-101.146220999999997
 31
0
  0
LINE
  5
117
330
22
100
AcDbEntity
  8
F.Paste
  6
CONTINUOUS
100
AcDbLine
 10
166.9992230000000006
 20
-101.146220999999997
 30
0
 11
166.9450300000000027
 21
-101.0651149999999916
 31
0
  0
LINE
  5
118
330
22
100
AcDbEntity
  8
F.Paste
  6
CONTINUOUS
100
AcDbLine
 10
166.9450300000000027
 20
-101.0651149999999916
 30
0
 11
166.9259999999999877
 21
-100.9694439999999958
 31
0
  0
LINE
  5
119
330
22
100
AcDbEntity
  8
F.Paste
  6
CONTINUOUS
100
AcDbLine
 10
166.9259999999999877
 20
-100.9694439999999958
 30
0
 11
166.9259999999999877
 21
-100.1694439999999986
 31
0
  0
LINE
  5
11A
330
22
100
AcDbEntity
  8
F.Paste
  6
CONTINUOUS
100
AcDbLine
 10
166.9259999999999877
 20
-100.1694439999999986
 30
0
 11
166.9450300000000027
 21
-100.0737729999999885
 31
0
  0
LINE
  5
11B
330
22
100
AcDbEntity
  8
F.Paste
  6
CONTINUOUS
100
AcDbLine
 10
166.9450300000000027
 20
-100.0737729999999885
 30
0
 11
166.9992230000000006
 21
-99.9926669999999973
 31
0
  0
LINE
  5
11C
330
22
100
AcDbEntity
  8
F.Paste
  6
CONTINUOUS
100
AcDbLine
 10
166.9992230000000006
 20
-99.9926669999999973
 30
0
 11
167.0803290000000061
 21
-99.9384739999999994
 31
0
  0
LINE
  5
11D
330
22
100
AcDbEntity
  8
F.Paste
  6
CONTINUOUS
100
AcDbLine
 10
167.0803290000000061
 20
-99.9384739999999994
 30
0
 11
167.1759999999999877
 21
-99.9194439999999986
 31
0
  0
LINE
  5
11E
330
22
100
AcDbEntity
  8
F.Paste
  6
CONTINUOUS
100
AcDbLine
 10
167.1759999999999877
 20
-99.9194439999999986
 30
0
 11
168.4259999999999877
 21
-99.9194439999999986
 31
0
  0
LINE
  5
11F
330
22
100
AcDbEntity
  8
F.Paste
  6
CONTINUOUS
100
AcDbLine
 10
168.4259999999999877
 20
-99.9194439999999986
 30
0
 11
168.5216709999999978
 21
-99.9384739999999994
 31
0
  0
LINE
  5
120
330
22
100
AcDbEntity
  8
F.Paste
  6
CONTINUOUS
100
AcDbLine
 10
127.547196999999997
 20
-99.9356969999999905
 30
0
 11
127.6283029999999883
 21
-99.9898899999999884
 31
0
  0
LINE
  5
121
330
22
100
AcDbEntity
  8
F.Paste
  6
CONTINUOUS
100
AcDbLine
 10
127.6283029999999883
 20
-99.9898899999999884
 30
0
 11
127.6824960000000004
 21
-100.0709959999999938
 31
0
  0
LINE
  5
122
330
22
100
AcDbEntity
  8
F.Paste
  6
CONTINUOUS
100
AcDbLine
 10
127.6824960000000004
 20
-100.0709959999999938
 30
0
 11
127.7015260000000012
 21
-100.1666669999999897
 31
0
  0
LINE
  5
123
330
22
100
AcDbEntity
  8
F.Paste
  6
CONTINUOUS
100
AcDbLine
 10
127.7015260000000012
 20
-100.1666669999999897
 30
0
 11
127.7015260000000012
 21
-100.9666670000000011
 31
0
  0
LINE
  5
124
330
22
100
AcDbEntity
  8
F.Paste
  6
CONTINUOUS
100
AcDbLine
 10
127.7015260000000012
 20
-100.9666670000000011
 30
0
 11
127.6824960000000004
 21
-101.0623379999999969
 31
0
  0
LINE
  5
125
330
22
100
AcDbEntity
  8
F.Paste
  6
CONTINUOUS
100
AcDbLine
 10
127.6824960000000004
 20
-101.0623379999999969
 30
0
 11
127.6283029999999883
 21
-101.1434440000000023
 31
0
  0
LINE
  5
126
330
22
100
AcDbEntity
  8
F.Paste
  6
CONTINUOUS
100
AcDbLine
 10
127.6283029999999883
 20
-101.1434440000000023
 30
0
 11
127.547196999999997
 21
-101.1976370000000003
 31
0
  0
LINE
  5
127
330
22
100
AcDbEntity
  8
F.Paste
  6
CONTINUOUS
100
AcDbLine
 10
127.547196999999997
 20
-101.1976370000000003
 30
0
 11
127.4515260000000012
 21
-101.2166670000000011
 31
0
  0
LINE
  5
128
330
22
100
AcDbEntity
  8
F.Paste
  6
CONTINUOUS
100
AcDbLine
 10
127.4515260000000012
 20
-101.2166670000000011
 30
0
 11
126.2015260000000012
 21
-101.2166670000000011
 31
0
  0
LINE
  5
129
330
22
100
AcDbEntity
  8
F.Paste
  6
CONTINUOUS
100
AcDbLine
 10
126.2015260000000012
 20
-101.2166670000000011
 30
0
 11
126.1058549999999912
 21
-101.1976370000000003
 31
0
  0
LINE
  5
12A
330
22
100
AcDbEntity
  8
F.Paste
  6
CONTINUOUS
100
AcDbLine
 10
126.1058549999999912
 20
-101.1976370000000003
 30
0
 11
126.0247489999999999
 21
-101.1434440000000023
 31
0
  0
LINE
  5
12B
330
22
100
AcDbEntity
  8
F.Paste
  6
CONTINUOUS
100
AcDbLine
 10
126.0247489999999999
 20
-101.1434440000000023
 30
0
 11
125.9705559999999878
 21
-101.0623379999999969
 31
0
  0
LINE
  5
12C
330
22
100
AcDbEntity
  8
F.Paste
  6
CONTINUOUS
100
AcDbLine
 10
125.9705559999999878
 20
-101.0623379999999969
 30
0
 11
125.9515260000000012
 21
-100.9666670000000011
 31
0
  0
LINE
  5
12D
330
22
100
AcDbEntity
  8
F.Paste
  6
CONTINUOUS
100
AcDbLine
 10
125.9515260000000012
 20
-100.9666670000000011
 30
0
 11
125.9515260000000012
 21
-100.1666669999999897
 31
0
  0
LINE
  5
12E
330
22
100
AcDbEntity
  8
F.Paste
  6
CONTINUOUS
100
AcDbLine
 10
125.9515260000000012
 20
-100.1666669999999897
 30
0
 11
125.9705559999999878
 21
-100.0709959999999938
 31
0
  0
LINE
  5
12F
330
22
100
AcDbEntity
  8
F.Paste
  6
CONTINUOUS
100
AcDbLine
 10
125.9705559999999878
 20
-100.0709959999999938
 30
0
 11
126.0247489999999999
 21
-99.9898899999999884
 31
0
  0
LINE
  5
130
330
22
100
AcDbEntity
  8
F.Paste
  6
CONTINUOUS
100
AcDbLine
 10
126.0247489999999999
 20
-99.9898899999999884
 30
0
 11
126.1058549999999912
 21
-99.9356969999999905
 31
0
  0
LINE
  5
131
330
22
100
AcDbEntity
  8
F.Paste
  6
CONTINUOUS
100
AcDbLine
 10
126.1058549999999912
 20
-99.9356969999999905
 30
0
 11
126.2015260000000012
 21
-99.9166669999999897
 31
0
  0
LINE
  5
132
330
22
100
AcDbEntity
  8
F.Paste
  6
CONTINUOUS
100
AcDbLine
 10
126.2015260000000012
 20
-99.9166669999999897
 30
0
 11
127.4515260000000012
 21
-99.9166669999999897
 31
0
  0
LINE
  5
133
330
22
100
AcDbEntity
  8
F.Paste
  6
CONTINUOUS
100
AcDbLine
 10
127.4515260000000012
 20
-99.9166669999999897
 30
0
 11
127.547196999999997
 21
-99.9356969999999905
 31
0
  0
LINE
  5
134
330
22
100
AcDbEntity
  8
F.Paste
  6
CONTINUOUS
100
AcDbLine
 10
165.7900389999999788
 20
-99.9329189999999983
 30
0
 11
165.8711449999999843
 21
-99.9871119999999962
 31
0
  0
LINE
  5
135
330
22
100
AcDbEntity
  8
F.Paste
  6
CONTINUOUS
100
AcDbLine
 10
165.8711449999999843
 20
-99.9871119999999962
 30
0
 11
165.9253379999999822
 21
-100.0682180000000017
 31
0
  0
LINE
  5
136
330
22
100
AcDbEntity
  8
F.Paste
  6
CONTINUOUS
100
AcDbLine
 10
165.9253379999999822
 20
-100.0682180000000017
 30
0
 11
165.9443679999999972
 21
-100.1638889999999975
 31
0
  0
LINE
  5
137
330
22
100
AcDbEntity
  8
F.Paste
  6
CONTINUOUS
100
AcDbLine
 10
165.9443679999999972
 20
-100.1638889999999975
 30
0
 11
165.9443679999999972
 21
-100.9638889999999947
 31
0
  0
LINE
  5
138
330
22
100
AcDbEntity
  8
F.Paste
  6
CONTINUOUS
100
AcDbLine
 10
165.9443679999999972
 20
-100.9638889999999947
 30
0
 11
165.9253379999999822
 21
-101.0595599999999905
 31
0
  0
LINE
  5
139
330
22
100
AcDbEntity
  8
F.Paste
  6
CONTINUOUS
100
AcDbLine
 10
165.9253379999999822
 20
-101.0595599999999905
 30
0
 11
165.8711449999999843
 21
-101.140665999999996
 31
0
  0
LINE
  5
13A
330
22
100
AcDbEntity
  8
F.Paste
  6
CONTINUOUS
100
AcDbLine
 10
165.8711449999999843
 20
-101.140665999999996
 30
0
 11
165.7900389999999788
 21
-101.1948589999999939
 31
0
  0
LINE
  5
13B
330
22
100
AcDbEntity
  8
F.Paste
  6
CONTINUOUS
100
AcDbLine
 10
165.7900389999999788
 20
-101.1948589999999939
 30
0
 11
165.6943679999999972
 21
-101.2138889999999947
 31
0
  0
LINE
  5
13C
330
22
100
AcDbEntity
  8
F.Paste
  6
CONTINUOUS
100
AcDbLine
 10
165.6943679999999972
 20
-101.2138889999999947
 30
0
 11
164.4443679999999972
 21
-101.2138889999999947
 31
0
  0
LINE
  5
13D
330
22
100
AcDbEntity
  8
F.Paste
  6
CONTINUOUS
100
AcDbLine
 10
164.4443679999999972
 20
-101.2138889999999947
 30
0
 11
164.3486969999999872
 21
-101.1948589999999939
 31
0
  0
LINE
  5
13E
330
22
100
AcDbEntity
  8
F.Paste
  6
CONTINUOUS
100
AcDbLine
 10
164.3486969999999872
 20
-101.1948589999999939
 30
0
 11
164.2675909999999817
 21
-101.140665999999996
 31
0
  0
LINE
  5
13F
330
22
100
AcDbEntity
  8
F.Paste
  6
CONTINUOUS
100
AcDbLine
 10
164.2675909999999817
 20
-101.140665999999996
 30
0
 11
164.2133979999999838
 21
-101.0595599999999905
 31
0
  0
LINE
  5
140
330
22
100
AcDbEntity
  8
F.Paste
  6
CONTINUOUS
100
AcDbLine
 10
164.2133979999999838
 20
-101.0595599999999905
 30
0
 11
164.1943679999999972
 21
-100.9638889999999947
 31
0
  0
LINE
  5
141
330
22
100
AcDbEntity
  8
F.Paste
  6
CONTINUOUS
100
AcDbLine
 10
164.1943679999999972
 20
-100.9638889999999947
 30
0
 11
164.1943679999999972
 21
-100.1638889999999975
 31
0
  0
LINE
  5
142
330
22
100
AcDbEntity
  8
F.Paste
  6
CONTINUOUS
100
AcDbLine
 10
164.1943679999999972
 20
-100.1638889999999975
 30
0
 11
164.2133979999999838
 21
-100.0682180000000017
 31
0
  0
LINE
  5
143
330
22
100
AcDbEntity
  8
F.Paste
  6
CONTINUOUS
100
AcDbLine
 10
164.2133979999999838
 20
-100.0682180000000017
 30
0
 11
164.2675909999999817
 21
-99.9871119999999962
 31
0
  0
LINE
  5
144
330
22
100
AcDbEntity
  8
F.Paste
  6
CONTINUOUS
100
AcDbLine
 10
164.2675909999999817
 20
-99.9871119999999962
 30
0
 11
164.3486969999999872
 21
-99.9329189999999983
 31
0
  0
LINE
  5
145
330
22
100
AcDbEntity
  8
F.Paste
  6
CONTINUOUS
100
AcDbLine
 10
164.3486969999999872
 20
-99.9329189999999983
 30
0
 11
164.4443679999999972
 21
-99.9138889999999975
 31
0
  0
LINE
  5
146
330
22
100
AcDbEntity
  8
F.Paste
  6
CONTINUOUS
100
AcDbLine
 10
164.4443679999999972
 20
-99.9138889999999975
 30
0
 11
165.6943679999999972
 21
-99.9138889999999975
 31
0
  0
LINE
  5
147
330
22
100
AcDbEntity
  8
F.Paste
  6
CONTINUOUS
100
AcDbLine
 10
165.6943679999999972
 20
-99.9138889999999975
 30
0
 11
165.7900389999999788
 21
-99.9329189999999983
 31
0
  0
LINE
  5
148
330
22
100
AcDbEntity
  8
F.Paste
  6
CONTINUOUS
100
AcDbLine
 10
130.2788290000000018
 20
-99.9301409999999919
 30
0
 11
130.3599350000000072
 21
-99.9843339999999898
 31
0
  0
LINE
  5
149
330
22
100
AcDbEntity
  8
F.Paste
  6
CONTINUOUS
100
AcDbLine
 10
130.3599350000000072
 20
-99.9843339999999898
 30
0
 11
130.4141280000000052
 21
-100.0654399999999953
 31
0
  0
LINE
  5
14A
330
22
100
AcDbEntity
  8
F.Paste
  6
CONTINUOUS
100
AcDbLine
 10
130.4141280000000052
 20
-100.0654399999999953
 30
0
 11
130.4331579999999917
 21
-100.1611109999999911
 31
0
  0
LINE
  5
14B
330
22
100
AcDbEntity
  8
F.Paste
  6
CONTINUOUS
100
AcDbLine
 10
130.4331579999999917
 20
-100.1611109999999911
 30
0
 11
130.4331579999999917
 21
-100.9611110000000025
 31
0
  0
LINE
  5
14C
330
22
100
AcDbEntity
  8
F.Paste
  6
CONTINUOUS
100
AcDbLine
 10
130.4331579999999917
 20
-100.9611110000000025
 30
0
 11
130.4141280000000052
 21
-101.0567819999999983
 31
0
  0
LINE
  5
14D
330
22
100
AcDbEntity
  8
F.Paste
  6
CONTINUOUS
100
AcDbLine
 10
130.4141280000000052
 20
-101.0567819999999983
 30
0
 11
130.3599350000000072
 21
-101.1378879999999896
 31
0
  0
LINE
  5
14E
330
22
100
AcDbEntity
  8
F.Paste
  6
CONTINUOUS
100
AcDbLine
 10
130.3599350000000072
 20
-101.1378879999999896
 30
0
 11
130.2788290000000018
 21
-101.1920810000000017
 31
0
  0
LINE
  5
14F
330
22
100
AcDbEntity
  8
F.Paste
  6
CONTINUOUS
100
AcDbLine
 10
130.2788290000000018
 20
-101.1920810000000017
 30
0
 11
130.1831579999999917
 21
-101.2111110000000025
 31
0
  0
LINE
  5
150
330
22
100
AcDbEntity
  8
F.Paste
  6
CONTINUOUS
100
AcDbLine
 10
130.1831579999999917
 20
-101.2111110000000025
 30
0
 11
128.9331579999999917
 21
-101.2111110000000025
 31
0
  0
LINE
  5
151
330
22
100
AcDbEntity
  8
F.Paste
  6
CONTINUOUS
100
AcDbLine
 10
128.9331579999999917
 20
-101.2111110000000025
 30
0
 11
128.8374869999999817
 21
-101.1920810000000017
 31
0
  0
LINE
  5
152
330
22
100
AcDbEntity
  8
F.Paste
  6
CONTINUOUS
100
AcDbLine
 10
128.8374869999999817
 20
-101.1920810000000017
 30
0
 11
128.7563810000000046
 21
-101.1378879999999896
 31
0
  0
LINE
  5
153
330
22
100
AcDbEntity
  8
F.Paste
  6
CONTINUOUS
100
AcDbLine
 10
128.7563810000000046
 20
-101.1378879999999896
 30
0
 11
128.7021880000000067
 21
-101.0567819999999983
 31
0
  0
LINE
  5
154
330
22
100
AcDbEntity
  8
F.Paste
  6
CONTINUOUS
100
AcDbLine
 10
128.7021880000000067
 20
-101.0567819999999983
 30
0
 11
128.6831579999999917
 21
-100.9611110000000025
 31
0
  0
LINE
  5
155
330
22
100
AcDbEntity
  8
F.Paste
  6
CONTINUOUS
100
AcDbLine
 10
128.6831579999999917
 20
-100.9611110000000025
 30
0
 11
128.6831579999999917
 21
-100.1611109999999911
 31
0
  0
LINE
  5
156
330
22
100
AcDbEntity
  8
F.Paste
  6
CONTINUOUS
100
AcDbLine
 10
128.6831579999999917
 20
-100.1611109999999911
 30
0
 11
128.7021880000000067
 21
-100.0654399999999953
 31
0
  0
LINE
  5
157
330
22
100
AcDbEntity
  8
F.Paste
  6
CONTINUOUS
100
AcDbLine
 10
128.7021880000000067
 20
-100.0654399999999953
 30
0
 11
128.7563810000000046
 21
-99.9843339999999898
 31
0
  0
LINE
  5
158
330
22
100
AcDbEntity
  8
F.Paste
  6
CONTINUOUS
100
AcDbLine
 10
128.7563810000000046
 20
-99.9843339999999898
 30
0
 11
128.8374869999999817
 21
-99.9301409999999919
 31
0
  0
LINE
  5
159
330
22
100
AcDbEntity
  8
F.Paste
  6
CONTINUOUS
100
AcDbLine
 10
128.8374869999999817
 20
-99.9301409999999919
 30
0
 11
128.9331579999999917
 21
-99.9111109999999911
 31
0
  0
LINE
  5
15A
330
22
100
AcDbEntity
  8
F.Paste
  6
CONTINUOUS
100
AcDbLine
 10
128.9331579999999917
 20
-99.9111109999999911
 30
0
 11
130.1831579999999917
 21
-99.9111109999999911
 31
0
  0
LINE
  5
15B
330
22
100
AcDbEntity
  8
F.Paste
  6
CONTINUOUS
100
AcDbLine
 10
130.1831579999999917
 20
-99.9111109999999911
 30
0
 11
130.2788290000000018
 21
-99.9301409999999919
 31
0
  0
LINE
  5
15C
330
22
100
AcDbEntity
  8
F.Paste
  6
CONTINUOUS
100
AcDbLine
 10
138.4737240000000043
 20
-99.9273629999999997
 30
0
 11
138.5548299999999813
 21
-99.9815559999999977
 31
0
  0
LINE
  5
15D
330
22
100
AcDbEntity
  8
F.Paste
  6
CONTINUOUS
100
AcDbLine
 10
138.5548299999999813
 20
-99.9815559999999977
 30
0
 11
138.6090230000000076
 21
-100.0626619999999889
 31
0
  0
LINE
  5
15E
330
22
100
AcDbEntity
  8
F.Paste
  6
CONTINUOUS
100
AcDbLine
 10
138.6090230000000076
 20
-100.0626619999999889
 30
0
 11
138.6280529999999942
 21
-100.1583329999999989
 31
0
  0
LINE
  5
15F
330
22
100
AcDbEntity
  8
F.Paste
  6
CONTINUOUS
100
AcDbLine
 10
138.6280529999999942
 20
-100.1583329999999989
 30
0
 11
138.6280529999999942
 21
-100.9583329999999961
 31
0
  0
LINE
  5
160
330
22
100
AcDbEntity
  8
F.Paste
  6
CONTINUOUS
100
AcDbLine
 10
138.6280529999999942
 20
-100.9583329999999961
 30
0
 11
138.6090230000000076
 21
-101.0540039999999919
 31
0
  0
LINE
  5
161
330
22
100
AcDbEntity
  8
F.Paste
  6
CONTINUOUS
100
AcDbLine
 10
138.6090230000000076
 20
-101.0540039999999919
 30
0
 11
138.5548299999999813
 21
-101.1351099999999974
 31
0
  0
LINE
  5
162
330
22
100
AcDbEntity
  8
F.Paste
  6
CONTINUOUS
100
AcDbLine
 10
138.5548299999999813
 20
-101.1351099999999974
 30
0
 11
138.4737240000000043
 21
-101.1893029999999953
 31
0
  0
LINE
  5
163
330
22
100
AcDbEntity
  8
F.Paste
  6
CONTINUOUS
100
AcDbLine
 10
138.4737240000000043
 20
-101.1893029999999953
 30
0
 11
138.3780529999999942
 21
-101.2083329999999961
 31
0
  0
LINE
  5
164
330
22
100
AcDbEntity
  8
F.Paste
  6
CONTINUOUS
100
AcDbLine
 10
138.3780529999999942
 20
-101.2083329999999961
 30
0
 11
137.1280529999999942
 21
-101.2083329999999961
 31
0
  0
LINE
  5
165
330
22
100
AcDbEntity
  8
F.Paste
  6
CONTINUOUS
100
AcDbLine
 10
137.1280529999999942
 20
-101.2083329999999961
 30
0
 11
137.0323819999999841
 21
-101.1893029999999953
 31
0
  0
LINE
  5
166
330
22
100
AcDbEntity
  8
F.Paste
  6
CONTINUOUS
100
AcDbLine
 10
137.0323819999999841
 20
-101.1893029999999953
 30
0
 11
136.9512760000000071
 21
-101.1351099999999974
 31
0
  0
LINE
  5
167
330
22
100
AcDbEntity
  8
F.Paste
  6
CONTINUOUS
100
AcDbLine
 10
136.9512760000000071
 20
-101.1351099999999974
 30
0
 11
136.8970829999999808
 21
-101.0540039999999919
 31
0
  0
LINE
  5
168
330
22
100
AcDbEntity
  8
F.Paste
  6
CONTINUOUS
100
AcDbLine
 10
136.8970829999999808
 20
-101.0540039999999919
 30
0
 11
136.8780529999999942
 21
-100.9583329999999961
 31
0
  0
LINE
  5
169
330
22
100
AcDbEntity
  8
F.Paste
  6
CONTINUOUS
100
AcDbLine
 10
136.8780529999999942
 20
-100.9583329999999961
 30
0
 11
136.8780529999999942
 21
-100.1583329999999989
 31
0
  0
LINE
  5
16A
330
22
100
AcDbEntity
  8
F.Paste
  6
CONTINUOUS
100
AcDbLine
 10
136.8780529999999942
 20
-100.1583329999999989
 30
0
 11
136.8970829999999808
 21
-100.0626619999999889
 31
0
  0
LINE
  5
16B
330
22
100
AcDbEntity
  8
F.Paste
  6
CONTINUOUS
100
AcDbLine
 10
136.8970829999999808
 20
-100.0626619999999889
 30
0
 11
136.9512760000000071
 21
-99.9815559999999977
 31
0
  0
LINE
  5
16C
330
22
100
AcDbEntity
  8
F.Paste
  6
CONTINUOUS
100
AcDbLine
 10
136.9512760000000071
 20
-99.9815559999999977
 30
0
 11
137.0323819999999841
 21
-99.9273629999999997
 31
0
  0
LINE
  5
16D
330
22
100
AcDbEntity
  8
F.Paste
  6
CONTINUOUS
100
AcDbLine
 10
137.0323819999999841
 20
-99.9273629999999997
 30
0
 11
137.1280529999999942
 21
-99.9083329999999989
 31
0
  0
LINE
  5
16E
330
22
100
AcDbEntity
  8
F.Paste
  6
CONTINUOUS
100
AcDbLine
 10
137.1280529999999942
 20
-99.9083329999999989
 30
0
 11
138.3780529999999942
 21
-99.9083329999999989
 31
0
  0
LINE
  5
16F
330
22
100
AcDbEntity
  8
F.Paste
  6
CONTINUOUS
100
AcDbLine
 10
138.3780529999999942
 20
-99.9083329999999989
 30
0
 11
138.4737240000000043
 21
-99.9273629999999997
 31
0
  0
LINE
  5
170
330
22
100
AcDbEntity
  8
F.Paste
  6
CONTINUOUS
100
AcDbLine
 10
141.2053549999999973
 20
-99.9245859999999908
 30
0
 11
141.2864610000000027
 21
-99.9787789999999887
 31
0
  0
LINE
  5
171
330
22
100
AcDbEntity
  8
F.Paste
  6
CONTINUOUS
100
AcDbLine
 10
141.2864610000000027
 20
-99.9787789999999887
 30
0
 11
141.3406540000000007
 21
-100.0598849999999942
 31
0
  0
LINE
  5
172
330
22
100
AcDbEntity
  8
F.Paste
  6
CONTINUOUS
100
AcDbLine
 10
141.3406540000000007
 20
-100.0598849999999942
 30
0
 11
141.3596839999999872
 21
-100.15555599999999
 31
0
  0
LINE
  5
173
330
22
100
AcDbEntity
  8
F.Paste
  6
CONTINUOUS
100
AcDbLine
 10
141.3596839999999872
 20
-100.15555599999999
 30
0
 11
141.3596839999999872
 21
-100.9555560000000014
 31
0
  0
LINE
  5
174
330
22
100
AcDbEntity
  8
F.Paste
  6
CONTINUOUS
100
AcDbLine
 10
141.3596839999999872
 20
-100.9555560000000014
 30
0
 11
141.3406540000000007
 21
-101.0512269999999972
 31
0
  0
LINE
  5
175
330
22
100
AcDbEntity
  8
F.Paste
  6
CONTINUOUS
100
AcDbLine
 10
141.3406540000000007
 20
-101.0512269999999972
 30
0
 11
141.2864610000000027
 21
-101.1323329999999885
 31
0
  0
LINE
  5
176
330
22
100
AcDbEntity
  8
F.Paste
  6
CONTINUOUS
100
AcDbLine
 10
141.2864610000000027
 20
-101.1323329999999885
 30
0
 11
141.2053549999999973
 21
-101.1865260000000006
 31
0
  0
LINE
  5
177
330
22
100
AcDbEntity
  8
F.Paste
  6
CONTINUOUS
100
AcDbLine
 10
141.2053549999999973
 20
-101.1865260000000006
 30
0
 11
141.1096839999999872
 21
-101.2055560000000014
 31
0
  0
LINE
  5
178
330
22
100
AcDbEntity
  8
F.Paste
  6
CONTINUOUS
100
AcDbLine
 10
141.1096839999999872
 20
-101.2055560000000014
 30
0
 11
139.8596839999999872
 21
-101.2055560000000014
 31
0
  0
LINE
  5
179
330
22
100
AcDbEntity
  8
F.Paste
  6
CONTINUOUS
100
AcDbLine
 10
139.8596839999999872
 20
-101.2055560000000014
 30
0
 11
139.7640130000000056
 21
-101.1865260000000006
 31
0
  0
LINE
  5
17A
330
22
100
AcDbEntity
  8
F.Paste
  6
CONTINUOUS
100
AcDbLine
 10
139.7640130000000056
 20
-101.1865260000000006
 30
0
 11
139.6829070000000002
 21
-101.1323329999999885
 31
0
  0
LINE
  5
17B
330
22
100
AcDbEntity
  8
F.Paste
  6
CONTINUOUS
100
AcDbLine
 10
139.6829070000000002
 20
-101.1323329999999885
 30
0
 11
139.6287140000000022
 21
-101.0512269999999972
 31
0
  0
LINE
  5
17C
330
22
100
AcDbEntity
  8
F.Paste
  6
CONTINUOUS
100
AcDbLine
 10
139.6287140000000022
 20
-101.0512269999999972
 30
0
 11
139.6096839999999872
 21
-100.9555560000000014
 31
0
  0
LINE
  5
17D
330
22
100
AcDbEntity
  8
F.Paste
  6
CONTINUOUS
100
AcDbLine
 10
139.6096839999999872
 20
-100.9555560000000014
 30
0
 11
139.6096839999999872
 21
-100.15555599999999
 31
0
  0
LINE
  5
17E
330
22
100
AcDbEntity
  8
F.Paste
  6
CONTINUOUS
100
AcDbLine
 10
139.6096839999999872
 20
-100.15555599999999
 30
0
 11
139.6287140000000022
 21
-100.0598849999999942
 31
0
  0
LINE
  5
17F
330
22
100
AcDbEntity
  8
F.Paste
  6
CONTINUOUS
100
AcDbLine
 10
139.6287140000000022
 20
-100.0598849999999942
 30
0
 11
139.6829070000000002
 21
-99.9787789999999887
 31
0
  0
LINE
  5
180
330
22
100
AcDbEntity
  8
F.Paste
  6
CONTINUOUS
100
AcDbLine
 10
139.6829070000000002
 20
-99.9787789999999887
 30
0
 11
139.7640130000000056
 21
-99.9245859999999908
 31
0
  0
LINE
  5
181
330
22
100
AcDbEntity
  8
F.Paste
  6
CONTINUOUS
100
AcDbLine
 10
139.7640130000000056
 20
-99.9245859999999908
 30
0
 11
139.8596839999999872
 21
-99.90555599999999
 31
0
  0
LINE
  5
182
330
22
100
AcDbEntity
  8
F.Paste
  6
CONTINUOUS
100
AcDbLine
 10
139.8596839999999872
 20
-99.90555599999999
 30
0
 11
141.1096839999999872
 21
-99.90555599999999
 31
0
  0
LINE
  5
183
330
22
100
AcDbEntity
  8
F.Paste
  6
CONTINUOUS
100
AcDbLine
 10
141.1096839999999872
 20
-99.90555599999999
 30
0
 11
141.2053549999999973
 21
-99.9245859999999908
 31
0
  0
LINE
  5
184
330
22
100
AcDbEntity
  8
F.Paste
  6
CONTINUOUS
100
AcDbLine
 10
119.352302999999992
 20
-99.9218079999999986
 30
0
 11
119.4334089999999975
 21
-99.9760009999999966
 31
0
  0
LINE
  5
185
330
22
100
AcDbEntity
  8
F.Paste
  6
CONTINUOUS
100
AcDbLine
 10
119.4334089999999975
 20
-99.9760009999999966
 30
0
 11
119.4876019999999954
 21
-100.057107000000002
 31
0
  0
LINE
  5
186
330
22
100
AcDbEntity
  8
F.Paste
  6
CONTINUOUS
100
AcDbLine
 10
119.4876019999999954
 20
-100.057107000000002
 30
0
 11
119.5066319999999962
 21
-100.1527779999999979
 31
0
  0
LINE
  5
187
330
22
100
AcDbEntity
  8
F.Paste
  6
CONTINUOUS
100
AcDbLine
 10
119.5066319999999962
 20
-100.1527779999999979
 30
0
 11
119.5066319999999962
 21
-100.952777999999995
 31
0
  0
LINE
  5
188
330
22
100
AcDbEntity
  8
F.Paste
  6
CONTINUOUS
100
AcDbLine
 10
119.5066319999999962
 20
-100.952777999999995
 30
0
 11
119.4876019999999954
 21
-101.0484489999999909
 31
0
  0
LINE
  5
189
330
22
100
AcDbEntity
  8
F.Paste
  6
CONTINUOUS
100
AcDbLine
 10
119.4876019999999954
 20
-101.0484489999999909
 30
0
 11
119.4334089999999975
 21
-101.1295549999999963
 31
0
  0
LINE
  5
18A
330
22
100
AcDbEntity
  8
F.Paste
  6
CONTINUOUS
100
AcDbLine
 10
119.4334089999999975
 20
-101.1295549999999963
 30
0
 11
119.352302999999992
 21
-101.1837479999999942
 31
0
  0
LINE
  5
18B
330
22
100
AcDbEntity
  8
F.Paste
  6
CONTINUOUS
100
AcDbLine
 10
119.352302999999992
 20
-101.1837479999999942
 30
0
 11
119.2566319999999962
 21
-101.202777999999995
 31
0
  0
LINE
  5
18C
330
22
100
AcDbEntity
  8
F.Paste
  6
CONTINUOUS
100
AcDbLine
 10
119.2566319999999962
 20
-101.202777999999995
 30
0
 11
118.0066319999999962
 21
-101.202777999999995
 31
0
  0
LINE
  5
18D
330
22
100
AcDbEntity
  8
F.Paste
  6
CONTINUOUS
100
AcDbLine
 10
118.0066319999999962
 20
-101.202777999999995
 30
0
 11
117.9109610000000004
 21
-101.1837479999999942
 31
0
  0
LINE
  5
18E
330
22
100
AcDbEntity
  8
F.Paste
  6
CONTINUOUS
100
AcDbLine
 10
117.9109610000000004
 20
-101.1837479999999942
 30
0
 11
117.8298549999999949
 21
-101.1295549999999963
 31
0
  0
LINE
  5
18F
330
22
100
AcDbEntity
  8
F.Paste
  6
CONTINUOUS
100
AcDbLine
 10
117.8298549999999949
 20
-101.1295549999999963
 30
0
 11
117.775661999999997
 21
-101.0484489999999909
 31
0
  0
LINE
  5
190
330
22
100
AcDbEntity
  8
F.Paste
  6
CONTINUOUS
100
AcDbLine
 10
117.775661999999997
 20
-101.0484489999999909
 30
0
 11
117.7566319999999962
 21
-100.952777999999995
 31
0
  0
LINE
  5
191
330
22
100
AcDbEntity
  8
F.Paste
  6
CONTINUOUS
100
AcDbLine
 10
117.7566319999999962
 20
-100.952777999999995
 30
0
 11
117.7566319999999962
 21
-100.1527779999999979
 31
0
  0
LINE
  5
192
330
22
100
AcDbEntity
  8
F.Paste
  6
CONTINUOUS
100
AcDbLine
 10
117.7566319999999962
 20
-100.1527779999999979
 30
0
 11
117.775661999999997
 21
-100.057107000000002
 31
0
  0
LINE
  5
193
330
22
100
AcDbEntity
  8
F.Paste
  6
CONTINUOUS
100
AcDbLine
 10
117.775661999999997
 20
-100.057107000000002
 30
0
 11
117.8298549999999949
 21
-99.9760009999999966
 31
0
  0
LINE
  5
194
330
22
100
AcDbEntity
  8
F.Paste
  6
CONTINUOUS
100
AcDbLine
 10
117.8298549999999949
 20
-99.9760009999999966
 30
0
 11
117.9109610000000004
 21
-99.9218079999999986
 31
0
  0
LINE
  5
195
330
22
100
AcDbEntity
  8
F.Paste
  6
CONTINUOUS
100
AcDbLine
 10
117.9109610000000004
 20
-99.9218079999999986
 30
0
 11
118.0066319999999962
 21
-99.9027779999999979
 31
0
  0
LINE
  5
196
330
22
100
AcDbEntity
  8
F.Paste
  6
CONTINUOUS
100
AcDbLine
 10
118.0066319999999962
 20
-99.9027779999999979
 30
0
 11
119.2566319999999962
 21
-99.9027779999999979
 31
0
  0
LINE
  5
197
330
22
100
AcDbEntity
  8
F.Paste
  6
CONTINUOUS
100
AcDbLine
 10
119.2566319999999962
 20
-99.9027779999999979
 30
0
 11
119.352302999999992
 21
-99.9218079999999986
 31
0
  0
LINE
  5
198
330
22
100
AcDbEntity
  8
F.Paste
  6
CONTINUOUS
100
AcDbLine
 10
116.6206710000000015
 20
-99.9190299999999922
 30
0
 11
116.7017769999999928
 21
-99.9732229999999902
 31
0
  0
LINE
  5
199
330
22
100
AcDbEntity
  8
F.Paste
  6
CONTINUOUS
100
AcDbLine
 10
116.7017769999999928
 20
-99.9732229999999902
 30
0
 11
116.7559699999999907
 21
-100.0543289999999956
 31
0
  0
LINE
  5
19A
330
22
100
AcDbEntity
  8
F.Paste
  6
CONTINUOUS
100
AcDbLine
 10
116.7559699999999907
 20
-100.0543289999999956
 30
0
 11
116.7749999999999915
 21
-100.1499999999999915
 31
0
  0
LINE
  5
19B
330
22
100
AcDbEntity
  8
F.Paste
  6
CONTINUOUS
100
AcDbLine
 10
116.7749999999999915
 20
-100.1499999999999915
 30
0
 11
116.7749999999999915
 21
-100.9499999999999886
 31
0
  0
LINE
  5
19C
330
22
100
AcDbEntity
  8
F.Paste
  6
CONTINUOUS
100
AcDbLine
 10
116.7749999999999915
 20
-100.9499999999999886
 30
0
 11
116.7559699999999907
 21
-101.0456709999999987
 31
0
  0
LINE
  5
19D
330
22
100
AcDbEntity
  8
F.Paste
  6
CONTINUOUS
100
AcDbLine
 10
116.7559699999999907
 20
-101.0456709999999987
 30
0
 11
116.7017769999999928
 21
-101.1267769999999899
 31
0
  0
LINE
  5
19E
330
22
100
AcDbEntity
  8
F.Paste
  6
CONTINUOUS
100
AcDbLine
 10
116.7017769999999928
 20
-101.1267769999999899
 30
0
 11
116.6206710000000015
 21
-101.1809700000000021
 31
0
  0
LINE
  5
19F
330
22
100
AcDbEntity
  8
F.Paste
  6
CONTINUOUS
100
AcDbLine
 10
116.6206710000000015
 20
-101.1809700000000021
 30
0
 11
116.5249999999999915
 21
-101.1999999999999886
 31
0
  0
LINE
  5
1A0
330
22
100
AcDbEntity
  8
F.Paste
  6
CONTINUOUS
100
AcDbLine
 10
116.5249999999999915
 20
-101.1999999999999886
 30
0
 11
115.2749999999999915
 21
-101.1999999999999886
 31
0
  0
LINE
  5
1A1
330
22
100
AcDbEntity
  8
F.Paste
  6
CONTINUOUS
100
AcDbLine
 10
115.2749999999999915
 20
-101.1999999999999886
 30
0
 11
115.1793289999999956
 21
-101.1809700000000021
 31
0
  0
LINE
  5
1A2
330
22
100
AcDbEntity
  8
F.Paste
  6
CONTINUOUS
100
AcDbLine
 10
115.1793289999999956
 20
-101.1809700000000021
 30
0
 11
115.0982229999999902
 21
-101.1267769999999899
 31
0
  0
LINE
  5
1A3
330
22
100
AcDbEntity
  8
F.Paste
  6
CONTINUOUS
100
AcDbLine
 10
115.0982229999999902
 20
-101.1267769999999899
 30
0
 11
115.0440299999999922
 21
-101.0456709999999987
 31
0
  0
LINE
  5
1A4
330
22
100
AcDbEntity
  8
F.Paste
  6
CONTINUOUS
100
AcDbLine
 10
115.0440299999999922
 20
-101.0456709999999987
 30
0
 11
115.0249999999999915
 21
-100.9499999999999886
 31
0
  0
LINE
  5
1A5
330
22
100
AcDbEntity
  8
F.Paste
  6
CONTINUOUS
100
AcDbLine
 10
115.0249999999999915
 20
-100.9499999999999886
 30
0
 11
115.0249999999999915
 21
-100.1499999999999915
 31
0
  0
LINE
  5
1A6
330
22
100
AcDbEntity
  8
F.Paste
  6
CONTINUOUS
100
AcDbLine
 10
115.0249999999999915
 20
-100.1499999999999915
 30
0
 11
115.0440299999999922
 21
-100.0543289999999956
 31
0
  0
LINE
  5
1A7
330
22
100
AcDbEntity
  8
F.Paste
  6
CONTINUOUS
100
AcDbLine
 10
115.0440299999999922
 20
-100.0543289999999956
 30
0
 11
115.0982229999999902
 21
-99.9732229999999902
 31
0
  0
LINE
  5
1A8
330
22
100
AcDbEntity
  8
F.Paste
  6
CONTINUOUS
100
AcDbLine
 10
115.0982229999999902
 20
-99.9732229999999902
 30
0
 11
115.1793289999999956
 21
-99.9190299999999922
 31
0
  0
LINE
  5
1A9
330
22
100
AcDbEntity
  8
F.Paste
  6
CONTINUOUS
100
AcDbLine
 10
115.1793289999999956
 20
-99.9190299999999922
 30
0
 11
115.2749999999999915
 21
-99.8999999999999915
 31
0
  0
LINE
  5
1AA
330
22
100
AcDbEntity
  8
F.Paste
  6
CONTINUOUS
100
AcDbLine
 10
115.2749999999999915
 20
-99.8999999999999915
 30
0
 11
116.5249999999999915
 21
-99.8999999999999915
 31
0
  0
LINE
  5
1AB
330
22
100
AcDbEntity
  8
F.Paste
  6
CONTINUOUS
100
AcDbLine
 10
116.5249999999999915
 20
-99.8999999999999915
 30
0
 11
116.6206710000000015
 21
-99.9190299999999922
 31
0
  0
LINE
  5
1AC
330
22
100
AcDbEntity
  8
F.Paste
  6
CONTINUOUS
100
AcDbLine
 10
149.4002499999999998
 20
-99.9190299999999922
 30
0
 11
149.4813560000000052
 21
-99.9732229999999902
 31
0
  0
LINE
  5
1AD
330
22
100
AcDbEntity
  8
F.Paste
  6
CONTINUOUS
100
AcDbLine
 10
149.4813560000000052
 20
-99.9732229999999902
 30
0
 11
149.5355490000000032
 21
-100.0543289999999956
 31
0
  0
LINE
  5
1AE
330
22
100
AcDbEntity
  8
F.Paste
  6
CONTINUOUS
100
AcDbLine
 10
149.5355490000000032
 20
-100.0543289999999956
 30
0
 11
149.5545789999999897
 21
-100.1499999999999915
 31
0
  0
LINE
  5
1AF
330
22
100
AcDbEntity
  8
F.Paste
  6
CONTINUOUS
100
AcDbLine
 10
149.5545789999999897
 20
-100.1499999999999915
 30
0
 11
149.5545789999999897
 21
-100.9499999999999886
 31
0
  0
LINE
  5
1B0
330
22
100
AcDbEntity
  8
F.Paste
  6
CONTINUOUS
100
AcDbLine
 10
149.5545789999999897
 20
-100.9499999999999886
 30
0
 11
149.5355490000000032
 21
-101.0456709999999987
 31
0
  0
LINE
  5
1B1
330
22
100
AcDbEntity
  8
F.Paste
  6
CONTINUOUS
100
AcDbLine
 10
149.5355490000000032
 20
-101.0456709999999987
 30
0
 11
149.4813560000000052
 21
-101.1267769999999899
 31
0
  0
LINE
  5
1B2
330
22
100
AcDbEntity
  8
F.Paste
  6
CONTINUOUS
100
AcDbLine
 10
149.4813560000000052
 20
-101.1267769999999899
 30
0
 11
149.4002499999999998
 21
-101.1809700000000021
 31
0
  0
LINE
  5
1B3
330
22
100
AcDbEntity
  8
F.Paste
  6
CONTINUOUS
100
AcDbLine
 10
149.4002499999999998
 20
-101.1809700000000021
 30
0
 11
149.3045789999999897
 21
-101.1999999999999886
 31
0
  0
LINE
  5
1B4
330
22
100
AcDbEntity
  8
F.Paste
  6
CONTINUOUS
100
AcDbLine
 10
149.3045789999999897
 20
-101.1999999999999886
 30
0
 11
148.0545789999999897
 21
-101.1999999999999886
 31
0
  0
LINE
  5
1B5
330
22
100
AcDbEntity
  8
F.Paste
  6
CONTINUOUS
100
AcDbLine
 10
148.0545789999999897
 20
-101.1999999999999886
 30
0
 11
147.9589079999999797
 21
-101.1809700000000021
 31
0
  0
LINE
  5
1B6
330
22
100
AcDbEntity
  8
F.Paste
  6
CONTINUOUS
100
AcDbLine
 10
147.9589079999999797
 20
-101.1809700000000021
 30
0
 11
147.8778020000000026
 21
-101.1267769999999899
 31
0
  0
LINE
  5
1B7
330
22
100
AcDbEntity
  8
F.Paste
  6
CONTINUOUS
100
AcDbLine
 10
147.8778020000000026
 20
-101.1267769999999899
 30
0
 11
147.8236090000000047
 21
-101.0456709999999987
 31
0
  0
LINE
  5
1B8
330
22
100
AcDbEntity
  8
F.Paste
  6
CONTINUOUS
100
AcDbLine
 10
147.8236090000000047
 20
-101.0456709999999987
 30
0
 11
147.8045789999999897
 21
-100.9499999999999886
 31
0
  0
LINE
  5
1B9
330
22
100
AcDbEntity
  8
F.Paste
  6
CONTINUOUS
100
AcDbLine
 10
147.8045789999999897
 20
-100.9499999999999886
 30
0
 11
147.8045789999999897
 21
-100.1499999999999915
 31
0
  0
LINE
  5
1BA
330
22
100
AcDbEntity
  8
F.Paste
  6
CONTINUOUS
100
AcDbLine
 10
147.8045789999999897
 20
-100.1499999999999915
 30
0
 11
147.8236090000000047
 21
-100.0543289999999956
 31
0
  0
LINE
  5
1BB
330
22
100
AcDbEntity
  8
F.Paste
  6
CONTINUOUS
100
AcDbLine
 10
147.8236090000000047
 20
-100.0543289999999956
 30
0
 11
147.8778020000000026
 21
-99.9732229999999902
 31
0
  0
LINE
  5
1BC
330
22
100
AcDbEntity
  8
F.Paste
  6
CONTINUOUS
100
AcDbLine
 10
147.8778020000000026
 20
-99.9732229999999902
 30
0
 11
147.9589079999999797
 21
-99.9190299999999922
 31
0
  0
LINE
  5
1BD
330
22
100
AcDbEntity
  8
F.Paste
  6
CONTINUOUS
100
AcDbLine
 10
147.9589079999999797
 20
-99.9190299999999922
 30
0
 11
148.0545789999999897
 21
-99.8999999999999915
 31
0
  0
LINE
  5
1BE
330
22
100
AcDbEntity
  8
F.Paste
  6
CONTINUOUS
100
AcDbLine
 10
148.0545789999999897
 20
-99.8999999999999915
 30
0
 11
149.3045789999999897
 21
-99.8999999999999915
 31
0
  0
LINE
  5
1BF
330
22
100
AcDbEntity
  8
F.Paste
  6
CONTINUOUS
100
AcDbLine
 10
149.3045789999999897
 20
-99.8999999999999915
 30
0
 11
149.4002499999999998
 21
-99.9190299999999922
 31
0
  0
LINE
  5
1C0
330
22
100
AcDbEntity
  8
F.Paste
  6
CONTINUOUS
100
AcDbLine
 10
122.0839339999999993
 20
-96.8690299999999951
 30
0
 11
122.1650399999999905
 21
-96.923222999999993
 31
0
  0
LINE
  5
1C1
330
22
100
AcDbEntity
  8
F.Paste
  6
CONTINUOUS
100
AcDbLine
 10
122.1650399999999905
 20
-96.923222999999993
 30
0
 11
122.2192329999999885
 21
-97.0043289999999985
 31
0
  0
LINE
  5
1C2
330
22
100
AcDbEntity
  8
F.Paste
  6
CONTINUOUS
100
AcDbLine
 10
122.2192329999999885
 20
-97.0043289999999985
 30
0
 11
122.2382629999999892
 21
-97.0999999999999943
 31
0
  0
LINE
  5
1C3
330
22
100
AcDbEntity
  8
F.Paste
  6
CONTINUOUS
100
AcDbLine
 10
122.2382629999999892
 20
-97.0999999999999943
 30
0
 11
122.2382629999999892
 21
-97.8999999999999915
 31
0
  0
LINE
  5
1C4
330
22
100
AcDbEntity
  8
F.Paste
  6
CONTINUOUS
100
AcDbLine
 10
122.2382629999999892
 20
-97.8999999999999915
 30
0
 11
122.2192329999999885
 21
-97.9956710000000015
 31
0
  0
LINE
  5
1C5
330
22
100
AcDbEntity
  8
F.Paste
  6
CONTINUOUS
100
AcDbLine
 10
122.2192329999999885
 20
-97.9956710000000015
 30
0
 11
122.1650399999999905
 21
-98.0767769999999928
 31
0
  0
LINE
  5
1C6
330
22
100
AcDbEntity
  8
F.Paste
  6
CONTINUOUS
100
AcDbLine
 10
122.1650399999999905
 20
-98.0767769999999928
 30
0
 11
122.0839339999999993
 21
-98.1309699999999907
 31
0
  0
LINE
  5
1C7
330
22
100
AcDbEntity
  8
F.Paste
  6
CONTINUOUS
100
AcDbLine
 10
122.0839339999999993
 20
-98.1309699999999907
 30
0
 11
121.9882629999999892
 21
-98.1499999999999915
 31
0
  0
LINE
  5
1C8
330
22
100
AcDbEntity
  8
F.Paste
  6
CONTINUOUS
100
AcDbLine
 10
121.9882629999999892
 20
-98.1499999999999915
 30
0
 11
120.7382629999999892
 21
-98.1499999999999915
 31
0
  0
LINE
  5
1C9
330
22
100
AcDbEntity
  8
F.Paste
  6
CONTINUOUS
100
AcDbLine
 10
120.7382629999999892
 20
-98.1499999999999915
 30
0
 11
120.6425919999999934
 21
-98.1309699999999907
 31
0
  0
LINE
  5
1CA
330
22
100
AcDbEntity
  8
F.Paste
  6
CONTINUOUS
100
AcDbLine
 10
120.6425919999999934
 20
-98.1309699999999907
 30
0
 11
120.5614859999999879
 21
-98.0767769999999928
 31
0
  0
LINE
  5
1CB
330
22
100
AcDbEntity
  8
F.Paste
  6
CONTINUOUS
100
AcDbLine
 10
120.5614859999999879
 20
-98.0767769999999928
 30
0
 11
120.50729299999999
 21
-97.9956710000000015
 31
0
  0
LINE
  5
1CC
330
22
100
AcDbEntity
  8
F.Paste
  6
CONTINUOUS
100
AcDbLine
 10
120.50729299999999
 20
-97.9956710000000015
 30
0
 11
120.4882629999999892
 21
-97.8999999999999915
 31
0
  0
LINE
  5
1CD
330
22
100
AcDbEntity
  8
F.Paste
  6
CONTINUOUS
100
AcDbLine
 10
120.4882629999999892
 20
-97.8999999999999915
 30
0
 11
120.4882629999999892
 21
-97.0999999999999943
 31
0
  0
LINE
  5
1CE
330
22
100
AcDbEntity
  8
F.Paste
  6
CONTINUOUS
100
AcDbLine
 10
120.4882629999999892
 20
-97.0999999999999943
 30
0
 11
120.50729299999999
 21
-97.0043289999999985
 31
0
  0
LINE
  5
1CF
330
22
100
AcDbEntity
  8
F.Paste
  6
CONTINUOUS
100
AcDbLine
 10
120.50729299999999
 20
-97.0043289999999985
 30
0
 11
120.5614859999999879
 21
-96.923222999999993
 31
0
  0
LINE
  5
1D0
330
22
100
AcDbEntity
  8
F.Paste
  6
CONTINUOUS
100
AcDbLine
 10
120.5614859999999879
 20
-96.923222999999993
 30
0
 11
120.6425919999999934
 21
-96.8690299999999951
 31
0
  0
LINE
  5
1D1
330
22
100
AcDbEntity
  8
F.Paste
  6
CONTINUOUS
100
AcDbLine
 10
120.6425919999999934
 20
-96.8690299999999951
 30
0
 11
120.7382629999999892
 21
-96.8499999999999943
 31
0
  0
LINE
  5
1D2
330
22
100
AcDbEntity
  8
F.Paste
  6
CONTINUOUS
100
AcDbLine
 10
120.7382629999999892
 20
-96.8499999999999943
 30
0
 11
121.9882629999999892
 21
-96.8499999999999943
 31
0
  0
LINE
  5
1D3
330
22
100
AcDbEntity
  8
F.Paste
  6
CONTINUOUS
100
AcDbLine
 10
121.9882629999999892
 20
-96.8499999999999943
 30
0
 11
122.0839339999999993
 21
-96.8690299999999951
 31
0
  0
LINE
  5
1D4
330
22
100
AcDbEntity
  8
F.Paste
  6
CONTINUOUS
100
AcDbLine
 10
163.0584079999999858
 20
-96.8662519999999887
 30
0
 11
163.1395139999999913
 21
-96.9204450000000008
 31
0
  0
LINE
  5
1D5
330
22
100
AcDbEntity
  8
F.Paste
  6
CONTINUOUS
100
AcDbLine
 10
163.1395139999999913
 20
-96.9204450000000008
 30
0
 11
163.1937069999999892
 21
-97.0015509999999921
 31
0
  0
LINE
  5
1D6
330
22
100
AcDbEntity
  8
F.Paste
  6
CONTINUOUS
100
AcDbLine
 10
163.1937069999999892
 20
-97.0015509999999921
 30
0
 11
163.2127370000000042
 21
-97.0972220000000021
 31
0
  0
LINE
  5
1D7
330
22
100
AcDbEntity
  8
F.Paste
  6
CONTINUOUS
100
AcDbLine
 10
163.2127370000000042
 20
-97.0972220000000021
 30
0
 11
163.2127370000000042
 21
-97.8972219999999993
 31
0
  0
LINE
  5
1D8
330
22
100
AcDbEntity
  8
F.Paste
  6
CONTINUOUS
100
AcDbLine
 10
163.2127370000000042
 20
-97.8972219999999993
 30
0
 11
163.1937069999999892
 21
-97.9928929999999951
 31
0
  0
LINE
  5
1D9
330
22
100
AcDbEntity
  8
F.Paste
  6
CONTINUOUS
100
AcDbLine
 10
163.1937069999999892
 20
-97.9928929999999951
 30
0
 11
163.1395139999999913
 21
-98.0739990000000006
 31
0
  0
LINE
  5
1DA
330
22
100
AcDbEntity
  8
F.Paste
  6
CONTINUOUS
100
AcDbLine
 10
163.1395139999999913
 20
-98.0739990000000006
 30
0
 11
163.0584079999999858
 21
-98.1281919999999985
 31
0
  0
LINE
  5
1DB
330
22
100
AcDbEntity
  8
F.Paste
  6
CONTINUOUS
100
AcDbLine
 10
163.0584079999999858
 20
-98.1281919999999985
 30
0
 11
162.9627370000000042
 21
-98.1472219999999993
 31
0
  0
LINE
  5
1DC
330
22
100
AcDbEntity
  8
F.Paste
  6
CONTINUOUS
100
AcDbLine
 10
162.9627370000000042
 20
-98.1472219999999993
 30
0
 11
161.7127370000000042
 21
-98.1472219999999993
 31
0
  0
LINE
  5
1DD
330
22
100
AcDbEntity
  8
F.Paste
  6
CONTINUOUS
100
AcDbLine
 10
161.7127370000000042
 20
-98.1472219999999993
 30
0
 11
161.6170659999999941
 21
-98.1281919999999985
 31
0
  0
LINE
  5
1DE
330
22
100
AcDbEntity
  8
F.Paste
  6
CONTINUOUS
100
AcDbLine
 10
161.6170659999999941
 20
-98.1281919999999985
 30
0
 11
161.5359599999999887
 21
-98.0739990000000006
 31
0
  0
LINE
  5
1DF
330
22
100
AcDbEntity
  8
F.Paste
  6
CONTINUOUS
100
AcDbLine
 10
161.5359599999999887
 20
-98.0739990000000006
 30
0
 11
161.4817669999999907
 21
-97.9928929999999951
 31
0
  0
LINE
  5
1E0
330
22
100
AcDbEntity
  8
F.Paste
  6
CONTINUOUS
100
AcDbLine
 10
161.4817669999999907
 20
-97.9928929999999951
 30
0
 11
161.4627370000000042
 21
-97.8972219999999993
 31
0
  0
LINE
  5
1E1
330
22
100
AcDbEntity
  8
F.Paste
  6
CONTINUOUS
100
AcDbLine
 10
161.4627370000000042
 20
-97.8972219999999993
 30
0
 11
161.4627370000000042
 21
-97.0972220000000021
 31
0
  0
LINE
  5
1E2
330
22
100
AcDbEntity
  8
F.Paste
  6
CONTINUOUS
100
AcDbLine
 10
161.4627370000000042
 20
-97.0972220000000021
 30
0
 11
161.4817669999999907
 21
-97.0015509999999921
 31
0
  0
LINE
  5
1E3
330
22
100
AcDbEntity
  8
F.Paste
  6
CONTINUOUS
100
AcDbLine
 10
161.4817669999999907
 20
-97.0015509999999921
 30
0
 11
161.5359599999999887
 21
-96.9204450000000008
 31
0
  0
LINE
  5
1E4
330
22
100
AcDbEntity
  8
F.Paste
  6
CONTINUOUS
100
AcDbLine
 10
161.5359599999999887
 20
-96.9204450000000008
 30
0
 11
161.6170659999999941
 21
-96.8662519999999887
 31
0
  0
LINE
  5
1E5
330
22
100
AcDbEntity
  8
F.Paste
  6
CONTINUOUS
100
AcDbLine
 10
161.6170659999999941
 20
-96.8662519999999887
 30
0
 11
161.7127370000000042
 21
-96.8472220000000021
 31
0
  0
LINE
  5
1E6
330
22
100
AcDbEntity
  8
F.Paste
  6
CONTINUOUS
100
AcDbLine
 10
161.7127370000000042
 20
-96.8472220000000021
 30
0
 11
162.9627370000000042
 21
-96.8472220000000021
 31
0
  0
LINE
  5
1E7
330
22
100
AcDbEntity
  8
F.Paste
  6
CONTINUOUS
100
AcDbLine
 10
162.9627370000000042
 20
-96.8472220000000021
 30
0
 11
163.0584079999999858
 21
-96.8662519999999887
 31
0
  0
LINE
  5
1E8
330
22
100
AcDbEntity
  8
F.Paste
  6
CONTINUOUS
100
AcDbLine
 10
133.0104599999999948
 20
-96.8634739999999965
 30
0
 11
133.0915660000000003
 21
-96.9176669999999945
 31
0
  0
LINE
  5
1E9
330
22
100
AcDbEntity
  8
F.Paste
  6
CONTINUOUS
100
AcDbLine
 10
133.0915660000000003
 20
-96.9176669999999945
 30
0
 11
133.1457589999999982
 21
-96.9987729999999999
 31
0
  0
LINE
  5
1EA
330
22
100
AcDbEntity
  8
F.Paste
  6
CONTINUOUS
100
AcDbLine
 10
133.1457589999999982
 20
-96.9987729999999999
 30
0
 11
133.1647889999999848
 21
-97.0944439999999958
 31
0
  0
LINE
  5
1EB
330
22
100
AcDbEntity
  8
F.Paste
  6
CONTINUOUS
100
AcDbLine
 10
133.1647889999999848
 20
-97.0944439999999958
 30
0
 11
133.1647889999999848
 21
-97.8944439999999929
 31
0
  0
LINE
  5
1EC
330
22
100
AcDbEntity
  8
F.Paste
  6
CONTINUOUS
100
AcDbLine
 10
133.1647889999999848
 20
-97.8944439999999929
 30
0
 11
133.1457589999999982
 21
-97.9901149999999888
 31
0
  0
LINE
  5
1ED
330
22
100
AcDbEntity
  8
F.Paste
  6
CONTINUOUS
100
AcDbLine
 10
133.1457589999999982
 20
-97.9901149999999888
 30
0
 11
133.0915660000000003
 21
-98.0712209999999942
 31
0
  0
LINE
  5
1EE
330
22
100
AcDbEntity
  8
F.Paste
  6
CONTINUOUS
100
AcDbLine
 10
133.0915660000000003
 20
-98.0712209999999942
 30
0
 11
133.0104599999999948
 21
-98.1254139999999921
 31
0
  0
LINE
  5
1EF
330
22
100
AcDbEntity
  8
F.Paste
  6
CONTINUOUS
100
AcDbLine
 10
133.0104599999999948
 20
-98.1254139999999921
 30
0
 11
132.9147889999999848
 21
-98.1444439999999929
 31
0
  0
LINE
  5
1F0
330
22
100
AcDbEntity
  8
F.Paste
  6
CONTINUOUS
100
AcDbLine
 10
132.9147889999999848
 20
-98.1444439999999929
 30
0
 11
131.6647889999999848
 21
-98.1444439999999929
 31
0
  0
LINE
  5
1F1
330
22
100
AcDbEntity
  8
F.Paste
  6
CONTINUOUS
100
AcDbLine
 10
131.6647889999999848
 20
-98.1444439999999929
 30
0
 11
131.5691180000000031
 21
-98.1254139999999921
 31
0
  0
LINE
  5
1F2
330
22
100
AcDbEntity
  8
F.Paste
  6
CONTINUOUS
100
AcDbLine
 10
131.5691180000000031
 20
-98.1254139999999921
 30
0
 11
131.4880119999999977
 21
-98.0712209999999942
 31
0
  0
LINE
  5
1F3
330
22
100
AcDbEntity
  8
F.Paste
  6
CONTINUOUS
100
AcDbLine
 10
131.4880119999999977
 20
-98.0712209999999942
 30
0
 11
131.4338189999999997
 21
-97.9901149999999888
 31
0
  0
LINE
  5
1F4
330
22
100
AcDbEntity
  8
F.Paste
  6
CONTINUOUS
100
AcDbLine
 10
131.4338189999999997
 20
-97.9901149999999888
 30
0
 11
131.4147889999999848
 21
-97.8944439999999929
 31
0
  0
LINE
  5
1F5
330
22
100
AcDbEntity
  8
F.Paste
  6
CONTINUOUS
100
AcDbLine
 10
131.4147889999999848
 20
-97.8944439999999929
 30
0
 11
131.4147889999999848
 21
-97.0944439999999958
 31
0
  0
LINE
  5
1F6
330
22
100
AcDbEntity
  8
F.Paste
  6
CONTINUOUS
100
AcDbLine
 10
131.4147889999999848
 20
-97.0944439999999958
 30
0
 11
131.4338189999999997
 21
-96.9987729999999999
 31
0
  0
LINE
  5
1F7
330
22
100
AcDbEntity
  8
F.Paste
  6
CONTINUOUS
100
AcDbLine
 10
131.4338189999999997
 20
-96.9987729999999999
 30
0
 11
131.4880119999999977
 21
-96.9176669999999945
 31
0
  0
LINE
  5
1F8
330
22
100
AcDbEntity
  8
F.Paste
  6
CONTINUOUS
100
AcDbLine
 10
131.4880119999999977
 20
-96.9176669999999945
 30
0
 11
131.5691180000000031
 21
-96.8634739999999965
 31
0
  0
LINE
  5
1F9
330
22
100
AcDbEntity
  8
F.Paste
  6
CONTINUOUS
100
AcDbLine
 10
131.5691180000000031
 20
-96.8634739999999965
 30
0
 11
131.6647889999999848
 21
-96.8444439999999958
 31
0
  0
LINE
  5
1FA
330
22
100
AcDbEntity
  8
F.Paste
  6
CONTINUOUS
100
AcDbLine
 10
131.6647889999999848
 20
-96.8444439999999958
 30
0
 11
132.9147889999999848
 21
-96.8444439999999958
 31
0
  0
LINE
  5
1FB
330
22
100
AcDbEntity
  8
F.Paste
  6
CONTINUOUS
100
AcDbLine
 10
132.9147889999999848
 20
-96.8444439999999958
 30
0
 11
133.0104599999999948
 21
-96.8634739999999965
 31
0
  0
LINE
  5
1FC
330
22
100
AcDbEntity
  8
F.Paste
  6
CONTINUOUS
100
AcDbLine
 10
146.6686179999999808
 20
-96.8606970000000018
 30
0
 11
146.7497239999999863
 21
-96.9148899999999998
 31
0
  0
LINE
  5
1FD
330
22
100
AcDbEntity
  8
F.Paste
  6
CONTINUOUS
100
AcDbLine
 10
146.7497239999999863
 20
-96.9148899999999998
 30
0
 11
146.8039169999999842
 21
-96.995995999999991
 31
0
  0
LINE
  5
1FE
330
22
100
AcDbEntity
  8
F.Paste
  6
CONTINUOUS
100
AcDbLine
 10
146.8039169999999842
 20
-96.995995999999991
 30
0
 11
146.8229469999999992
 21
-97.0916670000000011
 31
0
  0
LINE
  5
1FF
330
22
100
AcDbEntity
  8
F.Paste
  6
CONTINUOUS
100
AcDbLine
 10
146.8229469999999992
 20
-97.0916670000000011
 30
0
 11
146.8229469999999992
 21
-97.8916669999999982
 31
0
  0
LINE
  5
200
330
22
100
AcDbEntity
  8
F.Paste
  6
CONTINUOUS
100
AcDbLine
 10
146.8229469999999992
 20
-97.8916669999999982
 30
0
 11
146.8039169999999842
 21
-97.9873379999999941
 31
0
  0
LINE
  5
201
330
22
100
AcDbEntity
  8
F.Paste
  6
CONTINUOUS
100
AcDbLine
 10
146.8039169999999842
 20
-97.9873379999999941
 30
0
 11
146.7497239999999863
 21
-98.0684439999999995
 31
0
  0
LINE
  5
202
330
22
100
AcDbEntity
  8
F.Paste
  6
CONTINUOUS
100
AcDbLine
 10
146.7497239999999863
 20
-98.0684439999999995
 30
0
 11
146.6686179999999808
 21
-98.1226369999999974
 31
0
  0
LINE
  5
203
330
22
100
AcDbEntity
  8
F.Paste
  6
CONTINUOUS
100
AcDbLine
 10
146.6686179999999808
 20
-98.1226369999999974
 30
0
 11
146.5729469999999992
 21
-98.1416669999999982
 31
0
  0
LINE
  5
204
330
22
100
AcDbEntity
  8
F.Paste
  6
CONTINUOUS
100
AcDbLine
 10
146.5729469999999992
 20
-98.1416669999999982
 30
0
 11
145.3229469999999992
 21
-98.1416669999999982
 31
0
  0
LINE
  5
205
330
22
100
AcDbEntity
  8
F.Paste
  6
CONTINUOUS
100
AcDbLine
 10
145.3229469999999992
 20
-98.1416669999999982
 30
0
 11
145.2272759999999892
 21
-98.1226369999999974
 31
0
  0
LINE
  5
206
330
22
100
AcDbEntity
  8
F.Paste
  6
CONTINUOUS
100
AcDbLine
 10
145.2272759999999892
 20
-98.1226369999999974
 30
0
 11
145.1461699999999837
 21
-98.0684439999999995
 31
0
  0
LINE
  5
207
330
22
100
AcDbEntity
  8
F.Paste
  6
CONTINUOUS
100
AcDbLine
 10
145.1461699999999837
 20
-98.0684439999999995
 30
0
 11
145.0919769999999858
 21
-97.9873379999999941
 31
0
  0
LINE
  5
208
330
22
100
AcDbEntity
  8
F.Paste
  6
CONTINUOUS
100
AcDbLine
 10
145.0919769999999858
 20
-97.9873379999999941
 30
0
 11
145.0729469999999992
 21
-97.8916669999999982
 31
0
  0
LINE
  5
209
330
22
100
AcDbEntity
  8
F.Paste
  6
CONTINUOUS
100
AcDbLine
 10
145.0729469999999992
 20
-97.8916669999999982
 30
0
 11
145.0729469999999992
 21
-97.0916670000000011
 31
0
  0
LINE
  5
20A
330
22
100
AcDbEntity
  8
F.Paste
  6
CONTINUOUS
100
AcDbLine
 10
145.0729469999999992
 20
-97.0916670000000011
 30
0
 11
145.0919769999999858
 21
-96.995995999999991
 31
0
  0
LINE
  5
20B
330
22
100
AcDbEntity
  8
F.Paste
  6
CONTINUOUS
100
AcDbLine
 10
145.0919769999999858
 20
-96.995995999999991
 30
0
 11
145.1461699999999837
 21
-96.9148899999999998
 31
0
  0
LINE
  5
20C
330
22
100
AcDbEntity
  8
F.Paste
  6
CONTINUOUS
100
AcDbLine
 10
145.1461699999999837
 20
-96.9148899999999998
 30
0
 11
145.2272759999999892
 21
-96.8606970000000018
 31
0
  0
LINE
  5
20D
330
22
100
AcDbEntity
  8
F.Paste
  6
CONTINUOUS
100
AcDbLine
 10
145.2272759999999892
 20
-96.8606970000000018
 30
0
 11
145.3229469999999992
 21
-96.8416670000000011
 31
0
  0
LINE
  5
20E
330
22
100
AcDbEntity
  8
F.Paste
  6
CONTINUOUS
100
AcDbLine
 10
145.3229469999999992
 20
-96.8416670000000011
 30
0
 11
146.5729469999999992
 21
-96.8416670000000011
 31
0
  0
LINE
  5
20F
330
22
100
AcDbEntity
  8
F.Paste
  6
CONTINUOUS
100
AcDbLine
 10
146.5729469999999992
 20
-96.8416670000000011
 30
0
 11
146.6686179999999808
 21
-96.8606970000000018
 31
0
  0
LINE
  5
210
330
22
100
AcDbEntity
  8
F.Paste
  6
CONTINUOUS
100
AcDbLine
 10
160.3267759999999953
 20
-96.8579189999999954
 30
0
 11
160.4078820000000007
 21
-96.9121119999999934
 31
0
  0
LINE
  5
211
330
22
100
AcDbEntity
  8
F.Paste
  6
CONTINUOUS
100
AcDbLine
 10
160.4078820000000007
 20
-96.9121119999999934
 30
0
 11
160.4620749999999987
 21
-96.9932179999999988
 31
0
  0
LINE
  5
212
330
22
100
AcDbEntity
  8
F.Paste
  6
CONTINUOUS
100
AcDbLine
 10
160.4620749999999987
 20
-96.9932179999999988
 30
0
 11
160.4811049999999852
 21
-97.0888889999999947
 31
0
  0
LINE
  5
213
330
22
100
AcDbEntity
  8
F.Paste
  6
CONTINUOUS
100
AcDbLine
 10
160.4811049999999852
 20
-97.0888889999999947
 30
0
 11
160.4811049999999852
 21
-97.8888889999999918
 31
0
  0
LINE
  5
214
330
22
100
AcDbEntity
  8
F.Paste
  6
CONTINUOUS
100
AcDbLine
 10
160.4811049999999852
 20
-97.8888889999999918
 30
0
 11
160.4620749999999987
 21
-97.9845600000000019
 31
0
  0
LINE
  5
215
330
22
100
AcDbEntity
  8
F.Paste
  6
CONTINUOUS
100
AcDbLine
 10
160.4620749999999987
 20
-97.9845600000000019
 30
0
 11
160.4078820000000007
 21
-98.0656659999999931
 31
0
  0
LINE
  5
216
330
22
100
AcDbEntity
  8
F.Paste
  6
CONTINUOUS
100
AcDbLine
 10
160.4078820000000007
 20
-98.0656659999999931
 30
0
 11
160.3267759999999953
 21
-98.1198589999999911
 31
0
  0
LINE
  5
217
330
22
100
AcDbEntity
  8
F.Paste
  6
CONTINUOUS
100
AcDbLine
 10
160.3267759999999953
 20
-98.1198589999999911
 30
0
 11
160.2311049999999852
 21
-98.1388889999999918
 31
0
  0
LINE
  5
218
330
22
100
AcDbEntity
  8
F.Paste
  6
CONTINUOUS
100
AcDbLine
 10
160.2311049999999852
 20
-98.1388889999999918
 30
0
 11
158.9811049999999852
 21
-98.1388889999999918
 31
0
  0
LINE
  5
219
330
22
100
AcDbEntity
  8
F.Paste
  6
CONTINUOUS
100
AcDbLine
 10
158.9811049999999852
 20
-98.1388889999999918
 30
0
 11
158.8854340000000036
 21
-98.1198589999999911
 31
0
  0
LINE
  5
21A
330
22
100
AcDbEntity
  8
F.Paste
  6
CONTINUOUS
100
AcDbLine
 10
158.8854340000000036
 20
-98.1198589999999911
 30
0
 11
158.8043279999999982
 21
-98.0656659999999931
 31
0
  0
LINE
  5
21B
330
22
100
AcDbEntity
  8
F.Paste
  6
CONTINUOUS
100
AcDbLine
 10
158.8043279999999982
 20
-98.0656659999999931
 30
0
 11
158.7501350000000002
 21
-97.9845600000000019
 31
0
  0
LINE
  5
21C
330
22
100
AcDbEntity
  8
F.Paste
  6
CONTINUOUS
100
AcDbLine
 10
158.7501350000000002
 20
-97.9845600000000019
 30
0
 11
158.7311049999999852
 21
-97.8888889999999918
 31
0
  0
LINE
  5
21D
330
22
100
AcDbEntity
  8
F.Paste
  6
CONTINUOUS
100
AcDbLine
 10
158.7311049999999852
 20
-97.8888889999999918
 30
0
 11
158.7311049999999852
 21
-97.0888889999999947
 31
0
  0
LINE
  5
21E
330
22
100
AcDbEntity
  8
F.Paste
  6
CONTINUOUS
100
AcDbLine
 10
158.7311049999999852
 20
-97.0888889999999947
 30
0
 11
158.7501350000000002
 21
-96.9932179999999988
 31
0
  0
LINE
  5
21F
330
22
100
AcDbEntity
  8
F.Paste
  6
CONTINUOUS
100
AcDbLine
 10
158.7501350000000002
 20
-96.9932179999999988
 30
0
 11
158.8043279999999982
 21
-96.9121119999999934
 31
0
  0
LINE
  5
220
330
22
100
AcDbEntity
  8
F.Paste
  6
CONTINUOUS
100
AcDbLine
 10
158.8043279999999982
 20
-96.9121119999999934
 30
0
 11
158.8854340000000036
 21
-96.8579189999999954
 31
0
  0
LINE
  5
221
330
22
100
AcDbEntity
  8
F.Paste
  6
CONTINUOUS
100
AcDbLine
 10
158.8854340000000036
 20
-96.8579189999999954
 30
0
 11
158.9811049999999852
 21
-96.8388889999999947
 31
0
  0
LINE
  5
222
330
22
100
AcDbEntity
  8
F.Paste
  6
CONTINUOUS
100
AcDbLine
 10
158.9811049999999852
 20
-96.8388889999999947
 30
0
 11
160.2311049999999852
 21
-96.8388889999999947
 31
0
  0
LINE
  5
223
330
22
100
AcDbEntity
  8
F.Paste
  6
CONTINUOUS
100
AcDbLine
 10
160.2311049999999852
 20
-96.8388889999999947
 30
0
 11
160.3267759999999953
 21
-96.8579189999999954
 31
0
  0
LINE
  5
224
330
22
100
AcDbEntity
  8
F.Paste
  6
CONTINUOUS
100
AcDbLine
 10
154.8635129999999833
 20
-96.855140999999989
 30
0
 11
154.9446189999999888
 21
-96.9093340000000012
 31
0
  0
LINE
  5
225
330
22
100
AcDbEntity
  8
F.Paste
  6
CONTINUOUS
100
AcDbLine
 10
154.9446189999999888
 20
-96.9093340000000012
 30
0
 11
154.9988119999999867
 21
-96.9904399999999924
 31
0
  0
LINE
  5
226
330
22
100
AcDbEntity
  8
F.Paste
  6
CONTINUOUS
100
AcDbLine
 10
154.9988119999999867
 20
-96.9904399999999924
 30
0
 11
155.0178420000000017
 21
-97.0861110000000025
 31
0
  0
LINE
  5
227
330
22
100
AcDbEntity
  8
F.Paste
  6
CONTINUOUS
100
AcDbLine
 10
155.0178420000000017
 20
-97.0861110000000025
 30
0
 11
155.0178420000000017
 21
-97.8861109999999996
 31
0
  0
LINE
  5
228
330
22
100
AcDbEntity
  8
F.Paste
  6
CONTINUOUS
100
AcDbLine
 10
155.0178420000000017
 20
-97.8861109999999996
 30
0
 11
154.9988119999999867
 21
-97.9817819999999955
 31
0
  0
LINE
  5
229
330
22
100
AcDbEntity
  8
F.Paste
  6
CONTINUOUS
100
AcDbLine
 10
154.9988119999999867
 20
-97.9817819999999955
 30
0
 11
154.9446189999999888
 21
-98.0628880000000009
 31
0
  0
LINE
  5
22A
330
22
100
AcDbEntity
  8
F.Paste
  6
CONTINUOUS
100
AcDbLine
 10
154.9446189999999888
 20
-98.0628880000000009
 30
0
 11
154.8635129999999833
 21
-98.1170809999999989
 31
0
  0
LINE
  5
22B
330
22
100
AcDbEntity
  8
F.Paste
  6
CONTINUOUS
100
AcDbLine
 10
154.8635129999999833
 20
-98.1170809999999989
 30
0
 11
154.7678420000000017
 21
-98.1361109999999996
 31
0
  0
LINE
  5
22C
330
22
100
AcDbEntity
  8
F.Paste
  6
CONTINUOUS
100
AcDbLine
 10
154.7678420000000017
 20
-98.1361109999999996
 30
0
 11
153.5178420000000017
 21
-98.1361109999999996
 31
0
  0
LINE
  5
22D
330
22
100
AcDbEntity
  8
F.Paste
  6
CONTINUOUS
100
AcDbLine
 10
153.5178420000000017
 20
-98.1361109999999996
 30
0
 11
153.4221709999999916
 21
-98.1170809999999989
 31
0
  0
LINE
  5
22E
330
22
100
AcDbEntity
  8
F.Paste
  6
CONTINUOUS
100
AcDbLine
 10
153.4221709999999916
 20
-98.1170809999999989
 30
0
 11
153.3410649999999862
 21
-98.0628880000000009
 31
0
  0
LINE
  5
22F
330
22
100
AcDbEntity
  8
F.Paste
  6
CONTINUOUS
100
AcDbLine
 10
153.3410649999999862
 20
-98.0628880000000009
 30
0
 11
153.2868719999999882
 21
-97.9817819999999955
 31
0
  0
LINE
  5
230
330
22
100
AcDbEntity
  8
F.Paste
  6
CONTINUOUS
100
AcDbLine
 10
153.2868719999999882
 20
-97.9817819999999955
 30
0
 11
153.2678420000000017
 21
-97.8861109999999996
 31
0
  0
LINE
  5
231
330
22
100
AcDbEntity
  8
F.Paste
  6
CONTINUOUS
100
AcDbLine
 10
153.2678420000000017
 20
-97.8861109999999996
 30
0
 11
153.2678420000000017
 21
-97.0861110000000025
 31
0
  0
LINE
  5
232
330
22
100
AcDbEntity
  8
F.Paste
  6
CONTINUOUS
100
AcDbLine
 10
153.2678420000000017
 20
-97.0861110000000025
 30
0
 11
153.2868719999999882
 21
-96.9904399999999924
 31
0
  0
LINE
  5
233
330
22
100
AcDbEntity
  8
F.Paste
  6
CONTINUOUS
100
AcDbLine
 10
153.2868719999999882
 20
-96.9904399999999924
 30
0
 11
153.3410649999999862
 21
-96.9093340000000012
 31
0
  0
LINE
  5
234
330
22
100
AcDbEntity
  8
F.Paste
  6
CONTINUOUS
100
AcDbLine
 10
153.3410649999999862
 20
-96.9093340000000012
 30
0
 11
153.4221709999999916
 21
-96.855140999999989
 31
0
  0
LINE
  5
235
330
22
100
AcDbEntity
  8
F.Paste
  6
CONTINUOUS
100
AcDbLine
 10
153.4221709999999916
 20
-96.855140999999989
 30
0
 11
153.5178420000000017
 21
-96.8361110000000025
 31
0
  0
LINE
  5
236
330
22
100
AcDbEntity
  8
F.Paste
  6
CONTINUOUS
100
AcDbLine
 10
153.5178420000000017
 20
-96.8361110000000025
 30
0
 11
154.7678420000000017
 21
-96.8361110000000025
 31
0
  0
LINE
  5
237
330
22
100
AcDbEntity
  8
F.Paste
  6
CONTINUOUS
100
AcDbLine
 10
154.7678420000000017
 20
-96.8361110000000025
 30
0
 11
154.8635129999999833
 21
-96.855140999999989
 31
0
  0
LINE
  5
238
330
22
100
AcDbEntity
  8
F.Paste
  6
CONTINUOUS
100
AcDbLine
 10
143.9369869999999878
 20
-96.8523629999999969
 30
0
 11
144.0180929999999933
 21
-96.9065559999999948
 31
0
  0
LINE
  5
239
330
22
100
AcDbEntity
  8
F.Paste
  6
CONTINUOUS
100
AcDbLine
 10
144.0180929999999933
 20
-96.9065559999999948
 30
0
 11
144.0722859999999912
 21
-96.9876620000000003
 31
0
  0
LINE
  5
23A
330
22
100
AcDbEntity
  8
F.Paste
  6
CONTINUOUS
100
AcDbLine
 10
144.0722859999999912
 20
-96.9876620000000003
 30
0
 11
144.0913160000000062
 21
-97.0833329999999961
 31
0
  0
LINE
  5
23B
330
22
100
AcDbEntity
  8
F.Paste
  6
CONTINUOUS
100
AcDbLine
 10
144.0913160000000062
 20
-97.0833329999999961
 30
0
 11
144.0913160000000062
 21
-97.8833329999999933
 31
0
  0
LINE
  5
23C
330
22
100
AcDbEntity
  8
F.Paste
  6
CONTINUOUS
100
AcDbLine
 10
144.0913160000000062
 20
-97.8833329999999933
 30
0
 11
144.0722859999999912
 21
-97.9790039999999891
 31
0
  0
LINE
  5
23D
330
22
100
AcDbEntity
  8
F.Paste
  6
CONTINUOUS
100
AcDbLine
 10
144.0722859999999912
 20
-97.9790039999999891
 30
0
 11
144.0180929999999933
 21
-98.0601099999999946
 31
0
  0
LINE
  5
23E
330
22
100
AcDbEntity
  8
F.Paste
  6
CONTINUOUS
100
AcDbLine
 10
144.0180929999999933
 20
-98.0601099999999946
 30
0
 11
143.9369869999999878
 21
-98.1143029999999925
 31
0
  0
LINE
  5
23F
330
22
100
AcDbEntity
  8
F.Paste
  6
CONTINUOUS
100
AcDbLine
 10
143.9369869999999878
 20
-98.1143029999999925
 30
0
 11
143.8413160000000062
 21
-98.1333329999999933
 31
0
  0
LINE
  5
240
330
22
100
AcDbEntity
  8
F.Paste
  6
CONTINUOUS
100
AcDbLine
 10
143.8413160000000062
 20
-98.1333329999999933
 30
0
 11
142.5913160000000062
 21
-98.1333329999999933
 31
0
  0
LINE
  5
241
330
22
100
AcDbEntity
  8
F.Paste
  6
CONTINUOUS
100
AcDbLine
 10
142.5913160000000062
 20
-98.1333329999999933
 30
0
 11
142.4956449999999961
 21
-98.1143029999999925
 31
0
  0
LINE
  5
242
330
22
100
AcDbEntity
  8
F.Paste
  6
CONTINUOUS
100
AcDbLine
 10
142.4956449999999961
 20
-98.1143029999999925
 30
0
 11
142.4145389999999907
 21
-98.0601099999999946
 31
0
  0
LINE
  5
243
330
22
100
AcDbEntity
  8
F.Paste
  6
CONTINUOUS
100
AcDbLine
 10
142.4145389999999907
 20
-98.0601099999999946
 30
0
 11
142.3603459999999927
 21
-97.9790039999999891
 31
0
  0
LINE
  5
244
330
22
100
AcDbEntity
  8
F.Paste
  6
CONTINUOUS
100
AcDbLine
 10
142.3603459999999927
 20
-97.9790039999999891
 30
0
 11
142.3413160000000062
 21
-97.8833329999999933
 31
0
  0
LINE
  5
245
330
22
100
AcDbEntity
  8
F.Paste
  6
CONTINUOUS
100
AcDbLine
 10
142.3413160000000062
 20
-97.8833329999999933
 30
0
 11
142.3413160000000062
 21
-97.0833329999999961
 31
0
  0
LINE
  5
246
330
22
100
AcDbEntity
  8
F.Paste
  6
CONTINUOUS
100
AcDbLine
 10
142.3413160000000062
 20
-97.0833329999999961
 30
0
 11
142.3603459999999927
 21
-96.9876620000000003
 31
0
  0
LINE
  5
247
330
22
100
AcDbEntity
  8
F.Paste
  6
CONTINUOUS
100
AcDbLine
 10
142.3603459999999927
 20
-96.9876620000000003
 30
0
 11
142.4145389999999907
 21
-96.9065559999999948
 31
0
  0
LINE
  5
248
330
22
100
AcDbEntity
  8
F.Paste
  6
CONTINUOUS
100
AcDbLine
 10
142.4145389999999907
 20
-96.9065559999999948
 30
0
 11
142.4956449999999961
 21
-96.8523629999999969
 31
0
  0
LINE
  5
249
330
22
100
AcDbEntity
  8
F.Paste
  6
CONTINUOUS
100
AcDbLine
 10
142.4956449999999961
 20
-96.8523629999999969
 30
0
 11
142.5913160000000062
 21
-96.8333329999999961
 31
0
  0
LINE
  5
24A
330
22
100
AcDbEntity
  8
F.Paste
  6
CONTINUOUS
100
AcDbLine
 10
142.5913160000000062
 20
-96.8333329999999961
 30
0
 11
143.8413160000000062
 21
-96.8333329999999961
 31
0
  0
LINE
  5
24B
330
22
100
AcDbEntity
  8
F.Paste
  6
CONTINUOUS
100
AcDbLine
 10
143.8413160000000062
 20
-96.8333329999999961
 30
0
 11
143.9369869999999878
 21
-96.8523629999999969
 31
0
  0
LINE
  5
24C
330
22
100
AcDbEntity
  8
F.Paste
  6
CONTINUOUS
100
AcDbLine
 10
124.8155659999999898
 20
-96.8495860000000022
 30
0
 11
124.8966719999999953
 21
-96.9037790000000001
 31
0
  0
LINE
  5
24D
330
22
100
AcDbEntity
  8
F.Paste
  6
CONTINUOUS
100
AcDbLine
 10
124.8966719999999953
 20
-96.9037790000000001
 30
0
 11
124.9508649999999932
 21
-96.9848849999999914
 31
0
  0
LINE
  5
24E
330
22
100
AcDbEntity
  8
F.Paste
  6
CONTINUOUS
100
AcDbLine
 10
124.9508649999999932
 20
-96.9848849999999914
 30
0
 11
124.969894999999994
 21
-97.0805560000000014
 31
0
  0
LINE
  5
24F
330
22
100
AcDbEntity
  8
F.Paste
  6
CONTINUOUS
100
AcDbLine
 10
124.969894999999994
 20
-97.0805560000000014
 30
0
 11
124.969894999999994
 21
-97.8805559999999986
 31
0
  0
LINE
  5
250
330
22
100
AcDbEntity
  8
F.Paste
  6
CONTINUOUS
100
AcDbLine
 10
124.969894999999994
 20
-97.8805559999999986
 30
0
 11
124.9508649999999932
 21
-97.9762269999999944
 31
0
  0
LINE
  5
251
330
22
100
AcDbEntity
  8
F.Paste
  6
CONTINUOUS
100
AcDbLine
 10
124.9508649999999932
 20
-97.9762269999999944
 30
0
 11
124.8966719999999953
 21
-98.0573329999999999
 31
0
  0
LINE
  5
252
330
22
100
AcDbEntity
  8
F.Paste
  6
CONTINUOUS
100
AcDbLine
 10
124.8966719999999953
 20
-98.0573329999999999
 30
0
 11
124.8155659999999898
 21
-98.1115259999999978
 31
0
  0
LINE
  5
253
330
22
100
AcDbEntity
  8
F.Paste
  6
CONTINUOUS
100
AcDbLine
 10
124.8155659999999898
 20
-98.1115259999999978
 30
0
 11
124.719894999999994
 21
-98.1305559999999986
 31
0
  0
LINE
  5
254
330
22
100
AcDbEntity
  8
F.Paste
  6
CONTINUOUS
100
AcDbLine
 10
124.719894999999994
 20
-98.1305559999999986
 30
0
 11
123.469894999999994
 21
-98.1305559999999986
 31
0
  0
LINE
  5
255
330
22
100
AcDbEntity
  8
F.Paste
  6
CONTINUOUS
100
AcDbLine
 10
123.469894999999994
 20
-98.1305559999999986
 30
0
 11
123.3742239999999981
 21
-98.1115259999999978
 31
0
  0
LINE
  5
256
330
22
100
AcDbEntity
  8
F.Paste
  6
CONTINUOUS
100
AcDbLine
 10
123.3742239999999981
 20
-98.1115259999999978
 30
0
 11
123.2931179999999927
 21
-98.0573329999999999
 31
0
  0
LINE
  5
257
330
22
100
AcDbEntity
  8
F.Paste
  6
CONTINUOUS
100
AcDbLine
 10
123.2931179999999927
 20
-98.0573329999999999
 30
0
 11
123.2389249999999947
 21
-97.9762269999999944
 31
0
  0
LINE
  5
258
330
22
100
AcDbEntity
  8
F.Paste
  6
CONTINUOUS
100
AcDbLine
 10
123.2389249999999947
 20
-97.9762269999999944
 30
0
 11
123.219894999999994
 21
-97.8805559999999986
 31
0
  0
LINE
  5
259
330
22
100
AcDbEntity
  8
F.Paste
  6
CONTINUOUS
100
AcDbLine
 10
123.219894999999994
 20
-97.8805559999999986
 30
0
 11
123.219894999999994
 21
-97.0805560000000014
 31
0
  0
LINE
  5
25A
330
22
100
AcDbEntity
  8
F.Paste
  6
CONTINUOUS
100
AcDbLine
 10
123.219894999999994
 20
-97.0805560000000014
 30
0
 11
123.2389249999999947
 21
-96.9848849999999914
 31
0
  0
LINE
  5
25B
330
22
100
AcDbEntity
  8
F.Paste
  6
CONTINUOUS
100
AcDbLine
 10
123.2389249999999947
 20
-96.9848849999999914
 30
0
 11
123.2931179999999927
 21
-96.9037790000000001
 31
0
  0
LINE
  5
25C
330
22
100
AcDbEntity
  8
F.Paste
  6
CONTINUOUS
100
AcDbLine
 10
123.2931179999999927
 20
-96.9037790000000001
 30
0
 11
123.3742239999999981
 21
-96.8495860000000022
 31
0
  0
LINE
  5
25D
330
22
100
AcDbEntity
  8
F.Paste
  6
CONTINUOUS
100
AcDbLine
 10
123.3742239999999981
 20
-96.8495860000000022
 30
0
 11
123.469894999999994
 21
-96.8305560000000014
 31
0
  0
LINE
  5
25E
330
22
100
AcDbEntity
  8
F.Paste
  6
CONTINUOUS
100
AcDbLine
 10
123.469894999999994
 20
-96.8305560000000014
 30
0
 11
124.719894999999994
 21
-96.8305560000000014
 31
0
  0
LINE
  5
25F
330
22
100
AcDbEntity
  8
F.Paste
  6
CONTINUOUS
100
AcDbLine
 10
124.719894999999994
 20
-96.8305560000000014
 30
0
 11
124.8155659999999898
 21
-96.8495860000000022
 31
0
  0
LINE
  5
260
330
22
100
AcDbEntity
  8
F.Paste
  6
CONTINUOUS
100
AcDbLine
 10
135.7420919999999853
 20
-96.8468079999999958
 30
0
 11
135.8231979999999908
 21
-96.9010009999999937
 31
0
  0
LINE
  5
261
330
22
100
AcDbEntity
  8
F.Paste
  6
CONTINUOUS
100
AcDbLine
 10
135.8231979999999908
 20
-96.9010009999999937
 30
0
 11
135.8773909999999887
 21
-96.9821069999999992
 31
0
  0
LINE
  5
262
330
22
100
AcDbEntity
  8
F.Paste
  6
CONTINUOUS
100
AcDbLine
 10
135.8773909999999887
 20
-96.9821069999999992
 30
0
 11
135.8964210000000037
 21
-97.077777999999995
 31
0
  0
LINE
  5
263
330
22
100
AcDbEntity
  8
F.Paste
  6
CONTINUOUS
100
AcDbLine
 10
135.8964210000000037
 20
-97.077777999999995
 30
0
 11
135.8964210000000037
 21
-97.8777779999999922
 31
0
  0
LINE
  5
264
330
22
100
AcDbEntity
  8
F.Paste
  6
CONTINUOUS
100
AcDbLine
 10
135.8964210000000037
 20
-97.8777779999999922
 30
0
 11
135.8773909999999887
 21
-97.9734490000000022
 31
0
  0
LINE
  5
265
330
22
100
AcDbEntity
  8
F.Paste
  6
CONTINUOUS
100
AcDbLine
 10
135.8773909999999887
 20
-97.9734490000000022
 30
0
 11
135.8231979999999908
 21
-98.0545549999999935
 31
0
  0
LINE
  5
266
330
22
100
AcDbEntity
  8
F.Paste
  6
CONTINUOUS
100
AcDbLine
 10
135.8231979999999908
 20
-98.0545549999999935
 30
0
 11
135.7420919999999853
 21
-98.1087479999999914
 31
0
  0
LINE
  5
267
330
22
100
AcDbEntity
  8
F.Paste
  6
CONTINUOUS
100
AcDbLine
 10
135.7420919999999853
 20
-98.1087479999999914
 30
0
 11
135.6464210000000037
 21
-98.1277779999999922
 31
0
  0
LINE
  5
268
330
22
100
AcDbEntity
  8
F.Paste
  6
CONTINUOUS
100
AcDbLine
 10
135.6464210000000037
 20
-98.1277779999999922
 30
0
 11
134.3964210000000037
 21
-98.1277779999999922
 31
0
  0
LINE
  5
269
330
22
100
AcDbEntity
  8
F.Paste
  6
CONTINUOUS
100
AcDbLine
 10
134.3964210000000037
 20
-98.1277779999999922
 30
0
 11
134.3007499999999936
 21
-98.1087479999999914
 31
0
  0
LINE
  5
26A
330
22
100
AcDbEntity
  8
F.Paste
  6
CONTINUOUS
100
AcDbLine
 10
134.3007499999999936
 20
-98.1087479999999914
 30
0
 11
134.2196439999999882
 21
-98.0545549999999935
 31
0
  0
LINE
  5
26B
330
22
100
AcDbEntity
  8
F.Paste
  6
CONTINUOUS
100
AcDbLine
 10
134.2196439999999882
 20
-98.0545549999999935
 30
0
 11
134.1654509999999902
 21
-97.9734490000000022
 31
0
  0
LINE
  5
26C
330
22
100
AcDbEntity
  8
F.Paste
  6
CONTINUOUS
100
AcDbLine
 10
134.1654509999999902
 20
-97.9734490000000022
 30
0
 11
134.1464210000000037
 21
-97.8777779999999922
 31
0
  0
LINE
  5
26D
330
22
100
AcDbEntity
  8
F.Paste
  6
CONTINUOUS
100
AcDbLine
 10
134.1464210000000037
 20
-97.8777779999999922
 30
0
 11
134.1464210000000037
 21
-97.077777999999995
 31
0
  0
LINE
  5
26E
330
22
100
AcDbEntity
  8
F.Paste
  6
CONTINUOUS
100
AcDbLine
 10
134.1464210000000037
 20
-97.077777999999995
 30
0
 11
134.1654509999999902
 21
-96.9821069999999992
 31
0
  0
LINE
  5
26F
330
22
100
AcDbEntity
  8
F.Paste
  6
CONTINUOUS
100
AcDbLine
 10
134.1654509999999902
 20
-96.9821069999999992
 30
0
 11
134.2196439999999882
 21
-96.9010009999999937
 31
0
  0
LINE
  5
270
330
22
100
AcDbEntity
  8
F.Paste
  6
CONTINUOUS
100
AcDbLine
 10
134.2196439999999882
 20
-96.9010009999999937
 30
0
 11
134.3007499999999936
 21
-96.8468079999999958
 31
0
  0
LINE
  5
271
330
22
100
AcDbEntity
  8
F.Paste
  6
CONTINUOUS
100
AcDbLine
 10
134.3007499999999936
 20
-96.8468079999999958
 30
0
 11
134.3964210000000037
 21
-96.827777999999995
 31
0
  0
LINE
  5
272
330
22
100
AcDbEntity
  8
F.Paste
  6
CONTINUOUS
100
AcDbLine
 10
134.3964210000000037
 20
-96.827777999999995
 30
0
 11
135.6464210000000037
 21
-96.827777999999995
 31
0
  0
LINE
  5
273
330
22
100
AcDbEntity
  8
F.Paste
  6
CONTINUOUS
100
AcDbLine
 10
135.6464210000000037
 20
-96.827777999999995
 30
0
 11
135.7420919999999853
 21
-96.8468079999999958
 31
0
  0
LINE
  5
274
330
22
100
AcDbEntity
  8
F.Paste
  6
CONTINUOUS
100
AcDbLine
 10
152.1318819999999903
 20
-96.8440299999999894
 30
0
 11
152.2129879999999957
 21
-96.8982230000000015
 31
0
  0
LINE
  5
275
330
22
100
AcDbEntity
  8
F.Paste
  6
CONTINUOUS
100
AcDbLine
 10
152.2129879999999957
 20
-96.8982230000000015
 30
0
 11
152.2671809999999937
 21
-96.9793289999999928
 31
0
  0
LINE
  5
276
330
22
100
AcDbEntity
  8
F.Paste
  6
CONTINUOUS
100
AcDbLine
 10
152.2671809999999937
 20
-96.9793289999999928
 30
0
 11
152.2862109999999802
 21
-97.0749999999999886
 31
0
  0
LINE
  5
277
330
22
100
AcDbEntity
  8
F.Paste
  6
CONTINUOUS
100
AcDbLine
 10
152.2862109999999802
 20
-97.0749999999999886
 30
0
 11
152.2862109999999802
 21
-97.875
 31
0
  0
LINE
  5
278
330
22
100
AcDbEntity
  8
F.Paste
  6
CONTINUOUS
100
AcDbLine
 10
152.2862109999999802
 20
-97.875
 30
0
 11
152.2671809999999937
 21
-97.9706709999999958
 31
0
  0
LINE
  5
279
330
22
100
AcDbEntity
  8
F.Paste
  6
CONTINUOUS
100
AcDbLine
 10
152.2671809999999937
 20
-97.9706709999999958
 30
0
 11
152.2129879999999957
 21
-98.0517770000000013
 31
0
  0
LINE
  5
27A
330
22
100
AcDbEntity
  8
F.Paste
  6
CONTINUOUS
100
AcDbLine
 10
152.2129879999999957
 20
-98.0517770000000013
 30
0
 11
152.1318819999999903
 21
-98.1059699999999992
 31
0
  0
LINE
  5
27B
330
22
100
AcDbEntity
  8
F.Paste
  6
CONTINUOUS
100
AcDbLine
 10
152.1318819999999903
 20
-98.1059699999999992
 30
0
 11
152.0362109999999802
 21
-98.125
 31
0
  0
LINE
  5
27C
330
22
100
AcDbEntity
  8
F.Paste
  6
CONTINUOUS
100
AcDbLine
 10
152.0362109999999802
 20
-98.125
 30
0
 11
150.7862109999999802
 21
-98.125
 31
0
  0
LINE
  5
27D
330
22
100
AcDbEntity
  8
F.Paste
  6
CONTINUOUS
100
AcDbLine
 10
150.7862109999999802
 20
-98.125
 30
0
 11
150.6905399999999986
 21
-98.1059699999999992
 31
0
  0
LINE
  5
27E
330
22
100
AcDbEntity
  8
F.Paste
  6
CONTINUOUS
100
AcDbLine
 10
150.6905399999999986
 20
-98.1059699999999992
 30
0
 11
150.6094339999999931
 21
-98.0517770000000013
 31
0
  0
LINE
  5
27F
330
22
100
AcDbEntity
  8
F.Paste
  6
CONTINUOUS
100
AcDbLine
 10
150.6094339999999931
 20
-98.0517770000000013
 30
0
 11
150.5552409999999952
 21
-97.9706709999999958
 31
0
  0
LINE
  5
280
330
22
100
AcDbEntity
  8
F.Paste
  6
CONTINUOUS
100
AcDbLine
 10
150.5552409999999952
 20
-97.9706709999999958
 30
0
 11
150.5362109999999802
 21
-97.875
 31
0
  0
LINE
  5
281
330
22
100
AcDbEntity
  8
F.Paste
  6
CONTINUOUS
100
AcDbLine
 10
150.5362109999999802
 20
-97.875
 30
0
 11
150.5362109999999802
 21
-97.0749999999999886
 31
0
  0
LINE
  5
282
330
22
100
AcDbEntity
  8
F.Paste
  6
CONTINUOUS
100
AcDbLine
 10
150.5362109999999802
 20
-97.0749999999999886
 30
0
 11
150.5552409999999952
 21
-96.9793289999999928
 31
0
  0
LINE
  5
283
330
22
100
AcDbEntity
  8
F.Paste
  6
CONTINUOUS
100
AcDbLine
 10
150.5552409999999952
 20
-96.9793289999999928
 30
0
 11
150.6094339999999931
 21
-96.8982230000000015
 31
0
  0
LINE
  5
284
330
22
100
AcDbEntity
  8
F.Paste
  6
CONTINUOUS
100
AcDbLine
 10
150.6094339999999931
 20
-96.8982230000000015
 30
0
 11
150.6905399999999986
 21
-96.8440299999999894
 31
0
  0
LINE
  5
285
330
22
100
AcDbEntity
  8
F.Paste
  6
CONTINUOUS
100
AcDbLine
 10
150.6905399999999986
 20
-96.8440299999999894
 30
0
 11
150.7862109999999802
 21
-96.8249999999999886
 31
0
  0
LINE
  5
286
330
22
100
AcDbEntity
  8
F.Paste
  6
CONTINUOUS
100
AcDbLine
 10
150.7862109999999802
 20
-96.8249999999999886
 30
0
 11
152.0362109999999802
 21
-96.8249999999999886
 31
0
  0
LINE
  5
287
330
22
100
AcDbEntity
  8
F.Paste
  6
CONTINUOUS
100
AcDbLine
 10
152.0362109999999802
 20
-96.8249999999999886
 30
0
 11
152.1318819999999903
 21
-96.8440299999999894
 31
0
  0
LINE
  5
288
330
22
100
AcDbEntity
  8
F.Paste
  6
CONTINUOUS
100
AcDbLine
 10
157.5951450000000023
 20
-96.8412519999999972
 30
0
 11
157.6762509999999793
 21
-96.8954449999999952
 31
0
  0
LINE
  5
289
330
22
100
AcDbEntity
  8
F.Paste
  6
CONTINUOUS
100
AcDbLine
 10
157.6762509999999793
 20
-96.8954449999999952
 30
0
 11
157.7304440000000056
 21
-96.9765510000000006
 31
0
  0
LINE
  5
28A
330
22
100
AcDbEntity
  8
F.Paste
  6
CONTINUOUS
100
AcDbLine
 10
157.7304440000000056
 20
-96.9765510000000006
 30
0
 11
157.7494739999999922
 21
-97.0722219999999965
 31
0
  0
LINE
  5
28B
330
22
100
AcDbEntity
  8
F.Paste
  6
CONTINUOUS
100
AcDbLine
 10
157.7494739999999922
 20
-97.0722219999999965
 30
0
 11
157.7494739999999922
 21
-97.8722219999999936
 31
0
  0
LINE
  5
28C
330
22
100
AcDbEntity
  8
F.Paste
  6
CONTINUOUS
100
AcDbLine
 10
157.7494739999999922
 20
-97.8722219999999936
 30
0
 11
157.7304440000000056
 21
-97.9678929999999895
 31
0
  0
LINE
  5
28D
330
22
100
AcDbEntity
  8
F.Paste
  6
CONTINUOUS
100
AcDbLine
 10
157.7304440000000056
 20
-97.9678929999999895
 30
0
 11
157.6762509999999793
 21
-98.0489989999999949
 31
0
  0
LINE
  5
28E
330
22
100
AcDbEntity
  8
F.Paste
  6
CONTINUOUS
100
AcDbLine
 10
157.6762509999999793
 20
-98.0489989999999949
 30
0
 11
157.5951450000000023
 21
-98.1031919999999928
 31
0
  0
LINE
  5
28F
330
22
100
AcDbEntity
  8
F.Paste
  6
CONTINUOUS
100
AcDbLine
 10
157.5951450000000023
 20
-98.1031919999999928
 30
0
 11
157.4994739999999922
 21
-98.1222219999999936
 31
0
  0
LINE
  5
290
330
22
100
AcDbEntity
  8
F.Paste
  6
CONTINUOUS
100
AcDbLine
 10
157.4994739999999922
 20
-98.1222219999999936
 30
0
 11
156.2494739999999922
 21
-98.1222219999999936
 31
0
  0
LINE
  5
291
330
22
100
AcDbEntity
  8
F.Paste
  6
CONTINUOUS
100
AcDbLine
 10
156.2494739999999922
 20
-98.1222219999999936
 30
0
 11
156.1538029999999821
 21
-98.1031919999999928
 31
0
  0
LINE
  5
292
330
22
100
AcDbEntity
  8
F.Paste
  6
CONTINUOUS
100
AcDbLine
 10
156.1538029999999821
 20
-98.1031919999999928
 30
0
 11
156.0726970000000051
 21
-98.0489989999999949
 31
0
  0
LINE
  5
293
330
22
100
AcDbEntity
  8
F.Paste
  6
CONTINUOUS
100
AcDbLine
 10
156.0726970000000051
 20
-98.0489989999999949
 30
0
 11
156.0185039999999788
 21
-97.9678929999999895
 31
0
  0
LINE
  5
294
330
22
100
AcDbEntity
  8
F.Paste
  6
CONTINUOUS
100
AcDbLine
 10
156.0185039999999788
 20
-97.9678929999999895
 30
0
 11
155.9994739999999922
 21
-97.8722219999999936
 31
0
  0
LINE
  5
295
330
22
100
AcDbEntity
  8
F.Paste
  6
CONTINUOUS
100
AcDbLine
 10
155.9994739999999922
 20
-97.8722219999999936
 30
0
 11
155.9994739999999922
 21
-97.0722219999999965
 31
0
  0
LINE
  5
296
330
22
100
AcDbEntity
  8
F.Paste
  6
CONTINUOUS
100
AcDbLine
 10
155.9994739999999922
 20
-97.0722219999999965
 30
0
 11
156.0185039999999788
 21
-96.9765510000000006
 31
0
  0
LINE
  5
297
330
22
100
AcDbEntity
  8
F.Paste
  6
CONTINUOUS
100
AcDbLine
 10
156.0185039999999788
 20
-96.9765510000000006
 30
0
 11
156.0726970000000051
 21
-96.8954449999999952
 31
0
  0
LINE
  5
298
330
22
100
AcDbEntity
  8
F.Paste
  6
CONTINUOUS
100
AcDbLine
 10
156.0726970000000051
 20
-96.8954449999999952
 30
0
 11
156.1538029999999821
 21
-96.8412519999999972
 31
0
  0
LINE
  5
299
330
22
100
AcDbEntity
  8
F.Paste
  6
CONTINUOUS
100
AcDbLine
 10
156.1538029999999821
 20
-96.8412519999999972
 30
0
 11
156.2494739999999922
 21
-96.8222219999999965
 31
0
  0
LINE
  5
29A
330
22
100
AcDbEntity
  8
F.Paste
  6
CONTINUOUS
100
AcDbLine
 10
156.2494739999999922
 20
-96.8222219999999965
 30
0
 11
157.4994739999999922
 21
-96.8222219999999965
 31
0
  0
LINE
  5
29B
330
22
100
AcDbEntity
  8
F.Paste
  6
CONTINUOUS
100
AcDbLine
 10
157.4994739999999922
 20
-96.8222219999999965
 30
0
 11
157.5951450000000023
 21
-96.8412519999999972
 31
0
  0
LINE
  5
29C
330
22
100
AcDbEntity
  8
F.Paste
  6
CONTINUOUS
100
AcDbLine
 10
168.5216709999999978
 20
-96.8384739999999908
 30
0
 11
168.6027770000000032
 21
-96.8926669999999888
 31
0
  0
LINE
  5
29D
330
22
100
AcDbEntity
  8
F.Paste
  6
CONTINUOUS
100
AcDbLine
 10
168.6027770000000032
 20
-96.8926669999999888
 30
0
 11
168.6569700000000012
 21
-96.9737729999999942
 31
0
  0
LINE
  5
29E
330
22
100
AcDbEntity
  8
F.Paste
  6
CONTINUOUS
100
AcDbLine
 10
168.6569700000000012
 20
-96.9737729999999942
 30
0
 11
168.6759999999999877
 21
-97.0694439999999901
 31
0
  0
LINE
  5
29F
330
22
100
AcDbEntity
  8
F.Paste
  6
CONTINUOUS
100
AcDbLine
 10
168.6759999999999877
 20
-97.0694439999999901
 30
0
 11
168.6759999999999877
 21
-97.8694440000000014
 31
0
  0
LINE
  5
2A0
330
22
100
AcDbEntity
  8
F.Paste
  6
CONTINUOUS
100
AcDbLine
 10
168.6759999999999877
 20
-97.8694440000000014
 30
0
 11
168.6569700000000012
 21
-97.9651149999999973
 31
0
  0
LINE
  5
2A1
330
22
100
AcDbEntity
  8
F.Paste
  6
CONTINUOUS
100
AcDbLine
 10
168.6569700000000012
 20
-97.9651149999999973
 30
0
 11
168.6027770000000032
 21
-98.0462209999999885
 31
0
  0
LINE
  5
2A2
330
22
100
AcDbEntity
  8
F.Paste
  6
CONTINUOUS
100
AcDbLine
 10
168.6027770000000032
 20
-98.0462209999999885
 30
0
 11
168.5216709999999978
 21
-98.1004140000000007
 31
0
  0
LINE
  5
2A3
330
22
100
AcDbEntity
  8
F.Paste
  6
CONTINUOUS
100
AcDbLine
 10
168.5216709999999978
 20
-98.1004140000000007
 30
0
 11
168.4259999999999877
 21
-98.1194440000000014
 31
0
  0
LINE
  5
2A4
330
22
100
AcDbEntity
  8
F.Paste
  6
CONTINUOUS
100
AcDbLine
 10
168.4259999999999877
 20
-98.1194440000000014
 30
0
 11
167.1759999999999877
 21
-98.1194440000000014
 31
0
  0
LINE
  5
2A5
330
22
100
AcDbEntity
  8
F.Paste
  6
CONTINUOUS
100
AcDbLine
 10
167.1759999999999877
 20
-98.1194440000000014
 30
0
 11
167.0803290000000061
 21
-98.1004140000000007
 31
0
  0
LINE
  5
2A6
330
22
100
AcDbEntity
  8
F.Paste
  6
CONTINUOUS
100
AcDbLine
 10
167.0803290000000061
 20
-98.1004140000000007
 30
0
 11
166.9992230000000006
 21
-98.0462209999999885
 31
0
  0
LINE
  5
2A7
330
22
100
AcDbEntity
  8
F.Paste
  6
CONTINUOUS
100
AcDbLine
 10
166.9992230000000006
 20
-98.0462209999999885
 30
0
 11
166.9450300000000027
 21
-97.9651149999999973
 31
0
  0
LINE
  5
2A8
330
22
100
AcDbEntity
  8
F.Paste
  6
CONTINUOUS
100
AcDbLine
 10
166.9450300000000027
 20
-97.9651149999999973
 30
0
 11
166.9259999999999877
 21
-97.8694440000000014
 31
0
  0
LINE
  5
2A9
330
22
100
AcDbEntity
  8
F.Paste
  6
CONTINUOUS
100
AcDbLine
 10
166.9259999999999877
 20
-97.8694440000000014
 30
0
 11
166.9259999999999877
 21
-97.0694439999999901
 31
0
  0
LINE
  5
2AA
330
22
100
AcDbEntity
  8
F.Paste
  6
CONTINUOUS
100
AcDbLine
 10
166.9259999999999877
 20
-97.0694439999999901
 30
0
 11
166.9450300000000027
 21
-96.9737729999999942
 31
0
  0
LINE
  5
2AB
330
22
100
AcDbEntity
  8
F.Paste
  6
CONTINUOUS
100
AcDbLine
 10
166.9450300000000027
 20
-96.9737729999999942
 30
0
 11
166.9992230000000006
 21
-96.8926669999999888
 31
0
  0
LINE
  5
2AC
330
22
100
AcDbEntity
  8
F.Paste
  6
CONTINUOUS
100
AcDbLine
 10
166.9992230000000006
 20
-96.8926669999999888
 30
0
 11
167.0803290000000061
 21
-96.8384739999999908
 31
0
  0
LINE
  5
2AD
330
22
100
AcDbEntity
  8
F.Paste
  6
CONTINUOUS
100
AcDbLine
 10
167.0803290000000061
 20
-96.8384739999999908
 30
0
 11
167.1759999999999877
 21
-96.8194439999999901
 31
0
  0
LINE
  5
2AE
330
22
100
AcDbEntity
  8
F.Paste
  6
CONTINUOUS
100
AcDbLine
 10
167.1759999999999877
 20
-96.8194439999999901
 30
0
 11
168.4259999999999877
 21
-96.8194439999999901
 31
0
  0
LINE
  5
2AF
330
22
100
AcDbEntity
  8
F.Paste
  6
CONTINUOUS
100
AcDbLine
 10
168.4259999999999877
 20
-96.8194439999999901
 30
0
 11
168.5216709999999978
 21
-96.8384739999999908
 31
0
  0
LINE
  5
2B0
330
22
100
AcDbEntity
  8
F.Paste
  6
CONTINUOUS
100
AcDbLine
 10
127.547196999999997
 20
-96.8356969999999961
 30
0
 11
127.6283029999999883
 21
-96.8898899999999941
 31
0
  0
LINE
  5
2B1
330
22
100
AcDbEntity
  8
F.Paste
  6
CONTINUOUS
100
AcDbLine
 10
127.6283029999999883
 20
-96.8898899999999941
 30
0
 11
127.6824960000000004
 21
-96.9709959999999995
 31
0
  0
LINE
  5
2B2
330
22
100
AcDbEntity
  8
F.Paste
  6
CONTINUOUS
100
AcDbLine
 10
127.6824960000000004
 20
-96.9709959999999995
 30
0
 11
127.7015260000000012
 21
-97.0666669999999954
 31
0
  0
LINE
  5
2B3
330
22
100
AcDbEntity
  8
F.Paste
  6
CONTINUOUS
100
AcDbLine
 10
127.7015260000000012
 20
-97.0666669999999954
 30
0
 11
127.7015260000000012
 21
-97.8666669999999925
 31
0
  0
LINE
  5
2B4
330
22
100
AcDbEntity
  8
F.Paste
  6
CONTINUOUS
100
AcDbLine
 10
127.7015260000000012
 20
-97.8666669999999925
 30
0
 11
127.6824960000000004
 21
-97.9623380000000026
 31
0
  0
LINE
  5
2B5
330
22
100
AcDbEntity
  8
F.Paste
  6
CONTINUOUS
100
AcDbLine
 10
127.6824960000000004
 20
-97.9623380000000026
 30
0
 11
127.6283029999999883
 21
-98.0434439999999938
 31
0
  0
LINE
  5
2B6
330
22
100
AcDbEntity
  8
F.Paste
  6
CONTINUOUS
100
AcDbLine
 10
127.6283029999999883
 20
-98.0434439999999938
 30
0
 11
127.547196999999997
 21
-98.0976369999999918
 31
0
  0
LINE
  5
2B7
330
22
100
AcDbEntity
  8
F.Paste
  6
CONTINUOUS
100
AcDbLine
 10
127.547196999999997
 20
-98.0976369999999918
 30
0
 11
127.4515260000000012
 21
-98.1166669999999925
 31
0
  0
LINE
  5
2B8
330
22
100
AcDbEntity
  8
F.Paste
  6
CONTINUOUS
100
AcDbLine
 10
127.4515260000000012
 20
-98.1166669999999925
 30
0
 11
126.2015260000000012
 21
-98.1166669999999925
 31
0
  0
LINE
  5
2B9
330
22
100
AcDbEntity
  8
F.Paste
  6
CONTINUOUS
100
AcDbLine
 10
126.2015260000000012
 20
-98.1166669999999925
 30
0
 11
126.1058549999999912
 21
-98.0976369999999918
 31
0
  0
LINE
  5
2BA
330
22
100
AcDbEntity
  8
F.Paste
  6
CONTINUOUS
100
AcDbLine
 10
126.1058549999999912
 20
-98.0976369999999918
 30
0
 11
126.0247489999999999
 21
-98.0434439999999938
 31
0
  0
LINE
  5
2BB
330
22
100
AcDbEntity
  8
F.Paste
  6
CONTINUOUS
100
AcDbLine
 10
126.0247489999999999
 20
-98.0434439999999938
 30
0
 11
125.9705559999999878
 21
-97.9623380000000026
 31
0
  0
LINE
  5
2BC
330
22
100
AcDbEntity
  8
F.Paste
  6
CONTINUOUS
100
AcDbLine
 10
125.9705559999999878
 20
-97.9623380000000026
 30
0
 11
125.9515260000000012
 21
-97.8666669999999925
 31
0
  0
LINE
  5
2BD
330
22
100
AcDbEntity
  8
F.Paste
  6
CONTINUOUS
100
AcDbLine
 10
125.9515260000000012
 20
-97.8666669999999925
 30
0
 11
125.9515260000000012
 21
-97.0666669999999954
 31
0
  0
LINE
  5
2BE
330
22
100
AcDbEntity
  8
F.Paste
  6
CONTINUOUS
100
AcDbLine
 10
125.9515260000000012
 20
-97.0666669999999954
 30
0
 11
125.9705559999999878
 21
-96.9709959999999995
 31
0
  0
LINE
  5
2BF
330
22
100
AcDbEntity
  8
F.Paste
  6
CONTINUOUS
100
AcDbLine
 10
125.9705559999999878
 20
-96.9709959999999995
 30
0
 11
126.0247489999999999
 21
-96.8898899999999941
 31
0
  0
LINE
  5
2C0
330
22
100
AcDbEntity
  8
F.Paste
  6
CONTINUOUS
100
AcDbLine
 10
126.0247489999999999
 20
-96.8898899999999941
 30
0
 11
126.1058549999999912
 21
-96.8356969999999961
 31
0
  0
LINE
  5
2C1
330
22
100
AcDbEntity
  8
F.Paste
  6
CONTINUOUS
100
AcDbLine
 10
126.1058549999999912
 20
-96.8356969999999961
 30
0
 11
126.2015260000000012
 21
-96.8166669999999954
 31
0
  0
LINE
  5
2C2
330
22
100
AcDbEntity
  8
F.Paste
  6
CONTINUOUS
100
AcDbLine
 10
126.2015260000000012
 20
-96.8166669999999954
 30
0
 11
127.4515260000000012
 21
-96.8166669999999954
 31
0
  0
LINE
  5
2C3
330
22
100
AcDbEntity
  8
F.Paste
  6
CONTINUOUS
100
AcDbLine
 10
127.4515260000000012
 20
-96.8166669999999954
 30
0
 11
127.547196999999997
 21
-96.8356969999999961
 31
0
  0
LINE
  5
2C4
330
22
100
AcDbEntity
  8
F.Paste
  6
CONTINUOUS
100
AcDbLine
 10
165.7900389999999788
 20
-96.8329189999999898
 30
0
 11
165.8711449999999843
 21
-96.8871120000000019
 31
0
  0
LINE
  5
2C5
330
22
100
AcDbEntity
  8
F.Paste
  6
CONTINUOUS
100
AcDbLine
 10
165.8711449999999843
 20
-96.8871120000000019
 30
0
 11
165.9253379999999822
 21
-96.9682179999999931
 31
0
  0
LINE
  5
2C6
330
22
100
AcDbEntity
  8
F.Paste
  6
CONTINUOUS
100
AcDbLine
 10
165.9253379999999822
 20
-96.9682179999999931
 30
0
 11
165.9443679999999972
 21
-97.063888999999989
 31
0
  0
LINE
  5
2C7
330
22
100
AcDbEntity
  8
F.Paste
  6
CONTINUOUS
100
AcDbLine
 10
165.9443679999999972
 20
-97.063888999999989
 30
0
 11
165.9443679999999972
 21
-97.8638890000000004
 31
0
  0
LINE
  5
2C8
330
22
100
AcDbEntity
  8
F.Paste
  6
CONTINUOUS
100
AcDbLine
 10
165.9443679999999972
 20
-97.8638890000000004
 30
0
 11
165.9253379999999822
 21
-97.9595599999999962
 31
0
  0
LINE
  5
2C9
330
22
100
AcDbEntity
  8
F.Paste
  6
CONTINUOUS
100
AcDbLine
 10
165.9253379999999822
 20
-97.9595599999999962
 30
0
 11
165.8711449999999843
 21
-98.0406660000000016
 31
0
  0
LINE
  5
2CA
330
22
100
AcDbEntity
  8
F.Paste
  6
CONTINUOUS
100
AcDbLine
 10
165.8711449999999843
 20
-98.0406660000000016
 30
0
 11
165.7900389999999788
 21
-98.0948589999999996
 31
0
  0
LINE
  5
2CB
330
22
100
AcDbEntity
  8
F.Paste
  6
CONTINUOUS
100
AcDbLine
 10
165.7900389999999788
 20
-98.0948589999999996
 30
0
 11
165.6943679999999972
 21
-98.1138890000000004
 31
0
  0
LINE
  5
2CC
330
22
100
AcDbEntity
  8
F.Paste
  6
CONTINUOUS
100
AcDbLine
 10
165.6943679999999972
 20
-98.1138890000000004
 30
0
 11
164.4443679999999972
 21
-98.1138890000000004
 31
0
  0
LINE
  5
2CD
330
22
100
AcDbEntity
  8
F.Paste
  6
CONTINUOUS
100
AcDbLine
 10
164.4443679999999972
 20
-98.1138890000000004
 30
0
 11
164.3486969999999872
 21
-98.0948589999999996
 31
0
  0
LINE
  5
2CE
330
22
100
AcDbEntity
  8
F.Paste
  6
CONTINUOUS
100
AcDbLine
 10
164.3486969999999872
 20
-98.0948589999999996
 30
0
 11
164.2675909999999817
 21
-98.0406660000000016
 31
0
  0
LINE
  5
2CF
330
22
100
AcDbEntity
  8
F.Paste
  6
CONTINUOUS
100
AcDbLine
 10
164.2675909999999817
 20
-98.0406660000000016
 30
0
 11
164.2133979999999838
 21
-97.9595599999999962
 31
0
  0
LINE
  5
2D0
330
22
100
AcDbEntity
  8
F.Paste
  6
CONTINUOUS
100
AcDbLine
 10
164.2133979999999838
 20
-97.9595599999999962
 30
0
 11
164.1943679999999972
 21
-97.8638890000000004
 31
0
  0
LINE
  5
2D1
330
22
100
AcDbEntity
  8
F.Paste
  6
CONTINUOUS
100
AcDbLine
 10
164.1943679999999972
 20
-97.8638890000000004
 30
0
 11
164.1943679999999972
 21
-97.063888999999989
 31
0
  0
LINE
  5
2D2
330
22
100
AcDbEntity
  8
F.Paste
  6
CONTINUOUS
100
AcDbLine
 10
164.1943679999999972
 20
-97.063888999999989
 30
0
 11
164.2133979999999838
 21
-96.9682179999999931
 31
0
  0
LINE
  5
2D3
330
22
100
AcDbEntity
  8
F.Paste
  6
CONTINUOUS
100
AcDbLine
 10
164.2133979999999838
 20
-96.9682179999999931
 30
0
 11
164.2675909999999817
 21
-96.8871120000000019
 31
0
  0
LINE
  5
2D4
330
22
100
AcDbEntity
  8
F.Paste
  6
CONTINUOUS
100
AcDbLine
 10
164.2675909999999817
 20
-96.8871120000000019
 30
0
 11
164.3486969999999872
 21
-96.8329189999999898
 31
0
  0
LINE
  5
2D5
330
22
100
AcDbEntity
  8
F.Paste
  6
CONTINUOUS
100
AcDbLine
 10
164.3486969999999872
 20
-96.8329189999999898
 30
0
 11
164.4443679999999972
 21
-96.813888999999989
 31
0
  0
LINE
  5
2D6
330
22
100
AcDbEntity
  8
F.Paste
  6
CONTINUOUS
100
AcDbLine
 10
164.4443679999999972
 20
-96.813888999999989
 30
0
 11
165.6943679999999972
 21
-96.813888999999989
 31
0
  0
LINE
  5
2D7
330
22
100
AcDbEntity
  8
F.Paste
  6
CONTINUOUS
100
AcDbLine
 10
165.6943679999999972
 20
-96.813888999999989
 30
0
 11
165.7900389999999788
 21
-96.8329189999999898
 31
0
  0
LINE
  5
2D8
330
22
100
AcDbEntity
  8
F.Paste
  6
CONTINUOUS
100
AcDbLine
 10
130.2788290000000018
 20
-96.8301409999999976
 30
0
 11
130.3599350000000072
 21
-96.8843339999999955
 31
0
  0
LINE
  5
2D9
330
22
100
AcDbEntity
  8
F.Paste
  6
CONTINUOUS
100
AcDbLine
 10
130.3599350000000072
 20
-96.8843339999999955
 30
0
 11
130.4141280000000052
 21
-96.965440000000001
 31
0
  0
LINE
  5
2DA
330
22
100
AcDbEntity
  8
F.Paste
  6
CONTINUOUS
100
AcDbLine
 10
130.4141280000000052
 20
-96.965440000000001
 30
0
 11
130.4331579999999917
 21
-97.0611109999999968
 31
0
  0
LINE
  5
2DB
330
22
100
AcDbEntity
  8
F.Paste
  6
CONTINUOUS
100
AcDbLine
 10
130.4331579999999917
 20
-97.0611109999999968
 30
0
 11
130.4331579999999917
 21
-97.861110999999994
 31
0
  0
LINE
  5
2DC
330
22
100
AcDbEntity
  8
F.Paste
  6
CONTINUOUS
100
AcDbLine
 10
130.4331579999999917
 20
-97.861110999999994
 30
0
 11
130.4141280000000052
 21
-97.9567819999999898
 31
0
  0
LINE
  5
2DD
330
22
100
AcDbEntity
  8
F.Paste
  6
CONTINUOUS
100
AcDbLine
 10
130.4141280000000052
 20
-97.9567819999999898
 30
0
 11
130.3599350000000072
 21
-98.0378879999999953
 31
0
  0
LINE
  5
2DE
330
22
100
AcDbEntity
  8
F.Paste
  6
CONTINUOUS
100
AcDbLine
 10
130.3599350000000072
 20
-98.0378879999999953
 30
0
 11
130.2788290000000018
 21
-98.0920809999999932
 31
0
  0
LINE
  5
2DF
330
22
100
AcDbEntity
  8
F.Paste
  6
CONTINUOUS
100
AcDbLine
 10
130.2788290000000018
 20
-98.0920809999999932
 30
0
 11
130.1831579999999917
 21
-98.111110999999994
 31
0
  0
LINE
  5
2E0
330
22
100
AcDbEntity
  8
F.Paste
  6
CONTINUOUS
100
AcDbLine
 10
130.1831579999999917
 20
-98.111110999999994
 30
0
 11
128.9331579999999917
 21
-98.111110999999994
 31
0
  0
LINE
  5
2E1
330
22
100
AcDbEntity
  8
F.Paste
  6
CONTINUOUS
100
AcDbLine
 10
128.9331579999999917
 20
-98.111110999999994
 30
0
 11
128.8374869999999817
 21
-98.0920809999999932
 31
0
  0
LINE
  5
2E2
330
22
100
AcDbEntity
  8
F.Paste
  6
CONTINUOUS
100
AcDbLine
 10
128.8374869999999817
 20
-98.0920809999999932
 30
0
 11
128.7563810000000046
 21
-98.0378879999999953
 31
0
  0
LINE
  5
2E3
330
22
100
AcDbEntity
  8
F.Paste
  6
CONTINUOUS
100
AcDbLine
 10
128.7563810000000046
 20
-98.0378879999999953
 30
0
 11
128.7021880000000067
 21
-97.9567819999999898
 31
0
  0
LINE
  5
2E4
330
22
100
AcDbEntity
  8
F.Paste
  6
CONTINUOUS
100
AcDbLine
 10
128.7021880000000067
 20
-97.9567819999999898
 30
0
 11
128.6831579999999917
 21
-97.861110999999994
 31
0
  0
LINE
  5
2E5
330
22
100
AcDbEntity
  8
F.Paste
  6
CONTINUOUS
100
AcDbLine
 10
128.6831579999999917
 20
-97.861110999999994
 30
0
 11
128.6831579999999917
 21
-97.0611109999999968
 31
0
  0
LINE
  5
2E6
330
22
100
AcDbEntity
  8
F.Paste
  6
CONTINUOUS
100
AcDbLine
 10
128.6831579999999917
 20
-97.0611109999999968
 30
0
 11
128.7021880000000067
 21
-96.965440000000001
 31
0
  0
LINE
  5
2E7
330
22
100
AcDbEntity
  8
F.Paste
  6
CONTINUOUS
100
AcDbLine
 10
128.7021880000000067
 20
-96.965440000000001
 30
0
 11
128.7563810000000046
 21
-96.8843339999999955
 31
0
  0
LINE
  5
2E8
330
22
100
AcDbEntity
  8
F.Paste
  6
CONTINUOUS
100
AcDbLine
 10
128.7563810000000046
 20
-96.8843339999999955
 30
0
 11
128.8374869999999817
 21
-96.8301409999999976
 31
0
  0
LINE
  5
2E9
330
22
100
AcDbEntity
  8
F.Paste
  6
CONTINUOUS
100
AcDbLine
 10
128.8374869999999817
 20
-96.8301409999999976
 30
0
 11
128.9331579999999917
 21
-96.8111109999999968
 31
0
  0
LINE
  5
2EA
330
22
100
AcDbEntity
  8
F.Paste
  6
CONTINUOUS
100
AcDbLine
 10
128.9331579999999917
 20
-96.8111109999999968
 30
0
 11
130.1831579999999917
 21
-96.8111109999999968
 31
0
  0
LINE
  5
2EB
330
22
100
AcDbEntity
  8
F.Paste
  6
CONTINUOUS
100
AcDbLine
 10
130.1831579999999917
 20
-96.8111109999999968
 30
0
 11
130.2788290000000018
 21
-96.8301409999999976
 31
0
  0
LINE
  5
2EC
330
22
100
AcDbEntity
  8
F.Paste
  6
CONTINUOUS
100
AcDbLine
 10
138.4737240000000043
 20
-96.8273629999999912
 30
0
 11
138.5548299999999813
 21
-96.8815559999999891
 31
0
  0
LINE
  5
2ED
330
22
100
AcDbEntity
  8
F.Paste
  6
CONTINUOUS
100
AcDbLine
 10
138.5548299999999813
 20
-96.8815559999999891
 30
0
 11
138.6090230000000076
 21
-96.9626619999999946
 31
0
  0
LINE
  5
2EE
330
22
100
AcDbEntity
  8
F.Paste
  6
CONTINUOUS
100
AcDbLine
 10
138.6090230000000076
 20
-96.9626619999999946
 30
0
 11
138.6280529999999942
 21
-97.0583329999999904
 31
0
  0
LINE
  5
2EF
330
22
100
AcDbEntity
  8
F.Paste
  6
CONTINUOUS
100
AcDbLine
 10
138.6280529999999942
 20
-97.0583329999999904
 30
0
 11
138.6280529999999942
 21
-97.8583330000000018
 31
0
  0
LINE
  5
2F0
330
22
100
AcDbEntity
  8
F.Paste
  6
CONTINUOUS
100
AcDbLine
 10
138.6280529999999942
 20
-97.8583330000000018
 30
0
 11
138.6090230000000076
 21
-97.9540039999999976
 31
0
  0
LINE
  5
2F1
330
22
100
AcDbEntity
  8
F.Paste
  6
CONTINUOUS
100
AcDbLine
 10
138.6090230000000076
 20
-97.9540039999999976
 30
0
 11
138.5548299999999813
 21
-98.0351099999999889
 31
0
  0
LINE
  5
2F2
330
22
100
AcDbEntity
  8
F.Paste
  6
CONTINUOUS
100
AcDbLine
 10
138.5548299999999813
 20
-98.0351099999999889
 30
0
 11
138.4737240000000043
 21
-98.089303000000001
 31
0
  0
LINE
  5
2F3
330
22
100
AcDbEntity
  8
F.Paste
  6
CONTINUOUS
100
AcDbLine
 10
138.4737240000000043
 20
-98.089303000000001
 30
0
 11
138.3780529999999942
 21
-98.1083330000000018
 31
0
  0
LINE
  5
2F4
330
22
100
AcDbEntity
  8
F.Paste
  6
CONTINUOUS
100
AcDbLine
 10
138.3780529999999942
 20
-98.1083330000000018
 30
0
 11
137.1280529999999942
 21
-98.1083330000000018
 31
0
  0
LINE
  5
2F5
330
22
100
AcDbEntity
  8
F.Paste
  6
CONTINUOUS
100
AcDbLine
 10
137.1280529999999942
 20
-98.1083330000000018
 30
0
 11
137.0323819999999841
 21
-98.089303000000001
 31
0
  0
LINE
  5
2F6
330
22
100
AcDbEntity
  8
F.Paste
  6
CONTINUOUS
100
AcDbLine
 10
137.0323819999999841
 20
-98.089303000000001
 30
0
 11
136.9512760000000071
 21
-98.0351099999999889
 31
0
  0
LINE
  5
2F7
330
22
100
AcDbEntity
  8
F.Paste
  6
CONTINUOUS
100
AcDbLine
 10
136.9512760000000071
 20
-98.0351099999999889
 30
0
 11
136.8970829999999808
 21
-97.9540039999999976
 31
0
  0
LINE
  5
2F8
330
22
100
AcDbEntity
  8
F.Paste
  6
CONTINUOUS
100
AcDbLine
 10
136.8970829999999808
 20
-97.9540039999999976
 30
0
 11
136.8780529999999942
 21
-97.8583330000000018
 31
0
  0
LINE
  5
2F9
330
22
100
AcDbEntity
  8
F.Paste
  6
CONTINUOUS
100
AcDbLine
 10
136.8780529999999942
 20
-97.8583330000000018
 30
0
 11
136.8780529999999942
 21
-97.0583329999999904
 31
0
  0
LINE
  5
2FA
330
22
100
AcDbEntity
  8
F.Paste
  6
CONTINUOUS
100
AcDbLine
 10
136.8780529999999942
 20
-97.0583329999999904
 30
0
 11
136.8970829999999808
 21
-96.9626619999999946
 31
0
  0
LINE
  5
2FB
330
22
100
AcDbEntity
  8
F.Paste
  6
CONTINUOUS
100
AcDbLine
 10
136.8970829999999808
 20
-96.9626619999999946
 30
0
 11
136.9512760000000071
 21
-96.8815559999999891
 31
0
  0
LINE
  5
2FC
330
22
100
AcDbEntity
  8
F.Paste
  6
CONTINUOUS
100
AcDbLine
 10
136.9512760000000071
 20
-96.8815559999999891
 30
0
 11
137.0323819999999841
 21
-96.8273629999999912
 31
0
  0
LINE
  5
2FD
330
22
100
AcDbEntity
  8
F.Paste
  6
CONTINUOUS
100
AcDbLine
 10
137.0323819999999841
 20
-96.8273629999999912
 30
0
 11
137.1280529999999942
 21
-96.8083329999999904
 31
0
  0
LINE
  5
2FE
330
22
100
AcDbEntity
  8
F.Paste
  6
CONTINUOUS
100
AcDbLine
 10
137.1280529999999942
 20
-96.8083329999999904
 30
0
 11
138.3780529999999942
 21
-96.8083329999999904
 31
0
  0
LINE
  5
2FF
330
22
100
AcDbEntity
  8
F.Paste
  6
CONTINUOUS
100
AcDbLine
 10
138.3780529999999942
 20
-96.8083329999999904
 30
0
 11
138.4737240000000043
 21
-96.8273629999999912
 31
0
  0
LINE
  5
300
330
22
100
AcDbEntity
  8
F.Paste
  6
CONTINUOUS
100
AcDbLine
 10
141.2053549999999973
 20
-96.8245859999999965
 30
0
 11
141.2864610000000027
 21
-96.8787789999999944
 31
0
  0
LINE
  5
301
330
22
100
AcDbEntity
  8
F.Paste
  6
CONTINUOUS
100
AcDbLine
 10
141.2864610000000027
 20
-96.8787789999999944
 30
0
 11
141.3406540000000007
 21
-96.9598849999999999
 31
0
  0
LINE
  5
302
330
22
100
AcDbEntity
  8
F.Paste
  6
CONTINUOUS
100
AcDbLine
 10
141.3406540000000007
 20
-96.9598849999999999
 30
0
 11
141.3596839999999872
 21
-97.0555559999999957
 31
0
  0
LINE
  5
303
330
22
100
AcDbEntity
  8
F.Paste
  6
CONTINUOUS
100
AcDbLine
 10
141.3596839999999872
 20
-97.0555559999999957
 30
0
 11
141.3596839999999872
 21
-97.8555559999999929
 31
0
  0
LINE
  5
304
330
22
100
AcDbEntity
  8
F.Paste
  6
CONTINUOUS
100
AcDbLine
 10
141.3596839999999872
 20
-97.8555559999999929
 30
0
 11
141.3406540000000007
 21
-97.9512269999999887
 31
0
  0
LINE
  5
305
330
22
100
AcDbEntity
  8
F.Paste
  6
CONTINUOUS
100
AcDbLine
 10
141.3406540000000007
 20
-97.9512269999999887
 30
0
 11
141.2864610000000027
 21
-98.0323329999999942
 31
0
  0
LINE
  5
306
330
22
100
AcDbEntity
  8
F.Paste
  6
CONTINUOUS
100
AcDbLine
 10
141.2864610000000027
 20
-98.0323329999999942
 30
0
 11
141.2053549999999973
 21
-98.0865259999999921
 31
0
  0
LINE
  5
307
330
22
100
AcDbEntity
  8
F.Paste
  6
CONTINUOUS
100
AcDbLine
 10
141.2053549999999973
 20
-98.0865259999999921
 30
0
 11
141.1096839999999872
 21
-98.1055559999999929
 31
0
  0
LINE
  5
308
330
22
100
AcDbEntity
  8
F.Paste
  6
CONTINUOUS
100
AcDbLine
 10
141.1096839999999872
 20
-98.1055559999999929
 30
0
 11
139.8596839999999872
 21
-98.1055559999999929
 31
0
  0
LINE
  5
309
330
22
100
AcDbEntity
  8
F.Paste
  6
CONTINUOUS
100
AcDbLine
 10
139.8596839999999872
 20
-98.1055559999999929
 30
0
 11
139.7640130000000056
 21
-98.0865259999999921
 31
0
  0
LINE
  5
30A
330
22
100
AcDbEntity
  8
F.Paste
  6
CONTINUOUS
100
AcDbLine
 10
139.7640130000000056
 20
-98.0865259999999921
 30
0
 11
139.6829070000000002
 21
-98.0323329999999942
 31
0
  0
LINE
  5
30B
330
22
100
AcDbEntity
  8
F.Paste
  6
CONTINUOUS
100
AcDbLine
 10
139.6829070000000002
 20
-98.0323329999999942
 30
0
 11
139.6287140000000022
 21
-97.9512269999999887
 31
0
  0
LINE
  5
30C
330
22
100
AcDbEntity
  8
F.Paste
  6
CONTINUOUS
100
AcDbLine
 10
139.6287140000000022
 20
-97.9512269999999887
 30
0
 11
139.6096839999999872
 21
-97.8555559999999929
 31
0
  0
LINE
  5
30D
330
22
100
AcDbEntity
  8
F.Paste
  6
CONTINUOUS
100
AcDbLine
 10
139.6096839999999872
 20
-97.8555559999999929
 30
0
 11
139.6096839999999872
 21
-97.0555559999999957
 31
0
  0
LINE
  5
30E
330
22
100
AcDbEntity
  8
F.Paste
  6
CONTINUOUS
100
AcDbLine
 10
139.6096839999999872
 20
-97.0555559999999957
 30
0
 11
139.6287140000000022
 21
-96.9598849999999999
 31
0
  0
LINE
  5
30F
330
22
100
AcDbEntity
  8
F.Paste
  6
CONTINUOUS
100
AcDbLine
 10
139.6287140000000022
 20
-96.9598849999999999
 30
0
 11
139.6829070000000002
 21
-96.8787789999999944
 31
0
  0
LINE
  5
310
330
22
100
AcDbEntity
  8
F.Paste
  6
CONTINUOUS
100
AcDbLine
 10
139.6829070000000002
 20
-96.8787789999999944
 30
0
 11
139.7640130000000056
 21
-96.8245859999999965
 31
0
  0
LINE
  5
311
330
22
100
AcDbEntity
  8
F.Paste
  6
CONTINUOUS
100
AcDbLine
 10
139.7640130000000056
 20
-96.8245859999999965
 30
0
 11
139.8596839999999872
 21
-96.8055559999999957
 31
0
  0
LINE
  5
312
330
22
100
AcDbEntity
  8
F.Paste
  6
CONTINUOUS
100
AcDbLine
 10
139.8596839999999872
 20
-96.8055559999999957
 30
0
 11
141.1096839999999872
 21
-96.8055559999999957
 31
0
  0
LINE
  5
313
330
22
100
AcDbEntity
  8
F.Paste
  6
CONTINUOUS
100
AcDbLine
 10
141.1096839999999872
 20
-96.8055559999999957
 30
0
 11
141.2053549999999973
 21
-96.8245859999999965
 31
0
  0
LINE
  5
314
330
22
100
AcDbEntity
  8
F.Paste
  6
CONTINUOUS
100
AcDbLine
 10
119.352302999999992
 20
-96.8218079999999901
 30
0
 11
119.4334089999999975
 21
-96.8760010000000023
 31
0
  0
LINE
  5
315
330
22
100
AcDbEntity
  8
F.Paste
  6
CONTINUOUS
100
AcDbLine
 10
119.4334089999999975
 20
-96.8760010000000023
 30
0
 11
119.4876019999999954
 21
-96.9571069999999935
 31
0
  0
LINE
  5
316
330
22
100
AcDbEntity
  8
F.Paste
  6
CONTINUOUS
100
AcDbLine
 10
119.4876019999999954
 20
-96.9571069999999935
 30
0
 11
119.5066319999999962
 21
-97.0527779999999893
 31
0
  0
LINE
  5
317
330
22
100
AcDbEntity
  8
F.Paste
  6
CONTINUOUS
100
AcDbLine
 10
119.5066319999999962
 20
-97.0527779999999893
 30
0
 11
119.5066319999999962
 21
-97.8527780000000007
 31
0
  0
LINE
  5
318
330
22
100
AcDbEntity
  8
F.Paste
  6
CONTINUOUS
100
AcDbLine
 10
119.5066319999999962
 20
-97.8527780000000007
 30
0
 11
119.4876019999999954
 21
-97.9484489999999965
 31
0
  0
LINE
  5
319
330
22
100
AcDbEntity
  8
F.Paste
  6
CONTINUOUS
100
AcDbLine
 10
119.4876019999999954
 20
-97.9484489999999965
 30
0
 11
119.4334089999999975
 21
-98.029555000000002
 31
0
  0
LINE
  5
31A
330
22
100
AcDbEntity
  8
F.Paste
  6
CONTINUOUS
100
AcDbLine
 10
119.4334089999999975
 20
-98.029555000000002
 30
0
 11
119.352302999999992
 21
-98.0837479999999999
 31
0
  0
LINE
  5
31B
330
22
100
AcDbEntity
  8
F.Paste
  6
CONTINUOUS
100
AcDbLine
 10
119.352302999999992
 20
-98.0837479999999999
 30
0
 11
119.2566319999999962
 21
-98.1027780000000007
 31
0
  0
LINE
  5
31C
330
22
100
AcDbEntity
  8
F.Paste
  6
CONTINUOUS
100
AcDbLine
 10
119.2566319999999962
 20
-98.1027780000000007
 30
0
 11
118.0066319999999962
 21
-98.1027780000000007
 31
0
  0
LINE
  5
31D
330
22
100
AcDbEntity
  8
F.Paste
  6
CONTINUOUS
100
AcDbLine
 10
118.0066319999999962
 20
-98.1027780000000007
 30
0
 11
117.9109610000000004
 21
-98.0837479999999999
 31
0
  0
LINE
  5
31E
330
22
100
AcDbEntity
  8
F.Paste
  6
CONTINUOUS
100
AcDbLine
 10
117.9109610000000004
 20
-98.0837479999999999
 30
0
 11
117.8298549999999949
 21
-98.029555000000002
 31
0
  0
LINE
  5
31F
330
22
100
AcDbEntity
  8
F.Paste
  6
CONTINUOUS
100
AcDbLine
 10
117.8298549999999949
 20
-98.029555000000002
 30
0
 11
117.775661999999997
 21
-97.9484489999999965
 31
0
  0
LINE
  5
320
330
22
100
AcDbEntity
  8
F.Paste
  6
CONTINUOUS
100
AcDbLine
 10
117.775661999999997
 20
-97.9484489999999965
 30
0
 11
117.7566319999999962
 21
-97.8527780000000007
 31
0
  0
LINE
  5
321
330
22
100
AcDbEntity
  8
F.Paste
  6
CONTINUOUS
100
AcDbLine
 10
117.7566319999999962
 20
-97.8527780000000007
 30
0
 11
117.7566319999999962
 21
-97.0527779999999893
 31
0
  0
LINE
  5
322
330
22
100
AcDbEntity
  8
F.Paste
  6
CONTINUOUS
100
AcDbLine
 10
117.7566319999999962
 20
-97.0527779999999893
 30
0
 11
117.775661999999997
 21
-96.9571069999999935
 31
0
  0
LINE
  5
323
330
22
100
AcDbEntity
  8
F.Paste
  6
CONTINUOUS
100
AcDbLine
 10
117.775661999999997
 20
-96.9571069999999935
 30
0
 11
117.8298549999999949
 21
-96.8760010000000023
 31
0
  0
LINE
  5
324
330
22
100
AcDbEntity
  8
F.Paste
  6
CONTINUOUS
100
AcDbLine
 10
117.8298549999999949
 20
-96.8760010000000023
 30
0
 11
117.9109610000000004
 21
-96.8218079999999901
 31
0
  0
LINE
  5
325
330
22
100
AcDbEntity
  8
F.Paste
  6
CONTINUOUS
100
AcDbLine
 10
117.9109610000000004
 20
-96.8218079999999901
 30
0
 11
118.0066319999999962
 21
-96.8027779999999893
 31
0
  0
LINE
  5
326
330
22
100
AcDbEntity
  8
F.Paste
  6
CONTINUOUS
100
AcDbLine
 10
118.0066319999999962
 20
-96.8027779999999893
 30
0
 11
119.2566319999999962
 21
-96.8027779999999893
 31
0
  0
LINE
  5
327
330
22
100
AcDbEntity
  8
F.Paste
  6
CONTINUOUS
100
AcDbLine
 10
119.2566319999999962
 20
-96.8027779999999893
 30
0
 11
119.352302999999992
 21
-96.8218079999999901
 31
0
  0
LINE
  5
328
330
22
100
AcDbEntity
  8
F.Paste
  6
CONTINUOUS
100
AcDbLine
 10
116.6206710000000015
 20
-96.8190299999999979
 30
0
 11
116.7017769999999928
 21
-96.8732229999999959
 31
0
  0
LINE
  5
329
330
22
100
AcDbEntity
  8
F.Paste
  6
CONTINUOUS
100
AcDbLine
 10
116.7017769999999928
 20
-96.8732229999999959
 30
0
 11
116.7559699999999907
 21
-96.9543290000000013
 31
0
  0
LINE
  5
32A
330
22
100
AcDbEntity
  8
F.Paste
  6
CONTINUOUS
100
AcDbLine
 10
116.7559699999999907
 20
-96.9543290000000013
 30
0
 11
116.7749999999999915
 21
-97.0499999999999972
 31
0
  0
LINE
  5
32B
330
22
100
AcDbEntity
  8
F.Paste
  6
CONTINUOUS
100
AcDbLine
 10
116.7749999999999915
 20
-97.0499999999999972
 30
0
 11
116.7749999999999915
 21
-97.8499999999999943
 31
0
  0
LINE
  5
32C
330
22
100
AcDbEntity
  8
F.Paste
  6
CONTINUOUS
100
AcDbLine
 10
116.7749999999999915
 20
-97.8499999999999943
 30
0
 11
116.7559699999999907
 21
-97.9456709999999902
 31
0
  0
LINE
  5
32D
330
22
100
AcDbEntity
  8
F.Paste
  6
CONTINUOUS
100
AcDbLine
 10
116.7559699999999907
 20
-97.9456709999999902
 30
0
 11
116.7017769999999928
 21
-98.0267769999999956
 31
0
  0
LINE
  5
32E
330
22
100
AcDbEntity
  8
F.Paste
  6
CONTINUOUS
100
AcDbLine
 10
116.7017769999999928
 20
-98.0267769999999956
 30
0
 11
116.6206710000000015
 21
-98.0809699999999935
 31
0
  0
LINE
  5
32F
330
22
100
AcDbEntity
  8
F.Paste
  6
CONTINUOUS
100
AcDbLine
 10
116.6206710000000015
 20
-98.0809699999999935
 30
0
 11
116.5249999999999915
 21
-98.0999999999999943
 31
0
  0
LINE
  5
330
330
22
100
AcDbEntity
  8
F.Paste
  6
CONTINUOUS
100
AcDbLine
 10
116.5249999999999915
 20
-98.0999999999999943
 30
0
 11
115.2749999999999915
 21
-98.0999999999999943
 31
0
  0
LINE
  5
331
330
22
100
AcDbEntity
  8
F.Paste
  6
CONTINUOUS
100
AcDbLine
 10
115.2749999999999915
 20
-98.0999999999999943
 30
0
 11
115.1793289999999956
 21
-98.0809699999999935
 31
0
  0
LINE
  5
332
330
22
100
AcDbEntity
  8
F.Paste
  6
CONTINUOUS
100
AcDbLine
 10
115.1793289999999956
 20
-98.0809699999999935
 30
0
 11
115.0982229999999902
 21
-98.0267769999999956
 31
0
  0
LINE
  5
333
330
22
100
AcDbEntity
  8
F.Paste
  6
CONTINUOUS
100
AcDbLine
 10
115.0982229999999902
 20
-98.0267769999999956
 30
0
 11
115.0440299999999922
 21
-97.9456709999999902
 31
0
  0
LINE
  5
334
330
22
100
AcDbEntity
  8
F.Paste
  6
CONTINUOUS
100
AcDbLine
 10
115.0440299999999922
 20
-97.9456709999999902
 30
0
 11
115.0249999999999915
 21
-97.8499999999999943
 31
0
  0
LINE
  5
335
330
22
100
AcDbEntity
  8
F.Paste
  6
CONTINUOUS
100
AcDbLine
 10
115.0249999999999915
 20
-97.8499999999999943
 30
0
 11
115.0249999999999915
 21
-97.0499999999999972
 31
0
  0
LINE
  5
336
330
22
100
AcDbEntity
  8
F.Paste
  6
CONTINUOUS
100
AcDbLine
 10
115.0249999999999915
 20
-97.0499999999999972
 30
0
 11
115.0440299999999922
 21
-96.9543290000000013
 31
0
  0
LINE
  5
337
330
22
100
AcDbEntity
  8
F.Paste
  6
CONTINUOUS
100
AcDbLine
 10
115.0440299999999922
 20
-96.9543290000000013
 30
0
 11
115.0982229999999902
 21
-96.8732229999999959
 31
0
  0
LINE
  5
338
330
22
100
AcDbEntity
  8
F.Paste
  6
CONTINUOUS
100
AcDbLine
 10
115.0982229999999902
 20
-96.8732229999999959
 30
0
 11
115.1793289999999956
 21
-96.8190299999999979
 31
0
  0
LINE
  5
339
330
22
100
AcDbEntity
  8
F.Paste
  6
CONTINUOUS
100
AcDbLine
 10
115.1793289999999956
 20
-96.8190299999999979
 30
0
 11
115.2749999999999915
 21
-96.7999999999999972
 31
0
  0
LINE
  5
33A
330
22
100
AcDbEntity
  8
F.Paste
  6
CONTINUOUS
100
AcDbLine
 10
115.2749999999999915
 20
-96.7999999999999972
 30
0
 11
116.5249999999999915
 21
-96.7999999999999972
 31
0
  0
LINE
  5
33B
330
22
100
AcDbEntity
  8
F.Paste
  6
CONTINUOUS
100
AcDbLine
 10
116.5249999999999915
 20
-96.7999999999999972
 30
0
 11
116.6206710000000015
 21
-96.8190299999999979
 31
0
  0
LINE
  5
33C
330
22
100
AcDbEntity
  8
F.Paste
  6
CONTINUOUS
100
AcDbLine
 10
149.4002499999999998
 20
-96.8190299999999979
 30
0
 11
149.4813560000000052
 21
-96.8732229999999959
 31
0
  0
LINE
  5
33D
330
22
100
AcDbEntity
  8
F.Paste
  6
CONTINUOUS
100
AcDbLine
 10
149.4813560000000052
 20
-96.8732229999999959
 30
0
 11
149.5355490000000032
 21
-96.9543290000000013
 31
0
  0
LINE
  5
33E
330
22
100
AcDbEntity
  8
F.Paste
  6
CONTINUOUS
100
AcDbLine
 10
149.5355490000000032
 20
-96.9543290000000013
 30
0
 11
149.5545789999999897
 21
-97.0499999999999972
 31
0
  0
LINE
  5
33F
330
22
100
AcDbEntity
  8
F.Paste
  6
CONTINUOUS
100
AcDbLine
 10
149.5545789999999897
 20
-97.0499999999999972
 30
0
 11
149.5545789999999897
 21
-97.8499999999999943
 31
0
  0
LINE
  5
340
330
22
100
AcDbEntity
  8
F.Paste
  6
CONTINUOUS
100
AcDbLine
 10
149.5545789999999897
 20
-97.8499999999999943
 30
0
 11
149.5355490000000032
 21
-97.9456709999999902
 31
0
  0
LINE
  5
341
330
22
100
AcDbEntity
  8
F.Paste
  6
CONTINUOUS
100
AcDbLine
 10
149.5355490000000032
 20
-97.9456709999999902
 30
0
 11
149.4813560000000052
 21
-98.0267769999999956
 31
0
  0
LINE
  5
342
330
22
100
AcDbEntity
  8
F.Paste
  6
CONTINUOUS
100
AcDbLine
 10
149.4813560000000052
 20
-98.0267769999999956
 30
0
 11
149.4002499999999998
 21
-98.0809699999999935
 31
0
  0
LINE
  5
343
330
22
100
AcDbEntity
  8
F.Paste
  6
CONTINUOUS
100
AcDbLine
 10
149.4002499999999998
 20
-98.0809699999999935
 30
0
 11
149.3045789999999897
 21
-98.0999999999999943
 31
0
  0
LINE
  5
344
330
22
100
AcDbEntity
  8
F.Paste
  6
CONTINUOUS
100
AcDbLine
 10
149.3045789999999897
 20
-98.0999999999999943
 30
0
 11
148.0545789999999897
 21
-98.0999999999999943
 31
0
  0
LINE
  5
345
330
22
100
AcDbEntity
  8
F.Paste
  6
CONTINUOUS
100
AcDbLine
 10
148.0545789999999897
 20
-98.0999999999999943
 30
0
 11
147.9589079999999797
 21
-98.0809699999999935
 31
0
  0
LINE
  5
346
330
22
100
AcDbEntity
  8
F.Paste
  6
CONTINUOUS
100
AcDbLine
 10
147.9589079999999797
 20
-98.0809699999999935
 30
0
 11
147.8778020000000026
 21
-98.0267769999999956
 31
0
  0
LINE
  5
347
330
22
100
AcDbEntity
  8
F.Paste
  6
CONTINUOUS
100
AcDbLine
 10
147.8778020000000026
 20
-98.0267769999999956
 30
0
 11
147.8236090000000047
 21
-97.9456709999999902
 31
0
  0
LINE
  5
348
330
22
100
AcDbEntity
  8
F.Paste
  6
CONTINUOUS
100
AcDbLine
 10
147.8236090000000047
 20
-97.9456709999999902
 30
0
 11
147.8045789999999897
 21
-97.8499999999999943
 31
0
  0
LINE
  5
349
330
22
100
AcDbEntity
  8
F.Paste
  6
CONTINUOUS
100
AcDbLine
 10
147.8045789999999897
 20
-97.8499999999999943
 30
0
 11
147.8045789999999897
 21
-97.0499999999999972
 31
0
  0
LINE
  5
34A
330
22
100
AcDbEntity
  8
F.Paste
  6
CONTINUOUS
100
AcDbLine
 10
147.8045789999999897
 20
-97.0499999999999972
 30
0
 11
147.8236090000000047
 21
-96.9543290000000013
 31
0
  0
LINE
  5
34B
330
22
100
AcDbEntity
  8
F.Paste
  6
CONTINUOUS
100
AcDbLine
 10
147.8236090000000047
 20
-96.9543290000000013
 30
0
 11
147.8778020000000026
 21
-96.8732229999999959
 31
0
  0
LINE
  5
34C
330
22
100
AcDbEntity
  8
F.Paste
  6
CONTINUOUS
100
AcDbLine
 10
147.8778020000000026
 20
-96.8732229999999959
 30
0
 11
147.9589079999999797
 21
-96.8190299999999979
 31
0
  0
LINE
  5
34D
330
22
100
AcDbEntity
  8
F.Paste
  6
CONTINUOUS
100
AcDbLine
 10
147.9589079999999797
 20
-96.8190299999999979
 30
0
 11
148.0545789999999897
 21
-96.7999999999999972
 31
0
  0
LINE
  5
34E
330
22
100
AcDbEntity
  8
F.Paste
  6
CONTINUOUS
100
AcDbLine
 10
148.0545789999999897
 20
-96.7999999999999972
 30
0
 11
149.3045789999999897
 21
-96.7999999999999972
 31
0
  0
LINE
  5
34F
330
22
100
AcDbEntity
  8
F.Paste
  6
CONTINUOUS
100
AcDbLine
 10
149.3045789999999897
 20
-96.7999999999999972
 30
0
 11
149.4002499999999998
 21
-96.8190299999999979
 31
0
  0
LINE
  5
350
330
22
100
AcDbEntity
  8
F.Paste
  6
CONTINUOUS
100
AcDbLine
 10
161.3456709999999816
 20
-92.6440300000000008
 30
0
 11
161.4267769999999871
 21
-92.6982229999999987
 31
0
  0
LINE
  5
351
330
22
100
AcDbEntity
  8
F.Paste
  6
CONTINUOUS
100
AcDbLine
 10
161.4267769999999871
 20
-92.6982229999999987
 30
0
 11
161.480969999999985
 21
-92.7793289999999899
 31
0
  0
LINE
  5
352
330
22
100
AcDbEntity
  8
F.Paste
  6
CONTINUOUS
100
AcDbLine
 10
161.480969999999985
 20
-92.7793289999999899
 30
0
 11
161.5
 21
-92.875
 31
0
  0
LINE
  5
353
330
22
100
AcDbEntity
  8
F.Paste
  6
CONTINUOUS
100
AcDbLine
 10
161.5
 20
-92.875
 30
0
 11
161.5
 21
-94.125
 31
0
  0
LINE
  5
354
330
22
100
AcDbEntity
  8
F.Paste
  6
CONTINUOUS
100
AcDbLine
 10
161.5
 20
-94.125
 30
0
 11
161.480969999999985
 21
-94.2206709999999958
 31
0
  0
LINE
  5
355
330
22
100
AcDbEntity
  8
F.Paste
  6
CONTINUOUS
100
AcDbLine
 10
161.480969999999985
 20
-94.2206709999999958
 30
0
 11
161.4267769999999871
 21
-94.3017770000000013
 31
0
  0
LINE
  5
356
330
22
100
AcDbEntity
  8
F.Paste
  6
CONTINUOUS
100
AcDbLine
 10
161.4267769999999871
 20
-94.3017770000000013
 30
0
 11
161.3456709999999816
 21
-94.3559699999999992
 31
0
  0
LINE
  5
357
330
22
100
AcDbEntity
  8
F.Paste
  6
CONTINUOUS
100
AcDbLine
 10
161.3456709999999816
 20
-94.3559699999999992
 30
0
 11
161.25
 21
-94.375
 31
0
  0
LINE
  5
358
330
22
100
AcDbEntity
  8
F.Paste
  6
CONTINUOUS
100
AcDbLine
 10
161.25
 20
-94.375
 30
0
 11
160.4499999999999886
 21
-94.375
 31
0
  0
LINE
  5
359
330
22
100
AcDbEntity
  8
F.Paste
  6
CONTINUOUS
100
AcDbLine
 10
160.4499999999999886
 20
-94.375
 30
0
 11
160.3543289999999786
 21
-94.3559699999999992
 31
0
  0
LINE
  5
35A
330
22
100
AcDbEntity
  8
F.Paste
  6
CONTINUOUS
100
AcDbLine
 10
160.3543289999999786
 20
-94.3559699999999992
 30
0
 11
160.2732230000000015
 21
-94.3017770000000013
 31
0
  0
LINE
  5
35B
330
22
100
AcDbEntity
  8
F.Paste
  6
CONTINUOUS
100
AcDbLine
 10
160.2732230000000015
 20
-94.3017770000000013
 30
0
 11
160.2190300000000036
 21
-94.2206709999999958
 31
0
  0
LINE
  5
35C
330
22
100
AcDbEntity
  8
F.Paste
  6
CONTINUOUS
100
AcDbLine
 10
160.2190300000000036
 20
-94.2206709999999958
 30
0
 11
160.1999999999999886
 21
-94.125
 31
0
  0
LINE
  5
35D
330
22
100
AcDbEntity
  8
F.Paste
  6
CONTINUOUS
100
AcDbLine
 10
160.1999999999999886
 20
-94.125
 30
0
 11
160.1999999999999886
 21
-92.875
 31
0
  0
LINE
  5
35E
330
22
100
AcDbEntity
  8
F.Paste
  6
CONTINUOUS
100
AcDbLine
 10
160.1999999999999886
 20
-92.875
 30
0
 11
160.2190300000000036
 21
-92.7793289999999899
 31
0
  0
LINE
  5
35F
330
22
100
AcDbEntity
  8
F.Paste
  6
CONTINUOUS
100
AcDbLine
 10
160.2190300000000036
 20
-92.7793289999999899
 30
0
 11
160.2732230000000015
 21
-92.6982229999999987
 31
0
  0
LINE
  5
360
330
22
100
AcDbEntity
  8
F.Paste
  6
CONTINUOUS
100
AcDbLine
 10
160.2732230000000015
 20
-92.6982229999999987
 30
0
 11
160.3543289999999786
 21
-92.6440300000000008
 31
0
  0
LINE
  5
361
330
22
100
AcDbEntity
  8
F.Paste
  6
CONTINUOUS
100
AcDbLine
 10
160.3543289999999786
 20
-92.6440300000000008
 30
0
 11
160.4499999999999886
 21
-92.625
 31
0
  0
LINE
  5
362
330
22
100
AcDbEntity
  8
F.Paste
  6
CONTINUOUS
100
AcDbLine
 10
160.4499999999999886
 20
-92.625
 30
0
 11
161.25
 21
-92.625
 31
0
  0
LINE
  5
363
330
22
100
AcDbEntity
  8
F.Paste
  6
CONTINUOUS
100
AcDbLine
 10
161.25
 20
-92.625
 30
0
 11
161.3456709999999816
 21
-92.6440300000000008
 31
0
  0
LINE
  5
364
330
22
100
AcDbEntity
  8
F.Paste
  6
CONTINUOUS
100
AcDbLine
 10
164.4456710000000044
 20
-92.6440300000000008
 30
0
 11
164.5267769999999814
 21
-92.6982229999999987
 31
0
  0
LINE
  5
365
330
22
100
AcDbEntity
  8
F.Paste
  6
CONTINUOUS
100
AcDbLine
 10
164.5267769999999814
 20
-92.6982229999999987
 30
0
 11
164.5809699999999793
 21
-92.7793289999999899
 31
0
  0
LINE
  5
366
330
22
100
AcDbEntity
  8
F.Paste
  6
CONTINUOUS
100
AcDbLine
 10
164.5809699999999793
 20
-92.7793289999999899
 30
0
 11
164.5999999999999943
 21
-92.875
 31
0
  0
LINE
  5
367
330
22
100
AcDbEntity
  8
F.Paste
  6
CONTINUOUS
100
AcDbLine
 10
164.5999999999999943
 20
-92.875
 30
0
 11
164.5999999999999943
 21
-94.125
 31
0
  0
LINE
  5
368
330
22
100
AcDbEntity
  8
F.Paste
  6
CONTINUOUS
100
AcDbLine
 10
164.5999999999999943
 20
-94.125
 30
0
 11
164.5809699999999793
 21
-94.2206709999999958
 31
0
  0
LINE
  5
369
330
22
100
AcDbEntity
  8
F.Paste
  6
CONTINUOUS
100
AcDbLine
 10
164.5809699999999793
 20
-94.2206709999999958
 30
0
 11
164.5267769999999814
 21
-94.3017770000000013
 31
0
  0
LINE
  5
36A
330
22
100
AcDbEntity
  8
F.Paste
  6
CONTINUOUS
100
AcDbLine
 10
164.5267769999999814
 20
-94.3017770000000013
 30
0
 11
164.4456710000000044
 21
-94.3559699999999992
 31
0
  0
LINE
  5
36B
330
22
100
AcDbEntity
  8
F.Paste
  6
CONTINUOUS
100
AcDbLine
 10
164.4456710000000044
 20
-94.3559699999999992
 30
0
 11
164.3499999999999943
 21
-94.375
 31
0
  0
LINE
  5
36C
330
22
100
AcDbEntity
  8
F.Paste
  6
CONTINUOUS
100
AcDbLine
 10
164.3499999999999943
 20
-94.375
 30
0
 11
163.5499999999999829
 21
-94.375
 31
0
  0
LINE
  5
36D
330
22
100
AcDbEntity
  8
F.Paste
  6
CONTINUOUS
100
AcDbLine
 10
163.5499999999999829
 20
-94.375
 30
0
 11
163.4543290000000013
 21
-94.3559699999999992
 31
0
  0
LINE
  5
36E
330
22
100
AcDbEntity
  8
F.Paste
  6
CONTINUOUS
100
AcDbLine
 10
163.4543290000000013
 20
-94.3559699999999992
 30
0
 11
163.3732229999999959
 21
-94.3017770000000013
 31
0
  0
LINE
  5
36F
330
22
100
AcDbEntity
  8
F.Paste
  6
CONTINUOUS
100
AcDbLine
 10
163.3732229999999959
 20
-94.3017770000000013
 30
0
 11
163.3190299999999979
 21
-94.2206709999999958
 31
0
  0
LINE
  5
370
330
22
100
AcDbEntity
  8
F.Paste
  6
CONTINUOUS
100
AcDbLine
 10
163.3190299999999979
 20
-94.2206709999999958
 30
0
 11
163.2999999999999829
 21
-94.125
 31
0
  0
LINE
  5
371
330
22
100
AcDbEntity
  8
F.Paste
  6
CONTINUOUS
100
AcDbLine
 10
163.2999999999999829
 20
-94.125
 30
0
 11
163.2999999999999829
 21
-92.875
 31
0
  0
LINE
  5
372
330
22
100
AcDbEntity
  8
F.Paste
  6
CONTINUOUS
100
AcDbLine
 10
163.2999999999999829
 20
-92.875
 30
0
 11
163.3190299999999979
 21
-92.7793289999999899
 31
0
  0
LINE
  5
373
330
22
100
AcDbEntity
  8
F.Paste
  6
CONTINUOUS
100
AcDbLine
 10
163.3190299999999979
 20
-92.7793289999999899
 30
0
 11
163.3732229999999959
 21
-92.6982229999999987
 31
0
  0
LINE
  5
374
330
22
100
AcDbEntity
  8
F.Paste
  6
CONTINUOUS
100
AcDbLine
 10
163.3732229999999959
 20
-92.6982229999999987
 30
0
 11
163.4543290000000013
 21
-92.6440300000000008
 31
0
  0
LINE
  5
375
330
22
100
AcDbEntity
  8
F.Paste
  6
CONTINUOUS
100
AcDbLine
 10
163.4543290000000013
 20
-92.6440300000000008
 30
0
 11
163.5499999999999829
 21
-92.625
 31
0
  0
LINE
  5
376
330
22
100
AcDbEntity
  8
F.Paste
  6
CONTINUOUS
100
AcDbLine
 10
163.5499999999999829
 20
-92.625
 30
0
 11
164.3499999999999943
 21
-92.625
 31
0
  0
LINE
  5
377
330
22
100
AcDbEntity
  8
F.Paste
  6
CONTINUOUS
100
AcDbLine
 10
164.3499999999999943
 20
-92.625
 30
0
 11
164.4456710000000044
 21
-92.6440300000000008
 31
0
  0
LINE
  5
378
330
22
100
AcDbEntity
  8
F.Paste
  6
CONTINUOUS
100
AcDbLine
 10
155.6206709999999873
 20
-92.9190299999999922
 30
0
 11
155.7017769999999928
 21
-92.9732229999999902
 31
0
  0
LINE
  5
379
330
22
100
AcDbEntity
  8
F.Paste
  6
CONTINUOUS
100
AcDbLine
 10
155.7017769999999928
 20
-92.9732229999999902
 30
0
 11
155.7559699999999907
 21
-93.0543289999999956
 31
0
  0
LINE
  5
37A
330
22
100
AcDbEntity
  8
F.Paste
  6
CONTINUOUS
100
AcDbLine
 10
155.7559699999999907
 20
-93.0543289999999956
 30
0
 11
155.7750000000000057
 21
-93.1499999999999915
 31
0
  0
LINE
  5
37B
330
22
100
AcDbEntity
  8
F.Paste
  6
CONTINUOUS
100
AcDbLine
 10
155.7750000000000057
 20
-93.1499999999999915
 30
0
 11
155.7750000000000057
 21
-93.9500000000000028
 31
0
  0
LINE
  5
37C
330
22
100
AcDbEntity
  8
F.Paste
  6
CONTINUOUS
100
AcDbLine
 10
155.7750000000000057
 20
-93.9500000000000028
 30
0
 11
155.7559699999999907
 21
-94.0456709999999987
 31
0
  0
LINE
  5
37D
330
22
100
AcDbEntity
  8
F.Paste
  6
CONTINUOUS
100
AcDbLine
 10
155.7559699999999907
 20
-94.0456709999999987
 30
0
 11
155.7017769999999928
 21
-94.1267769999999899
 31
0
  0
LINE
  5
37E
330
22
100
AcDbEntity
  8
F.Paste
  6
CONTINUOUS
100
AcDbLine
 10
155.7017769999999928
 20
-94.1267769999999899
 30
0
 11
155.6206709999999873
 21
-94.1809700000000021
 31
0
  0
LINE
  5
37F
330
22
100
AcDbEntity
  8
F.Paste
  6
CONTINUOUS
100
AcDbLine
 10
155.6206709999999873
 20
-94.1809700000000021
 30
0
 11
155.5250000000000057
 21
-94.2000000000000028
 31
0
  0
LINE
  5
380
330
22
100
AcDbEntity
  8
F.Paste
  6
CONTINUOUS
100
AcDbLine
 10
155.5250000000000057
 20
-94.2000000000000028
 30
0
 11
154.2750000000000057
 21
-94.2000000000000028
 31
0
  0
LINE
  5
381
330
22
100
AcDbEntity
  8
F.Paste
  6
CONTINUOUS
100
AcDbLine
 10
154.2750000000000057
 20
-94.2000000000000028
 30
0
 11
154.1793289999999956
 21
-94.1809700000000021
 31
0
  0
LINE
  5
382
330
22
100
AcDbEntity
  8
F.Paste
  6
CONTINUOUS
100
AcDbLine
 10
154.1793289999999956
 20
-94.1809700000000021
 30
0
 11
154.0982229999999902
 21
-94.1267769999999899
 31
0
  0
LINE
  5
383
330
22
100
AcDbEntity
  8
F.Paste
  6
CONTINUOUS
100
AcDbLine
 10
154.0982229999999902
 20
-94.1267769999999899
 30
0
 11
154.0440299999999922
 21
-94.0456709999999987
 31
0
  0
LINE
  5
384
330
22
100
AcDbEntity
  8
F.Paste
  6
CONTINUOUS
100
AcDbLine
 10
154.0440299999999922
 20
-94.0456709999999987
 30
0
 11
154.0250000000000057
 21
-93.9500000000000028
 31
0
  0
LINE
  5
385
330
22
100
AcDbEntity
  8
F.Paste
  6
CONTINUOUS
100
AcDbLine
 10
154.0250000000000057
 20
-93.9500000000000028
 30
0
 11
154.0250000000000057
 21
-93.1499999999999915
 31
0
  0
LINE
  5
386
330
22
100
AcDbEntity
  8
F.Paste
  6
CONTINUOUS
100
AcDbLine
 10
154.0250000000000057
 20
-93.1499999999999915
 30
0
 11
154.0440299999999922
 21
-93.0543289999999956
 31
0
  0
LINE
  5
387
330
22
100
AcDbEntity
  8
F.Paste
  6
CONTINUOUS
100
AcDbLine
 10
154.0440299999999922
 20
-93.0543289999999956
 30
0
 11
154.0982229999999902
 21
-92.9732229999999902
 31
0
  0
LINE
  5
388
330
22
100
AcDbEntity
  8
F.Paste
  6
CONTINUOUS
100
AcDbLine
 10
154.0982229999999902
 20
-92.9732229999999902
 30
0
 11
154.1793289999999956
 21
-92.9190299999999922
 31
0
  0
LINE
  5
389
330
22
100
AcDbEntity
  8
F.Paste
  6
CONTINUOUS
100
AcDbLine
 10
154.1793289999999956
 20
-92.9190299999999922
 30
0
 11
154.2750000000000057
 21
-92.8999999999999915
 31
0
  0
LINE
  5
38A
330
22
100
AcDbEntity
  8
F.Paste
  6
CONTINUOUS
100
AcDbLine
 10
154.2750000000000057
 20
-92.8999999999999915
 30
0
 11
155.5250000000000057
 21
-92.8999999999999915
 31
0
  0
LINE
  5
38B
330
22
100
AcDbEntity
  8
F.Paste
  6
CONTINUOUS
100
AcDbLine
 10
155.5250000000000057
 20
-92.8999999999999915
 30
0
 11
155.6206709999999873
 21
-92.9190299999999922
 31
0
  0
LINE
  5
38C
330
22
100
AcDbEntity
  8
F.Paste
  6
CONTINUOUS
100
AcDbLine
 10
152.9706709999999816
 20
-91.9690299999999894
 30
0
 11
153.0517769999999871
 21
-92.0232230000000015
 31
0
  0
LINE
  5
38D
330
22
100
AcDbEntity
  8
F.Paste
  6
CONTINUOUS
100
AcDbLine
 10
153.0517769999999871
 20
-92.0232230000000015
 30
0
 11
153.105969999999985
 21
-92.1043289999999928
 31
0
  0
LINE
  5
38E
330
22
100
AcDbEntity
  8
F.Paste
  6
CONTINUOUS
100
AcDbLine
 10
153.105969999999985
 20
-92.1043289999999928
 30
0
 11
153.125
 21
-92.2000000000000028
 31
0
  0
LINE
  5
38F
330
22
100
AcDbEntity
  8
F.Paste
  6
CONTINUOUS
100
AcDbLine
 10
153.125
 20
-92.2000000000000028
 30
0
 11
153.125
 21
-92.875
 31
0
  0
LINE
  5
390
330
22
100
AcDbEntity
  8
F.Paste
  6
CONTINUOUS
100
AcDbLine
 10
153.125
 20
-92.875
 30
0
 11
153.105969999999985
 21
-92.9706709999999958
 31
0
  0
LINE
  5
391
330
22
100
AcDbEntity
  8
F.Paste
  6
CONTINUOUS
100
AcDbLine
 10
153.105969999999985
 20
-92.9706709999999958
 30
0
 11
153.0517769999999871
 21
-93.0517770000000013
 31
0
  0
LINE
  5
392
330
22
100
AcDbEntity
  8
F.Paste
  6
CONTINUOUS
100
AcDbLine
 10
153.0517769999999871
 20
-93.0517770000000013
 30
0
 11
152.9706709999999816
 21
-93.1059699999999992
 31
0
  0
LINE
  5
393
330
22
100
AcDbEntity
  8
F.Paste
  6
CONTINUOUS
100
AcDbLine
 10
152.9706709999999816
 20
-93.1059699999999992
 30
0
 11
152.875
 21
-93.125
 31
0
  0
LINE
  5
394
330
22
100
AcDbEntity
  8
F.Paste
  6
CONTINUOUS
100
AcDbLine
 10
152.875
 20
-93.125
 30
0
 11
151.9249999999999829
 21
-93.125
 31
0
  0
LINE
  5
395
330
22
100
AcDbEntity
  8
F.Paste
  6
CONTINUOUS
100
AcDbLine
 10
151.9249999999999829
 20
-93.125
 30
0
 11
151.8293290000000013
 21
-93.1059699999999992
 31
0
  0
LINE
  5
396
330
22
100
AcDbEntity
  8
F.Paste
  6
CONTINUOUS
100
AcDbLine
 10
151.8293290000000013
 20
-93.1059699999999992
 30
0
 11
151.7482229999999959
 21
-93.0517770000000013
 31
0
  0
LINE
  5
397
330
22
100
AcDbEntity
  8
F.Paste
  6
CONTINUOUS
100
AcDbLine
 10
151.7482229999999959
 20
-93.0517770000000013
 30
0
 11
151.6940299999999979
 21
-92.9706709999999958
 31
0
  0
LINE
  5
398
330
22
100
AcDbEntity
  8
F.Paste
  6
CONTINUOUS
100
AcDbLine
 10
151.6940299999999979
 20
-92.9706709999999958
 30
0
 11
151.6749999999999829
 21
-92.875
 31
0
  0
LINE
  5
399
330
22
100
AcDbEntity
  8
F.Paste
  6
CONTINUOUS
100
AcDbLine
 10
151.6749999999999829
 20
-92.875
 30
0
 11
151.6749999999999829
 21
-92.2000000000000028
 31
0
  0
LINE
  5
39A
330
22
100
AcDbEntity
  8
F.Paste
  6
CONTINUOUS
100
AcDbLine
 10
151.6749999999999829
 20
-92.2000000000000028
 30
0
 11
151.6940299999999979
 21
-92.1043289999999928
 31
0
  0
LINE
  5
39B
330
22
100
AcDbEntity
  8
F.Paste
  6
CONTINUOUS
100
AcDbLine
 10
151.6940299999999979
 20
-92.1043289999999928
 30
0
 11
151.7482229999999959
 21
-92.0232230000000015
 31
0
  0
LINE
  5
39C
330
22
100
AcDbEntity
  8
F.Paste
  6
CONTINUOUS
100
AcDbLine
 10
151.7482229999999959
 20
-92.0232230000000015
 30
0
 11
151.8293290000000013
 21
-91.9690299999999894
 31
0
  0
LINE
  5
39D
330
22
100
AcDbEntity
  8
F.Paste
  6
CONTINUOUS
100
AcDbLine
 10
151.8293290000000013
 20
-91.9690299999999894
 30
0
 11
151.9249999999999829
 21
-91.9500000000000028
 31
0
  0
LINE
  5
39E
330
22
100
AcDbEntity
  8
F.Paste
  6
CONTINUOUS
100
AcDbLine
 10
151.9249999999999829
 20
-91.9500000000000028
 30
0
 11
152.875
 21
-91.9500000000000028
 31
0
  0
LINE
  5
39F
330
22
100
AcDbEntity
  8
F.Paste
  6
CONTINUOUS
100
AcDbLine
 10
152.875
 20
-91.9500000000000028
 30
0
 11
152.9706709999999816
 21
-91.9690299999999894
 31
0
  0
LINE
  5
3A0
330
22
100
AcDbEntity
  8
F.Paste
  6
CONTINUOUS
100
AcDbLine
 10
144.8074029999999937
 20
-92.1164179999999959
 30
0
 11
144.8560659999999984
 21
-92.148933999999997
 31
0
  0
LINE
  5
3A1
330
22
100
AcDbEntity
  8
F.Paste
  6
CONTINUOUS
100
AcDbLine
 10
144.8560659999999984
 20
-92.148933999999997
 30
0
 11
144.8885819999999853
 21
-92.1975970000000018
 31
0
  0
LINE
  5
3A2
330
22
100
AcDbEntity
  8
F.Paste
  6
CONTINUOUS
100
AcDbLine
 10
144.8885819999999853
 20
-92.1975970000000018
 30
0
 11
144.9000000000000057
 21
-92.2549999999999955
 31
0
  0
LINE
  5
3A3
330
22
100
AcDbEntity
  8
F.Paste
  6
CONTINUOUS
100
AcDbLine
 10
144.9000000000000057
 20
-92.2549999999999955
 30
0
 11
144.9000000000000057
 21
-92.5549999999999926
 31
0
  0
LINE
  5
3A4
330
22
100
AcDbEntity
  8
F.Paste
  6
CONTINUOUS
100
AcDbLine
 10
144.9000000000000057
 20
-92.5549999999999926
 30
0
 11
144.8885819999999853
 21
-92.6124030000000005
 31
0
  0
LINE
  5
3A5
330
22
100
AcDbEntity
  8
F.Paste
  6
CONTINUOUS
100
AcDbLine
 10
144.8885819999999853
 20
-92.6124030000000005
 30
0
 11
144.8560659999999984
 21
-92.661065999999991
 31
0
  0
LINE
  5
3A6
330
22
100
AcDbEntity
  8
F.Paste
  6
CONTINUOUS
100
AcDbLine
 10
144.8560659999999984
 20
-92.661065999999991
 30
0
 11
144.8074029999999937
 21
-92.6935819999999921
 31
0
  0
LINE
  5
3A7
330
22
100
AcDbEntity
  8
F.Paste
  6
CONTINUOUS
100
AcDbLine
 10
144.8074029999999937
 20
-92.6935819999999921
 30
0
 11
144.75
 21
-92.7049999999999983
 31
0
  0
LINE
  5
3A8
330
22
100
AcDbEntity
  8
F.Paste
  6
CONTINUOUS
100
AcDbLine
 10
144.75
 20
-92.7049999999999983
 30
0
 11
143.0999999999999943
 21
-92.7049999999999983
 31
0
  0
LINE
  5
3A9
330
22
100
AcDbEntity
  8
F.Paste
  6
CONTINUOUS
100
AcDbLine
 10
143.0999999999999943
 20
-92.7049999999999983
 30
0
 11
143.0425970000000007
 21
-92.6935819999999921
 31
0
  0
LINE
  5
3AA
330
22
100
AcDbEntity
  8
F.Paste
  6
CONTINUOUS
100
AcDbLine
 10
143.0425970000000007
 20
-92.6935819999999921
 30
0
 11
142.9939339999999959
 21
-92.661065999999991
 31
0
  0
LINE
  5
3AB
330
22
100
AcDbEntity
  8
F.Paste
  6
CONTINUOUS
100
AcDbLine
 10
142.9939339999999959
 20
-92.661065999999991
 30
0
 11
142.9614179999999806
 21
-92.6124030000000005
 31
0
  0
LINE
  5
3AC
330
22
100
AcDbEntity
  8
F.Paste
  6
CONTINUOUS
100
AcDbLine
 10
142.9614179999999806
 20
-92.6124030000000005
 30
0
 11
142.9499999999999886
 21
-92.5549999999999926
 31
0
  0
LINE
  5
3AD
330
22
100
AcDbEntity
  8
F.Paste
  6
CONTINUOUS
100
AcDbLine
 10
142.9499999999999886
 20
-92.5549999999999926
 30
0
 11
142.9499999999999886
 21
-92.2549999999999955
 31
0
  0
LINE
  5
3AE
330
22
100
AcDbEntity
  8
F.Paste
  6
CONTINUOUS
100
AcDbLine
 10
142.9499999999999886
 20
-92.2549999999999955
 30
0
 11
142.9614179999999806
 21
-92.1975970000000018
 31
0
  0
LINE
  5
3AF
330
22
100
AcDbEntity
  8
F.Paste
  6
CONTINUOUS
100
AcDbLine
 10
142.9614179999999806
 20
-92.1975970000000018
 30
0
 11
142.9939339999999959
 21
-92.148933999999997
 31
0
  0
LINE
  5
3B0
330
22
100
AcDbEntity
  8
F.Paste
  6
CONTINUOUS
100
AcDbLine
 10
142.9939339999999959
 20
-92.148933999999997
 30
0
 11
143.0425970000000007
 21
-92.1164179999999959
 31
0
  0
LINE
  5
3B1
330
22
100
AcDbEntity
  8
F.Paste
  6
CONTINUOUS
100
AcDbLine
 10
143.0425970000000007
 20
-92.1164179999999959
 30
0
 11
143.0999999999999943
 21
-92.1049999999999898
 31
0
  0
LINE
  5
3B2
330
22
100
AcDbEntity
  8
F.Paste
  6
CONTINUOUS
100
AcDbLine
 10
143.0999999999999943
 20
-92.1049999999999898
 30
0
 11
144.75
 21
-92.1049999999999898
 31
0
  0
LINE
  5
3B3
330
22
100
AcDbEntity
  8
F.Paste
  6
CONTINUOUS
100
AcDbLine
 10
144.75
 20
-92.1049999999999898
 30
0
 11
144.8074029999999937
 21
-92.1164179999999959
 31
0
  0
LINE
  5
3B4
330
22
100
AcDbEntity
  8
F.Paste
  6
CONTINUOUS
100
AcDbLine
 10
149.7574029999999823
 20
-92.1164179999999959
 30
0
 11
149.8060659999999871
 21
-92.148933999999997
 31
0
  0
LINE
  5
3B5
330
22
100
AcDbEntity
  8
F.Paste
  6
CONTINUOUS
100
AcDbLine
 10
149.8060659999999871
 20
-92.148933999999997
 30
0
 11
149.8385820000000024
 21
-92.1975970000000018
 31
0
  0
LINE
  5
3B6
330
22
100
AcDbEntity
  8
F.Paste
  6
CONTINUOUS
100
AcDbLine
 10
149.8385820000000024
 20
-92.1975970000000018
 30
0
 11
149.8499999999999943
 21
-92.2549999999999955
 31
0
  0
LINE
  5
3B7
330
22
100
AcDbEntity
  8
F.Paste
  6
CONTINUOUS
100
AcDbLine
 10
149.8499999999999943
 20
-92.2549999999999955
 30
0
 11
149.8499999999999943
 21
-92.5549999999999926
 31
0
  0
LINE
  5
3B8
330
22
100
AcDbEntity
  8
F.Paste
  6
CONTINUOUS
100
AcDbLine
 10
149.8499999999999943
 20
-92.5549999999999926
 30
0
 11
149.8385820000000024
 21
-92.6124030000000005
 31
0
  0
LINE
  5
3B9
330
22
100
AcDbEntity
  8
F.Paste
  6
CONTINUOUS
100
AcDbLine
 10
149.8385820000000024
 20
-92.6124030000000005
 30
0
 11
149.8060659999999871
 21
-92.661065999999991
 31
0
  0
LINE
  5
3BA
330
22
100
AcDbEntity
  8
F.Paste
  6
CONTINUOUS
100
AcDbLine
 10
149.8060659999999871
 20
-92.661065999999991
 30
0
 11
149.7574029999999823
 21
-92.6935819999999921
 31
0
  0
LINE
  5
3BB
330
22
100
AcDbEntity
  8
F.Paste
  6
CONTINUOUS
100
AcDbLine
 10
149.7574029999999823
 20
-92.6935819999999921
 30
0
 11
149.6999999999999886
 21
-92.7049999999999983
 31
0
  0
LINE
  5
3BC
330
22
100
AcDbEntity
  8
F.Paste
  6
CONTINUOUS
100
AcDbLine
 10
149.6999999999999886
 20
-92.7049999999999983
 30
0
 11
148.0499999999999829
 21
-92.7049999999999983
 31
0
  0
LINE
  5
3BD
330
22
100
AcDbEntity
  8
F.Paste
  6
CONTINUOUS
100
AcDbLine
 10
148.0499999999999829
 20
-92.7049999999999983
 30
0
 11
147.9925969999999893
 21
-92.6935819999999921
 31
0
  0
LINE
  5
3BE
330
22
100
AcDbEntity
  8
F.Paste
  6
CONTINUOUS
100
AcDbLine
 10
147.9925969999999893
 20
-92.6935819999999921
 30
0
 11
147.9439339999999845
 21
-92.661065999999991
 31
0
  0
LINE
  5
3BF
330
22
100
AcDbEntity
  8
F.Paste
  6
CONTINUOUS
100
AcDbLine
 10
147.9439339999999845
 20
-92.661065999999991
 30
0
 11
147.9114179999999976
 21
-92.6124030000000005
 31
0
  0
LINE
  5
3C0
330
22
100
AcDbEntity
  8
F.Paste
  6
CONTINUOUS
100
AcDbLine
 10
147.9114179999999976
 20
-92.6124030000000005
 30
0
 11
147.9000000000000057
 21
-92.5549999999999926
 31
0
  0
LINE
  5
3C1
330
22
100
AcDbEntity
  8
F.Paste
  6
CONTINUOUS
100
AcDbLine
 10
147.9000000000000057
 20
-92.5549999999999926
 30
0
 11
147.9000000000000057
 21
-92.2549999999999955
 31
0
  0
LINE
  5
3C2
330
22
100
AcDbEntity
  8
F.Paste
  6
CONTINUOUS
100
AcDbLine
 10
147.9000000000000057
 20
-92.2549999999999955
 30
0
 11
147.9114179999999976
 21
-92.1975970000000018
 31
0
  0
LINE
  5
3C3
330
22
100
AcDbEntity
  8
F.Paste
  6
CONTINUOUS
100
AcDbLine
 10
147.9114179999999976
 20
-92.1975970000000018
 30
0
 11
147.9439339999999845
 21
-92.148933999999997
 31
0
  0
LINE
  5
3C4
330
22
100
AcDbEntity
  8
F.Paste
  6
CONTINUOUS
100
AcDbLine
 10
147.9439339999999845
 20
-92.148933999999997
 30
0
 11
147.9925969999999893
 21
-92.1164179999999959
 31
0
  0
LINE
  5
3C5
330
22
100
AcDbEntity
  8
F.Paste
  6
CONTINUOUS
100
AcDbLine
 10
147.9925969999999893
 20
-92.1164179999999959
 30
0
 11
148.0499999999999829
 21
-92.1049999999999898
 31
0
  0
LINE
  5
3C6
330
22
100
AcDbEntity
  8
F.Paste
  6
CONTINUOUS
100
AcDbLine
 10
148.0499999999999829
 20
-92.1049999999999898
 30
0
 11
149.6999999999999886
 21
-92.1049999999999898
 31
0
  0
LINE
  5
3C7
330
22
100
AcDbEntity
  8
F.Paste
  6
CONTINUOUS
100
AcDbLine
 10
149.6999999999999886
 20
-92.1049999999999898
 30
0
 11
149.7574029999999823
 21
-92.1164179999999959
 31
0
  0
LINE
  5
3C8
330
22
100
AcDbEntity
  8
F.Paste
  6
CONTINUOUS
100
AcDbLine
 10
120.8999999999999915
 20
-92.539999999999992
 30
0
 11
117.8999999999999915
 21
-92.539999999999992
 31
0
  0
LINE
  5
3C9
330
22
100
AcDbEntity
  8
F.Paste
  6
CONTINUOUS
100
AcDbLine
 10
117.8999999999999915
 20
-92.539999999999992
 30
0
 11
117.8999999999999915
 21
-91.539999999999992
 31
0
  0
LINE
  5
3CA
330
22
100
AcDbEntity
  8
F.Paste
  6
CONTINUOUS
100
AcDbLine
 10
117.8999999999999915
 20
-91.539999999999992
 30
0
 11
120.8999999999999915
 21
-91.539999999999992
 31
0
  0
LINE
  5
3CB
330
22
100
AcDbEntity
  8
F.Paste
  6
CONTINUOUS
100
AcDbLine
 10
120.8999999999999915
 20
-91.539999999999992
 30
0
 11
120.8999999999999915
 21
-92.539999999999992
 31
0
  0
LINE
  5
3CC
330
22
100
AcDbEntity
  8
F.Paste
  6
CONTINUOUS
100
AcDbLine
 10
128.9000000000000057
 20
-92.539999999999992
 30
0
 11
125.8999999999999915
 21
-92.539999999999992
 31
0
  0
LINE
  5
3CD
330
22
100
AcDbEntity
  8
F.Paste
  6
CONTINUOUS
100
AcDbLine
 10
125.8999999999999915
 20
-92.539999999999992
 30
0
 11
125.8999999999999915
 21
-91.539999999999992
 31
0
  0
LINE
  5
3CE
330
22
100
AcDbEntity
  8
F.Paste
  6
CONTINUOUS
100
AcDbLine
 10
125.8999999999999915
 20
-91.539999999999992
 30
0
 11
128.9000000000000057
 21
-91.539999999999992
 31
0
  0
LINE
  5
3CF
330
22
100
AcDbEntity
  8
F.Paste
  6
CONTINUOUS
100
AcDbLine
 10
128.9000000000000057
 20
-91.539999999999992
 30
0
 11
128.9000000000000057
 21
-92.539999999999992
 31
0
  0
LINE
  5
3D0
330
22
100
AcDbEntity
  8
F.Paste
  6
CONTINUOUS
100
AcDbLine
 10
144.8074029999999937
 20
-90.8464179999999999
 30
0
 11
144.8560659999999984
 21
-90.878934000000001
 31
0
  0
LINE
  5
3D1
330
22
100
AcDbEntity
  8
F.Paste
  6
CONTINUOUS
100
AcDbLine
 10
144.8560659999999984
 20
-90.878934000000001
 30
0
 11
144.8885819999999853
 21
-90.9275969999999916
 31
0
  0
LINE
  5
3D2
330
22
100
AcDbEntity
  8
F.Paste
  6
CONTINUOUS
100
AcDbLine
 10
144.8885819999999853
 20
-90.9275969999999916
 30
0
 11
144.9000000000000057
 21
-90.9849999999999994
 31
0
  0
LINE
  5
3D3
330
22
100
AcDbEntity
  8
F.Paste
  6
CONTINUOUS
100
AcDbLine
 10
144.9000000000000057
 20
-90.9849999999999994
 30
0
 11
144.9000000000000057
 21
-91.2849999999999966
 31
0
  0
LINE
  5
3D4
330
22
100
AcDbEntity
  8
F.Paste
  6
CONTINUOUS
100
AcDbLine
 10
144.9000000000000057
 20
-91.2849999999999966
 30
0
 11
144.8885819999999853
 21
-91.3424029999999902
 31
0
  0
LINE
  5
3D5
330
22
100
AcDbEntity
  8
F.Paste
  6
CONTINUOUS
100
AcDbLine
 10
144.8885819999999853
 20
-91.3424029999999902
 30
0
 11
144.8560659999999984
 21
-91.391065999999995
 31
0
  0
LINE
  5
3D6
330
22
100
AcDbEntity
  8
F.Paste
  6
CONTINUOUS
100
AcDbLine
 10
144.8560659999999984
 20
-91.391065999999995
 30
0
 11
144.8074029999999937
 21
-91.4235819999999961
 31
0
  0
LINE
  5
3D7
330
22
100
AcDbEntity
  8
F.Paste
  6
CONTINUOUS
100
AcDbLine
 10
144.8074029999999937
 20
-91.4235819999999961
 30
0
 11
144.75
 21
-91.4350000000000023
 31
0
  0
LINE
  5
3D8
330
22
100
AcDbEntity
  8
F.Paste
  6
CONTINUOUS
100
AcDbLine
 10
144.75
 20
-91.4350000000000023
 30
0
 11
143.0999999999999943
 21
-91.4350000000000023
 31
0
  0
LINE
  5
3D9
330
22
100
AcDbEntity
  8
F.Paste
  6
CONTINUOUS
100
AcDbLine
 10
143.0999999999999943
 20
-91.4350000000000023
 30
0
 11
143.0425970000000007
 21
-91.4235819999999961
 31
0
  0
LINE
  5
3DA
330
22
100
AcDbEntity
  8
F.Paste
  6
CONTINUOUS
100
AcDbLine
 10
143.0425970000000007
 20
-91.4235819999999961
 30
0
 11
142.9939339999999959
 21
-91.391065999999995
 31
0
  0
LINE
  5
3DB
330
22
100
AcDbEntity
  8
F.Paste
  6
CONTINUOUS
100
AcDbLine
 10
142.9939339999999959
 20
-91.391065999999995
 30
0
 11
142.9614179999999806
 21
-91.3424029999999902
 31
0
  0
LINE
  5
3DC
330
22
100
AcDbEntity
  8
F.Paste
  6
CONTINUOUS
100
AcDbLine
 10
142.9614179999999806
 20
-91.3424029999999902
 30
0
 11
142.9499999999999886
 21
-91.2849999999999966
 31
0
  0
LINE
  5
3DD
330
22
100
AcDbEntity
  8
F.Paste
  6
CONTINUOUS
100
AcDbLine
 10
142.9499999999999886
 20
-91.2849999999999966
 30
0
 11
142.9499999999999886
 21
-90.9849999999999994
 31
0
  0
LINE
  5
3DE
330
22
100
AcDbEntity
  8
F.Paste
  6
CONTINUOUS
100
AcDbLine
 10
142.9499999999999886
 20
-90.9849999999999994
 30
0
 11
142.9614179999999806
 21
-90.9275969999999916
 31
0
  0
LINE
  5
3DF
330
22
100
AcDbEntity
  8
F.Paste
  6
CONTINUOUS
100
AcDbLine
 10
142.9614179999999806
 20
-90.9275969999999916
 30
0
 11
142.9939339999999959
 21
-90.878934000000001
 31
0
  0
LINE
  5
3E0
330
22
100
AcDbEntity
  8
F.Paste
  6
CONTINUOUS
100
AcDbLine
 10
142.9939339999999959
 20
-90.878934000000001
 30
0
 11
143.0425970000000007
 21
-90.8464179999999999
 31
0
  0
LINE
  5
3E1
330
22
100
AcDbEntity
  8
F.Paste
  6
CONTINUOUS
100
AcDbLine
 10
143.0425970000000007
 20
-90.8464179999999999
 30
0
 11
143.0999999999999943
 21
-90.8349999999999937
 31
0
  0
LINE
  5
3E2
330
22
100
AcDbEntity
  8
F.Paste
  6
CONTINUOUS
100
AcDbLine
 10
143.0999999999999943
 20
-90.8349999999999937
 30
0
 11
144.75
 21
-90.8349999999999937
 31
0
  0
LINE
  5
3E3
330
22
100
AcDbEntity
  8
F.Paste
  6
CONTINUOUS
100
AcDbLine
 10
144.75
 20
-90.8349999999999937
 30
0
 11
144.8074029999999937
 21
-90.8464179999999999
 31
0
  0
LINE
  5
3E4
330
22
100
AcDbEntity
  8
F.Paste
  6
CONTINUOUS
100
AcDbLine
 10
149.7574029999999823
 20
-90.8464179999999999
 30
0
 11
149.8060659999999871
 21
-90.878934000000001
 31
0
  0
LINE
  5
3E5
330
22
100
AcDbEntity
  8
F.Paste
  6
CONTINUOUS
100
AcDbLine
 10
149.8060659999999871
 20
-90.878934000000001
 30
0
 11
149.8385820000000024
 21
-90.9275969999999916
 31
0
  0
LINE
  5
3E6
330
22
100
AcDbEntity
  8
F.Paste
  6
CONTINUOUS
100
AcDbLine
 10
149.8385820000000024
 20
-90.9275969999999916
 30
0
 11
149.8499999999999943
 21
-90.9849999999999994
 31
0
  0
LINE
  5
3E7
330
22
100
AcDbEntity
  8
F.Paste
  6
CONTINUOUS
100
AcDbLine
 10
149.8499999999999943
 20
-90.9849999999999994
 30
0
 11
149.8499999999999943
 21
-91.2849999999999966
 31
0
  0
LINE
  5
3E8
330
22
100
AcDbEntity
  8
F.Paste
  6
CONTINUOUS
100
AcDbLine
 10
149.8499999999999943
 20
-91.2849999999999966
 30
0
 11
149.8385820000000024
 21
-91.3424029999999902
 31
0
  0
LINE
  5
3E9
330
22
100
AcDbEntity
  8
F.Paste
  6
CONTINUOUS
100
AcDbLine
 10
149.8385820000000024
 20
-91.3424029999999902
 30
0
 11
149.8060659999999871
 21
-91.391065999999995
 31
0
  0
LINE
  5
3EA
330
22
100
AcDbEntity
  8
F.Paste
  6
CONTINUOUS
100
AcDbLine
 10
149.8060659999999871
 20
-91.391065999999995
 30
0
 11
149.7574029999999823
 21
-91.4235819999999961
 31
0
  0
LINE
  5
3EB
330
22
100
AcDbEntity
  8
F.Paste
  6
CONTINUOUS
100
AcDbLine
 10
149.7574029999999823
 20
-91.4235819999999961
 30
0
 11
149.6999999999999886
 21
-91.4350000000000023
 31
0
  0
LINE
  5
3EC
330
22
100
AcDbEntity
  8
F.Paste
  6
CONTINUOUS
100
AcDbLine
 10
149.6999999999999886
 20
-91.4350000000000023
 30
0
 11
148.0499999999999829
 21
-91.4350000000000023
 31
0
  0
LINE
  5
3ED
330
22
100
AcDbEntity
  8
F.Paste
  6
CONTINUOUS
100
AcDbLine
 10
148.0499999999999829
 20
-91.4350000000000023
 30
0
 11
147.9925969999999893
 21
-91.4235819999999961
 31
0
  0
LINE
  5
3EE
330
22
100
AcDbEntity
  8
F.Paste
  6
CONTINUOUS
100
AcDbLine
 10
147.9925969999999893
 20
-91.4235819999999961
 30
0
 11
147.9439339999999845
 21
-91.391065999999995
 31
0
  0
LINE
  5
3EF
330
22
100
AcDbEntity
  8
F.Paste
  6
CONTINUOUS
100
AcDbLine
 10
147.9439339999999845
 20
-91.391065999999995
 30
0
 11
147.9114179999999976
 21
-91.3424029999999902
 31
0
  0
LINE
  5
3F0
330
22
100
AcDbEntity
  8
F.Paste
  6
CONTINUOUS
100
AcDbLine
 10
147.9114179999999976
 20
-91.3424029999999902
 30
0
 11
147.9000000000000057
 21
-91.2849999999999966
 31
0
  0
LINE
  5
3F1
330
22
100
AcDbEntity
  8
F.Paste
  6
CONTINUOUS
100
AcDbLine
 10
147.9000000000000057
 20
-91.2849999999999966
 30
0
 11
147.9000000000000057
 21
-90.9849999999999994
 31
0
  0
LINE
  5
3F2
330
22
100
AcDbEntity
  8
F.Paste
  6
CONTINUOUS
100
AcDbLine
 10
147.9000000000000057
 20
-90.9849999999999994
 30
0
 11
147.9114179999999976
 21
-90.9275969999999916
 31
0
  0
LINE
  5
3F3
330
22
100
AcDbEntity
  8
F.Paste
  6
CONTINUOUS
100
AcDbLine
 10
147.9114179999999976
 20
-90.9275969999999916
 30
0
 11
147.9439339999999845
 21
-90.878934000000001
 31
0
  0
LINE
  5
3F4
330
22
100
AcDbEntity
  8
F.Paste
  6
CONTINUOUS
100
AcDbLine
 10
147.9439339999999845
 20
-90.878934000000001
 30
0
 11
147.9925969999999893
 21
-90.8464179999999999
 31
0
  0
LINE
  5
3F5
330
22
100
AcDbEntity
  8
F.Paste
  6
CONTINUOUS
100
AcDbLine
 10
147.9925969999999893
 20
-90.8464179999999999
 30
0
 11
148.0499999999999829
 21
-90.8349999999999937
 31
0
  0
LINE
  5
3F6
330
22
100
AcDbEntity
  8
F.Paste
  6
CONTINUOUS
100
AcDbLine
 10
148.0499999999999829
 20
-90.8349999999999937
 30
0
 11
149.6999999999999886
 21
-90.8349999999999937
 31
0
  0
LINE
  5
3F7
330
22
100
AcDbEntity
  8
F.Paste
  6
CONTINUOUS
100
AcDbLine
 10
149.6999999999999886
 20
-90.8349999999999937
 30
0
 11
149.7574029999999823
 21
-90.8464179999999999
 31
0
  0
LINE
  5
3F8
330
22
100
AcDbEntity
  8
F.Paste
  6
CONTINUOUS
100
AcDbLine
 10
155.6206709999999873
 20
-89.8190299999999979
 30
0
 11
155.7017769999999928
 21
-89.8732229999999959
 31
0
  0
LINE
  5
3F9
330
22
100
AcDbEntity
  8
F.Paste
  6
CONTINUOUS
100
AcDbLine
 10
155.7017769999999928
 20
-89.8732229999999959
 30
0
 11
155.7559699999999907
 21
-89.9543290000000013
 31
0
  0
LINE
  5
3FA
330
22
100
AcDbEntity
  8
F.Paste
  6
CONTINUOUS
100
AcDbLine
 10
155.7559699999999907
 20
-89.9543290000000013
 30
0
 11
155.7750000000000057
 21
-90.0499999999999972
 31
0
  0
LINE
  5
3FB
330
22
100
AcDbEntity
  8
F.Paste
  6
CONTINUOUS
100
AcDbLine
 10
155.7750000000000057
 20
-90.0499999999999972
 30
0
 11
155.7750000000000057
 21
-90.8499999999999943
 31
0
  0
LINE
  5
3FC
330
22
100
AcDbEntity
  8
F.Paste
  6
CONTINUOUS
100
AcDbLine
 10
155.7750000000000057
 20
-90.8499999999999943
 30
0
 11
155.7559699999999907
 21
-90.9456709999999902
 31
0
  0
LINE
  5
3FD
330
22
100
AcDbEntity
  8
F.Paste
  6
CONTINUOUS
100
AcDbLine
 10
155.7559699999999907
 20
-90.9456709999999902
 30
0
 11
155.7017769999999928
 21
-91.0267769999999956
 31
0
  0
LINE
  5
3FE
330
22
100
AcDbEntity
  8
F.Paste
  6
CONTINUOUS
100
AcDbLine
 10
155.7017769999999928
 20
-91.0267769999999956
 30
0
 11
155.6206709999999873
 21
-91.0809699999999935
 31
0
  0
LINE
  5
3FF
330
22
100
AcDbEntity
  8
F.Paste
  6
CONTINUOUS
100
AcDbLine
 10
155.6206709999999873
 20
-91.0809699999999935
 30
0
 11
155.5250000000000057
 21
-91.0999999999999943
 31
0
  0
LINE
  5
400
330
22
100
AcDbEntity
  8
F.Paste
  6
CONTINUOUS
100
AcDbLine
 10
155.5250000000000057
 20
-91.0999999999999943
 30
0
 11
154.2750000000000057
 21
-91.0999999999999943
 31
0
  0
LINE
  5
401
330
22
100
AcDbEntity
  8
F.Paste
  6
CONTINUOUS
100
AcDbLine
 10
154.2750000000000057
 20
-91.0999999999999943
 30
0
 11
154.1793289999999956
 21
-91.0809699999999935
 31
0
  0
LINE
  5
402
330
22
100
AcDbEntity
  8
F.Paste
  6
CONTINUOUS
100
AcDbLine
 10
154.1793289999999956
 20
-91.0809699999999935
 30
0
 11
154.0982229999999902
 21
-91.0267769999999956
 31
0
  0
LINE
  5
403
330
22
100
AcDbEntity
  8
F.Paste
  6
CONTINUOUS
100
AcDbLine
 10
154.0982229999999902
 20
-91.0267769999999956
 30
0
 11
154.0440299999999922
 21
-90.9456709999999902
 31
0
  0
LINE
  5
404
330
22
100
AcDbEntity
  8
F.Paste
  6
CONTINUOUS
100
AcDbLine
 10
154.0440299999999922
 20
-90.9456709999999902
 30
0
 11
154.0250000000000057
 21
-90.8499999999999943
 31
0
  0
LINE
  5
405
330
22
100
AcDbEntity
  8
F.Paste
  6
CONTINUOUS
100
AcDbLine
 10
154.0250000000000057
 20
-90.8499999999999943
 30
0
 11
154.0250000000000057
 21
-90.0499999999999972
 31
0
  0
LINE
  5
406
330
22
100
AcDbEntity
  8
F.Paste
  6
CONTINUOUS
100
AcDbLine
 10
154.0250000000000057
 20
-90.0499999999999972
 30
0
 11
154.0440299999999922
 21
-89.9543290000000013
 31
0
  0
LINE
  5
407
330
22
100
AcDbEntity
  8
F.Paste
  6
CONTINUOUS
100
AcDbLine
 10
154.0440299999999922
 20
-89.9543290000000013
 30
0
 11
154.0982229999999902
 21
-89.8732229999999959
 31
0
  0
LINE
  5
408
330
22
100
AcDbEntity
  8
F.Paste
  6
CONTINUOUS
100
AcDbLine
 10
154.0982229999999902
 20
-89.8732229999999959
 30
0
 11
154.1793289999999956
 21
-89.8190299999999979
 31
0
  0
LINE
  5
409
330
22
100
AcDbEntity
  8
F.Paste
  6
CONTINUOUS
100
AcDbLine
 10
154.1793289999999956
 20
-89.8190299999999979
 30
0
 11
154.2750000000000057
 21
-89.7999999999999972
 31
0
  0
LINE
  5
40A
330
22
100
AcDbEntity
  8
F.Paste
  6
CONTINUOUS
100
AcDbLine
 10
154.2750000000000057
 20
-89.7999999999999972
 30
0
 11
155.5250000000000057
 21
-89.7999999999999972
 31
0
  0
LINE
  5
40B
330
22
100
AcDbEntity
  8
F.Paste
  6
CONTINUOUS
100
AcDbLine
 10
155.5250000000000057
 20
-89.7999999999999972
 30
0
 11
155.6206709999999873
 21
-89.8190299999999979
 31
0
  0
LINE
  5
40C
330
22
100
AcDbEntity
  8
F.Paste
  6
CONTINUOUS
100
AcDbLine
 10
152.9706709999999816
 20
-89.8940300000000008
 30
0
 11
153.0517769999999871
 21
-89.9482229999999987
 31
0
  0
LINE
  5
40D
330
22
100
AcDbEntity
  8
F.Paste
  6
CONTINUOUS
100
AcDbLine
 10
153.0517769999999871
 20
-89.9482229999999987
 30
0
 11
153.105969999999985
 21
-90.0293289999999899
 31
0
  0
LINE
  5
40E
330
22
100
AcDbEntity
  8
F.Paste
  6
CONTINUOUS
100
AcDbLine
 10
153.105969999999985
 20
-90.0293289999999899
 30
0
 11
153.125
 21
-90.125
 31
0
  0
LINE
  5
40F
330
22
100
AcDbEntity
  8
F.Paste
  6
CONTINUOUS
100
AcDbLine
 10
153.125
 20
-90.125
 30
0
 11
153.125
 21
-90.7999999999999972
 31
0
  0
LINE
  5
410
330
22
100
AcDbEntity
  8
F.Paste
  6
CONTINUOUS
100
AcDbLine
 10
153.125
 20
-90.7999999999999972
 30
0
 11
153.105969999999985
 21
-90.895670999999993
 31
0
  0
LINE
  5
411
330
22
100
AcDbEntity
  8
F.Paste
  6
CONTINUOUS
100
AcDbLine
 10
153.105969999999985
 20
-90.895670999999993
 30
0
 11
153.0517769999999871
 21
-90.9767769999999985
 31
0
  0
LINE
  5
412
330
22
100
AcDbEntity
  8
F.Paste
  6
CONTINUOUS
100
AcDbLine
 10
153.0517769999999871
 20
-90.9767769999999985
 30
0
 11
152.9706709999999816
 21
-91.0309699999999964
 31
0
  0
LINE
  5
413
330
22
100
AcDbEntity
  8
F.Paste
  6
CONTINUOUS
100
AcDbLine
 10
152.9706709999999816
 20
-91.0309699999999964
 30
0
 11
152.875
 21
-91.0499999999999972
 31
0
  0
LINE
  5
414
330
22
100
AcDbEntity
  8
F.Paste
  6
CONTINUOUS
100
AcDbLine
 10
152.875
 20
-91.0499999999999972
 30
0
 11
151.9249999999999829
 21
-91.0499999999999972
 31
0
  0
LINE
  5
415
330
22
100
AcDbEntity
  8
F.Paste
  6
CONTINUOUS
100
AcDbLine
 10
151.9249999999999829
 20
-91.0499999999999972
 30
0
 11
151.8293290000000013
 21
-91.0309699999999964
 31
0
  0
LINE
  5
416
330
22
100
AcDbEntity
  8
F.Paste
  6
CONTINUOUS
100
AcDbLine
 10
151.8293290000000013
 20
-91.0309699999999964
 30
0
 11
151.7482229999999959
 21
-90.9767769999999985
 31
0
  0
LINE
  5
417
330
22
100
AcDbEntity
  8
F.Paste
  6
CONTINUOUS
100
AcDbLine
 10
151.7482229999999959
 20
-90.9767769999999985
 30
0
 11
151.6940299999999979
 21
-90.895670999999993
 31
0
  0
LINE
  5
418
330
22
100
AcDbEntity
  8
F.Paste
  6
CONTINUOUS
100
AcDbLine
 10
151.6940299999999979
 20
-90.895670999999993
 30
0
 11
151.6749999999999829
 21
-90.7999999999999972
 31
0
  0
LINE
  5
419
330
22
100
AcDbEntity
  8
F.Paste
  6
CONTINUOUS
100
AcDbLine
 10
151.6749999999999829
 20
-90.7999999999999972
 30
0
 11
151.6749999999999829
 21
-90.125
 31
0
  0
LINE
  5
41A
330
22
100
AcDbEntity
  8
F.Paste
  6
CONTINUOUS
100
AcDbLine
 10
151.6749999999999829
 20
-90.125
 30
0
 11
151.6940299999999979
 21
-90.0293289999999899
 31
0
  0
LINE
  5
41B
330
22
100
AcDbEntity
  8
F.Paste
  6
CONTINUOUS
100
AcDbLine
 10
151.6940299999999979
 20
-90.0293289999999899
 30
0
 11
151.7482229999999959
 21
-89.9482229999999987
 31
0
  0
LINE
  5
41C
330
22
100
AcDbEntity
  8
F.Paste
  6
CONTINUOUS
100
AcDbLine
 10
151.7482229999999959
 20
-89.9482229999999987
 30
0
 11
151.8293290000000013
 21
-89.8940300000000008
 31
0
  0
LINE
  5
41D
330
22
100
AcDbEntity
  8
F.Paste
  6
CONTINUOUS
100
AcDbLine
 10
151.8293290000000013
 20
-89.8940300000000008
 30
0
 11
151.9249999999999829
 21
-89.875
 31
0
  0
LINE
  5
41E
330
22
100
AcDbEntity
  8
F.Paste
  6
CONTINUOUS
100
AcDbLine
 10
151.9249999999999829
 20
-89.875
 30
0
 11
152.875
 21
-89.875
 31
0
  0
LINE
  5
41F
330
22
100
AcDbEntity
  8
F.Paste
  6
CONTINUOUS
100
AcDbLine
 10
152.875
 20
-89.875
 30
0
 11
152.9706709999999816
 21
-89.8940300000000008
 31
0
  0
LINE
  5
420
330
22
100
AcDbEntity
  8
F.Paste
  6
CONTINUOUS
100
AcDbLine
 10
144.8074029999999937
 20
-89.5764179999999897
 30
0
 11
144.8560659999999984
 21
-89.6089339999999908
 31
0
  0
LINE
  5
421
330
22
100
AcDbEntity
  8
F.Paste
  6
CONTINUOUS
100
AcDbLine
 10
144.8560659999999984
 20
-89.6089339999999908
 30
0
 11
144.8885819999999853
 21
-89.6575969999999955
 31
0
  0
LINE
  5
422
330
22
100
AcDbEntity
  8
F.Paste
  6
CONTINUOUS
100
AcDbLine
 10
144.8885819999999853
 20
-89.6575969999999955
 30
0
 11
144.9000000000000057
 21
-89.7149999999999892
 31
0
  0
LINE
  5
423
330
22
100
AcDbEntity
  8
F.Paste
  6
CONTINUOUS
100
AcDbLine
 10
144.9000000000000057
 20
-89.7149999999999892
 30
0
 11
144.9000000000000057
 21
-90.0150000000000006
 31
0
  0
LINE
  5
424
330
22
100
AcDbEntity
  8
F.Paste
  6
CONTINUOUS
100
AcDbLine
 10
144.9000000000000057
 20
-90.0150000000000006
 30
0
 11
144.8885819999999853
 21
-90.0724029999999942
 31
0
  0
LINE
  5
425
330
22
100
AcDbEntity
  8
F.Paste
  6
CONTINUOUS
100
AcDbLine
 10
144.8885819999999853
 20
-90.0724029999999942
 30
0
 11
144.8560659999999984
 21
-90.121065999999999
 31
0
  0
LINE
  5
426
330
22
100
AcDbEntity
  8
F.Paste
  6
CONTINUOUS
100
AcDbLine
 10
144.8560659999999984
 20
-90.121065999999999
 30
0
 11
144.8074029999999937
 21
-90.1535820000000001
 31
0
  0
LINE
  5
427
330
22
100
AcDbEntity
  8
F.Paste
  6
CONTINUOUS
100
AcDbLine
 10
144.8074029999999937
 20
-90.1535820000000001
 30
0
 11
144.75
 21
-90.164999999999992
 31
0
  0
LINE
  5
428
330
22
100
AcDbEntity
  8
F.Paste
  6
CONTINUOUS
100
AcDbLine
 10
144.75
 20
-90.164999999999992
 30
0
 11
143.0999999999999943
 21
-90.164999999999992
 31
0
  0
LINE
  5
429
330
22
100
AcDbEntity
  8
F.Paste
  6
CONTINUOUS
100
AcDbLine
 10
143.0999999999999943
 20
-90.164999999999992
 30
0
 11
143.0425970000000007
 21
-90.1535820000000001
 31
0
  0
LINE
  5
42A
330
22
100
AcDbEntity
  8
F.Paste
  6
CONTINUOUS
100
AcDbLine
 10
143.0425970000000007
 20
-90.1535820000000001
 30
0
 11
142.9939339999999959
 21
-90.121065999999999
 31
0
  0
LINE
  5
42B
330
22
100
AcDbEntity
  8
F.Paste
  6
CONTINUOUS
100
AcDbLine
 10
142.9939339999999959
 20
-90.121065999999999
 30
0
 11
142.9614179999999806
 21
-90.0724029999999942
 31
0
  0
LINE
  5
42C
330
22
100
AcDbEntity
  8
F.Paste
  6
CONTINUOUS
100
AcDbLine
 10
142.9614179999999806
 20
-90.0724029999999942
 30
0
 11
142.9499999999999886
 21
-90.0150000000000006
 31
0
  0
LINE
  5
42D
330
22
100
AcDbEntity
  8
F.Paste
  6
CONTINUOUS
100
AcDbLine
 10
142.9499999999999886
 20
-90.0150000000000006
 30
0
 11
142.9499999999999886
 21
-89.7149999999999892
 31
0
  0
LINE
  5
42E
330
22
100
AcDbEntity
  8
F.Paste
  6
CONTINUOUS
100
AcDbLine
 10
142.9499999999999886
 20
-89.7149999999999892
 30
0
 11
142.9614179999999806
 21
-89.6575969999999955
 31
0
  0
LINE
  5
42F
330
22
100
AcDbEntity
  8
F.Paste
  6
CONTINUOUS
100
AcDbLine
 10
142.9614179999999806
 20
-89.6575969999999955
 30
0
 11
142.9939339999999959
 21
-89.6089339999999908
 31
0
  0
LINE
  5
430
330
22
100
AcDbEntity
  8
F.Paste
  6
CONTINUOUS
100
AcDbLine
 10
142.9939339999999959
 20
-89.6089339999999908
 30
0
 11
143.0425970000000007
 21
-89.5764179999999897
 31
0
  0
LINE
  5
431
330
22
100
AcDbEntity
  8
F.Paste
  6
CONTINUOUS
100
AcDbLine
 10
143.0425970000000007
 20
-89.5764179999999897
 30
0
 11
143.0999999999999943
 21
-89.5649999999999977
 31
0
  0
LINE
  5
432
330
22
100
AcDbEntity
  8
F.Paste
  6
CONTINUOUS
100
AcDbLine
 10
143.0999999999999943
 20
-89.5649999999999977
 30
0
 11
144.75
 21
-89.5649999999999977
 31
0
  0
LINE
  5
433
330
22
100
AcDbEntity
  8
F.Paste
  6
CONTINUOUS
100
AcDbLine
 10
144.75
 20
-89.5649999999999977
 30
0
 11
144.8074029999999937
 21
-89.5764179999999897
 31
0
  0
LINE
  5
434
330
22
100
AcDbEntity
  8
F.Paste
  6
CONTINUOUS
100
AcDbLine
 10
149.7574029999999823
 20
-89.5764179999999897
 30
0
 11
149.8060659999999871
 21
-89.6089339999999908
 31
0
  0
LINE
  5
435
330
22
100
AcDbEntity
  8
F.Paste
  6
CONTINUOUS
100
AcDbLine
 10
149.8060659999999871
 20
-89.6089339999999908
 30
0
 11
149.8385820000000024
 21
-89.6575969999999955
 31
0
  0
LINE
  5
436
330
22
100
AcDbEntity
  8
F.Paste
  6
CONTINUOUS
100
AcDbLine
 10
149.8385820000000024
 20
-89.6575969999999955
 30
0
 11
149.8499999999999943
 21
-89.7149999999999892
 31
0
  0
LINE
  5
437
330
22
100
AcDbEntity
  8
F.Paste
  6
CONTINUOUS
100
AcDbLine
 10
149.8499999999999943
 20
-89.7149999999999892
 30
0
 11
149.8499999999999943
 21
-90.0150000000000006
 31
0
  0
LINE
  5
438
330
22
100
AcDbEntity
  8
F.Paste
  6
CONTINUOUS
100
AcDbLine
 10
149.8499999999999943
 20
-90.0150000000000006
 30
0
 11
149.8385820000000024
 21
-90.0724029999999942
 31
0
  0
LINE
  5
439
330
22
100
AcDbEntity
  8
F.Paste
  6
CONTINUOUS
100
AcDbLine
 10
149.8385820000000024
 20
-90.0724029999999942
 30
0
 11
149.8060659999999871
 21
-90.121065999999999
 31
0
  0
LINE
  5
43A
330
22
100
AcDbEntity
  8
F.Paste
  6
CONTINUOUS
100
AcDbLine
 10
149.8060659999999871
 20
-90.121065999999999
 30
0
 11
149.7574029999999823
 21
-90.1535820000000001
 31
0
  0
LINE
  5
43B
330
22
100
AcDbEntity
  8
F.Paste
  6
CONTINUOUS
100
AcDbLine
 10
149.7574029999999823
 20
-90.1535820000000001
 30
0
 11
149.6999999999999886
 21
-90.164999999999992
 31
0
  0
LINE
  5
43C
330
22
100
AcDbEntity
  8
F.Paste
  6
CONTINUOUS
100
AcDbLine
 10
149.6999999999999886
 20
-90.164999999999992
 30
0
 11
148.0499999999999829
 21
-90.164999999999992
 31
0
  0
LINE
  5
43D
330
22
100
AcDbEntity
  8
F.Paste
  6
CONTINUOUS
100
AcDbLine
 10
148.0499999999999829
 20
-90.164999999999992
 30
0
 11
147.9925969999999893
 21
-90.1535820000000001
 31
0
  0
LINE
  5
43E
330
22
100
AcDbEntity
  8
F.Paste
  6
CONTINUOUS
100
AcDbLine
 10
147.9925969999999893
 20
-90.1535820000000001
 30
0
 11
147.9439339999999845
 21
-90.121065999999999
 31
0
  0
LINE
  5
43F
330
22
100
AcDbEntity
  8
F.Paste
  6
CONTINUOUS
100
AcDbLine
 10
147.9439339999999845
 20
-90.121065999999999
 30
0
 11
147.9114179999999976
 21
-90.0724029999999942
 31
0
  0
LINE
  5
440
330
22
100
AcDbEntity
  8
F.Paste
  6
CONTINUOUS
100
AcDbLine
 10
147.9114179999999976
 20
-90.0724029999999942
 30
0
 11
147.9000000000000057
 21
-90.0150000000000006
 31
0
  0
LINE
  5
441
330
22
100
AcDbEntity
  8
F.Paste
  6
CONTINUOUS
100
AcDbLine
 10
147.9000000000000057
 20
-90.0150000000000006
 30
0
 11
147.9000000000000057
 21
-89.7149999999999892
 31
0
  0
LINE
  5
442
330
22
100
AcDbEntity
  8
F.Paste
  6
CONTINUOUS
100
AcDbLine
 10
147.9000000000000057
 20
-89.7149999999999892
 30
0
 11
147.9114179999999976
 21
-89.6575969999999955
 31
0
  0
LINE
  5
443
330
22
100
AcDbEntity
  8
F.Paste
  6
CONTINUOUS
100
AcDbLine
 10
147.9114179999999976
 20
-89.6575969999999955
 30
0
 11
147.9439339999999845
 21
-89.6089339999999908
 31
0
  0
LINE
  5
444
330
22
100
AcDbEntity
  8
F.Paste
  6
CONTINUOUS
100
AcDbLine
 10
147.9439339999999845
 20
-89.6089339999999908
 30
0
 11
147.9925969999999893
 21
-89.5764179999999897
 31
0
  0
LINE
  5
445
330
22
100
AcDbEntity
  8
F.Paste
  6
CONTINUOUS
100
AcDbLine
 10
147.9925969999999893
 20
-89.5764179999999897
 30
0
 11
148.0499999999999829
 21
-89.5649999999999977
 31
0
  0
LINE
  5
446
330
22
100
AcDbEntity
  8
F.Paste
  6
CONTINUOUS
100
AcDbLine
 10
148.0499999999999829
 20
-89.5649999999999977
 30
0
 11
149.6999999999999886
 21
-89.5649999999999977
 31
0
  0
LINE
  5
447
330
22
100
AcDbEntity
  8
F.Paste
  6
CONTINUOUS
100
AcDbLine
 10
149.6999999999999886
 20
-89.5649999999999977
 30
0
 11
149.7574029999999823
 21
-89.5764179999999897
 31
0
  0
LINE
  5
448
330
22
100
AcDbEntity
  8
F.Paste
  6
CONTINUOUS
100
AcDbLine
 10
134.895670999999993
 20
-88.4388099999999895
 30
0
 11
134.9767769999999985
 21
-88.4930030000000016
 31
0
  0
LINE
  5
449
330
22
100
AcDbEntity
  8
F.Paste
  6
CONTINUOUS
100
AcDbLine
 10
134.9767769999999985
 20
-88.4930030000000016
 30
0
 11
135.0309699999999964
 21
-88.5741089999999929
 31
0
  0
LINE
  5
44A
330
22
100
AcDbEntity
  8
F.Paste
  6
CONTINUOUS
100
AcDbLine
 10
135.0309699999999964
 20
-88.5741089999999929
 30
0
 11
135.0499999999999829
 21
-88.6697800000000029
 31
0
  0
LINE
  5
44B
330
22
100
AcDbEntity
  8
F.Paste
  6
CONTINUOUS
100
AcDbLine
 10
135.0499999999999829
 20
-88.6697800000000029
 30
0
 11
135.0499999999999829
 21
-89.7697799999999972
 31
0
  0
LINE
  5
44C
330
22
100
AcDbEntity
  8
F.Paste
  6
CONTINUOUS
100
AcDbLine
 10
135.0499999999999829
 20
-89.7697799999999972
 30
0
 11
135.0309699999999964
 21
-89.8654509999999931
 31
0
  0
LINE
  5
44D
330
22
100
AcDbEntity
  8
F.Paste
  6
CONTINUOUS
100
AcDbLine
 10
135.0309699999999964
 20
-89.8654509999999931
 30
0
 11
134.9767769999999985
 21
-89.9465569999999985
 31
0
  0
LINE
  5
44E
330
22
100
AcDbEntity
  8
F.Paste
  6
CONTINUOUS
100
AcDbLine
 10
134.9767769999999985
 20
-89.9465569999999985
 30
0
 11
134.895670999999993
 21
-90.0007499999999965
 31
0
  0
LINE
  5
44F
330
22
100
AcDbEntity
  8
F.Paste
  6
CONTINUOUS
100
AcDbLine
 10
134.895670999999993
 20
-90.0007499999999965
 30
0
 11
134.7999999999999829
 21
-90.0197799999999972
 31
0
  0
LINE
  5
450
330
22
100
AcDbEntity
  8
F.Paste
  6
CONTINUOUS
100
AcDbLine
 10
134.7999999999999829
 20
-90.0197799999999972
 30
0
 11
131.7999999999999829
 21
-90.0197799999999972
 31
0
  0
LINE
  5
451
330
22
100
AcDbEntity
  8
F.Paste
  6
CONTINUOUS
100
AcDbLine
 10
131.7999999999999829
 20
-90.0197799999999972
 30
0
 11
131.7043290000000013
 21
-90.0007499999999965
 31
0
  0
LINE
  5
452
330
22
100
AcDbEntity
  8
F.Paste
  6
CONTINUOUS
100
AcDbLine
 10
131.7043290000000013
 20
-90.0007499999999965
 30
0
 11
131.6232229999999959
 21
-89.9465569999999985
 31
0
  0
LINE
  5
453
330
22
100
AcDbEntity
  8
F.Paste
  6
CONTINUOUS
100
AcDbLine
 10
131.6232229999999959
 20
-89.9465569999999985
 30
0
 11
131.5690299999999979
 21
-89.8654509999999931
 31
0
  0
LINE
  5
454
330
22
100
AcDbEntity
  8
F.Paste
  6
CONTINUOUS
100
AcDbLine
 10
131.5690299999999979
 20
-89.8654509999999931
 30
0
 11
131.5499999999999829
 21
-89.7697799999999972
 31
0
  0
LINE
  5
455
330
22
100
AcDbEntity
  8
F.Paste
  6
CONTINUOUS
100
AcDbLine
 10
131.5499999999999829
 20
-89.7697799999999972
 30
0
 11
131.5499999999999829
 21
-88.6697800000000029
 31
0
  0
LINE
  5
456
330
22
100
AcDbEntity
  8
F.Paste
  6
CONTINUOUS
100
AcDbLine
 10
131.5499999999999829
 20
-88.6697800000000029
 30
0
 11
131.5690299999999979
 21
-88.5741089999999929
 31
0
  0
LINE
  5
457
330
22
100
AcDbEntity
  8
F.Paste
  6
CONTINUOUS
100
AcDbLine
 10
131.5690299999999979
 20
-88.5741089999999929
 30
0
 11
131.6232229999999959
 21
-88.4930030000000016
 31
0
  0
LINE
  5
458
330
22
100
AcDbEntity
  8
F.Paste
  6
CONTINUOUS
100
AcDbLine
 10
131.6232229999999959
 20
-88.4930030000000016
 30
0
 11
131.7043290000000013
 21
-88.4388099999999895
 31
0
  0
LINE
  5
459
330
22
100
AcDbEntity
  8
F.Paste
  6
CONTINUOUS
100
AcDbLine
 10
131.7043290000000013
 20
-88.4388099999999895
 30
0
 11
131.7999999999999829
 21
-88.4197800000000029
 31
0
  0
LINE
  5
45A
330
22
100
AcDbEntity
  8
F.Paste
  6
CONTINUOUS
100
AcDbLine
 10
131.7999999999999829
 20
-88.4197800000000029
 30
0
 11
134.7999999999999829
 21
-88.4197800000000029
 31
0
  0
LINE
  5
45B
330
22
100
AcDbEntity
  8
F.Paste
  6
CONTINUOUS
100
AcDbLine
 10
134.7999999999999829
 20
-88.4197800000000029
 30
0
 11
134.895670999999993
 21
-88.4388099999999895
 31
0
  0
LINE
  5
45C
330
22
100
AcDbEntity
  8
F.Paste
  6
CONTINUOUS
100
AcDbLine
 10
140.2956709999999987
 20
-88.4388099999999895
 30
0
 11
140.3767770000000041
 21
-88.4930030000000016
 31
0
  0
LINE
  5
45D
330
22
100
AcDbEntity
  8
F.Paste
  6
CONTINUOUS
100
AcDbLine
 10
140.3767770000000041
 20
-88.4930030000000016
 30
0
 11
140.4309700000000021
 21
-88.5741089999999929
 31
0
  0
LINE
  5
45E
330
22
100
AcDbEntity
  8
F.Paste
  6
CONTINUOUS
100
AcDbLine
 10
140.4309700000000021
 20
-88.5741089999999929
 30
0
 11
140.4499999999999886
 21
-88.6697800000000029
 31
0
  0
LINE
  5
45F
330
22
100
AcDbEntity
  8
F.Paste
  6
CONTINUOUS
100
AcDbLine
 10
140.4499999999999886
 20
-88.6697800000000029
 30
0
 11
140.4499999999999886
 21
-89.7697799999999972
 31
0
  0
LINE
  5
460
330
22
100
AcDbEntity
  8
F.Paste
  6
CONTINUOUS
100
AcDbLine
 10
140.4499999999999886
 20
-89.7697799999999972
 30
0
 11
140.4309700000000021
 21
-89.8654509999999931
 31
0
  0
LINE
  5
461
330
22
100
AcDbEntity
  8
F.Paste
  6
CONTINUOUS
100
AcDbLine
 10
140.4309700000000021
 20
-89.8654509999999931
 30
0
 11
140.3767770000000041
 21
-89.9465569999999985
 31
0
  0
LINE
  5
462
330
22
100
AcDbEntity
  8
F.Paste
  6
CONTINUOUS
100
AcDbLine
 10
140.3767770000000041
 20
-89.9465569999999985
 30
0
 11
140.2956709999999987
 21
-90.0007499999999965
 31
0
  0
LINE
  5
463
330
22
100
AcDbEntity
  8
F.Paste
  6
CONTINUOUS
100
AcDbLine
 10
140.2956709999999987
 20
-90.0007499999999965
 30
0
 11
140.1999999999999886
 21
-90.0197799999999972
 31
0
  0
LINE
  5
464
330
22
100
AcDbEntity
  8
F.Paste
  6
CONTINUOUS
100
AcDbLine
 10
140.1999999999999886
 20
-90.0197799999999972
 30
0
 11
137.1999999999999886
 21
-90.0197799999999972
 31
0
  0
LINE
  5
465
330
22
100
AcDbEntity
  8
F.Paste
  6
CONTINUOUS
100
AcDbLine
 10
137.1999999999999886
 20
-90.0197799999999972
 30
0
 11
137.104329000000007
 21
-90.0007499999999965
 31
0
  0
LINE
  5
466
330
22
100
AcDbEntity
  8
F.Paste
  6
CONTINUOUS
100
AcDbLine
 10
137.104329000000007
 20
-90.0007499999999965
 30
0
 11
137.0232230000000015
 21
-89.9465569999999985
 31
0
  0
LINE
  5
467
330
22
100
AcDbEntity
  8
F.Paste
  6
CONTINUOUS
100
AcDbLine
 10
137.0232230000000015
 20
-89.9465569999999985
 30
0
 11
136.9690300000000036
 21
-89.8654509999999931
 31
0
  0
LINE
  5
468
330
22
100
AcDbEntity
  8
F.Paste
  6
CONTINUOUS
100
AcDbLine
 10
136.9690300000000036
 20
-89.8654509999999931
 30
0
 11
136.9499999999999886
 21
-89.7697799999999972
 31
0
  0
LINE
  5
469
330
22
100
AcDbEntity
  8
F.Paste
  6
CONTINUOUS
100
AcDbLine
 10
136.9499999999999886
 20
-89.7697799999999972
 30
0
 11
136.9499999999999886
 21
-88.6697800000000029
 31
0
  0
LINE
  5
46A
330
22
100
AcDbEntity
  8
F.Paste
  6
CONTINUOUS
100
AcDbLine
 10
136.9499999999999886
 20
-88.6697800000000029
 30
0
 11
136.9690300000000036
 21
-88.5741089999999929
 31
0
  0
LINE
  5
46B
330
22
100
AcDbEntity
  8
F.Paste
  6
CONTINUOUS
100
AcDbLine
 10
136.9690300000000036
 20
-88.5741089999999929
 30
0
 11
137.0232230000000015
 21
-88.4930030000000016
 31
0
  0
LINE
  5
46C
330
22
100
AcDbEntity
  8
F.Paste
  6
CONTINUOUS
100
AcDbLine
 10
137.0232230000000015
 20
-88.4930030000000016
 30
0
 11
137.104329000000007
 21
-88.4388099999999895
 31
0
  0
LINE
  5
46D
330
22
100
AcDbEntity
  8
F.Paste
  6
CONTINUOUS
100
AcDbLine
 10
137.104329000000007
 20
-88.4388099999999895
 30
0
 11
137.1999999999999886
 21
-88.4197800000000029
 31
0
  0
LINE
  5
46E
330
22
100
AcDbEntity
  8
F.Paste
  6
CONTINUOUS
100
AcDbLine
 10
137.1999999999999886
 20
-88.4197800000000029
 30
0
 11
140.1999999999999886
 21
-88.4197800000000029
 31
0
  0
LINE
  5
46F
330
22
100
AcDbEntity
  8
F.Paste
  6
CONTINUOUS
100
AcDbLine
 10
140.1999999999999886
 20
-88.4197800000000029
 30
0
 11
140.2956709999999987
 21
-88.4388099999999895
 31
0
  0
LINE
  5
470
330
22
100
AcDbEntity
  8
F.Paste
  6
CONTINUOUS
100
AcDbLine
 10
120.8999999999999915
 20
-90.
 30
0
 11
117.8999999999999915
 21
-90.
 31
0
  0
LINE
  5
471
330
22
100
AcDbEntity
  8
F.Paste
  6
CONTINUOUS
100
AcDbLine
 10
117.8999999999999915
 20
-90.
 30
0
 11
117.8999999999999915
 21
-89.
 31
0
  0
LINE
  5
472
330
22
100
AcDbEntity
  8
F.Paste
  6
CONTINUOUS
100
AcDbLine
 10
117.8999999999999915
 20
-89.
 30
0
 11
120.8999999999999915
 21
-89.
 31
0
  0
LINE
  5
473
330
22
100
AcDbEntity
  8
F.Paste
  6
CONTINUOUS
100
AcDbLine
 10
120.8999999999999915
 20
-89.
 30
0
 11
120.8999999999999915
 21
-90.
 31
0
  0
LINE
  5
474
330
22
100
AcDbEntity
  8
F.Paste
  6
CONTINUOUS
100
AcDbLine
 10
144.8074029999999937
 20
-88.3064179999999936
 30
0
 11
144.8560659999999984
 21
-88.3389339999999947
 31
0
  0
LINE
  5
475
330
22
100
AcDbEntity
  8
F.Paste
  6
CONTINUOUS
100
AcDbLine
 10
144.8560659999999984
 20
-88.3389339999999947
 30
0
 11
144.8885819999999853
 21
-88.3875969999999995
 31
0
  0
LINE
  5
476
330
22
100
AcDbEntity
  8
F.Paste
  6
CONTINUOUS
100
AcDbLine
 10
144.8885819999999853
 20
-88.3875969999999995
 30
0
 11
144.9000000000000057
 21
-88.4449999999999932
 31
0
  0
LINE
  5
477
330
22
100
AcDbEntity
  8
F.Paste
  6
CONTINUOUS
100
AcDbLine
 10
144.9000000000000057
 20
-88.4449999999999932
 30
0
 11
144.9000000000000057
 21
-88.7449999999999903
 31
0
  0
LINE
  5
478
330
22
100
AcDbEntity
  8
F.Paste
  6
CONTINUOUS
100
AcDbLine
 10
144.9000000000000057
 20
-88.7449999999999903
 30
0
 11
144.8885819999999853
 21
-88.8024029999999982
 31
0
  0
LINE
  5
479
330
22
100
AcDbEntity
  8
F.Paste
  6
CONTINUOUS
100
AcDbLine
 10
144.8885819999999853
 20
-88.8024029999999982
 30
0
 11
144.8560659999999984
 21
-88.851066000000003
 31
0
  0
LINE
  5
47A
330
22
100
AcDbEntity
  8
F.Paste
  6
CONTINUOUS
100
AcDbLine
 10
144.8560659999999984
 20
-88.851066000000003
 30
0
 11
144.8074029999999937
 21
-88.8835819999999899
 31
0
  0
LINE
  5
47B
330
22
100
AcDbEntity
  8
F.Paste
  6
CONTINUOUS
100
AcDbLine
 10
144.8074029999999937
 20
-88.8835819999999899
 30
0
 11
144.75
 21
-88.894999999999996
 31
0
  0
LINE
  5
47C
330
22
100
AcDbEntity
  8
F.Paste
  6
CONTINUOUS
100
AcDbLine
 10
144.75
 20
-88.894999999999996
 30
0
 11
143.0999999999999943
 21
-88.894999999999996
 31
0
  0
LINE
  5
47D
330
22
100
AcDbEntity
  8
F.Paste
  6
CONTINUOUS
100
AcDbLine
 10
143.0999999999999943
 20
-88.894999999999996
 30
0
 11
143.0425970000000007
 21
-88.8835819999999899
 31
0
  0
LINE
  5
47E
330
22
100
AcDbEntity
  8
F.Paste
  6
CONTINUOUS
100
AcDbLine
 10
143.0425970000000007
 20
-88.8835819999999899
 30
0
 11
142.9939339999999959
 21
-88.851066000000003
 31
0
  0
LINE
  5
47F
330
22
100
AcDbEntity
  8
F.Paste
  6
CONTINUOUS
100
AcDbLine
 10
142.9939339999999959
 20
-88.851066000000003
 30
0
 11
142.9614179999999806
 21
-88.8024029999999982
 31
0
  0
LINE
  5
480
330
22
100
AcDbEntity
  8
F.Paste
  6
CONTINUOUS
100
AcDbLine
 10
142.9614179999999806
 20
-88.8024029999999982
 30
0
 11
142.9499999999999886
 21
-88.7449999999999903
 31
0
  0
LINE
  5
481
330
22
100
AcDbEntity
  8
F.Paste
  6
CONTINUOUS
100
AcDbLine
 10
142.9499999999999886
 20
-88.7449999999999903
 30
0
 11
142.9499999999999886
 21
-88.4449999999999932
 31
0
  0
LINE
  5
482
330
22
100
AcDbEntity
  8
F.Paste
  6
CONTINUOUS
100
AcDbLine
 10
142.9499999999999886
 20
-88.4449999999999932
 30
0
 11
142.9614179999999806
 21
-88.3875969999999995
 31
0
  0
LINE
  5
483
330
22
100
AcDbEntity
  8
F.Paste
  6
CONTINUOUS
100
AcDbLine
 10
142.9614179999999806
 20
-88.3875969999999995
 30
0
 11
142.9939339999999959
 21
-88.3389339999999947
 31
0
  0
LINE
  5
484
330
22
100
AcDbEntity
  8
F.Paste
  6
CONTINUOUS
100
AcDbLine
 10
142.9939339999999959
 20
-88.3389339999999947
 30
0
 11
143.0425970000000007
 21
-88.3064179999999936
 31
0
  0
LINE
  5
485
330
22
100
AcDbEntity
  8
F.Paste
  6
CONTINUOUS
100
AcDbLine
 10
143.0425970000000007
 20
-88.3064179999999936
 30
0
 11
143.0999999999999943
 21
-88.2950000000000017
 31
0
  0
LINE
  5
486
330
22
100
AcDbEntity
  8
F.Paste
  6
CONTINUOUS
100
AcDbLine
 10
143.0999999999999943
 20
-88.2950000000000017
 30
0
 11
144.75
 21
-88.2950000000000017
 31
0
  0
LINE
  5
487
330
22
100
AcDbEntity
  8
F.Paste
  6
CONTINUOUS
100
AcDbLine
 10
144.75
 20
-88.2950000000000017
 30
0
 11
144.8074029999999937
 21
-88.3064179999999936
 31
0
  0
LINE
  5
488
330
22
100
AcDbEntity
  8
F.Paste
  6
CONTINUOUS
100
AcDbLine
 10
149.7574029999999823
 20
-88.3064179999999936
 30
0
 11
149.8060659999999871
 21
-88.3389339999999947
 31
0
  0
LINE
  5
489
330
22
100
AcDbEntity
  8
F.Paste
  6
CONTINUOUS
100
AcDbLine
 10
149.8060659999999871
 20
-88.3389339999999947
 30
0
 11
149.8385820000000024
 21
-88.3875969999999995
 31
0
  0
LINE
  5
48A
330
22
100
AcDbEntity
  8
F.Paste
  6
CONTINUOUS
100
AcDbLine
 10
149.8385820000000024
 20
-88.3875969999999995
 30
0
 11
149.8499999999999943
 21
-88.4449999999999932
 31
0
  0
LINE
  5
48B
330
22
100
AcDbEntity
  8
F.Paste
  6
CONTINUOUS
100
AcDbLine
 10
149.8499999999999943
 20
-88.4449999999999932
 30
0
 11
149.8499999999999943
 21
-88.7449999999999903
 31
0
  0
LINE
  5
48C
330
22
100
AcDbEntity
  8
F.Paste
  6
CONTINUOUS
100
AcDbLine
 10
149.8499999999999943
 20
-88.7449999999999903
 30
0
 11
149.8385820000000024
 21
-88.8024029999999982
 31
0
  0
LINE
  5
48D
330
22
100
AcDbEntity
  8
F.Paste
  6
CONTINUOUS
100
AcDbLine
 10
149.8385820000000024
 20
-88.8024029999999982
 30
0
 11
149.8060659999999871
 21
-88.851066000000003
 31
0
  0
LINE
  5
48E
330
22
100
AcDbEntity
  8
F.Paste
  6
CONTINUOUS
100
AcDbLine
 10
149.8060659999999871
 20
-88.851066000000003
 30
0
 11
149.7574029999999823
 21
-88.8835819999999899
 31
0
  0
LINE
  5
48F
330
22
100
AcDbEntity
  8
F.Paste
  6
CONTINUOUS
100
AcDbLine
 10
149.7574029999999823
 20
-88.8835819999999899
 30
0
 11
149.6999999999999886
 21
-88.894999999999996
 31
0
  0
LINE
  5
490
330
22
100
AcDbEntity
  8
F.Paste
  6
CONTINUOUS
100
AcDbLine
 10
149.6999999999999886
 20
-88.894999999999996
 30
0
 11
148.0499999999999829
 21
-88.894999999999996
 31
0
  0
LINE
  5
491
330
22
100
AcDbEntity
  8
F.Paste
  6
CONTINUOUS
100
AcDbLine
 10
148.0499999999999829
 20
-88.894999999999996
 30
0
 11
147.9925969999999893
 21
-88.8835819999999899
 31
0
  0
LINE
  5
492
330
22
100
AcDbEntity
  8
F.Paste
  6
CONTINUOUS
100
AcDbLine
 10
147.9925969999999893
 20
-88.8835819999999899
 30
0
 11
147.9439339999999845
 21
-88.851066000000003
 31
0
  0
LINE
  5
493
330
22
100
AcDbEntity
  8
F.Paste
  6
CONTINUOUS
100
AcDbLine
 10
147.9439339999999845
 20
-88.851066000000003
 30
0
 11
147.9114179999999976
 21
-88.8024029999999982
 31
0
  0
LINE
  5
494
330
22
100
AcDbEntity
  8
F.Paste
  6
CONTINUOUS
100
AcDbLine
 10
147.9114179999999976
 20
-88.8024029999999982
 30
0
 11
147.9000000000000057
 21
-88.7449999999999903
 31
0
  0
LINE
  5
495
330
22
100
AcDbEntity
  8
F.Paste
  6
CONTINUOUS
100
AcDbLine
 10
147.9000000000000057
 20
-88.7449999999999903
 30
0
 11
147.9000000000000057
 21
-88.4449999999999932
 31
0
  0
LINE
  5
496
330
22
100
AcDbEntity
  8
F.Paste
  6
CONTINUOUS
100
AcDbLine
 10
147.9000000000000057
 20
-88.4449999999999932
 30
0
 11
147.9114179999999976
 21
-88.3875969999999995
 31
0
  0
LINE
  5
497
330
22
100
AcDbEntity
  8
F.Paste
  6
CONTINUOUS
100
AcDbLine
 10
147.9114179999999976
 20
-88.3875969999999995
 30
0
 11
147.9439339999999845
 21
-88.3389339999999947
 31
0
  0
LINE
  5
498
330
22
100
AcDbEntity
  8
F.Paste
  6
CONTINUOUS
100
AcDbLine
 10
147.9439339999999845
 20
-88.3389339999999947
 30
0
 11
147.9925969999999893
 21
-88.3064179999999936
 31
0
  0
LINE
  5
499
330
22
100
AcDbEntity
  8
F.Paste
  6
CONTINUOUS
100
AcDbLine
 10
147.9925969999999893
 20
-88.3064179999999936
 30
0
 11
148.0499999999999829
 21
-88.2950000000000017
 31
0
  0
LINE
  5
49A
330
22
100
AcDbEntity
  8
F.Paste
  6
CONTINUOUS
100
AcDbLine
 10
148.0499999999999829
 20
-88.2950000000000017
 30
0
 11
149.6999999999999886
 21
-88.2950000000000017
 31
0
  0
LINE
  5
49B
330
22
100
AcDbEntity
  8
F.Paste
  6
CONTINUOUS
100
AcDbLine
 10
149.6999999999999886
 20
-88.2950000000000017
 30
0
 11
149.7574029999999823
 21
-88.3064179999999936
 31
0
  0
LINE
  5
49C
330
22
100
AcDbEntity
  8
F.Paste
  6
CONTINUOUS
100
AcDbLine
 10
156.7956709999999987
 20
-87.2940299999999922
 30
0
 11
156.8767770000000041
 21
-87.3482229999999902
 31
0
  0
LINE
  5
49D
330
22
100
AcDbEntity
  8
F.Paste
  6
CONTINUOUS
100
AcDbLine
 10
156.8767770000000041
 20
-87.3482229999999902
 30
0
 11
156.9309700000000021
 21
-87.4293289999999956
 31
0
  0
LINE
  5
49E
330
22
100
AcDbEntity
  8
F.Paste
  6
CONTINUOUS
100
AcDbLine
 10
156.9309700000000021
 20
-87.4293289999999956
 30
0
 11
156.9499999999999886
 21
-87.5249999999999915
 31
0
  0
LINE
  5
49F
330
22
100
AcDbEntity
  8
F.Paste
  6
CONTINUOUS
100
AcDbLine
 10
156.9499999999999886
 20
-87.5249999999999915
 30
0
 11
156.9499999999999886
 21
-88.4749999999999943
 31
0
  0
LINE
  5
4A0
330
22
100
AcDbEntity
  8
F.Paste
  6
CONTINUOUS
100
AcDbLine
 10
156.9499999999999886
 20
-88.4749999999999943
 30
0
 11
156.9309700000000021
 21
-88.5706709999999902
 31
0
  0
LINE
  5
4A1
330
22
100
AcDbEntity
  8
F.Paste
  6
CONTINUOUS
100
AcDbLine
 10
156.9309700000000021
 20
-88.5706709999999902
 30
0
 11
156.8767770000000041
 21
-88.6517769999999956
 31
0
  0
LINE
  5
4A2
330
22
100
AcDbEntity
  8
F.Paste
  6
CONTINUOUS
100
AcDbLine
 10
156.8767770000000041
 20
-88.6517769999999956
 30
0
 11
156.7956709999999987
 21
-88.7059699999999935
 31
0
  0
LINE
  5
4A3
330
22
100
AcDbEntity
  8
F.Paste
  6
CONTINUOUS
100
AcDbLine
 10
156.7956709999999987
 20
-88.7059699999999935
 30
0
 11
156.6999999999999886
 21
-88.7249999999999943
 31
0
  0
LINE
  5
4A4
330
22
100
AcDbEntity
  8
F.Paste
  6
CONTINUOUS
100
AcDbLine
 10
156.6999999999999886
 20
-88.7249999999999943
 30
0
 11
156.0250000000000057
 21
-88.7249999999999943
 31
0
  0
LINE
  5
4A5
330
22
100
AcDbEntity
  8
F.Paste
  6
CONTINUOUS
100
AcDbLine
 10
156.0250000000000057
 20
-88.7249999999999943
 30
0
 11
155.9293289999999956
 21
-88.7059699999999935
 31
0
  0
LINE
  5
4A6
330
22
100
AcDbEntity
  8
F.Paste
  6
CONTINUOUS
100
AcDbLine
 10
155.9293289999999956
 20
-88.7059699999999935
 30
0
 11
155.8482229999999902
 21
-88.6517769999999956
 31
0
  0
LINE
  5
4A7
330
22
100
AcDbEntity
  8
F.Paste
  6
CONTINUOUS
100
AcDbLine
 10
155.8482229999999902
 20
-88.6517769999999956
 30
0
 11
155.7940299999999922
 21
-88.5706709999999902
 31
0
  0
LINE
  5
4A8
330
22
100
AcDbEntity
  8
F.Paste
  6
CONTINUOUS
100
AcDbLine
 10
155.7940299999999922
 20
-88.5706709999999902
 30
0
 11
155.7750000000000057
 21
-88.4749999999999943
 31
0
  0
LINE
  5
4A9
330
22
100
AcDbEntity
  8
F.Paste
  6
CONTINUOUS
100
AcDbLine
 10
155.7750000000000057
 20
-88.4749999999999943
 30
0
 11
155.7750000000000057
 21
-87.5249999999999915
 31
0
  0
LINE
  5
4AA
330
22
100
AcDbEntity
  8
F.Paste
  6
CONTINUOUS
100
AcDbLine
 10
155.7750000000000057
 20
-87.5249999999999915
 30
0
 11
155.7940299999999922
 21
-87.4293289999999956
 31
0
  0
LINE
  5
4AB
330
22
100
AcDbEntity
  8
F.Paste
  6
CONTINUOUS
100
AcDbLine
 10
155.7940299999999922
 20
-87.4293289999999956
 30
0
 11
155.8482229999999902
 21
-87.3482229999999902
 31
0
  0
LINE
  5
4AC
330
22
100
AcDbEntity
  8
F.Paste
  6
CONTINUOUS
100
AcDbLine
 10
155.8482229999999902
 20
-87.3482229999999902
 30
0
 11
155.9293289999999956
 21
-87.2940299999999922
 31
0
  0
LINE
  5
4AD
330
22
100
AcDbEntity
  8
F.Paste
  6
CONTINUOUS
100
AcDbLine
 10
155.9293289999999956
 20
-87.2940299999999922
 30
0
 11
156.0250000000000057
 21
-87.2749999999999915
 31
0
  0
LINE
  5
4AE
330
22
100
AcDbEntity
  8
F.Paste
  6
CONTINUOUS
100
AcDbLine
 10
156.0250000000000057
 20
-87.2749999999999915
 30
0
 11
156.6999999999999886
 21
-87.2749999999999915
 31
0
  0
LINE
  5
4AF
330
22
100
AcDbEntity
  8
F.Paste
  6
CONTINUOUS
100
AcDbLine
 10
156.6999999999999886
 20
-87.2749999999999915
 30
0
 11
156.7956709999999987
 21
-87.2940299999999922
 31
0
  0
LINE
  5
4B0
330
22
100
AcDbEntity
  8
F.Paste
  6
CONTINUOUS
100
AcDbLine
 10
158.8706709999999873
 20
-87.2940299999999922
 30
0
 11
158.9517769999999928
 21
-87.3482229999999902
 31
0
  0
LINE
  5
4B1
330
22
100
AcDbEntity
  8
F.Paste
  6
CONTINUOUS
100
AcDbLine
 10
158.9517769999999928
 20
-87.3482229999999902
 30
0
 11
159.0059699999999907
 21
-87.4293289999999956
 31
0
  0
LINE
  5
4B2
330
22
100
AcDbEntity
  8
F.Paste
  6
CONTINUOUS
100
AcDbLine
 10
159.0059699999999907
 20
-87.4293289999999956
 30
0
 11
159.0250000000000057
 21
-87.5249999999999915
 31
0
  0
LINE
  5
4B3
330
22
100
AcDbEntity
  8
F.Paste
  6
CONTINUOUS
100
AcDbLine
 10
159.0250000000000057
 20
-87.5249999999999915
 30
0
 11
159.0250000000000057
 21
-88.4749999999999943
 31
0
  0
LINE
  5
4B4
330
22
100
AcDbEntity
  8
F.Paste
  6
CONTINUOUS
100
AcDbLine
 10
159.0250000000000057
 20
-88.4749999999999943
 30
0
 11
159.0059699999999907
 21
-88.5706709999999902
 31
0
  0
LINE
  5
4B5
330
22
100
AcDbEntity
  8
F.Paste
  6
CONTINUOUS
100
AcDbLine
 10
159.0059699999999907
 20
-88.5706709999999902
 30
0
 11
158.9517769999999928
 21
-88.6517769999999956
 31
0
  0
LINE
  5
4B6
330
22
100
AcDbEntity
  8
F.Paste
  6
CONTINUOUS
100
AcDbLine
 10
158.9517769999999928
 20
-88.6517769999999956
 30
0
 11
158.8706709999999873
 21
-88.7059699999999935
 31
0
  0
LINE
  5
4B7
330
22
100
AcDbEntity
  8
F.Paste
  6
CONTINUOUS
100
AcDbLine
 10
158.8706709999999873
 20
-88.7059699999999935
 30
0
 11
158.7750000000000057
 21
-88.7249999999999943
 31
0
  0
LINE
  5
4B8
330
22
100
AcDbEntity
  8
F.Paste
  6
CONTINUOUS
100
AcDbLine
 10
158.7750000000000057
 20
-88.7249999999999943
 30
0
 11
158.0999999999999943
 21
-88.7249999999999943
 31
0
  0
LINE
  5
4B9
330
22
100
AcDbEntity
  8
F.Paste
  6
CONTINUOUS
100
AcDbLine
 10
158.0999999999999943
 20
-88.7249999999999943
 30
0
 11
158.0043289999999843
 21
-88.7059699999999935
 31
0
  0
LINE
  5
4BA
330
22
100
AcDbEntity
  8
F.Paste
  6
CONTINUOUS
100
AcDbLine
 10
158.0043289999999843
 20
-88.7059699999999935
 30
0
 11
157.9232229999999788
 21
-88.6517769999999956
 31
0
  0
LINE
  5
4BB
330
22
100
AcDbEntity
  8
F.Paste
  6
CONTINUOUS
100
AcDbLine
 10
157.9232229999999788
 20
-88.6517769999999956
 30
0
 11
157.8690299999999809
 21
-88.5706709999999902
 31
0
  0
LINE
  5
4BC
330
22
100
AcDbEntity
  8
F.Paste
  6
CONTINUOUS
100
AcDbLine
 10
157.8690299999999809
 20
-88.5706709999999902
 30
0
 11
157.8499999999999943
 21
-88.4749999999999943
 31
0
  0
LINE
  5
4BD
330
22
100
AcDbEntity
  8
F.Paste
  6
CONTINUOUS
100
AcDbLine
 10
157.8499999999999943
 20
-88.4749999999999943
 30
0
 11
157.8499999999999943
 21
-87.5249999999999915
 31
0
  0
LINE
  5
4BE
330
22
100
AcDbEntity
  8
F.Paste
  6
CONTINUOUS
100
AcDbLine
 10
157.8499999999999943
 20
-87.5249999999999915
 30
0
 11
157.8690299999999809
 21
-87.4293289999999956
 31
0
  0
LINE
  5
4BF
330
22
100
AcDbEntity
  8
F.Paste
  6
CONTINUOUS
100
AcDbLine
 10
157.8690299999999809
 20
-87.4293289999999956
 30
0
 11
157.9232229999999788
 21
-87.3482229999999902
 31
0
  0
LINE
  5
4C0
330
22
100
AcDbEntity
  8
F.Paste
  6
CONTINUOUS
100
AcDbLine
 10
157.9232229999999788
 20
-87.3482229999999902
 30
0
 11
158.0043289999999843
 21
-87.2940299999999922
 31
0
  0
LINE
  5
4C1
330
22
100
AcDbEntity
  8
F.Paste
  6
CONTINUOUS
100
AcDbLine
 10
158.0043289999999843
 20
-87.2940299999999922
 30
0
 11
158.0999999999999943
 21
-87.2749999999999915
 31
0
  0
LINE
  5
4C2
330
22
100
AcDbEntity
  8
F.Paste
  6
CONTINUOUS
100
AcDbLine
 10
158.0999999999999943
 20
-87.2749999999999915
 30
0
 11
158.7750000000000057
 21
-87.2749999999999915
 31
0
  0
LINE
  5
4C3
330
22
100
AcDbEntity
  8
F.Paste
  6
CONTINUOUS
100
AcDbLine
 10
158.7750000000000057
 20
-87.2749999999999915
 30
0
 11
158.8706709999999873
 21
-87.2940299999999922
 31
0
  0
LINE
  5
4C4
330
22
100
AcDbEntity
  8
F.Paste
  6
CONTINUOUS
100
AcDbLine
 10
120.8999999999999915
 20
-87.4599999999999937
 30
0
 11
117.8999999999999915
 21
-87.4599999999999937
 31
0
  0
LINE
  5
4C5
330
22
100
AcDbEntity
  8
F.Paste
  6
CONTINUOUS
100
AcDbLine
 10
117.8999999999999915
 20
-87.4599999999999937
 30
0
 11
117.8999999999999915
 21
-86.4599999999999937
 31
0
  0
LINE
  5
4C6
330
22
100
AcDbEntity
  8
F.Paste
  6
CONTINUOUS
100
AcDbLine
 10
117.8999999999999915
 20
-86.4599999999999937
 30
0
 11
120.8999999999999915
 21
-86.4599999999999937
 31
0
  0
LINE
  5
4C7
330
22
100
AcDbEntity
  8
F.Paste
  6
CONTINUOUS
100
AcDbLine
 10
120.8999999999999915
 20
-86.4599999999999937
 30
0
 11
120.8999999999999915
 21
-87.4599999999999937
 31
0
  0
LINE
  5
4C8
330
22
100
AcDbEntity
  8
F.Paste
  6
CONTINUOUS
100
AcDbLine
 10
128.9000000000000057
 20
-87.4599999999999937
 30
0
 11
125.8999999999999915
 21
-87.4599999999999937
 31
0
  0
LINE
  5
4C9
330
22
100
AcDbEntity
  8
F.Paste
  6
CONTINUOUS
100
AcDbLine
 10
125.8999999999999915
 20
-87.4599999999999937
 30
0
 11
125.8999999999999915
 21
-86.4599999999999937
 31
0
  0
LINE
  5
4CA
330
22
100
AcDbEntity
  8
F.Paste
  6
CONTINUOUS
100
AcDbLine
 10
125.8999999999999915
 20
-86.4599999999999937
 30
0
 11
128.9000000000000057
 21
-86.4599999999999937
 31
0
  0
LINE
  5
4CB
330
22
100
AcDbEntity
  8
F.Paste
  6
CONTINUOUS
100
AcDbLine
 10
128.9000000000000057
 20
-86.4599999999999937
 30
0
 11
128.9000000000000057
 21
-87.4599999999999937
 31
0
  0
LINE
  5
4CC
330
22
100
AcDbEntity
  8
F.Paste
  6
CONTINUOUS
100
AcDbLine
 10
141.6206709999999873
 20
-85.9190299999999922
 30
0
 11
141.7017769999999928
 21
-85.9732229999999902
 31
0
  0
LINE
  5
4CD
330
22
100
AcDbEntity
  8
F.Paste
  6
CONTINUOUS
100
AcDbLine
 10
141.7017769999999928
 20
-85.9732229999999902
 30
0
 11
141.7559699999999907
 21
-86.0543289999999956
 31
0
  0
LINE
  5
4CE
330
22
100
AcDbEntity
  8
F.Paste
  6
CONTINUOUS
100
AcDbLine
 10
141.7559699999999907
 20
-86.0543289999999956
 30
0
 11
141.7750000000000057
 21
-86.1499999999999915
 31
0
  0
LINE
  5
4CF
330
22
100
AcDbEntity
  8
F.Paste
  6
CONTINUOUS
100
AcDbLine
 10
141.7750000000000057
 20
-86.1499999999999915
 30
0
 11
141.7750000000000057
 21
-86.9500000000000028
 31
0
  0
LINE
  5
4D0
330
22
100
AcDbEntity
  8
F.Paste
  6
CONTINUOUS
100
AcDbLine
 10
141.7750000000000057
 20
-86.9500000000000028
 30
0
 11
141.7559699999999907
 21
-87.0456709999999987
 31
0
  0
LINE
  5
4D1
330
22
100
AcDbEntity
  8
F.Paste
  6
CONTINUOUS
100
AcDbLine
 10
141.7559699999999907
 20
-87.0456709999999987
 30
0
 11
141.7017769999999928
 21
-87.1267769999999899
 31
0
  0
LINE
  5
4D2
330
22
100
AcDbEntity
  8
F.Paste
  6
CONTINUOUS
100
AcDbLine
 10
141.7017769999999928
 20
-87.1267769999999899
 30
0
 11
141.6206709999999873
 21
-87.1809700000000021
 31
0
  0
LINE
  5
4D3
330
22
100
AcDbEntity
  8
F.Paste
  6
CONTINUOUS
100
AcDbLine
 10
141.6206709999999873
 20
-87.1809700000000021
 30
0
 11
141.5250000000000057
 21
-87.2000000000000028
 31
0
  0
LINE
  5
4D4
330
22
100
AcDbEntity
  8
F.Paste
  6
CONTINUOUS
100
AcDbLine
 10
141.5250000000000057
 20
-87.2000000000000028
 30
0
 11
140.2750000000000057
 21
-87.2000000000000028
 31
0
  0
LINE
  5
4D5
330
22
100
AcDbEntity
  8
F.Paste
  6
CONTINUOUS
100
AcDbLine
 10
140.2750000000000057
 20
-87.2000000000000028
 30
0
 11
140.1793289999999956
 21
-87.1809700000000021
 31
0
  0
LINE
  5
4D6
330
22
100
AcDbEntity
  8
F.Paste
  6
CONTINUOUS
100
AcDbLine
 10
140.1793289999999956
 20
-87.1809700000000021
 30
0
 11
140.0982229999999902
 21
-87.1267769999999899
 31
0
  0
LINE
  5
4D7
330
22
100
AcDbEntity
  8
F.Paste
  6
CONTINUOUS
100
AcDbLine
 10
140.0982229999999902
 20
-87.1267769999999899
 30
0
 11
140.0440299999999922
 21
-87.0456709999999987
 31
0
  0
LINE
  5
4D8
330
22
100
AcDbEntity
  8
F.Paste
  6
CONTINUOUS
100
AcDbLine
 10
140.0440299999999922
 20
-87.0456709999999987
 30
0
 11
140.0250000000000057
 21
-86.9500000000000028
 31
0
  0
LINE
  5
4D9
330
22
100
AcDbEntity
  8
F.Paste
  6
CONTINUOUS
100
AcDbLine
 10
140.0250000000000057
 20
-86.9500000000000028
 30
0
 11
140.0250000000000057
 21
-86.1499999999999915
 31
0
  0
LINE
  5
4DA
330
22
100
AcDbEntity
  8
F.Paste
  6
CONTINUOUS
100
AcDbLine
 10
140.0250000000000057
 20
-86.1499999999999915
 30
0
 11
140.0440299999999922
 21
-86.0543289999999956
 31
0
  0
LINE
  5
4DB
330
22
100
AcDbEntity
  8
F.Paste
  6
CONTINUOUS
100
AcDbLine
 10
140.0440299999999922
 20
-86.0543289999999956
 30
0
 11
140.0982229999999902
 21
-85.9732229999999902
 31
0
  0
LINE
  5
4DC
330
22
100
AcDbEntity
  8
F.Paste
  6
CONTINUOUS
100
AcDbLine
 10
140.0982229999999902
 20
-85.9732229999999902
 30
0
 11
140.1793289999999956
 21
-85.9190299999999922
 31
0
  0
LINE
  5
4DD
330
22
100
AcDbEntity
  8
F.Paste
  6
CONTINUOUS
100
AcDbLine
 10
140.1793289999999956
 20
-85.9190299999999922
 30
0
 11
140.2750000000000057
 21
-85.8999999999999915
 31
0
  0
LINE
  5
4DE
330
22
100
AcDbEntity
  8
F.Paste
  6
CONTINUOUS
100
AcDbLine
 10
140.2750000000000057
 20
-85.8999999999999915
 30
0
 11
141.5250000000000057
 21
-85.8999999999999915
 31
0
  0
LINE
  5
4DF
330
22
100
AcDbEntity
  8
F.Paste
  6
CONTINUOUS
100
AcDbLine
 10
141.5250000000000057
 20
-85.8999999999999915
 30
0
 11
141.6206709999999873
 21
-85.9190299999999922
 31
0
  0
LINE
  5
4E0
330
22
100
AcDbEntity
  8
F.Paste
  6
CONTINUOUS
100
AcDbLine
 10
153.3206710000000044
 20
-85.7190299999999894
 30
0
 11
153.4017769999999814
 21
-85.7732230000000015
 31
0
  0
LINE
  5
4E1
330
22
100
AcDbEntity
  8
F.Paste
  6
CONTINUOUS
100
AcDbLine
 10
153.4017769999999814
 20
-85.7732230000000015
 30
0
 11
153.4559699999999793
 21
-85.8543289999999928
 31
0
  0
LINE
  5
4E2
330
22
100
AcDbEntity
  8
F.Paste
  6
CONTINUOUS
100
AcDbLine
 10
153.4559699999999793
 20
-85.8543289999999928
 30
0
 11
153.4749999999999943
 21
-85.9500000000000028
 31
0
  0
LINE
  5
4E3
330
22
100
AcDbEntity
  8
F.Paste
  6
CONTINUOUS
100
AcDbLine
 10
153.4749999999999943
 20
-85.9500000000000028
 30
0
 11
153.4749999999999943
 21
-86.75
 31
0
  0
LINE
  5
4E4
330
22
100
AcDbEntity
  8
F.Paste
  6
CONTINUOUS
100
AcDbLine
 10
153.4749999999999943
 20
-86.75
 30
0
 11
153.4559699999999793
 21
-86.8456709999999958
 31
0
  0
LINE
  5
4E5
330
22
100
AcDbEntity
  8
F.Paste
  6
CONTINUOUS
100
AcDbLine
 10
153.4559699999999793
 20
-86.8456709999999958
 30
0
 11
153.4017769999999814
 21
-86.9267770000000013
 31
0
  0
LINE
  5
4E6
330
22
100
AcDbEntity
  8
F.Paste
  6
CONTINUOUS
100
AcDbLine
 10
153.4017769999999814
 20
-86.9267770000000013
 30
0
 11
153.3206710000000044
 21
-86.9809699999999992
 31
0
  0
LINE
  5
4E7
330
22
100
AcDbEntity
  8
F.Paste
  6
CONTINUOUS
100
AcDbLine
 10
153.3206710000000044
 20
-86.9809699999999992
 30
0
 11
153.2249999999999943
 21
-87.
 31
0
  0
LINE
  5
4E8
330
22
100
AcDbEntity
  8
F.Paste
  6
CONTINUOUS
100
AcDbLine
 10
153.2249999999999943
 20
-87.
 30
0
 11
151.9749999999999943
 21
-87.
 31
0
  0
LINE
  5
4E9
330
22
100
AcDbEntity
  8
F.Paste
  6
CONTINUOUS
100
AcDbLine
 10
151.9749999999999943
 20
-87.
 30
0
 11
151.8793289999999843
 21
-86.9809699999999992
 31
0
  0
LINE
  5
4EA
330
22
100
AcDbEntity
  8
F.Paste
  6
CONTINUOUS
100
AcDbLine
 10
151.8793289999999843
 20
-86.9809699999999992
 30
0
 11
151.7982230000000072
 21
-86.9267770000000013
 31
0
  0
LINE
  5
4EB
330
22
100
AcDbEntity
  8
F.Paste
  6
CONTINUOUS
100
AcDbLine
 10
151.7982230000000072
 20
-86.9267770000000013
 30
0
 11
151.7440299999999809
 21
-86.8456709999999958
 31
0
  0
LINE
  5
4EC
330
22
100
AcDbEntity
  8
F.Paste
  6
CONTINUOUS
100
AcDbLine
 10
151.7440299999999809
 20
-86.8456709999999958
 30
0
 11
151.7249999999999943
 21
-86.75
 31
0
  0
LINE
  5
4ED
330
22
100
AcDbEntity
  8
F.Paste
  6
CONTINUOUS
100
AcDbLine
 10
151.7249999999999943
 20
-86.75
 30
0
 11
151.7249999999999943
 21
-85.9500000000000028
 31
0
  0
LINE
  5
4EE
330
22
100
AcDbEntity
  8
F.Paste
  6
CONTINUOUS
100
AcDbLine
 10
151.7249999999999943
 20
-85.9500000000000028
 30
0
 11
151.7440299999999809
 21
-85.8543289999999928
 31
0
  0
LINE
  5
4EF
330
22
100
AcDbEntity
  8
F.Paste
  6
CONTINUOUS
100
AcDbLine
 10
151.7440299999999809
 20
-85.8543289999999928
 30
0
 11
151.7982230000000072
 21
-85.7732230000000015
 31
0
  0
LINE
  5
4F0
330
22
100
AcDbEntity
  8
F.Paste
  6
CONTINUOUS
100
AcDbLine
 10
151.7982230000000072
 20
-85.7732230000000015
 30
0
 11
151.8793289999999843
 21
-85.7190299999999894
 31
0
  0
LINE
  5
4F1
330
22
100
AcDbEntity
  8
F.Paste
  6
CONTINUOUS
100
AcDbLine
 10
151.8793289999999843
 20
-85.7190299999999894
 30
0
 11
151.9749999999999943
 21
-85.7000000000000028
 31
0
  0
LINE
  5
4F2
330
22
100
AcDbEntity
  8
F.Paste
  6
CONTINUOUS
100
AcDbLine
 10
151.9749999999999943
 20
-85.7000000000000028
 30
0
 11
153.2249999999999943
 21
-85.7000000000000028
 31
0
  0
LINE
  5
4F3
330
22
100
AcDbEntity
  8
F.Paste
  6
CONTINUOUS
100
AcDbLine
 10
153.2249999999999943
 20
-85.7000000000000028
 30
0
 11
153.3206710000000044
 21
-85.7190299999999894
 31
0
  0
LINE
  5
4F4
330
22
100
AcDbEntity
  8
F.Paste
  6
CONTINUOUS
100
AcDbLine
 10
144.4706709999999816
 20
-84.9690299999999894
 30
0
 11
144.5517769999999871
 21
-85.0232230000000015
 31
0
  0
LINE
  5
4F5
330
22
100
AcDbEntity
  8
F.Paste
  6
CONTINUOUS
100
AcDbLine
 10
144.5517769999999871
 20
-85.0232230000000015
 30
0
 11
144.605969999999985
 21
-85.1043289999999928
 31
0
  0
LINE
  5
4F6
330
22
100
AcDbEntity
  8
F.Paste
  6
CONTINUOUS
100
AcDbLine
 10
144.605969999999985
 20
-85.1043289999999928
 30
0
 11
144.625
 21
-85.2000000000000028
 31
0
  0
LINE
  5
4F7
330
22
100
AcDbEntity
  8
F.Paste
  6
CONTINUOUS
100
AcDbLine
 10
144.625
 20
-85.2000000000000028
 30
0
 11
144.625
 21
-85.875
 31
0
  0
LINE
  5
4F8
330
22
100
AcDbEntity
  8
F.Paste
  6
CONTINUOUS
100
AcDbLine
 10
144.625
 20
-85.875
 30
0
 11
144.605969999999985
 21
-85.9706709999999958
 31
0
  0
LINE
  5
4F9
330
22
100
AcDbEntity
  8
F.Paste
  6
CONTINUOUS
100
AcDbLine
 10
144.605969999999985
 20
-85.9706709999999958
 30
0
 11
144.5517769999999871
 21
-86.0517770000000013
 31
0
  0
LINE
  5
4FA
330
22
100
AcDbEntity
  8
F.Paste
  6
CONTINUOUS
100
AcDbLine
 10
144.5517769999999871
 20
-86.0517770000000013
 30
0
 11
144.4706709999999816
 21
-86.1059699999999992
 31
0
  0
LINE
  5
4FB
330
22
100
AcDbEntity
  8
F.Paste
  6
CONTINUOUS
100
AcDbLine
 10
144.4706709999999816
 20
-86.1059699999999992
 30
0
 11
144.375
 21
-86.125
 31
0
  0
LINE
  5
4FC
330
22
100
AcDbEntity
  8
F.Paste
  6
CONTINUOUS
100
AcDbLine
 10
144.375
 20
-86.125
 30
0
 11
143.4249999999999829
 21
-86.125
 31
0
  0
LINE
  5
4FD
330
22
100
AcDbEntity
  8
F.Paste
  6
CONTINUOUS
100
AcDbLine
 10
143.4249999999999829
 20
-86.125
 30
0
 11
143.3293290000000013
 21
-86.1059699999999992
 31
0
  0
LINE
  5
4FE
330
22
100
AcDbEntity
  8
F.Paste
  6
CONTINUOUS
100
AcDbLine
 10
143.3293290000000013
 20
-86.1059699999999992
 30
0
 11
143.2482229999999959
 21
-86.0517770000000013
 31
0
  0
LINE
  5
4FF
330
22
100
AcDbEntity
  8
F.Paste
  6
CONTINUOUS
100
AcDbLine
 10
143.2482229999999959
 20
-86.0517770000000013
 30
0
 11
143.1940299999999979
 21
-85.9706709999999958
 31
0
  0
LINE
  5
500
330
22
100
AcDbEntity
  8
F.Paste
  6
CONTINUOUS
100
AcDbLine
 10
143.1940299999999979
 20
-85.9706709999999958
 30
0
 11
143.1749999999999829
 21
-85.875
 31
0
  0
LINE
  5
501
330
22
100
AcDbEntity
  8
F.Paste
  6
CONTINUOUS
100
AcDbLine
 10
143.1749999999999829
 20
-85.875
 30
0
 11
143.1749999999999829
 21
-85.2000000000000028
 31
0
  0
LINE
  5
502
330
22
100
AcDbEntity
  8
F.Paste
  6
CONTINUOUS
100
AcDbLine
 10
143.1749999999999829
 20
-85.2000000000000028
 30
0
 11
143.1940299999999979
 21
-85.1043289999999928
 31
0
  0
LINE
  5
503
330
22
100
AcDbEntity
  8
F.Paste
  6
CONTINUOUS
100
AcDbLine
 10
143.1940299999999979
 20
-85.1043289999999928
 30
0
 11
143.2482229999999959
 21
-85.0232230000000015
 31
0
  0
LINE
  5
504
330
22
100
AcDbEntity
  8
F.Paste
  6
CONTINUOUS
100
AcDbLine
 10
143.2482229999999959
 20
-85.0232230000000015
 30
0
 11
143.3293290000000013
 21
-84.9690299999999894
 31
0
  0
LINE
  5
505
330
22
100
AcDbEntity
  8
F.Paste
  6
CONTINUOUS
100
AcDbLine
 10
143.3293290000000013
 20
-84.9690299999999894
 30
0
 11
143.4249999999999829
 21
-84.9500000000000028
 31
0
  0
LINE
  5
506
330
22
100
AcDbEntity
  8
F.Paste
  6
CONTINUOUS
100
AcDbLine
 10
143.4249999999999829
 20
-84.9500000000000028
 30
0
 11
144.375
 21
-84.9500000000000028
 31
0
  0
LINE
  5
507
330
22
100
AcDbEntity
  8
F.Paste
  6
CONTINUOUS
100
AcDbLine
 10
144.375
 20
-84.9500000000000028
 30
0
 11
144.4706709999999816
 21
-84.9690299999999894
 31
0
  0
LINE
  5
508
330
22
100
AcDbEntity
  8
F.Paste
  6
CONTINUOUS
100
AcDbLine
 10
164.1956710000000044
 20
-84.1440300000000008
 30
0
 11
164.2767769999999814
 21
-84.1982229999999987
 31
0
  0
LINE
  5
509
330
22
100
AcDbEntity
  8
F.Paste
  6
CONTINUOUS
100
AcDbLine
 10
164.2767769999999814
 20
-84.1982229999999987
 30
0
 11
164.3309699999999793
 21
-84.2793289999999899
 31
0
  0
LINE
  5
50A
330
22
100
AcDbEntity
  8
F.Paste
  6
CONTINUOUS
100
AcDbLine
 10
164.3309699999999793
 20
-84.2793289999999899
 30
0
 11
164.3499999999999943
 21
-84.375
 31
0
  0
LINE
  5
50B
330
22
100
AcDbEntity
  8
F.Paste
  6
CONTINUOUS
100
AcDbLine
 10
164.3499999999999943
 20
-84.375
 30
0
 11
164.3499999999999943
 21
-85.625
 31
0
  0
LINE
  5
50C
330
22
100
AcDbEntity
  8
F.Paste
  6
CONTINUOUS
100
AcDbLine
 10
164.3499999999999943
 20
-85.625
 30
0
 11
164.3309699999999793
 21
-85.7206709999999958
 31
0
  0
LINE
  5
50D
330
22
100
AcDbEntity
  8
F.Paste
  6
CONTINUOUS
100
AcDbLine
 10
164.3309699999999793
 20
-85.7206709999999958
 30
0
 11
164.2767769999999814
 21
-85.8017770000000013
 31
0
  0
LINE
  5
50E
330
22
100
AcDbEntity
  8
F.Paste
  6
CONTINUOUS
100
AcDbLine
 10
164.2767769999999814
 20
-85.8017770000000013
 30
0
 11
164.1956710000000044
 21
-85.8559699999999992
 31
0
  0
LINE
  5
50F
330
22
100
AcDbEntity
  8
F.Paste
  6
CONTINUOUS
100
AcDbLine
 10
164.1956710000000044
 20
-85.8559699999999992
 30
0
 11
164.0999999999999943
 21
-85.875
 31
0
  0
LINE
  5
510
330
22
100
AcDbEntity
  8
F.Paste
  6
CONTINUOUS
100
AcDbLine
 10
164.0999999999999943
 20
-85.875
 30
0
 11
163.2999999999999829
 21
-85.875
 31
0
  0
LINE
  5
511
330
22
100
AcDbEntity
  8
F.Paste
  6
CONTINUOUS
100
AcDbLine
 10
163.2999999999999829
 20
-85.875
 30
0
 11
163.2043290000000013
 21
-85.8559699999999992
 31
0
  0
LINE
  5
512
330
22
100
AcDbEntity
  8
F.Paste
  6
CONTINUOUS
100
AcDbLine
 10
163.2043290000000013
 20
-85.8559699999999992
 30
0
 11
163.1232229999999959
 21
-85.8017770000000013
 31
0
  0
LINE
  5
513
330
22
100
AcDbEntity
  8
F.Paste
  6
CONTINUOUS
100
AcDbLine
 10
163.1232229999999959
 20
-85.8017770000000013
 30
0
 11
163.0690299999999979
 21
-85.7206709999999958
 31
0
  0
LINE
  5
514
330
22
100
AcDbEntity
  8
F.Paste
  6
CONTINUOUS
100
AcDbLine
 10
163.0690299999999979
 20
-85.7206709999999958
 30
0
 11
163.0499999999999829
 21
-85.625
 31
0
  0
LINE
  5
515
330
22
100
AcDbEntity
  8
F.Paste
  6
CONTINUOUS
100
AcDbLine
 10
163.0499999999999829
 20
-85.625
 30
0
 11
163.0499999999999829
 21
-84.375
 31
0
  0
LINE
  5
516
330
22
100
AcDbEntity
  8
F.Paste
  6
CONTINUOUS
100
AcDbLine
 10
163.0499999999999829
 20
-84.375
 30
0
 11
163.0690299999999979
 21
-84.2793289999999899
 31
0
  0
LINE
  5
517
330
22
100
AcDbEntity
  8
F.Paste
  6
CONTINUOUS
100
AcDbLine
 10
163.0690299999999979
 20
-84.2793289999999899
 30
0
 11
163.1232229999999959
 21
-84.1982229999999987
 31
0
  0
LINE
  5
518
330
22
100
AcDbEntity
  8
F.Paste
  6
CONTINUOUS
100
AcDbLine
 10
163.1232229999999959
 20
-84.1982229999999987
 30
0
 11
163.2043290000000013
 21
-84.1440300000000008
 31
0
  0
LINE
  5
519
330
22
100
AcDbEntity
  8
F.Paste
  6
CONTINUOUS
100
AcDbLine
 10
163.2043290000000013
 20
-84.1440300000000008
 30
0
 11
163.2999999999999829
 21
-84.125
 31
0
  0
LINE
  5
51A
330
22
100
AcDbEntity
  8
F.Paste
  6
CONTINUOUS
100
AcDbLine
 10
163.2999999999999829
 20
-84.125
 30
0
 11
164.0999999999999943
 21
-84.125
 31
0
  0
LINE
  5
51B
330
22
100
AcDbEntity
  8
F.Paste
  6
CONTINUOUS
100
AcDbLine
 10
164.0999999999999943
 20
-84.125
 30
0
 11
164.1956710000000044
 21
-84.1440300000000008
 31
0
  0
LINE
  5
51C
330
22
100
AcDbEntity
  8
F.Paste
  6
CONTINUOUS
100
AcDbLine
 10
167.2956709999999987
 20
-84.1440300000000008
 30
0
 11
167.3767770000000041
 21
-84.1982229999999987
 31
0
  0
LINE
  5
51D
330
22
100
AcDbEntity
  8
F.Paste
  6
CONTINUOUS
100
AcDbLine
 10
167.3767770000000041
 20
-84.1982229999999987
 30
0
 11
167.4309700000000021
 21
-84.2793289999999899
 31
0
  0
LINE
  5
51E
330
22
100
AcDbEntity
  8
F.Paste
  6
CONTINUOUS
100
AcDbLine
 10
167.4309700000000021
 20
-84.2793289999999899
 30
0
 11
167.4499999999999886
 21
-84.375
 31
0
  0
LINE
  5
51F
330
22
100
AcDbEntity
  8
F.Paste
  6
CONTINUOUS
100
AcDbLine
 10
167.4499999999999886
 20
-84.375
 30
0
 11
167.4499999999999886
 21
-85.625
 31
0
  0
LINE
  5
520
330
22
100
AcDbEntity
  8
F.Paste
  6
CONTINUOUS
100
AcDbLine
 10
167.4499999999999886
 20
-85.625
 30
0
 11
167.4309700000000021
 21
-85.7206709999999958
 31
0
  0
LINE
  5
521
330
22
100
AcDbEntity
  8
F.Paste
  6
CONTINUOUS
100
AcDbLine
 10
167.4309700000000021
 20
-85.7206709999999958
 30
0
 11
167.3767770000000041
 21
-85.8017770000000013
 31
0
  0
LINE
  5
522
330
22
100
AcDbEntity
  8
F.Paste
  6
CONTINUOUS
100
AcDbLine
 10
167.3767770000000041
 20
-85.8017770000000013
 30
0
 11
167.2956709999999987
 21
-85.8559699999999992
 31
0
  0
LINE
  5
523
330
22
100
AcDbEntity
  8
F.Paste
  6
CONTINUOUS
100
AcDbLine
 10
167.2956709999999987
 20
-85.8559699999999992
 30
0
 11
167.1999999999999886
 21
-85.875
 31
0
  0
LINE
  5
524
330
22
100
AcDbEntity
  8
F.Paste
  6
CONTINUOUS
100
AcDbLine
 10
167.1999999999999886
 20
-85.875
 30
0
 11
166.4000000000000057
 21
-85.875
 31
0
  0
LINE
  5
525
330
22
100
AcDbEntity
  8
F.Paste
  6
CONTINUOUS
100
AcDbLine
 10
166.4000000000000057
 20
-85.875
 30
0
 11
166.3043289999999956
 21
-85.8559699999999992
 31
0
  0
LINE
  5
526
330
22
100
AcDbEntity
  8
F.Paste
  6
CONTINUOUS
100
AcDbLine
 10
166.3043289999999956
 20
-85.8559699999999992
 30
0
 11
166.2232229999999902
 21
-85.8017770000000013
 31
0
  0
LINE
  5
527
330
22
100
AcDbEntity
  8
F.Paste
  6
CONTINUOUS
100
AcDbLine
 10
166.2232229999999902
 20
-85.8017770000000013
 30
0
 11
166.1690299999999922
 21
-85.7206709999999958
 31
0
  0
LINE
  5
528
330
22
100
AcDbEntity
  8
F.Paste
  6
CONTINUOUS
100
AcDbLine
 10
166.1690299999999922
 20
-85.7206709999999958
 30
0
 11
166.1500000000000057
 21
-85.625
 31
0
  0
LINE
  5
529
330
22
100
AcDbEntity
  8
F.Paste
  6
CONTINUOUS
100
AcDbLine
 10
166.1500000000000057
 20
-85.625
 30
0
 11
166.1500000000000057
 21
-84.375
 31
0
  0
LINE
  5
52A
330
22
100
AcDbEntity
  8
F.Paste
  6
CONTINUOUS
100
AcDbLine
 10
166.1500000000000057
 20
-84.375
 30
0
 11
166.1690299999999922
 21
-84.2793289999999899
 31
0
  0
LINE
  5
52B
330
22
100
AcDbEntity
  8
F.Paste
  6
CONTINUOUS
100
AcDbLine
 10
166.1690299999999922
 20
-84.2793289999999899
 30
0
 11
166.2232229999999902
 21
-84.1982229999999987
 31
0
  0
LINE
  5
52C
330
22
100
AcDbEntity
  8
F.Paste
  6
CONTINUOUS
100
AcDbLine
 10
166.2232229999999902
 20
-84.1982229999999987
 30
0
 11
166.3043289999999956
 21
-84.1440300000000008
 31
0
  0
LINE
  5
52D
330
22
100
AcDbEntity
  8
F.Paste
  6
CONTINUOUS
100
AcDbLine
 10
166.3043289999999956
 20
-84.1440300000000008
 30
0
 11
166.4000000000000057
 21
-84.125
 31
0
  0
LINE
  5
52E
330
22
100
AcDbEntity
  8
F.Paste
  6
CONTINUOUS
100
AcDbLine
 10
166.4000000000000057
 20
-84.125
 30
0
 11
167.1999999999999886
 21
-84.125
 31
0
  0
LINE
  5
52F
330
22
100
AcDbEntity
  8
F.Paste
  6
CONTINUOUS
100
AcDbLine
 10
167.1999999999999886
 20
-84.125
 30
0
 11
167.2956709999999987
 21
-84.1440300000000008
 31
0
  0
LINE
  5
530
330
22
100
AcDbEntity
  8
F.Paste
  6
CONTINUOUS
100
AcDbLine
 10
135.5041870000000017
 20
-84.0051830000000024
 30
0
 11
135.5852930000000072
 21
-84.0593760000000003
 31
0
  0
LINE
  5
531
330
22
100
AcDbEntity
  8
F.Paste
  6
CONTINUOUS
100
AcDbLine
 10
135.5852930000000072
 20
-84.0593760000000003
 30
0
 11
135.6394860000000051
 21
-84.1404819999999916
 31
0
  0
LINE
  5
532
330
22
100
AcDbEntity
  8
F.Paste
  6
CONTINUOUS
100
AcDbLine
 10
135.6394860000000051
 20
-84.1404819999999916
 30
0
 11
135.6585159999999917
 21
-84.2361530000000016
 31
0
  0
LINE
  5
533
330
22
100
AcDbEntity
  8
F.Paste
  6
CONTINUOUS
100
AcDbLine
 10
135.6585159999999917
 20
-84.2361530000000016
 30
0
 11
135.6585159999999917
 21
-85.0361529999999988
 31
0
  0
LINE
  5
534
330
22
100
AcDbEntity
  8
F.Paste
  6
CONTINUOUS
100
AcDbLine
 10
135.6585159999999917
 20
-85.0361529999999988
 30
0
 11
135.6394860000000051
 21
-85.1318239999999946
 31
0
  0
LINE
  5
535
330
22
100
AcDbEntity
  8
F.Paste
  6
CONTINUOUS
100
AcDbLine
 10
135.6394860000000051
 20
-85.1318239999999946
 30
0
 11
135.5852930000000072
 21
-85.2129300000000001
 31
0
  0
LINE
  5
536
330
22
100
AcDbEntity
  8
F.Paste
  6
CONTINUOUS
100
AcDbLine
 10
135.5852930000000072
 20
-85.2129300000000001
 30
0
 11
135.5041870000000017
 21
-85.267122999999998
 31
0
  0
LINE
  5
537
330
22
100
AcDbEntity
  8
F.Paste
  6
CONTINUOUS
100
AcDbLine
 10
135.5041870000000017
 20
-85.267122999999998
 30
0
 11
135.4085159999999917
 21
-85.2861529999999988
 31
0
  0
LINE
  5
538
330
22
100
AcDbEntity
  8
F.Paste
  6
CONTINUOUS
100
AcDbLine
 10
135.4085159999999917
 20
-85.2861529999999988
 30
0
 11
134.1585159999999917
 21
-85.2861529999999988
 31
0
  0
LINE
  5
539
330
22
100
AcDbEntity
  8
F.Paste
  6
CONTINUOUS
100
AcDbLine
 10
134.1585159999999917
 20
-85.2861529999999988
 30
0
 11
134.0628449999999816
 21
-85.267122999999998
 31
0
  0
LINE
  5
53A
330
22
100
AcDbEntity
  8
F.Paste
  6
CONTINUOUS
100
AcDbLine
 10
134.0628449999999816
 20
-85.267122999999998
 30
0
 11
133.9817390000000046
 21
-85.2129300000000001
 31
0
  0
LINE
  5
53B
330
22
100
AcDbEntity
  8
F.Paste
  6
CONTINUOUS
100
AcDbLine
 10
133.9817390000000046
 20
-85.2129300000000001
 30
0
 11
133.9275460000000066
 21
-85.1318239999999946
 31
0
  0
LINE
  5
53C
330
22
100
AcDbEntity
  8
F.Paste
  6
CONTINUOUS
100
AcDbLine
 10
133.9275460000000066
 20
-85.1318239999999946
 30
0
 11
133.9085159999999917
 21
-85.0361529999999988
 31
0
  0
LINE
  5
53D
330
22
100
AcDbEntity
  8
F.Paste
  6
CONTINUOUS
100
AcDbLine
 10
133.9085159999999917
 20
-85.0361529999999988
 30
0
 11
133.9085159999999917
 21
-84.2361530000000016
 31
0
  0
LINE
  5
53E
330
22
100
AcDbEntity
  8
F.Paste
  6
CONTINUOUS
100
AcDbLine
 10
133.9085159999999917
 20
-84.2361530000000016
 30
0
 11
133.9275460000000066
 21
-84.1404819999999916
 31
0
  0
LINE
  5
53F
330
22
100
AcDbEntity
  8
F.Paste
  6
CONTINUOUS
100
AcDbLine
 10
133.9275460000000066
 20
-84.1404819999999916
 30
0
 11
133.9817390000000046
 21
-84.0593760000000003
 31
0
  0
LINE
  5
540
330
22
100
AcDbEntity
  8
F.Paste
  6
CONTINUOUS
100
AcDbLine
 10
133.9817390000000046
 20
-84.0593760000000003
 30
0
 11
134.0628449999999816
 21
-84.0051830000000024
 31
0
  0
LINE
  5
541
330
22
100
AcDbEntity
  8
F.Paste
  6
CONTINUOUS
100
AcDbLine
 10
134.0628449999999816
 20
-84.0051830000000024
 30
0
 11
134.1585159999999917
 21
-83.9861530000000016
 31
0
  0
LINE
  5
542
330
22
100
AcDbEntity
  8
F.Paste
  6
CONTINUOUS
100
AcDbLine
 10
134.1585159999999917
 20
-83.9861530000000016
 30
0
 11
135.4085159999999917
 21
-83.9861530000000016
 31
0
  0
LINE
  5
543
330
22
100
AcDbEntity
  8
F.Paste
  6
CONTINUOUS
100
AcDbLine
 10
135.4085159999999917
 20
-83.9861530000000016
 30
0
 11
135.5041870000000017
 21
-84.0051830000000024
 31
0
  0
LINE
  5
544
330
22
100
AcDbEntity
  8
F.Paste
  6
CONTINUOUS
100
AcDbLine
 10
131.9574029999999993
 20
-83.2114179999999948
 30
0
 11
132.0060660000000041
 21
-83.2439339999999959
 31
0
  0
LINE
  5
545
330
22
100
AcDbEntity
  8
F.Paste
  6
CONTINUOUS
100
AcDbLine
 10
132.0060660000000041
 20
-83.2439339999999959
 30
0
 11
132.038581999999991
 21
-83.2925970000000007
 31
0
  0
LINE
  5
546
330
22
100
AcDbEntity
  8
F.Paste
  6
CONTINUOUS
100
AcDbLine
 10
132.038581999999991
 20
-83.2925970000000007
 30
0
 11
132.0499999999999829
 21
-83.3499999999999943
 31
0
  0
LINE
  5
547
330
22
100
AcDbEntity
  8
F.Paste
  6
CONTINUOUS
100
AcDbLine
 10
132.0499999999999829
 20
-83.3499999999999943
 30
0
 11
132.0499999999999829
 21
-84.5249999999999915
 31
0
  0
LINE
  5
548
330
22
100
AcDbEntity
  8
F.Paste
  6
CONTINUOUS
100
AcDbLine
 10
132.0499999999999829
 20
-84.5249999999999915
 30
0
 11
132.038581999999991
 21
-84.5824029999999993
 31
0
  0
LINE
  5
549
330
22
100
AcDbEntity
  8
F.Paste
  6
CONTINUOUS
100
AcDbLine
 10
132.038581999999991
 20
-84.5824029999999993
 30
0
 11
132.0060660000000041
 21
-84.6310659999999899
 31
0
  0
LINE
  5
54A
330
22
100
AcDbEntity
  8
F.Paste
  6
CONTINUOUS
100
AcDbLine
 10
132.0060660000000041
 20
-84.6310659999999899
 30
0
 11
131.9574029999999993
 21
-84.663581999999991
 31
0
  0
LINE
  5
54B
330
22
100
AcDbEntity
  8
F.Paste
  6
CONTINUOUS
100
AcDbLine
 10
131.9574029999999993
 20
-84.663581999999991
 30
0
 11
131.9000000000000057
 21
-84.6749999999999972
 31
0
  0
LINE
  5
54C
330
22
100
AcDbEntity
  8
F.Paste
  6
CONTINUOUS
100
AcDbLine
 10
131.9000000000000057
 20
-84.6749999999999972
 30
0
 11
131.5999999999999943
 21
-84.6749999999999972
 31
0
  0
LINE
  5
54D
330
22
100
AcDbEntity
  8
F.Paste
  6
CONTINUOUS
100
AcDbLine
 10
131.5999999999999943
 20
-84.6749999999999972
 30
0
 11
131.5425970000000007
 21
-84.663581999999991
 31
0
  0
LINE
  5
54E
330
22
100
AcDbEntity
  8
F.Paste
  6
CONTINUOUS
100
AcDbLine
 10
131.5425970000000007
 20
-84.663581999999991
 30
0
 11
131.4939339999999959
 21
-84.6310659999999899
 31
0
  0
LINE
  5
54F
330
22
100
AcDbEntity
  8
F.Paste
  6
CONTINUOUS
100
AcDbLine
 10
131.4939339999999959
 20
-84.6310659999999899
 30
0
 11
131.4614179999999806
 21
-84.5824029999999993
 31
0
  0
LINE
  5
550
330
22
100
AcDbEntity
  8
F.Paste
  6
CONTINUOUS
100
AcDbLine
 10
131.4614179999999806
 20
-84.5824029999999993
 30
0
 11
131.4499999999999886
 21
-84.5249999999999915
 31
0
  0
LINE
  5
551
330
22
100
AcDbEntity
  8
F.Paste
  6
CONTINUOUS
100
AcDbLine
 10
131.4499999999999886
 20
-84.5249999999999915
 30
0
 11
131.4499999999999886
 21
-83.3499999999999943
 31
0
  0
LINE
  5
552
330
22
100
AcDbEntity
  8
F.Paste
  6
CONTINUOUS
100
AcDbLine
 10
131.4499999999999886
 20
-83.3499999999999943
 30
0
 11
131.4614179999999806
 21
-83.2925970000000007
 31
0
  0
LINE
  5
553
330
22
100
AcDbEntity
  8
F.Paste
  6
CONTINUOUS
100
AcDbLine
 10
131.4614179999999806
 20
-83.2925970000000007
 30
0
 11
131.4939339999999959
 21
-83.2439339999999959
 31
0
  0
LINE
  5
554
330
22
100
AcDbEntity
  8
F.Paste
  6
CONTINUOUS
100
AcDbLine
 10
131.4939339999999959
 20
-83.2439339999999959
 30
0
 11
131.5425970000000007
 21
-83.2114179999999948
 31
0
  0
LINE
  5
555
330
22
100
AcDbEntity
  8
F.Paste
  6
CONTINUOUS
100
AcDbLine
 10
131.5425970000000007
 20
-83.2114179999999948
 30
0
 11
131.5999999999999943
 21
-83.2000000000000028
 31
0
  0
LINE
  5
556
330
22
100
AcDbEntity
  8
F.Paste
  6
CONTINUOUS
100
AcDbLine
 10
131.5999999999999943
 20
-83.2000000000000028
 30
0
 11
131.9000000000000057
 21
-83.2000000000000028
 31
0
  0
LINE
  5
557
330
22
100
AcDbEntity
  8
F.Paste
  6
CONTINUOUS
100
AcDbLine
 10
131.9000000000000057
 20
-83.2000000000000028
 30
0
 11
131.9574029999999993
 21
-83.2114179999999948
 31
0
  0
LINE
  5
558
330
22
100
AcDbEntity
  8
F.Paste
  6
CONTINUOUS
100
AcDbLine
 10
157.5956709999999816
 20
-83.1190299999999951
 30
0
 11
157.6767769999999871
 21
-83.173222999999993
 31
0
  0
LINE
  5
559
330
22
100
AcDbEntity
  8
F.Paste
  6
CONTINUOUS
100
AcDbLine
 10
157.6767769999999871
 20
-83.173222999999993
 30
0
 11
157.730969999999985
 21
-83.2543289999999985
 31
0
  0
LINE
  5
55A
330
22
100
AcDbEntity
  8
F.Paste
  6
CONTINUOUS
100
AcDbLine
 10
157.730969999999985
 20
-83.2543289999999985
 30
0
 11
157.75
 21
-83.3499999999999943
 31
0
  0
LINE
  5
55B
330
22
100
AcDbEntity
  8
F.Paste
  6
CONTINUOUS
100
AcDbLine
 10
157.75
 20
-83.3499999999999943
 30
0
 11
157.75
 21
-84.1499999999999915
 31
0
  0
LINE
  5
55C
330
22
100
AcDbEntity
  8
F.Paste
  6
CONTINUOUS
100
AcDbLine
 10
157.75
 20
-84.1499999999999915
 30
0
 11
157.730969999999985
 21
-84.2456710000000015
 31
0
  0
LINE
  5
55D
330
22
100
AcDbEntity
  8
F.Paste
  6
CONTINUOUS
100
AcDbLine
 10
157.730969999999985
 20
-84.2456710000000015
 30
0
 11
157.6767769999999871
 21
-84.3267769999999928
 31
0
  0
LINE
  5
55E
330
22
100
AcDbEntity
  8
F.Paste
  6
CONTINUOUS
100
AcDbLine
 10
157.6767769999999871
 20
-84.3267769999999928
 30
0
 11
157.5956709999999816
 21
-84.3809699999999907
 31
0
  0
LINE
  5
55F
330
22
100
AcDbEntity
  8
F.Paste
  6
CONTINUOUS
100
AcDbLine
 10
157.5956709999999816
 20
-84.3809699999999907
 30
0
 11
157.5
 21
-84.3999999999999915
 31
0
  0
LINE
  5
560
330
22
100
AcDbEntity
  8
F.Paste
  6
CONTINUOUS
100
AcDbLine
 10
157.5
 20
-84.3999999999999915
 30
0
 11
156.2999999999999829
 21
-84.3999999999999915
 31
0
  0
LINE
  5
561
330
22
100
AcDbEntity
  8
F.Paste
  6
CONTINUOUS
100
AcDbLine
 10
156.2999999999999829
 20
-84.3999999999999915
 30
0
 11
156.2043290000000013
 21
-84.3809699999999907
 31
0
  0
LINE
  5
562
330
22
100
AcDbEntity
  8
F.Paste
  6
CONTINUOUS
100
AcDbLine
 10
156.2043290000000013
 20
-84.3809699999999907
 30
0
 11
156.1232229999999959
 21
-84.3267769999999928
 31
0
  0
LINE
  5
563
330
22
100
AcDbEntity
  8
F.Paste
  6
CONTINUOUS
100
AcDbLine
 10
156.1232229999999959
 20
-84.3267769999999928
 30
0
 11
156.0690299999999979
 21
-84.2456710000000015
 31
0
  0
LINE
  5
564
330
22
100
AcDbEntity
  8
F.Paste
  6
CONTINUOUS
100
AcDbLine
 10
156.0690299999999979
 20
-84.2456710000000015
 30
0
 11
156.0499999999999829
 21
-84.1499999999999915
 31
0
  0
LINE
  5
565
330
22
100
AcDbEntity
  8
F.Paste
  6
CONTINUOUS
100
AcDbLine
 10
156.0499999999999829
 20
-84.1499999999999915
 30
0
 11
156.0499999999999829
 21
-83.3499999999999943
 31
0
  0
LINE
  5
566
330
22
100
AcDbEntity
  8
F.Paste
  6
CONTINUOUS
100
AcDbLine
 10
156.0499999999999829
 20
-83.3499999999999943
 30
0
 11
156.0690299999999979
 21
-83.2543289999999985
 31
0
  0
LINE
  5
567
330
22
100
AcDbEntity
  8
F.Paste
  6
CONTINUOUS
100
AcDbLine
 10
156.0690299999999979
 20
-83.2543289999999985
 30
0
 11
156.1232229999999959
 21
-83.173222999999993
 31
0
  0
LINE
  5
568
330
22
100
AcDbEntity
  8
F.Paste
  6
CONTINUOUS
100
AcDbLine
 10
156.1232229999999959
 20
-83.173222999999993
 30
0
 11
156.2043290000000013
 21
-83.1190299999999951
 31
0
  0
LINE
  5
569
330
22
100
AcDbEntity
  8
F.Paste
  6
CONTINUOUS
100
AcDbLine
 10
156.2043290000000013
 20
-83.1190299999999951
 30
0
 11
156.2999999999999829
 21
-83.0999999999999943
 31
0
  0
LINE
  5
56A
330
22
100
AcDbEntity
  8
F.Paste
  6
CONTINUOUS
100
AcDbLine
 10
156.2999999999999829
 20
-83.0999999999999943
 30
0
 11
157.5
 21
-83.0999999999999943
 31
0
  0
LINE
  5
56B
330
22
100
AcDbEntity
  8
F.Paste
  6
CONTINUOUS
100
AcDbLine
 10
157.5
 20
-83.0999999999999943
 30
0
 11
157.5956709999999816
 21
-83.1190299999999951
 31
0
  0
LINE
  5
56C
330
22
100
AcDbEntity
  8
F.Paste
  6
CONTINUOUS
100
AcDbLine
 10
146.8456709999999816
 20
-82.6440300000000008
 30
0
 11
146.9267769999999871
 21
-82.6982229999999987
 31
0
  0
LINE
  5
56D
330
22
100
AcDbEntity
  8
F.Paste
  6
CONTINUOUS
100
AcDbLine
 10
146.9267769999999871
 20
-82.6982229999999987
 30
0
 11
146.980969999999985
 21
-82.7793289999999899
 31
0
  0
LINE
  5
56E
330
22
100
AcDbEntity
  8
F.Paste
  6
CONTINUOUS
100
AcDbLine
 10
146.980969999999985
 20
-82.7793289999999899
 30
0
 11
147.
 21
-82.875
 31
0
  0
LINE
  5
56F
330
22
100
AcDbEntity
  8
F.Paste
  6
CONTINUOUS
100
AcDbLine
 10
147.
 20
-82.875
 30
0
 11
147.
 21
-84.125
 31
0
  0
LINE
  5
570
330
22
100
AcDbEntity
  8
F.Paste
  6
CONTINUOUS
100
AcDbLine
 10
147.
 20
-84.125
 30
0
 11
146.980969999999985
 21
-84.2206709999999958
 31
0
  0
LINE
  5
571
330
22
100
AcDbEntity
  8
F.Paste
  6
CONTINUOUS
100
AcDbLine
 10
146.980969999999985
 20
-84.2206709999999958
 30
0
 11
146.9267769999999871
 21
-84.3017770000000013
 31
0
  0
LINE
  5
572
330
22
100
AcDbEntity
  8
F.Paste
  6
CONTINUOUS
100
AcDbLine
 10
146.9267769999999871
 20
-84.3017770000000013
 30
0
 11
146.8456709999999816
 21
-84.3559699999999992
 31
0
  0
LINE
  5
573
330
22
100
AcDbEntity
  8
F.Paste
  6
CONTINUOUS
100
AcDbLine
 10
146.8456709999999816
 20
-84.3559699999999992
 30
0
 11
146.75
 21
-84.375
 31
0
  0
LINE
  5
574
330
22
100
AcDbEntity
  8
F.Paste
  6
CONTINUOUS
100
AcDbLine
 10
146.75
 20
-84.375
 30
0
 11
145.9499999999999886
 21
-84.375
 31
0
  0
LINE
  5
575
330
22
100
AcDbEntity
  8
F.Paste
  6
CONTINUOUS
100
AcDbLine
 10
145.9499999999999886
 20
-84.375
 30
0
 11
145.854329000000007
 21
-84.3559699999999992
 31
0
  0
LINE
  5
576
330
22
100
AcDbEntity
  8
F.Paste
  6
CONTINUOUS
100
AcDbLine
 10
145.854329000000007
 20
-84.3559699999999992
 30
0
 11
145.7732230000000015
 21
-84.3017770000000013
 31
0
  0
LINE
  5
577
330
22
100
AcDbEntity
  8
F.Paste
  6
CONTINUOUS
100
AcDbLine
 10
145.7732230000000015
 20
-84.3017770000000013
 30
0
 11
145.7190300000000036
 21
-84.2206709999999958
 31
0
  0
LINE
  5
578
330
22
100
AcDbEntity
  8
F.Paste
  6
CONTINUOUS
100
AcDbLine
 10
145.7190300000000036
 20
-84.2206709999999958
 30
0
 11
145.6999999999999886
 21
-84.125
 31
0
  0
LINE
  5
579
330
22
100
AcDbEntity
  8
F.Paste
  6
CONTINUOUS
100
AcDbLine
 10
145.6999999999999886
 20
-84.125
 30
0
 11
145.6999999999999886
 21
-82.875
 31
0
  0
LINE
  5
57A
330
22
100
AcDbEntity
  8
F.Paste
  6
CONTINUOUS
100
AcDbLine
 10
145.6999999999999886
 20
-82.875
 30
0
 11
145.7190300000000036
 21
-82.7793289999999899
 31
0
  0
LINE
  5
57B
330
22
100
AcDbEntity
  8
F.Paste
  6
CONTINUOUS
100
AcDbLine
 10
145.7190300000000036
 20
-82.7793289999999899
 30
0
 11
145.7732230000000015
 21
-82.6982229999999987
 31
0
  0
LINE
  5
57C
330
22
100
AcDbEntity
  8
F.Paste
  6
CONTINUOUS
100
AcDbLine
 10
145.7732230000000015
 20
-82.6982229999999987
 30
0
 11
145.854329000000007
 21
-82.6440300000000008
 31
0
  0
LINE
  5
57D
330
22
100
AcDbEntity
  8
F.Paste
  6
CONTINUOUS
100
AcDbLine
 10
145.854329000000007
 20
-82.6440300000000008
 30
0
 11
145.9499999999999886
 21
-82.625
 31
0
  0
LINE
  5
57E
330
22
100
AcDbEntity
  8
F.Paste
  6
CONTINUOUS
100
AcDbLine
 10
145.9499999999999886
 20
-82.625
 30
0
 11
146.75
 21
-82.625
 31
0
  0
LINE
  5
57F
330
22
100
AcDbEntity
  8
F.Paste
  6
CONTINUOUS
100
AcDbLine
 10
146.75
 20
-82.625
 30
0
 11
146.8456709999999816
 21
-82.6440300000000008
 31
0
  0
LINE
  5
580
330
22
100
AcDbEntity
  8
F.Paste
  6
CONTINUOUS
100
AcDbLine
 10
149.9456710000000044
 20
-82.6440300000000008
 30
0
 11
150.0267769999999814
 21
-82.6982229999999987
 31
0
  0
LINE
  5
581
330
22
100
AcDbEntity
  8
F.Paste
  6
CONTINUOUS
100
AcDbLine
 10
150.0267769999999814
 20
-82.6982229999999987
 30
0
 11
150.0809699999999793
 21
-82.7793289999999899
 31
0
  0
LINE
  5
582
330
22
100
AcDbEntity
  8
F.Paste
  6
CONTINUOUS
100
AcDbLine
 10
150.0809699999999793
 20
-82.7793289999999899
 30
0
 11
150.0999999999999943
 21
-82.875
 31
0
  0
LINE
  5
583
330
22
100
AcDbEntity
  8
F.Paste
  6
CONTINUOUS
100
AcDbLine
 10
150.0999999999999943
 20
-82.875
 30
0
 11
150.0999999999999943
 21
-84.125
 31
0
  0
LINE
  5
584
330
22
100
AcDbEntity
  8
F.Paste
  6
CONTINUOUS
100
AcDbLine
 10
150.0999999999999943
 20
-84.125
 30
0
 11
150.0809699999999793
 21
-84.2206709999999958
 31
0
  0
LINE
  5
585
330
22
100
AcDbEntity
  8
F.Paste
  6
CONTINUOUS
100
AcDbLine
 10
150.0809699999999793
 20
-84.2206709999999958
 30
0
 11
150.0267769999999814
 21
-84.3017770000000013
 31
0
  0
LINE
  5
586
330
22
100
AcDbEntity
  8
F.Paste
  6
CONTINUOUS
100
AcDbLine
 10
150.0267769999999814
 20
-84.3017770000000013
 30
0
 11
149.9456710000000044
 21
-84.3559699999999992
 31
0
  0
LINE
  5
587
330
22
100
AcDbEntity
  8
F.Paste
  6
CONTINUOUS
100
AcDbLine
 10
149.9456710000000044
 20
-84.3559699999999992
 30
0
 11
149.8499999999999943
 21
-84.375
 31
0
  0
LINE
  5
588
330
22
100
AcDbEntity
  8
F.Paste
  6
CONTINUOUS
100
AcDbLine
 10
149.8499999999999943
 20
-84.375
 30
0
 11
149.0499999999999829
 21
-84.375
 31
0
  0
LINE
  5
589
330
22
100
AcDbEntity
  8
F.Paste
  6
CONTINUOUS
100
AcDbLine
 10
149.0499999999999829
 20
-84.375
 30
0
 11
148.9543290000000013
 21
-84.3559699999999992
 31
0
  0
LINE
  5
58A
330
22
100
AcDbEntity
  8
F.Paste
  6
CONTINUOUS
100
AcDbLine
 10
148.9543290000000013
 20
-84.3559699999999992
 30
0
 11
148.8732229999999959
 21
-84.3017770000000013
 31
0
  0
LINE
  5
58B
330
22
100
AcDbEntity
  8
F.Paste
  6
CONTINUOUS
100
AcDbLine
 10
148.8732229999999959
 20
-84.3017770000000013
 30
0
 11
148.8190299999999979
 21
-84.2206709999999958
 31
0
  0
LINE
  5
58C
330
22
100
AcDbEntity
  8
F.Paste
  6
CONTINUOUS
100
AcDbLine
 10
148.8190299999999979
 20
-84.2206709999999958
 30
0
 11
148.7999999999999829
 21
-84.125
 31
0
  0
LINE
  5
58D
330
22
100
AcDbEntity
  8
F.Paste
  6
CONTINUOUS
100
AcDbLine
 10
148.7999999999999829
 20
-84.125
 30
0
 11
148.7999999999999829
 21
-82.875
 31
0
  0
LINE
  5
58E
330
22
100
AcDbEntity
  8
F.Paste
  6
CONTINUOUS
100
AcDbLine
 10
148.7999999999999829
 20
-82.875
 30
0
 11
148.8190299999999979
 21
-82.7793289999999899
 31
0
  0
LINE
  5
58F
330
22
100
AcDbEntity
  8
F.Paste
  6
CONTINUOUS
100
AcDbLine
 10
148.8190299999999979
 20
-82.7793289999999899
 30
0
 11
148.8732229999999959
 21
-82.6982229999999987
 31
0
  0
LINE
  5
590
330
22
100
AcDbEntity
  8
F.Paste
  6
CONTINUOUS
100
AcDbLine
 10
148.8732229999999959
 20
-82.6982229999999987
 30
0
 11
148.9543290000000013
 21
-82.6440300000000008
 31
0
  0
LINE
  5
591
330
22
100
AcDbEntity
  8
F.Paste
  6
CONTINUOUS
100
AcDbLine
 10
148.9543290000000013
 20
-82.6440300000000008
 30
0
 11
149.0499999999999829
 21
-82.625
 31
0
  0
LINE
  5
592
330
22
100
AcDbEntity
  8
F.Paste
  6
CONTINUOUS
100
AcDbLine
 10
149.0499999999999829
 20
-82.625
 30
0
 11
149.8499999999999943
 21
-82.625
 31
0
  0
LINE
  5
593
330
22
100
AcDbEntity
  8
F.Paste
  6
CONTINUOUS
100
AcDbLine
 10
149.8499999999999943
 20
-82.625
 30
0
 11
149.9456710000000044
 21
-82.6440300000000008
 31
0
  0
LINE
  5
594
330
22
100
AcDbEntity
  8
F.Paste
  6
CONTINUOUS
100
AcDbLine
 10
141.6206709999999873
 20
-82.8190299999999979
 30
0
 11
141.7017769999999928
 21
-82.8732229999999959
 31
0
  0
LINE
  5
595
330
22
100
AcDbEntity
  8
F.Paste
  6
CONTINUOUS
100
AcDbLine
 10
141.7017769999999928
 20
-82.8732229999999959
 30
0
 11
141.7559699999999907
 21
-82.9543290000000013
 31
0
  0
LINE
  5
596
330
22
100
AcDbEntity
  8
F.Paste
  6
CONTINUOUS
100
AcDbLine
 10
141.7559699999999907
 20
-82.9543290000000013
 30
0
 11
141.7750000000000057
 21
-83.0499999999999972
 31
0
  0
LINE
  5
597
330
22
100
AcDbEntity
  8
F.Paste
  6
CONTINUOUS
100
AcDbLine
 10
141.7750000000000057
 20
-83.0499999999999972
 30
0
 11
141.7750000000000057
 21
-83.8499999999999943
 31
0
  0
LINE
  5
598
330
22
100
AcDbEntity
  8
F.Paste
  6
CONTINUOUS
100
AcDbLine
 10
141.7750000000000057
 20
-83.8499999999999943
 30
0
 11
141.7559699999999907
 21
-83.9456709999999902
 31
0
  0
LINE
  5
599
330
22
100
AcDbEntity
  8
F.Paste
  6
CONTINUOUS
100
AcDbLine
 10
141.7559699999999907
 20
-83.9456709999999902
 30
0
 11
141.7017769999999928
 21
-84.0267769999999956
 31
0
  0
LINE
  5
59A
330
22
100
AcDbEntity
  8
F.Paste
  6
CONTINUOUS
100
AcDbLine
 10
141.7017769999999928
 20
-84.0267769999999956
 30
0
 11
141.6206709999999873
 21
-84.0809699999999935
 31
0
  0
LINE
  5
59B
330
22
100
AcDbEntity
  8
F.Paste
  6
CONTINUOUS
100
AcDbLine
 10
141.6206709999999873
 20
-84.0809699999999935
 30
0
 11
141.5250000000000057
 21
-84.0999999999999943
 31
0
  0
LINE
  5
59C
330
22
100
AcDbEntity
  8
F.Paste
  6
CONTINUOUS
100
AcDbLine
 10
141.5250000000000057
 20
-84.0999999999999943
 30
0
 11
140.2750000000000057
 21
-84.0999999999999943
 31
0
  0
LINE
  5
59D
330
22
100
AcDbEntity
  8
F.Paste
  6
CONTINUOUS
100
AcDbLine
 10
140.2750000000000057
 20
-84.0999999999999943
 30
0
 11
140.1793289999999956
 21
-84.0809699999999935
 31
0
  0
LINE
  5
59E
330
22
100
AcDbEntity
  8
F.Paste
  6
CONTINUOUS
100
AcDbLine
 10
140.1793289999999956
 20
-84.0809699999999935
 30
0
 11
140.0982229999999902
 21
-84.0267769999999956
 31
0
  0
LINE
  5
59F
330
22
100
AcDbEntity
  8
F.Paste
  6
CONTINUOUS
100
AcDbLine
 10
140.0982229999999902
 20
-84.0267769999999956
 30
0
 11
140.0440299999999922
 21
-83.9456709999999902
 31
0
  0
LINE
  5
5A0
330
22
100
AcDbEntity
  8
F.Paste
  6
CONTINUOUS
100
AcDbLine
 10
140.0440299999999922
 20
-83.9456709999999902
 30
0
 11
140.0250000000000057
 21
-83.8499999999999943
 31
0
  0
LINE
  5
5A1
330
22
100
AcDbEntity
  8
F.Paste
  6
CONTINUOUS
100
AcDbLine
 10
140.0250000000000057
 20
-83.8499999999999943
 30
0
 11
140.0250000000000057
 21
-83.0499999999999972
 31
0
  0
LINE
  5
5A2
330
22
100
AcDbEntity
  8
F.Paste
  6
CONTINUOUS
100
AcDbLine
 10
140.0250000000000057
 20
-83.0499999999999972
 30
0
 11
140.0440299999999922
 21
-82.9543290000000013
 31
0
  0
LINE
  5
5A3
330
22
100
AcDbEntity
  8
F.Paste
  6
CONTINUOUS
100
AcDbLine
 10
140.0440299999999922
 20
-82.9543290000000013
 30
0
 11
140.0982229999999902
 21
-82.8732229999999959
 31
0
  0
LINE
  5
5A4
330
22
100
AcDbEntity
  8
F.Paste
  6
CONTINUOUS
100
AcDbLine
 10
140.0982229999999902
 20
-82.8732229999999959
 30
0
 11
140.1793289999999956
 21
-82.8190299999999979
 31
0
  0
LINE
  5
5A5
330
22
100
AcDbEntity
  8
F.Paste
  6
CONTINUOUS
100
AcDbLine
 10
140.1793289999999956
 20
-82.8190299999999979
 30
0
 11
140.2750000000000057
 21
-82.7999999999999972
 31
0
  0
LINE
  5
5A6
330
22
100
AcDbEntity
  8
F.Paste
  6
CONTINUOUS
100
AcDbLine
 10
140.2750000000000057
 20
-82.7999999999999972
 30
0
 11
141.5250000000000057
 21
-82.7999999999999972
 31
0
  0
LINE
  5
5A7
330
22
100
AcDbEntity
  8
F.Paste
  6
CONTINUOUS
100
AcDbLine
 10
141.5250000000000057
 20
-82.7999999999999972
 30
0
 11
141.6206709999999873
 21
-82.8190299999999979
 31
0
  0
LINE
  5
5A8
330
22
100
AcDbEntity
  8
F.Paste
  6
CONTINUOUS
100
AcDbLine
 10
144.4706709999999816
 20
-82.8940300000000008
 30
0
 11
144.5517769999999871
 21
-82.9482229999999987
 31
0
  0
LINE
  5
5A9
330
22
100
AcDbEntity
  8
F.Paste
  6
CONTINUOUS
100
AcDbLine
 10
144.5517769999999871
 20
-82.9482229999999987
 30
0
 11
144.605969999999985
 21
-83.0293289999999899
 31
0
  0
LINE
  5
5AA
330
22
100
AcDbEntity
  8
F.Paste
  6
CONTINUOUS
100
AcDbLine
 10
144.605969999999985
 20
-83.0293289999999899
 30
0
 11
144.625
 21
-83.125
 31
0
  0
LINE
  5
5AB
330
22
100
AcDbEntity
  8
F.Paste
  6
CONTINUOUS
100
AcDbLine
 10
144.625
 20
-83.125
 30
0
 11
144.625
 21
-83.7999999999999972
 31
0
  0
LINE
  5
5AC
330
22
100
AcDbEntity
  8
F.Paste
  6
CONTINUOUS
100
AcDbLine
 10
144.625
 20
-83.7999999999999972
 30
0
 11
144.605969999999985
 21
-83.895670999999993
 31
0
  0
LINE
  5
5AD
330
22
100
AcDbEntity
  8
F.Paste
  6
CONTINUOUS
100
AcDbLine
 10
144.605969999999985
 20
-83.895670999999993
 30
0
 11
144.5517769999999871
 21
-83.9767769999999985
 31
0
  0
LINE
  5
5AE
330
22
100
AcDbEntity
  8
F.Paste
  6
CONTINUOUS
100
AcDbLine
 10
144.5517769999999871
 20
-83.9767769999999985
 30
0
 11
144.4706709999999816
 21
-84.0309699999999964
 31
0
  0
LINE
  5
5AF
330
22
100
AcDbEntity
  8
F.Paste
  6
CONTINUOUS
100
AcDbLine
 10
144.4706709999999816
 20
-84.0309699999999964
 30
0
 11
144.375
 21
-84.0499999999999972
 31
0
  0
LINE
  5
5B0
330
22
100
AcDbEntity
  8
F.Paste
  6
CONTINUOUS
100
AcDbLine
 10
144.375
 20
-84.0499999999999972
 30
0
 11
143.4249999999999829
 21
-84.0499999999999972
 31
0
  0
LINE
  5
5B1
330
22
100
AcDbEntity
  8
F.Paste
  6
CONTINUOUS
100
AcDbLine
 10
143.4249999999999829
 20
-84.0499999999999972
 30
0
 11
143.3293290000000013
 21
-84.0309699999999964
 31
0
  0
LINE
  5
5B2
330
22
100
AcDbEntity
  8
F.Paste
  6
CONTINUOUS
100
AcDbLine
 10
143.3293290000000013
 20
-84.0309699999999964
 30
0
 11
143.2482229999999959
 21
-83.9767769999999985
 31
0
  0
LINE
  5
5B3
330
22
100
AcDbEntity
  8
F.Paste
  6
CONTINUOUS
100
AcDbLine
 10
143.2482229999999959
 20
-83.9767769999999985
 30
0
 11
143.1940299999999979
 21
-83.895670999999993
 31
0
  0
LINE
  5
5B4
330
22
100
AcDbEntity
  8
F.Paste
  6
CONTINUOUS
100
AcDbLine
 10
143.1940299999999979
 20
-83.895670999999993
 30
0
 11
143.1749999999999829
 21
-83.7999999999999972
 31
0
  0
LINE
  5
5B5
330
22
100
AcDbEntity
  8
F.Paste
  6
CONTINUOUS
100
AcDbLine
 10
143.1749999999999829
 20
-83.7999999999999972
 30
0
 11
143.1749999999999829
 21
-83.125
 31
0
  0
LINE
  5
5B6
330
22
100
AcDbEntity
  8
F.Paste
  6
CONTINUOUS
100
AcDbLine
 10
143.1749999999999829
 20
-83.125
 30
0
 11
143.1940299999999979
 21
-83.0293289999999899
 31
0
  0
LINE
  5
5B7
330
22
100
AcDbEntity
  8
F.Paste
  6
CONTINUOUS
100
AcDbLine
 10
143.1940299999999979
 20
-83.0293289999999899
 30
0
 11
143.2482229999999959
 21
-82.9482229999999987
 31
0
  0
LINE
  5
5B8
330
22
100
AcDbEntity
  8
F.Paste
  6
CONTINUOUS
100
AcDbLine
 10
143.2482229999999959
 20
-82.9482229999999987
 30
0
 11
143.3293290000000013
 21
-82.8940300000000008
 31
0
  0
LINE
  5
5B9
330
22
100
AcDbEntity
  8
F.Paste
  6
CONTINUOUS
100
AcDbLine
 10
143.3293290000000013
 20
-82.8940300000000008
 30
0
 11
143.4249999999999829
 21
-82.875
 31
0
  0
LINE
  5
5BA
330
22
100
AcDbEntity
  8
F.Paste
  6
CONTINUOUS
100
AcDbLine
 10
143.4249999999999829
 20
-82.875
 30
0
 11
144.375
 21
-82.875
 31
0
  0
LINE
  5
5BB
330
22
100
AcDbEntity
  8
F.Paste
  6
CONTINUOUS
100
AcDbLine
 10
144.375
 20
-82.875
 30
0
 11
144.4706709999999816
 21
-82.8940300000000008
 31
0
  0
LINE
  5
5BC
330
22
100
AcDbEntity
  8
F.Paste
  6
CONTINUOUS
100
AcDbLine
 10
120.8999999999999915
 20
-84.039999999999992
 30
0
 11
117.8999999999999915
 21
-84.039999999999992
 31
0
  0
LINE
  5
5BD
330
22
100
AcDbEntity
  8
F.Paste
  6
CONTINUOUS
100
AcDbLine
 10
117.8999999999999915
 20
-84.039999999999992
 30
0
 11
117.8999999999999915
 21
-83.039999999999992
 31
0
  0
LINE
  5
5BE
330
22
100
AcDbEntity
  8
F.Paste
  6
CONTINUOUS
100
AcDbLine
 10
117.8999999999999915
 20
-83.039999999999992
 30
0
 11
120.8999999999999915
 21
-83.039999999999992
 31
0
  0
LINE
  5
5BF
330
22
100
AcDbEntity
  8
F.Paste
  6
CONTINUOUS
100
AcDbLine
 10
120.8999999999999915
 20
-83.039999999999992
 30
0
 11
120.8999999999999915
 21
-84.039999999999992
 31
0
  0
LINE
  5
5C0
330
22
100
AcDbEntity
  8
F.Paste
  6
CONTINUOUS
100
AcDbLine
 10
128.9000000000000057
 20
-84.039999999999992
 30
0
 11
125.8999999999999915
 21
-84.039999999999992
 31
0
  0
LINE
  5
5C1
330
22
100
AcDbEntity
  8
F.Paste
  6
CONTINUOUS
100
AcDbLine
 10
125.8999999999999915
 20
-84.039999999999992
 30
0
 11
125.8999999999999915
 21
-83.039999999999992
 31
0
  0
LINE
  5
5C2
330
22
100
AcDbEntity
  8
F.Paste
  6
CONTINUOUS
100
AcDbLine
 10
125.8999999999999915
 20
-83.039999999999992
 30
0
 11
128.9000000000000057
 21
-83.039999999999992
 31
0
  0
LINE
  5
5C3
330
22
100
AcDbEntity
  8
F.Paste
  6
CONTINUOUS
100
AcDbLine
 10
128.9000000000000057
 20
-83.039999999999992
 30
0
 11
128.9000000000000057
 21
-84.039999999999992
 31
0
  0
LINE
  5
5C4
330
22
100
AcDbEntity
  8
F.Paste
  6
CONTINUOUS
100
AcDbLine
 10
153.3206710000000044
 20
-82.6190299999999951
 30
0
 11
153.4017769999999814
 21
-82.673222999999993
 31
0
  0
LINE
  5
5C5
330
22
100
AcDbEntity
  8
F.Paste
  6
CONTINUOUS
100
AcDbLine
 10
153.4017769999999814
 20
-82.673222999999993
 30
0
 11
153.4559699999999793
 21
-82.7543289999999985
 31
0
  0
LINE
  5
5C6
330
22
100
AcDbEntity
  8
F.Paste
  6
CONTINUOUS
100
AcDbLine
 10
153.4559699999999793
 20
-82.7543289999999985
 30
0
 11
153.4749999999999943
 21
-82.8499999999999943
 31
0
  0
LINE
  5
5C7
330
22
100
AcDbEntity
  8
F.Paste
  6
CONTINUOUS
100
AcDbLine
 10
153.4749999999999943
 20
-82.8499999999999943
 30
0
 11
153.4749999999999943
 21
-83.6499999999999915
 31
0
  0
LINE
  5
5C8
330
22
100
AcDbEntity
  8
F.Paste
  6
CONTINUOUS
100
AcDbLine
 10
153.4749999999999943
 20
-83.6499999999999915
 30
0
 11
153.4559699999999793
 21
-83.7456710000000015
 31
0
  0
LINE
  5
5C9
330
22
100
AcDbEntity
  8
F.Paste
  6
CONTINUOUS
100
AcDbLine
 10
153.4559699999999793
 20
-83.7456710000000015
 30
0
 11
153.4017769999999814
 21
-83.8267769999999928
 31
0
  0
LINE
  5
5CA
330
22
100
AcDbEntity
  8
F.Paste
  6
CONTINUOUS
100
AcDbLine
 10
153.4017769999999814
 20
-83.8267769999999928
 30
0
 11
153.3206710000000044
 21
-83.8809699999999907
 31
0
  0
LINE
  5
5CB
330
22
100
AcDbEntity
  8
F.Paste
  6
CONTINUOUS
100
AcDbLine
 10
153.3206710000000044
 20
-83.8809699999999907
 30
0
 11
153.2249999999999943
 21
-83.8999999999999915
 31
0
  0
LINE
  5
5CC
330
22
100
AcDbEntity
  8
F.Paste
  6
CONTINUOUS
100
AcDbLine
 10
153.2249999999999943
 20
-83.8999999999999915
 30
0
 11
151.9749999999999943
 21
-83.8999999999999915
 31
0
  0
LINE
  5
5CD
330
22
100
AcDbEntity
  8
F.Paste
  6
CONTINUOUS
100
AcDbLine
 10
151.9749999999999943
 20
-83.8999999999999915
 30
0
 11
151.8793289999999843
 21
-83.8809699999999907
 31
0
  0
LINE
  5
5CE
330
22
100
AcDbEntity
  8
F.Paste
  6
CONTINUOUS
100
AcDbLine
 10
151.8793289999999843
 20
-83.8809699999999907
 30
0
 11
151.7982230000000072
 21
-83.8267769999999928
 31
0
  0
LINE
  5
5CF
330
22
100
AcDbEntity
  8
F.Paste
  6
CONTINUOUS
100
AcDbLine
 10
151.7982230000000072
 20
-83.8267769999999928
 30
0
 11
151.7440299999999809
 21
-83.7456710000000015
 31
0
  0
LINE
  5
5D0
330
22
100
AcDbEntity
  8
F.Paste
  6
CONTINUOUS
100
AcDbLine
 10
151.7440299999999809
 20
-83.7456710000000015
 30
0
 11
151.7249999999999943
 21
-83.6499999999999915
 31
0
  0
LINE
  5
5D1
330
22
100
AcDbEntity
  8
F.Paste
  6
CONTINUOUS
100
AcDbLine
 10
151.7249999999999943
 20
-83.6499999999999915
 30
0
 11
151.7249999999999943
 21
-82.8499999999999943
 31
0
  0
LINE
  5
5D2
330
22
100
AcDbEntity
  8
F.Paste
  6
CONTINUOUS
100
AcDbLine
 10
151.7249999999999943
 20
-82.8499999999999943
 30
0
 11
151.7440299999999809
 21
-82.7543289999999985
 31
0
  0
LINE
  5
5D3
330
22
100
AcDbEntity
  8
F.Paste
  6
CONTINUOUS
100
AcDbLine
 10
151.7440299999999809
 20
-82.7543289999999985
 30
0
 11
151.7982230000000072
 21
-82.673222999999993
 31
0
  0
LINE
  5
5D4
330
22
100
AcDbEntity
  8
F.Paste
  6
CONTINUOUS
100
AcDbLine
 10
151.7982230000000072
 20
-82.673222999999993
 30
0
 11
151.8793289999999843
 21
-82.6190299999999951
 31
0
  0
LINE
  5
5D5
330
22
100
AcDbEntity
  8
F.Paste
  6
CONTINUOUS
100
AcDbLine
 10
151.8793289999999843
 20
-82.6190299999999951
 30
0
 11
151.9749999999999943
 21
-82.5999999999999943
 31
0
  0
LINE
  5
5D6
330
22
100
AcDbEntity
  8
F.Paste
  6
CONTINUOUS
100
AcDbLine
 10
151.9749999999999943
 20
-82.5999999999999943
 30
0
 11
153.2249999999999943
 21
-82.5999999999999943
 31
0
  0
LINE
  5
5D7
330
22
100
AcDbEntity
  8
F.Paste
  6
CONTINUOUS
100
AcDbLine
 10
153.2249999999999943
 20
-82.5999999999999943
 30
0
 11
153.3206710000000044
 21
-82.6190299999999951
 31
0
  0
LINE
  5
5D8
330
22
100
AcDbEntity
  8
F.Paste
  6
CONTINUOUS
100
AcDbLine
 10
131.0074029999999823
 20
-81.3364179999999948
 30
0
 11
131.0560659999999871
 21
-81.3689339999999959
 31
0
  0
LINE
  5
5D9
330
22
100
AcDbEntity
  8
F.Paste
  6
CONTINUOUS
100
AcDbLine
 10
131.0560659999999871
 20
-81.3689339999999959
 30
0
 11
131.0885820000000024
 21
-81.4175970000000007
 31
0
  0
LINE
  5
5DA
330
22
100
AcDbEntity
  8
F.Paste
  6
CONTINUOUS
100
AcDbLine
 10
131.0885820000000024
 20
-81.4175970000000007
 30
0
 11
131.0999999999999943
 21
-81.4749999999999943
 31
0
  0
LINE
  5
5DB
330
22
100
AcDbEntity
  8
F.Paste
  6
CONTINUOUS
100
AcDbLine
 10
131.0999999999999943
 20
-81.4749999999999943
 30
0
 11
131.0999999999999943
 21
-82.6499999999999915
 31
0
  0
LINE
  5
5DC
330
22
100
AcDbEntity
  8
F.Paste
  6
CONTINUOUS
100
AcDbLine
 10
131.0999999999999943
 20
-82.6499999999999915
 30
0
 11
131.0885820000000024
 21
-82.7074029999999993
 31
0
  0
LINE
  5
5DD
330
22
100
AcDbEntity
  8
F.Paste
  6
CONTINUOUS
100
AcDbLine
 10
131.0885820000000024
 20
-82.7074029999999993
 30
0
 11
131.0560659999999871
 21
-82.7560659999999899
 31
0
  0
LINE
  5
5DE
330
22
100
AcDbEntity
  8
F.Paste
  6
CONTINUOUS
100
AcDbLine
 10
131.0560659999999871
 20
-82.7560659999999899
 30
0
 11
131.0074029999999823
 21
-82.788581999999991
 31
0
  0
LINE
  5
5DF
330
22
100
AcDbEntity
  8
F.Paste
  6
CONTINUOUS
100
AcDbLine
 10
131.0074029999999823
 20
-82.788581999999991
 30
0
 11
130.9499999999999886
 21
-82.7999999999999972
 31
0
  0
LINE
  5
5E0
330
22
100
AcDbEntity
  8
F.Paste
  6
CONTINUOUS
100
AcDbLine
 10
130.9499999999999886
 20
-82.7999999999999972
 30
0
 11
130.6500000000000057
 21
-82.7999999999999972
 31
0
  0
LINE
  5
5E1
330
22
100
AcDbEntity
  8
F.Paste
  6
CONTINUOUS
100
AcDbLine
 10
130.6500000000000057
 20
-82.7999999999999972
 30
0
 11
130.5925969999999836
 21
-82.788581999999991
 31
0
  0
LINE
  5
5E2
330
22
100
AcDbEntity
  8
F.Paste
  6
CONTINUOUS
100
AcDbLine
 10
130.5925969999999836
 20
-82.788581999999991
 30
0
 11
130.5439340000000072
 21
-82.7560659999999899
 31
0
  0
LINE
  5
5E3
330
22
100
AcDbEntity
  8
F.Paste
  6
CONTINUOUS
100
AcDbLine
 10
130.5439340000000072
 20
-82.7560659999999899
 30
0
 11
130.5114179999999919
 21
-82.7074029999999993
 31
0
  0
LINE
  5
5E4
330
22
100
AcDbEntity
  8
F.Paste
  6
CONTINUOUS
100
AcDbLine
 10
130.5114179999999919
 20
-82.7074029999999993
 30
0
 11
130.5
 21
-82.6499999999999915
 31
0
  0
LINE
  5
5E5
330
22
100
AcDbEntity
  8
F.Paste
  6
CONTINUOUS
100
AcDbLine
 10
130.5
 20
-82.6499999999999915
 30
0
 11
130.5
 21
-81.4749999999999943
 31
0
  0
LINE
  5
5E6
330
22
100
AcDbEntity
  8
F.Paste
  6
CONTINUOUS
100
AcDbLine
 10
130.5
 20
-81.4749999999999943
 30
0
 11
130.5114179999999919
 21
-81.4175970000000007
 31
0
  0
LINE
  5
5E7
330
22
100
AcDbEntity
  8
F.Paste
  6
CONTINUOUS
100
AcDbLine
 10
130.5114179999999919
 20
-81.4175970000000007
 30
0
 11
130.5439340000000072
 21
-81.3689339999999959
 31
0
  0
LINE
  5
5E8
330
22
100
AcDbEntity
  8
F.Paste
  6
CONTINUOUS
100
AcDbLine
 10
130.5439340000000072
 20
-81.3689339999999959
 30
0
 11
130.5925969999999836
 21
-81.3364179999999948
 31
0
  0
LINE
  5
5E9
330
22
100
AcDbEntity
  8
F.Paste
  6
CONTINUOUS
100
AcDbLine
 10
130.5925969999999836
 20
-81.3364179999999948
 30
0
 11
130.6500000000000057
 21
-81.3250000000000028
 31
0
  0
LINE
  5
5EA
330
22
100
AcDbEntity
  8
F.Paste
  6
CONTINUOUS
100
AcDbLine
 10
130.6500000000000057
 20
-81.3250000000000028
 30
0
 11
130.9499999999999886
 21
-81.3250000000000028
 31
0
  0
LINE
  5
5EB
330
22
100
AcDbEntity
  8
F.Paste
  6
CONTINUOUS
100
AcDbLine
 10
130.9499999999999886
 20
-81.3250000000000028
 30
0
 11
131.0074029999999823
 21
-81.3364179999999948
 31
0
  0
LINE
  5
5EC
330
22
100
AcDbEntity
  8
F.Paste
  6
CONTINUOUS
100
AcDbLine
 10
132.907402999999988
 20
-81.3364179999999948
 30
0
 11
132.9560659999999928
 21
-81.3689339999999959
 31
0
  0
LINE
  5
5ED
330
22
100
AcDbEntity
  8
F.Paste
  6
CONTINUOUS
100
AcDbLine
 10
132.9560659999999928
 20
-81.3689339999999959
 30
0
 11
132.9885820000000081
 21
-81.4175970000000007
 31
0
  0
LINE
  5
5EE
330
22
100
AcDbEntity
  8
F.Paste
  6
CONTINUOUS
100
AcDbLine
 10
132.9885820000000081
 20
-81.4175970000000007
 30
0
 11
133.
 21
-81.4749999999999943
 31
0
  0
LINE
  5
5EF
330
22
100
AcDbEntity
  8
F.Paste
  6
CONTINUOUS
100
AcDbLine
 10
133.
 20
-81.4749999999999943
 30
0
 11
133.
 21
-82.6499999999999915
 31
0
  0
LINE
  5
5F0
330
22
100
AcDbEntity
  8
F.Paste
  6
CONTINUOUS
100
AcDbLine
 10
133.
 20
-82.6499999999999915
 30
0
 11
132.9885820000000081
 21
-82.7074029999999993
 31
0
  0
LINE
  5
5F1
330
22
100
AcDbEntity
  8
F.Paste
  6
CONTINUOUS
100
AcDbLine
 10
132.9885820000000081
 20
-82.7074029999999993
 30
0
 11
132.9560659999999928
 21
-82.7560659999999899
 31
0
  0
LINE
  5
5F2
330
22
100
AcDbEntity
  8
F.Paste
  6
CONTINUOUS
100
AcDbLine
 10
132.9560659999999928
 20
-82.7560659999999899
 30
0
 11
132.907402999999988
 21
-82.788581999999991
 31
0
  0
LINE
  5
5F3
330
22
100
AcDbEntity
  8
F.Paste
  6
CONTINUOUS
100
AcDbLine
 10
132.907402999999988
 20
-82.788581999999991
 30
0
 11
132.8499999999999943
 21
-82.7999999999999972
 31
0
  0
LINE
  5
5F4
330
22
100
AcDbEntity
  8
F.Paste
  6
CONTINUOUS
100
AcDbLine
 10
132.8499999999999943
 20
-82.7999999999999972
 30
0
 11
132.5499999999999829
 21
-82.7999999999999972
 31
0
  0
LINE
  5
5F5
330
22
100
AcDbEntity
  8
F.Paste
  6
CONTINUOUS
100
AcDbLine
 10
132.5499999999999829
 20
-82.7999999999999972
 30
0
 11
132.4925969999999893
 21
-82.788581999999991
 31
0
  0
LINE
  5
5F6
330
22
100
AcDbEntity
  8
F.Paste
  6
CONTINUOUS
100
AcDbLine
 10
132.4925969999999893
 20
-82.788581999999991
 30
0
 11
132.4439339999999845
 21
-82.7560659999999899
 31
0
  0
LINE
  5
5F7
330
22
100
AcDbEntity
  8
F.Paste
  6
CONTINUOUS
100
AcDbLine
 10
132.4439339999999845
 20
-82.7560659999999899
 30
0
 11
132.4114179999999976
 21
-82.7074029999999993
 31
0
  0
LINE
  5
5F8
330
22
100
AcDbEntity
  8
F.Paste
  6
CONTINUOUS
100
AcDbLine
 10
132.4114179999999976
 20
-82.7074029999999993
 30
0
 11
132.4000000000000057
 21
-82.6499999999999915
 31
0
  0
LINE
  5
5F9
330
22
100
AcDbEntity
  8
F.Paste
  6
CONTINUOUS
100
AcDbLine
 10
132.4000000000000057
 20
-82.6499999999999915
 30
0
 11
132.4000000000000057
 21
-81.4749999999999943
 31
0
  0
LINE
  5
5FA
330
22
100
AcDbEntity
  8
F.Paste
  6
CONTINUOUS
100
AcDbLine
 10
132.4000000000000057
 20
-81.4749999999999943
 30
0
 11
132.4114179999999976
 21
-81.4175970000000007
 31
0
  0
LINE
  5
5FB
330
22
100
AcDbEntity
  8
F.Paste
  6
CONTINUOUS
100
AcDbLine
 10
132.4114179999999976
 20
-81.4175970000000007
 30
0
 11
132.4439339999999845
 21
-81.3689339999999959
 31
0
  0
LINE
  5
5FC
330
22
100
AcDbEntity
  8
F.Paste
  6
CONTINUOUS
100
AcDbLine
 10
132.4439339999999845
 20
-81.3689339999999959
 30
0
 11
132.4925969999999893
 21
-81.3364179999999948
 31
0
  0
LINE
  5
5FD
330
22
100
AcDbEntity
  8
F.Paste
  6
CONTINUOUS
100
AcDbLine
 10
132.4925969999999893
 20
-81.3364179999999948
 30
0
 11
132.5499999999999829
 21
-81.3250000000000028
 31
0
  0
LINE
  5
5FE
330
22
100
AcDbEntity
  8
F.Paste
  6
CONTINUOUS
100
AcDbLine
 10
132.5499999999999829
 20
-81.3250000000000028
 30
0
 11
132.8499999999999943
 21
-81.3250000000000028
 31
0
  0
LINE
  5
5FF
330
22
100
AcDbEntity
  8
F.Paste
  6
CONTINUOUS
100
AcDbLine
 10
132.8499999999999943
 20
-81.3250000000000028
 30
0
 11
132.907402999999988
 21
-81.3364179999999948
 31
0
  0
LINE
  5
600
330
22
100
AcDbEntity
  8
F.Paste
  6
CONTINUOUS
100
AcDbLine
 10
135.5041870000000017
 20
-80.9051829999999939
 30
0
 11
135.5852930000000072
 21
-80.9593759999999918
 31
0
  0
LINE
  5
601
330
22
100
AcDbEntity
  8
F.Paste
  6
CONTINUOUS
100
AcDbLine
 10
135.5852930000000072
 20
-80.9593759999999918
 30
0
 11
135.6394860000000051
 21
-81.0404819999999972
 31
0
  0
LINE
  5
602
330
22
100
AcDbEntity
  8
F.Paste
  6
CONTINUOUS
100
AcDbLine
 10
135.6394860000000051
 20
-81.0404819999999972
 30
0
 11
135.6585159999999917
 21
-81.1361529999999931
 31
0
  0
LINE
  5
603
330
22
100
AcDbEntity
  8
F.Paste
  6
CONTINUOUS
100
AcDbLine
 10
135.6585159999999917
 20
-81.1361529999999931
 30
0
 11
135.6585159999999917
 21
-81.9361529999999902
 31
0
  0
LINE
  5
604
330
22
100
AcDbEntity
  8
F.Paste
  6
CONTINUOUS
100
AcDbLine
 10
135.6585159999999917
 20
-81.9361529999999902
 30
0
 11
135.6394860000000051
 21
-82.0318240000000003
 31
0
  0
LINE
  5
605
330
22
100
AcDbEntity
  8
F.Paste
  6
CONTINUOUS
100
AcDbLine
 10
135.6394860000000051
 20
-82.0318240000000003
 30
0
 11
135.5852930000000072
 21
-82.1129299999999915
 31
0
  0
LINE
  5
606
330
22
100
AcDbEntity
  8
F.Paste
  6
CONTINUOUS
100
AcDbLine
 10
135.5852930000000072
 20
-82.1129299999999915
 30
0
 11
135.5041870000000017
 21
-82.1671229999999895
 31
0
  0
LINE
  5
607
330
22
100
AcDbEntity
  8
F.Paste
  6
CONTINUOUS
100
AcDbLine
 10
135.5041870000000017
 20
-82.1671229999999895
 30
0
 11
135.4085159999999917
 21
-82.1861529999999902
 31
0
  0
LINE
  5
608
330
22
100
AcDbEntity
  8
F.Paste
  6
CONTINUOUS
100
AcDbLine
 10
135.4085159999999917
 20
-82.1861529999999902
 30
0
 11
134.1585159999999917
 21
-82.1861529999999902
 31
0
  0
LINE
  5
609
330
22
100
AcDbEntity
  8
F.Paste
  6
CONTINUOUS
100
AcDbLine
 10
134.1585159999999917
 20
-82.1861529999999902
 30
0
 11
134.0628449999999816
 21
-82.1671229999999895
 31
0
  0
LINE
  5
60A
330
22
100
AcDbEntity
  8
F.Paste
  6
CONTINUOUS
100
AcDbLine
 10
134.0628449999999816
 20
-82.1671229999999895
 30
0
 11
133.9817390000000046
 21
-82.1129299999999915
 31
0
  0
LINE
  5
60B
330
22
100
AcDbEntity
  8
F.Paste
  6
CONTINUOUS
100
AcDbLine
 10
133.9817390000000046
 20
-82.1129299999999915
 30
0
 11
133.9275460000000066
 21
-82.0318240000000003
 31
0
  0
LINE
  5
60C
330
22
100
AcDbEntity
  8
F.Paste
  6
CONTINUOUS
100
AcDbLine
 10
133.9275460000000066
 20
-82.0318240000000003
 30
0
 11
133.9085159999999917
 21
-81.9361529999999902
 31
0
  0
LINE
  5
60D
330
22
100
AcDbEntity
  8
F.Paste
  6
CONTINUOUS
100
AcDbLine
 10
133.9085159999999917
 20
-81.9361529999999902
 30
0
 11
133.9085159999999917
 21
-81.1361529999999931
 31
0
  0
LINE
  5
60E
330
22
100
AcDbEntity
  8
F.Paste
  6
CONTINUOUS
100
AcDbLine
 10
133.9085159999999917
 20
-81.1361529999999931
 30
0
 11
133.9275460000000066
 21
-81.0404819999999972
 31
0
  0
LINE
  5
60F
330
22
100
AcDbEntity
  8
F.Paste
  6
CONTINUOUS
100
AcDbLine
 10
133.9275460000000066
 20
-81.0404819999999972
 30
0
 11
133.9817390000000046
 21
-80.9593759999999918
 31
0
  0
LINE
  5
610
330
22
100
AcDbEntity
  8
F.Paste
  6
CONTINUOUS
100
AcDbLine
 10
133.9817390000000046
 20
-80.9593759999999918
 30
0
 11
134.0628449999999816
 21
-80.9051829999999939
 31
0
  0
LINE
  5
611
330
22
100
AcDbEntity
  8
F.Paste
  6
CONTINUOUS
100
AcDbLine
 10
134.0628449999999816
 20
-80.9051829999999939
 30
0
 11
134.1585159999999917
 21
-80.8861529999999931
 31
0
  0
LINE
  5
612
330
22
100
AcDbEntity
  8
F.Paste
  6
CONTINUOUS
100
AcDbLine
 10
134.1585159999999917
 20
-80.8861529999999931
 30
0
 11
135.4085159999999917
 21
-80.8861529999999931
 31
0
  0
LINE
  5
613
330
22
100
AcDbEntity
  8
F.Paste
  6
CONTINUOUS
100
AcDbLine
 10
135.4085159999999917
 20
-80.8861529999999931
 30
0
 11
135.5041870000000017
 21
-80.9051829999999939
 31
0
  0
LINE
  5
614
330
22
100
AcDbEntity
  8
F.Paste
  6
CONTINUOUS
100
AcDbLine
 10
137.4706709999999816
 20
-80.9690299999999894
 30
0
 11
137.5517769999999871
 21
-81.0232230000000015
 31
0
  0
LINE
  5
615
330
22
100
AcDbEntity
  8
F.Paste
  6
CONTINUOUS
100
AcDbLine
 10
137.5517769999999871
 20
-81.0232230000000015
 30
0
 11
137.605969999999985
 21
-81.1043289999999928
 31
0
  0
LINE
  5
616
330
22
100
AcDbEntity
  8
F.Paste
  6
CONTINUOUS
100
AcDbLine
 10
137.605969999999985
 20
-81.1043289999999928
 30
0
 11
137.625
 21
-81.2000000000000028
 31
0
  0
LINE
  5
617
330
22
100
AcDbEntity
  8
F.Paste
  6
CONTINUOUS
100
AcDbLine
 10
137.625
 20
-81.2000000000000028
 30
0
 11
137.625
 21
-81.875
 31
0
  0
LINE
  5
618
330
22
100
AcDbEntity
  8
F.Paste
  6
CONTINUOUS
100
AcDbLine
 10
137.625
 20
-81.875
 30
0
 11
137.605969999999985
 21
-81.9706709999999958
 31
0
  0
LINE
  5
619
330
22
100
AcDbEntity
  8
F.Paste
  6
CONTINUOUS
100
AcDbLine
 10
137.605969999999985
 20
-81.9706709999999958
 30
0
 11
137.5517769999999871
 21
-82.0517770000000013
 31
0
  0
LINE
  5
61A
330
22
100
AcDbEntity
  8
F.Paste
  6
CONTINUOUS
100
AcDbLine
 10
137.5517769999999871
 20
-82.0517770000000013
 30
0
 11
137.4706709999999816
 21
-82.1059699999999992
 31
0
  0
LINE
  5
61B
330
22
100
AcDbEntity
  8
F.Paste
  6
CONTINUOUS
100
AcDbLine
 10
137.4706709999999816
 20
-82.1059699999999992
 30
0
 11
137.375
 21
-82.125
 31
0
  0
LINE
  5
61C
330
22
100
AcDbEntity
  8
F.Paste
  6
CONTINUOUS
100
AcDbLine
 10
137.375
 20
-82.125
 30
0
 11
136.4249999999999829
 21
-82.125
 31
0
  0
LINE
  5
61D
330
22
100
AcDbEntity
  8
F.Paste
  6
CONTINUOUS
100
AcDbLine
 10
136.4249999999999829
 20
-82.125
 30
0
 11
136.3293290000000013
 21
-82.1059699999999992
 31
0
  0
LINE
  5
61E
330
22
100
AcDbEntity
  8
F.Paste
  6
CONTINUOUS
100
AcDbLine
 10
136.3293290000000013
 20
-82.1059699999999992
 30
0
 11
136.2482229999999959
 21
-82.0517770000000013
 31
0
  0
LINE
  5
61F
330
22
100
AcDbEntity
  8
F.Paste
  6
CONTINUOUS
100
AcDbLine
 10
136.2482229999999959
 20
-82.0517770000000013
 30
0
 11
136.1940299999999979
 21
-81.9706709999999958
 31
0
  0
LINE
  5
620
330
22
100
AcDbEntity
  8
F.Paste
  6
CONTINUOUS
100
AcDbLine
 10
136.1940299999999979
 20
-81.9706709999999958
 30
0
 11
136.1749999999999829
 21
-81.875
 31
0
  0
LINE
  5
621
330
22
100
AcDbEntity
  8
F.Paste
  6
CONTINUOUS
100
AcDbLine
 10
136.1749999999999829
 20
-81.875
 30
0
 11
136.1749999999999829
 21
-81.2000000000000028
 31
0
  0
LINE
  5
622
330
22
100
AcDbEntity
  8
F.Paste
  6
CONTINUOUS
100
AcDbLine
 10
136.1749999999999829
 20
-81.2000000000000028
 30
0
 11
136.1940299999999979
 21
-81.1043289999999928
 31
0
  0
LINE
  5
623
330
22
100
AcDbEntity
  8
F.Paste
  6
CONTINUOUS
100
AcDbLine
 10
136.1940299999999979
 20
-81.1043289999999928
 30
0
 11
136.2482229999999959
 21
-81.0232230000000015
 31
0
  0
LINE
  5
624
330
22
100
AcDbEntity
  8
F.Paste
  6
CONTINUOUS
100
AcDbLine
 10
136.2482229999999959
 20
-81.0232230000000015
 30
0
 11
136.3293290000000013
 21
-80.9690299999999894
 31
0
  0
LINE
  5
625
330
22
100
AcDbEntity
  8
F.Paste
  6
CONTINUOUS
100
AcDbLine
 10
136.3293290000000013
 20
-80.9690299999999894
 30
0
 11
136.4249999999999829
 21
-80.9500000000000028
 31
0
  0
LINE
  5
626
330
22
100
AcDbEntity
  8
F.Paste
  6
CONTINUOUS
100
AcDbLine
 10
136.4249999999999829
 20
-80.9500000000000028
 30
0
 11
137.375
 21
-80.9500000000000028
 31
0
  0
LINE
  5
627
330
22
100
AcDbEntity
  8
F.Paste
  6
CONTINUOUS
100
AcDbLine
 10
137.375
 20
-80.9500000000000028
 30
0
 11
137.4706709999999816
 21
-80.9690299999999894
 31
0
  0
LINE
  5
628
330
22
100
AcDbEntity
  8
F.Paste
  6
CONTINUOUS
100
AcDbLine
 10
139.4706709999999816
 20
-80.9690299999999894
 30
0
 11
139.5517769999999871
 21
-81.0232230000000015
 31
0
  0
LINE
  5
629
330
22
100
AcDbEntity
  8
F.Paste
  6
CONTINUOUS
100
AcDbLine
 10
139.5517769999999871
 20
-81.0232230000000015
 30
0
 11
139.605969999999985
 21
-81.1043289999999928
 31
0
  0
LINE
  5
62A
330
22
100
AcDbEntity
  8
F.Paste
  6
CONTINUOUS
100
AcDbLine
 10
139.605969999999985
 20
-81.1043289999999928
 30
0
 11
139.625
 21
-81.2000000000000028
 31
0
  0
LINE
  5
62B
330
22
100
AcDbEntity
  8
F.Paste
  6
CONTINUOUS
100
AcDbLine
 10
139.625
 20
-81.2000000000000028
 30
0
 11
139.625
 21
-81.875
 31
0
  0
LINE
  5
62C
330
22
100
AcDbEntity
  8
F.Paste
  6
CONTINUOUS
100
AcDbLine
 10
139.625
 20
-81.875
 30
0
 11
139.605969999999985
 21
-81.9706709999999958
 31
0
  0
LINE
  5
62D
330
22
100
AcDbEntity
  8
F.Paste
  6
CONTINUOUS
100
AcDbLine
 10
139.605969999999985
 20
-81.9706709999999958
 30
0
 11
139.5517769999999871
 21
-82.0517770000000013
 31
0
  0
LINE
  5
62E
330
22
100
AcDbEntity
  8
F.Paste
  6
CONTINUOUS
100
AcDbLine
 10
139.5517769999999871
 20
-82.0517770000000013
 30
0
 11
139.4706709999999816
 21
-82.1059699999999992
 31
0
  0
LINE
  5
62F
330
22
100
AcDbEntity
  8
F.Paste
  6
CONTINUOUS
100
AcDbLine
 10
139.4706709999999816
 20
-82.1059699999999992
 30
0
 11
139.375
 21
-82.125
 31
0
  0
LINE
  5
630
330
22
100
AcDbEntity
  8
F.Paste
  6
CONTINUOUS
100
AcDbLine
 10
139.375
 20
-82.125
 30
0
 11
138.4249999999999829
 21
-82.125
 31
0
  0
LINE
  5
631
330
22
100
AcDbEntity
  8
F.Paste
  6
CONTINUOUS
100
AcDbLine
 10
138.4249999999999829
 20
-82.125
 30
0
 11
138.3293290000000013
 21
-82.1059699999999992
 31
0
  0
LINE
  5
632
330
22
100
AcDbEntity
  8
F.Paste
  6
CONTINUOUS
100
AcDbLine
 10
138.3293290000000013
 20
-82.1059699999999992
 30
0
 11
138.2482229999999959
 21
-82.0517770000000013
 31
0
  0
LINE
  5
633
330
22
100
AcDbEntity
  8
F.Paste
  6
CONTINUOUS
100
AcDbLine
 10
138.2482229999999959
 20
-82.0517770000000013
 30
0
 11
138.1940299999999979
 21
-81.9706709999999958
 31
0
  0
LINE
  5
634
330
22
100
AcDbEntity
  8
F.Paste
  6
CONTINUOUS
100
AcDbLine
 10
138.1940299999999979
 20
-81.9706709999999958
 30
0
 11
138.1749999999999829
 21
-81.875
 31
0
  0
LINE
  5
635
330
22
100
AcDbEntity
  8
F.Paste
  6
CONTINUOUS
100
AcDbLine
 10
138.1749999999999829
 20
-81.875
 30
0
 11
138.1749999999999829
 21
-81.2000000000000028
 31
0
  0
LINE
  5
636
330
22
100
AcDbEntity
  8
F.Paste
  6
CONTINUOUS
100
AcDbLine
 10
138.1749999999999829
 20
-81.2000000000000028
 30
0
 11
138.1940299999999979
 21
-81.1043289999999928
 31
0
  0
LINE
  5
637
330
22
100
AcDbEntity
  8
F.Paste
  6
CONTINUOUS
100
AcDbLine
 10
138.1940299999999979
 20
-81.1043289999999928
 30
0
 11
138.2482229999999959
 21
-81.0232230000000015
 31
0
  0
LINE
  5
638
330
22
100
AcDbEntity
  8
F.Paste
  6
CONTINUOUS
100
AcDbLine
 10
138.2482229999999959
 20
-81.0232230000000015
 30
0
 11
138.3293290000000013
 21
-80.9690299999999894
 31
0
  0
LINE
  5
639
330
22
100
AcDbEntity
  8
F.Paste
  6
CONTINUOUS
100
AcDbLine
 10
138.3293290000000013
 20
-80.9690299999999894
 30
0
 11
138.4249999999999829
 21
-80.9500000000000028
 31
0
  0
LINE
  5
63A
330
22
100
AcDbEntity
  8
F.Paste
  6
CONTINUOUS
100
AcDbLine
 10
138.4249999999999829
 20
-80.9500000000000028
 30
0
 11
139.375
 21
-80.9500000000000028
 31
0
  0
LINE
  5
63B
330
22
100
AcDbEntity
  8
F.Paste
  6
CONTINUOUS
100
AcDbLine
 10
139.375
 20
-80.9500000000000028
 30
0
 11
139.4706709999999816
 21
-80.9690299999999894
 31
0
  0
LINE
  5
63C
330
22
100
AcDbEntity
  8
F.Paste
  6
CONTINUOUS
100
AcDbLine
 10
141.4706709999999816
 20
-80.9690299999999894
 30
0
 11
141.5517769999999871
 21
-81.0232230000000015
 31
0
  0
LINE
  5
63D
330
22
100
AcDbEntity
  8
F.Paste
  6
CONTINUOUS
100
AcDbLine
 10
141.5517769999999871
 20
-81.0232230000000015
 30
0
 11
141.605969999999985
 21
-81.1043289999999928
 31
0
  0
LINE
  5
63E
330
22
100
AcDbEntity
  8
F.Paste
  6
CONTINUOUS
100
AcDbLine
 10
141.605969999999985
 20
-81.1043289999999928
 30
0
 11
141.625
 21
-81.2000000000000028
 31
0
  0
LINE
  5
63F
330
22
100
AcDbEntity
  8
F.Paste
  6
CONTINUOUS
100
AcDbLine
 10
141.625
 20
-81.2000000000000028
 30
0
 11
141.625
 21
-81.875
 31
0
  0
LINE
  5
640
330
22
100
AcDbEntity
  8
F.Paste
  6
CONTINUOUS
100
AcDbLine
 10
141.625
 20
-81.875
 30
0
 11
141.605969999999985
 21
-81.9706709999999958
 31
0
  0
LINE
  5
641
330
22
100
AcDbEntity
  8
F.Paste
  6
CONTINUOUS
100
AcDbLine
 10
141.605969999999985
 20
-81.9706709999999958
 30
0
 11
141.5517769999999871
 21
-82.0517770000000013
 31
0
  0
LINE
  5
642
330
22
100
AcDbEntity
  8
F.Paste
  6
CONTINUOUS
100
AcDbLine
 10
141.5517769999999871
 20
-82.0517770000000013
 30
0
 11
141.4706709999999816
 21
-82.1059699999999992
 31
0
  0
LINE
  5
643
330
22
100
AcDbEntity
  8
F.Paste
  6
CONTINUOUS
100
AcDbLine
 10
141.4706709999999816
 20
-82.1059699999999992
 30
0
 11
141.375
 21
-82.125
 31
0
  0
LINE
  5
644
330
22
100
AcDbEntity
  8
F.Paste
  6
CONTINUOUS
100
AcDbLine
 10
141.375
 20
-82.125
 30
0
 11
140.4249999999999829
 21
-82.125
 31
0
  0
LINE
  5
645
330
22
100
AcDbEntity
  8
F.Paste
  6
CONTINUOUS
100
AcDbLine
 10
140.4249999999999829
 20
-82.125
 30
0
 11
140.3293290000000013
 21
-82.1059699999999992
 31
0
  0
LINE
  5
646
330
22
100
AcDbEntity
  8
F.Paste
  6
CONTINUOUS
100
AcDbLine
 10
140.3293290000000013
 20
-82.1059699999999992
 30
0
 11
140.2482229999999959
 21
-82.0517770000000013
 31
0
  0
LINE
  5
647
330
22
100
AcDbEntity
  8
F.Paste
  6
CONTINUOUS
100
AcDbLine
 10
140.2482229999999959
 20
-82.0517770000000013
 30
0
 11
140.1940299999999979
 21
-81.9706709999999958
 31
0
  0
LINE
  5
648
330
22
100
AcDbEntity
  8
F.Paste
  6
CONTINUOUS
100
AcDbLine
 10
140.1940299999999979
 20
-81.9706709999999958
 30
0
 11
140.1749999999999829
 21
-81.875
 31
0
  0
LINE
  5
649
330
22
100
AcDbEntity
  8
F.Paste
  6
CONTINUOUS
100
AcDbLine
 10
140.1749999999999829
 20
-81.875
 30
0
 11
140.1749999999999829
 21
-81.2000000000000028
 31
0
  0
LINE
  5
64A
330
22
100
AcDbEntity
  8
F.Paste
  6
CONTINUOUS
100
AcDbLine
 10
140.1749999999999829
 20
-81.2000000000000028
 30
0
 11
140.1940299999999979
 21
-81.1043289999999928
 31
0
  0
LINE
  5
64B
330
22
100
AcDbEntity
  8
F.Paste
  6
CONTINUOUS
100
AcDbLine
 10
140.1940299999999979
 20
-81.1043289999999928
 30
0
 11
140.2482229999999959
 21
-81.0232230000000015
 31
0
  0
LINE
  5
64C
330
22
100
AcDbEntity
  8
F.Paste
  6
CONTINUOUS
100
AcDbLine
 10
140.2482229999999959
 20
-81.0232230000000015
 30
0
 11
140.3293290000000013
 21
-80.9690299999999894
 31
0
  0
LINE
  5
64D
330
22
100
AcDbEntity
  8
F.Paste
  6
CONTINUOUS
100
AcDbLine
 10
140.3293290000000013
 20
-80.9690299999999894
 30
0
 11
140.4249999999999829
 21
-80.9500000000000028
 31
0
  0
LINE
  5
64E
330
22
100
AcDbEntity
  8
F.Paste
  6
CONTINUOUS
100
AcDbLine
 10
140.4249999999999829
 20
-80.9500000000000028
 30
0
 11
141.375
 21
-80.9500000000000028
 31
0
  0
LINE
  5
64F
330
22
100
AcDbEntity
  8
F.Paste
  6
CONTINUOUS
100
AcDbLine
 10
141.375
 20
-80.9500000000000028
 30
0
 11
141.4706709999999816
 21
-80.9690299999999894
 31
0
  0
LINE
  5
650
330
22
100
AcDbEntity
  8
F.Paste
  6
CONTINUOUS
100
AcDbLine
 10
120.8999999999999915
 20
-81.5
 30
0
 11
117.8999999999999915
 21
-81.5
 31
0
  0
LINE
  5
651
330
22
100
AcDbEntity
  8
F.Paste
  6
CONTINUOUS
100
AcDbLine
 10
117.8999999999999915
 20
-81.5
 30
0
 11
117.8999999999999915
 21
-80.5
 31
0
  0
LINE
  5
652
330
22
100
AcDbEntity
  8
F.Paste
  6
CONTINUOUS
100
AcDbLine
 10
117.8999999999999915
 20
-80.5
 30
0
 11
120.8999999999999915
 21
-80.5
 31
0
  0
LINE
  5
653
330
22
100
AcDbEntity
  8
F.Paste
  6
CONTINUOUS
100
AcDbLine
 10
120.8999999999999915
 20
-80.5
 30
0
 11
120.8999999999999915
 21
-81.5
 31
0
  0
LINE
  5
654
330
22
100
AcDbEntity
  8
F.Paste
  6
CONTINUOUS
100
AcDbLine
 10
146.8456709999999816
 20
-79.6440300000000008
 30
0
 11
146.9267769999999871
 21
-79.6982229999999987
 31
0
  0
LINE
  5
655
330
22
100
AcDbEntity
  8
F.Paste
  6
CONTINUOUS
100
AcDbLine
 10
146.9267769999999871
 20
-79.6982229999999987
 30
0
 11
146.980969999999985
 21
-79.7793289999999899
 31
0
  0
LINE
  5
656
330
22
100
AcDbEntity
  8
F.Paste
  6
CONTINUOUS
100
AcDbLine
 10
146.980969999999985
 20
-79.7793289999999899
 30
0
 11
147.
 21
-79.875
 31
0
  0
LINE
  5
657
330
22
100
AcDbEntity
  8
F.Paste
  6
CONTINUOUS
100
AcDbLine
 10
147.
 20
-79.875
 30
0
 11
147.
 21
-81.125
 31
0
  0
LINE
  5
658
330
22
100
AcDbEntity
  8
F.Paste
  6
CONTINUOUS
100
AcDbLine
 10
147.
 20
-81.125
 30
0
 11
146.980969999999985
 21
-81.2206709999999958
 31
0
  0
LINE
  5
659
330
22
100
AcDbEntity
  8
F.Paste
  6
CONTINUOUS
100
AcDbLine
 10
146.980969999999985
 20
-81.2206709999999958
 30
0
 11
146.9267769999999871
 21
-81.3017770000000013
 31
0
  0
LINE
  5
65A
330
22
100
AcDbEntity
  8
F.Paste
  6
CONTINUOUS
100
AcDbLine
 10
146.9267769999999871
 20
-81.3017770000000013
 30
0
 11
146.8456709999999816
 21
-81.3559699999999992
 31
0
  0
LINE
  5
65B
330
22
100
AcDbEntity
  8
F.Paste
  6
CONTINUOUS
100
AcDbLine
 10
146.8456709999999816
 20
-81.3559699999999992
 30
0
 11
146.75
 21
-81.375
 31
0
  0
LINE
  5
65C
330
22
100
AcDbEntity
  8
F.Paste
  6
CONTINUOUS
100
AcDbLine
 10
146.75
 20
-81.375
 30
0
 11
145.9499999999999886
 21
-81.375
 31
0
  0
LINE
  5
65D
330
22
100
AcDbEntity
  8
F.Paste
  6
CONTINUOUS
100
AcDbLine
 10
145.9499999999999886
 20
-81.375
 30
0
 11
145.854329000000007
 21
-81.3559699999999992
 31
0
  0
LINE
  5
65E
330
22
100
AcDbEntity
  8
F.Paste
  6
CONTINUOUS
100
AcDbLine
 10
145.854329000000007
 20
-81.3559699999999992
 30
0
 11
145.7732230000000015
 21
-81.3017770000000013
 31
0
  0
LINE
  5
65F
330
22
100
AcDbEntity
  8
F.Paste
  6
CONTINUOUS
100
AcDbLine
 10
145.7732230000000015
 20
-81.3017770000000013
 30
0
 11
145.7190300000000036
 21
-81.2206709999999958
 31
0
  0
LINE
  5
660
330
22
100
AcDbEntity
  8
F.Paste
  6
CONTINUOUS
100
AcDbLine
 10
145.7190300000000036
 20
-81.2206709999999958
 30
0
 11
145.6999999999999886
 21
-81.125
 31
0
  0
LINE
  5
661
330
22
100
AcDbEntity
  8
F.Paste
  6
CONTINUOUS
100
AcDbLine
 10
145.6999999999999886
 20
-81.125
 30
0
 11
145.6999999999999886
 21
-79.875
 31
0
  0
LINE
  5
662
330
22
100
AcDbEntity
  8
F.Paste
  6
CONTINUOUS
100
AcDbLine
 10
145.6999999999999886
 20
-79.875
 30
0
 11
145.7190300000000036
 21
-79.7793289999999899
 31
0
  0
LINE
  5
663
330
22
100
AcDbEntity
  8
F.Paste
  6
CONTINUOUS
100
AcDbLine
 10
145.7190300000000036
 20
-79.7793289999999899
 30
0
 11
145.7732230000000015
 21
-79.6982229999999987
 31
0
  0
LINE
  5
664
330
22
100
AcDbEntity
  8
F.Paste
  6
CONTINUOUS
100
AcDbLine
 10
145.7732230000000015
 20
-79.6982229999999987
 30
0
 11
145.854329000000007
 21
-79.6440300000000008
 31
0
  0
LINE
  5
665
330
22
100
AcDbEntity
  8
F.Paste
  6
CONTINUOUS
100
AcDbLine
 10
145.854329000000007
 20
-79.6440300000000008
 30
0
 11
145.9499999999999886
 21
-79.625
 31
0
  0
LINE
  5
666
330
22
100
AcDbEntity
  8
F.Paste
  6
CONTINUOUS
100
AcDbLine
 10
145.9499999999999886
 20
-79.625
 30
0
 11
146.75
 21
-79.625
 31
0
  0
LINE
  5
667
330
22
100
AcDbEntity
  8
F.Paste
  6
CONTINUOUS
100
AcDbLine
 10
146.75
 20
-79.625
 30
0
 11
146.8456709999999816
 21
-79.6440300000000008
 31
0
  0
LINE
  5
668
330
22
100
AcDbEntity
  8
F.Paste
  6
CONTINUOUS
100
AcDbLine
 10
149.9456710000000044
 20
-79.6440300000000008
 30
0
 11
150.0267769999999814
 21
-79.6982229999999987
 31
0
  0
LINE
  5
669
330
22
100
AcDbEntity
  8
F.Paste
  6
CONTINUOUS
100
AcDbLine
 10
150.0267769999999814
 20
-79.6982229999999987
 30
0
 11
150.0809699999999793
 21
-79.7793289999999899
 31
0
  0
LINE
  5
66A
330
22
100
AcDbEntity
  8
F.Paste
  6
CONTINUOUS
100
AcDbLine
 10
150.0809699999999793
 20
-79.7793289999999899
 30
0
 11
150.0999999999999943
 21
-79.875
 31
0
  0
LINE
  5
66B
330
22
100
AcDbEntity
  8
F.Paste
  6
CONTINUOUS
100
AcDbLine
 10
150.0999999999999943
 20
-79.875
 30
0
 11
150.0999999999999943
 21
-81.125
 31
0
  0
LINE
  5
66C
330
22
100
AcDbEntity
  8
F.Paste
  6
CONTINUOUS
100
AcDbLine
 10
150.0999999999999943
 20
-81.125
 30
0
 11
150.0809699999999793
 21
-81.2206709999999958
 31
0
  0
LINE
  5
66D
330
22
100
AcDbEntity
  8
F.Paste
  6
CONTINUOUS
100
AcDbLine
 10
150.0809699999999793
 20
-81.2206709999999958
 30
0
 11
150.0267769999999814
 21
-81.3017770000000013
 31
0
  0
LINE
  5
66E
330
22
100
AcDbEntity
  8
F.Paste
  6
CONTINUOUS
100
AcDbLine
 10
150.0267769999999814
 20
-81.3017770000000013
 30
0
 11
149.9456710000000044
 21
-81.3559699999999992
 31
0
  0
LINE
  5
66F
330
22
100
AcDbEntity
  8
F.Paste
  6
CONTINUOUS
100
AcDbLine
 10
149.9456710000000044
 20
-81.3559699999999992
 30
0
 11
149.8499999999999943
 21
-81.375
 31
0
  0
LINE
  5
670
330
22
100
AcDbEntity
  8
F.Paste
  6
CONTINUOUS
100
AcDbLine
 10
149.8499999999999943
 20
-81.375
 30
0
 11
149.0499999999999829
 21
-81.375
 31
0
  0
LINE
  5
671
330
22
100
AcDbEntity
  8
F.Paste
  6
CONTINUOUS
100
AcDbLine
 10
149.0499999999999829
 20
-81.375
 30
0
 11
148.9543290000000013
 21
-81.3559699999999992
 31
0
  0
LINE
  5
672
330
22
100
AcDbEntity
  8
F.Paste
  6
CONTINUOUS
100
AcDbLine
 10
148.9543290000000013
 20
-81.3559699999999992
 30
0
 11
148.8732229999999959
 21
-81.3017770000000013
 31
0
  0
LINE
  5
673
330
22
100
AcDbEntity
  8
F.Paste
  6
CONTINUOUS
100
AcDbLine
 10
148.8732229999999959
 20
-81.3017770000000013
 30
0
 11
148.8190299999999979
 21
-81.2206709999999958
 31
0
  0
LINE
  5
674
330
22
100
AcDbEntity
  8
F.Paste
  6
CONTINUOUS
100
AcDbLine
 10
148.8190299999999979
 20
-81.2206709999999958
 30
0
 11
148.7999999999999829
 21
-81.125
 31
0
  0
LINE
  5
675
330
22
100
AcDbEntity
  8
F.Paste
  6
CONTINUOUS
100
AcDbLine
 10
148.7999999999999829
 20
-81.125
 30
0
 11
148.7999999999999829
 21
-79.875
 31
0
  0
LINE
  5
676
330
22
100
AcDbEntity
  8
F.Paste
  6
CONTINUOUS
100
AcDbLine
 10
148.7999999999999829
 20
-79.875
 30
0
 11
148.8190299999999979
 21
-79.7793289999999899
 31
0
  0
LINE
  5
677
330
22
100
AcDbEntity
  8
F.Paste
  6
CONTINUOUS
100
AcDbLine
 10
148.8190299999999979
 20
-79.7793289999999899
 30
0
 11
148.8732229999999959
 21
-79.6982229999999987
 31
0
  0
LINE
  5
678
330
22
100
AcDbEntity
  8
F.Paste
  6
CONTINUOUS
100
AcDbLine
 10
148.8732229999999959
 20
-79.6982229999999987
 30
0
 11
148.9543290000000013
 21
-79.6440300000000008
 31
0
  0
LINE
  5
679
330
22
100
AcDbEntity
  8
F.Paste
  6
CONTINUOUS
100
AcDbLine
 10
148.9543290000000013
 20
-79.6440300000000008
 30
0
 11
149.0499999999999829
 21
-79.625
 31
0
  0
LINE
  5
67A
330
22
100
AcDbEntity
  8
F.Paste
  6
CONTINUOUS
100
AcDbLine
 10
149.0499999999999829
 20
-79.625
 30
0
 11
149.8499999999999943
 21
-79.625
 31
0
  0
LINE
  5
67B
330
22
100
AcDbEntity
  8
F.Paste
  6
CONTINUOUS
100
AcDbLine
 10
149.8499999999999943
 20
-79.625
 30
0
 11
149.9456710000000044
 21
-79.6440300000000008
 31
0
  0
LINE
  5
67C
330
22
100
AcDbEntity
  8
F.Paste
  6
CONTINUOUS
100
AcDbLine
 10
152.657402999999988
 20
-79.7114179999999948
 30
0
 11
152.7060659999999928
 21
-79.7439339999999959
 31
0
  0
LINE
  5
67D
330
22
100
AcDbEntity
  8
F.Paste
  6
CONTINUOUS
100
AcDbLine
 10
152.7060659999999928
 20
-79.7439339999999959
 30
0
 11
152.7385819999999796
 21
-79.7925970000000007
 31
0
  0
LINE
  5
67E
330
22
100
AcDbEntity
  8
F.Paste
  6
CONTINUOUS
100
AcDbLine
 10
152.7385819999999796
 20
-79.7925970000000007
 30
0
 11
152.75
 21
-79.8499999999999943
 31
0
  0
LINE
  5
67F
330
22
100
AcDbEntity
  8
F.Paste
  6
CONTINUOUS
100
AcDbLine
 10
152.75
 20
-79.8499999999999943
 30
0
 11
152.75
 21
-81.0249999999999915
 31
0
  0
LINE
  5
680
330
22
100
AcDbEntity
  8
F.Paste
  6
CONTINUOUS
100
AcDbLine
 10
152.75
 20
-81.0249999999999915
 30
0
 11
152.7385819999999796
 21
-81.0824029999999993
 31
0
  0
LINE
  5
681
330
22
100
AcDbEntity
  8
F.Paste
  6
CONTINUOUS
100
AcDbLine
 10
152.7385819999999796
 20
-81.0824029999999993
 30
0
 11
152.7060659999999928
 21
-81.1310659999999899
 31
0
  0
LINE
  5
682
330
22
100
AcDbEntity
  8
F.Paste
  6
CONTINUOUS
100
AcDbLine
 10
152.7060659999999928
 20
-81.1310659999999899
 30
0
 11
152.657402999999988
 21
-81.163581999999991
 31
0
  0
LINE
  5
683
330
22
100
AcDbEntity
  8
F.Paste
  6
CONTINUOUS
100
AcDbLine
 10
152.657402999999988
 20
-81.163581999999991
 30
0
 11
152.5999999999999943
 21
-81.1749999999999972
 31
0
  0
LINE
  5
684
330
22
100
AcDbEntity
  8
F.Paste
  6
CONTINUOUS
100
AcDbLine
 10
152.5999999999999943
 20
-81.1749999999999972
 30
0
 11
152.2999999999999829
 21
-81.1749999999999972
 31
0
  0
LINE
  5
685
330
22
100
AcDbEntity
  8
F.Paste
  6
CONTINUOUS
100
AcDbLine
 10
152.2999999999999829
 20
-81.1749999999999972
 30
0
 11
152.2425969999999893
 21
-81.163581999999991
 31
0
  0
LINE
  5
686
330
22
100
AcDbEntity
  8
F.Paste
  6
CONTINUOUS
100
AcDbLine
 10
152.2425969999999893
 20
-81.163581999999991
 30
0
 11
152.1939339999999845
 21
-81.1310659999999899
 31
0
  0
LINE
  5
687
330
22
100
AcDbEntity
  8
F.Paste
  6
CONTINUOUS
100
AcDbLine
 10
152.1939339999999845
 20
-81.1310659999999899
 30
0
 11
152.1614179999999976
 21
-81.0824029999999993
 31
0
  0
LINE
  5
688
330
22
100
AcDbEntity
  8
F.Paste
  6
CONTINUOUS
100
AcDbLine
 10
152.1614179999999976
 20
-81.0824029999999993
 30
0
 11
152.1500000000000057
 21
-81.0249999999999915
 31
0
  0
LINE
  5
689
330
22
100
AcDbEntity
  8
F.Paste
  6
CONTINUOUS
100
AcDbLine
 10
152.1500000000000057
 20
-81.0249999999999915
 30
0
 11
152.1500000000000057
 21
-79.8499999999999943
 31
0
  0
LINE
  5
68A
330
22
100
AcDbEntity
  8
F.Paste
  6
CONTINUOUS
100
AcDbLine
 10
152.1500000000000057
 20
-79.8499999999999943
 30
0
 11
152.1614179999999976
 21
-79.7925970000000007
 31
0
  0
LINE
  5
68B
330
22
100
AcDbEntity
  8
F.Paste
  6
CONTINUOUS
100
AcDbLine
 10
152.1614179999999976
 20
-79.7925970000000007
 30
0
 11
152.1939339999999845
 21
-79.7439339999999959
 31
0
  0
LINE
  5
68C
330
22
100
AcDbEntity
  8
F.Paste
  6
CONTINUOUS
100
AcDbLine
 10
152.1939339999999845
 20
-79.7439339999999959
 30
0
 11
152.2425969999999893
 21
-79.7114179999999948
 31
0
  0
LINE
  5
68D
330
22
100
AcDbEntity
  8
F.Paste
  6
CONTINUOUS
100
AcDbLine
 10
152.2425969999999893
 20
-79.7114179999999948
 30
0
 11
152.2999999999999829
 21
-79.7000000000000028
 31
0
  0
LINE
  5
68E
330
22
100
AcDbEntity
  8
F.Paste
  6
CONTINUOUS
100
AcDbLine
 10
152.2999999999999829
 20
-79.7000000000000028
 30
0
 11
152.5999999999999943
 21
-79.7000000000000028
 31
0
  0
LINE
  5
68F
330
22
100
AcDbEntity
  8
F.Paste
  6
CONTINUOUS
100
AcDbLine
 10
152.5999999999999943
 20
-79.7000000000000028
 30
0
 11
152.657402999999988
 21
-79.7114179999999948
 31
0
  0
LINE
  5
690
330
22
100
AcDbEntity
  8
F.Paste
  6
CONTINUOUS
100
AcDbLine
 10
154.5574029999999937
 20
-79.7114179999999948
 30
0
 11
154.6060659999999984
 21
-79.7439339999999959
 31
0
  0
LINE
  5
691
330
22
100
AcDbEntity
  8
F.Paste
  6
CONTINUOUS
100
AcDbLine
 10
154.6060659999999984
 20
-79.7439339999999959
 30
0
 11
154.6385819999999853
 21
-79.7925970000000007
 31
0
  0
LINE
  5
692
330
22
100
AcDbEntity
  8
F.Paste
  6
CONTINUOUS
100
AcDbLine
 10
154.6385819999999853
 20
-79.7925970000000007
 30
0
 11
154.6500000000000057
 21
-79.8499999999999943
 31
0
  0
LINE
  5
693
330
22
100
AcDbEntity
  8
F.Paste
  6
CONTINUOUS
100
AcDbLine
 10
154.6500000000000057
 20
-79.8499999999999943
 30
0
 11
154.6500000000000057
 21
-81.0249999999999915
 31
0
  0
LINE
  5
694
330
22
100
AcDbEntity
  8
F.Paste
  6
CONTINUOUS
100
AcDbLine
 10
154.6500000000000057
 20
-81.0249999999999915
 30
0
 11
154.6385819999999853
 21
-81.0824029999999993
 31
0
  0
LINE
  5
695
330
22
100
AcDbEntity
  8
F.Paste
  6
CONTINUOUS
100
AcDbLine
 10
154.6385819999999853
 20
-81.0824029999999993
 30
0
 11
154.6060659999999984
 21
-81.1310659999999899
 31
0
  0
LINE
  5
696
330
22
100
AcDbEntity
  8
F.Paste
  6
CONTINUOUS
100
AcDbLine
 10
154.6060659999999984
 20
-81.1310659999999899
 30
0
 11
154.5574029999999937
 21
-81.163581999999991
 31
0
  0
LINE
  5
697
330
22
100
AcDbEntity
  8
F.Paste
  6
CONTINUOUS
100
AcDbLine
 10
154.5574029999999937
 20
-81.163581999999991
 30
0
 11
154.5
 21
-81.1749999999999972
 31
0
  0
LINE
  5
698
330
22
100
AcDbEntity
  8
F.Paste
  6
CONTINUOUS
100
AcDbLine
 10
154.5
 20
-81.1749999999999972
 30
0
 11
154.1999999999999886
 21
-81.1749999999999972
 31
0
  0
LINE
  5
699
330
22
100
AcDbEntity
  8
F.Paste
  6
CONTINUOUS
100
AcDbLine
 10
154.1999999999999886
 20
-81.1749999999999972
 30
0
 11
154.142596999999995
 21
-81.163581999999991
 31
0
  0
LINE
  5
69A
330
22
100
AcDbEntity
  8
F.Paste
  6
CONTINUOUS
100
AcDbLine
 10
154.142596999999995
 20
-81.163581999999991
 30
0
 11
154.0939339999999902
 21
-81.1310659999999899
 31
0
  0
LINE
  5
69B
330
22
100
AcDbEntity
  8
F.Paste
  6
CONTINUOUS
100
AcDbLine
 10
154.0939339999999902
 20
-81.1310659999999899
 30
0
 11
154.0614180000000033
 21
-81.0824029999999993
 31
0
  0
LINE
  5
69C
330
22
100
AcDbEntity
  8
F.Paste
  6
CONTINUOUS
100
AcDbLine
 10
154.0614180000000033
 20
-81.0824029999999993
 30
0
 11
154.0499999999999829
 21
-81.0249999999999915
 31
0
  0
LINE
  5
69D
330
22
100
AcDbEntity
  8
F.Paste
  6
CONTINUOUS
100
AcDbLine
 10
154.0499999999999829
 20
-81.0249999999999915
 30
0
 11
154.0499999999999829
 21
-79.8499999999999943
 31
0
  0
LINE
  5
69E
330
22
100
AcDbEntity
  8
F.Paste
  6
CONTINUOUS
100
AcDbLine
 10
154.0499999999999829
 20
-79.8499999999999943
 30
0
 11
154.0614180000000033
 21
-79.7925970000000007
 31
0
  0
LINE
  5
69F
330
22
100
AcDbEntity
  8
F.Paste
  6
CONTINUOUS
100
AcDbLine
 10
154.0614180000000033
 20
-79.7925970000000007
 30
0
 11
154.0939339999999902
 21
-79.7439339999999959
 31
0
  0
LINE
  5
6A0
330
22
100
AcDbEntity
  8
F.Paste
  6
CONTINUOUS
100
AcDbLine
 10
154.0939339999999902
 20
-79.7439339999999959
 30
0
 11
154.142596999999995
 21
-79.7114179999999948
 31
0
  0
LINE
  5
6A1
330
22
100
AcDbEntity
  8
F.Paste
  6
CONTINUOUS
100
AcDbLine
 10
154.142596999999995
 20
-79.7114179999999948
 30
0
 11
154.1999999999999886
 21
-79.7000000000000028
 31
0
  0
LINE
  5
6A2
330
22
100
AcDbEntity
  8
F.Paste
  6
CONTINUOUS
100
AcDbLine
 10
154.1999999999999886
 20
-79.7000000000000028
 30
0
 11
154.5
 21
-79.7000000000000028
 31
0
  0
LINE
  5
6A3
330
22
100
AcDbEntity
  8
F.Paste
  6
CONTINUOUS
100
AcDbLine
 10
154.5
 20
-79.7000000000000028
 30
0
 11
154.5574029999999937
 21
-79.7114179999999948
 31
0
  0
LINE
  5
6A4
330
22
100
AcDbEntity
  8
F.Paste
  6
CONTINUOUS
100
AcDbLine
 10
157.5956709999999816
 20
-79.6190299999999951
 30
0
 11
157.6767769999999871
 21
-79.673222999999993
 31
0
  0
LINE
  5
6A5
330
22
100
AcDbEntity
  8
F.Paste
  6
CONTINUOUS
100
AcDbLine
 10
157.6767769999999871
 20
-79.673222999999993
 30
0
 11
157.730969999999985
 21
-79.7543289999999985
 31
0
  0
LINE
  5
6A6
330
22
100
AcDbEntity
  8
F.Paste
  6
CONTINUOUS
100
AcDbLine
 10
157.730969999999985
 20
-79.7543289999999985
 30
0
 11
157.75
 21
-79.8499999999999943
 31
0
  0
LINE
  5
6A7
330
22
100
AcDbEntity
  8
F.Paste
  6
CONTINUOUS
100
AcDbLine
 10
157.75
 20
-79.8499999999999943
 30
0
 11
157.75
 21
-80.6499999999999915
 31
0
  0
LINE
  5
6A8
330
22
100
AcDbEntity
  8
F.Paste
  6
CONTINUOUS
100
AcDbLine
 10
157.75
 20
-80.6499999999999915
 30
0
 11
157.730969999999985
 21
-80.7456710000000015
 31
0
  0
LINE
  5
6A9
330
22
100
AcDbEntity
  8
F.Paste
  6
CONTINUOUS
100
AcDbLine
 10
157.730969999999985
 20
-80.7456710000000015
 30
0
 11
157.6767769999999871
 21
-80.8267769999999928
 31
0
  0
LINE
  5
6AA
330
22
100
AcDbEntity
  8
F.Paste
  6
CONTINUOUS
100
AcDbLine
 10
157.6767769999999871
 20
-80.8267769999999928
 30
0
 11
157.5956709999999816
 21
-80.8809699999999907
 31
0
  0
LINE
  5
6AB
330
22
100
AcDbEntity
  8
F.Paste
  6
CONTINUOUS
100
AcDbLine
 10
157.5956709999999816
 20
-80.8809699999999907
 30
0
 11
157.5
 21
-80.8999999999999915
 31
0
  0
LINE
  5
6AC
330
22
100
AcDbEntity
  8
F.Paste
  6
CONTINUOUS
100
AcDbLine
 10
157.5
 20
-80.8999999999999915
 30
0
 11
156.2999999999999829
 21
-80.8999999999999915
 31
0
  0
LINE
  5
6AD
330
22
100
AcDbEntity
  8
F.Paste
  6
CONTINUOUS
100
AcDbLine
 10
156.2999999999999829
 20
-80.8999999999999915
 30
0
 11
156.2043290000000013
 21
-80.8809699999999907
 31
0
  0
LINE
  5
6AE
330
22
100
AcDbEntity
  8
F.Paste
  6
CONTINUOUS
100
AcDbLine
 10
156.2043290000000013
 20
-80.8809699999999907
 30
0
 11
156.1232229999999959
 21
-80.8267769999999928
 31
0
  0
LINE
  5
6AF
330
22
100
AcDbEntity
  8
F.Paste
  6
CONTINUOUS
100
AcDbLine
 10
156.1232229999999959
 20
-80.8267769999999928
 30
0
 11
156.0690299999999979
 21
-80.7456710000000015
 31
0
  0
LINE
  5
6B0
330
22
100
AcDbEntity
  8
F.Paste
  6
CONTINUOUS
100
AcDbLine
 10
156.0690299999999979
 20
-80.7456710000000015
 30
0
 11
156.0499999999999829
 21
-80.6499999999999915
 31
0
  0
LINE
  5
6B1
330
22
100
AcDbEntity
  8
F.Paste
  6
CONTINUOUS
100
AcDbLine
 10
156.0499999999999829
 20
-80.6499999999999915
 30
0
 11
156.0499999999999829
 21
-79.8499999999999943
 31
0
  0
LINE
  5
6B2
330
22
100
AcDbEntity
  8
F.Paste
  6
CONTINUOUS
100
AcDbLine
 10
156.0499999999999829
 20
-79.8499999999999943
 30
0
 11
156.0690299999999979
 21
-79.7543289999999985
 31
0
  0
LINE
  5
6B3
330
22
100
AcDbEntity
  8
F.Paste
  6
CONTINUOUS
100
AcDbLine
 10
156.0690299999999979
 20
-79.7543289999999985
 30
0
 11
156.1232229999999959
 21
-79.673222999999993
 31
0
  0
LINE
  5
6B4
330
22
100
AcDbEntity
  8
F.Paste
  6
CONTINUOUS
100
AcDbLine
 10
156.1232229999999959
 20
-79.673222999999993
 30
0
 11
156.2043290000000013
 21
-79.6190299999999951
 31
0
  0
LINE
  5
6B5
330
22
100
AcDbEntity
  8
F.Paste
  6
CONTINUOUS
100
AcDbLine
 10
156.2043290000000013
 20
-79.6190299999999951
 30
0
 11
156.2999999999999829
 21
-79.5999999999999943
 31
0
  0
LINE
  5
6B6
330
22
100
AcDbEntity
  8
F.Paste
  6
CONTINUOUS
100
AcDbLine
 10
156.2999999999999829
 20
-79.5999999999999943
 30
0
 11
157.5
 21
-79.5999999999999943
 31
0
  0
LINE
  5
6B7
330
22
100
AcDbEntity
  8
F.Paste
  6
CONTINUOUS
100
AcDbLine
 10
157.5
 20
-79.5999999999999943
 30
0
 11
157.5956709999999816
 21
-79.6190299999999951
 31
0
  0
LINE
  5
6B8
330
22
100
AcDbEntity
  8
F.Paste
  6
CONTINUOUS
100
AcDbLine
 10
131.8456709999999816
 20
-78.6440300000000008
 30
0
 11
131.9267769999999871
 21
-78.6982229999999987
 31
0
  0
LINE
  5
6B9
330
22
100
AcDbEntity
  8
F.Paste
  6
CONTINUOUS
100
AcDbLine
 10
131.9267769999999871
 20
-78.6982229999999987
 30
0
 11
131.980969999999985
 21
-78.7793289999999899
 31
0
  0
LINE
  5
6BA
330
22
100
AcDbEntity
  8
F.Paste
  6
CONTINUOUS
100
AcDbLine
 10
131.980969999999985
 20
-78.7793289999999899
 30
0
 11
132.
 21
-78.875
 31
0
  0
LINE
  5
6BB
330
22
100
AcDbEntity
  8
F.Paste
  6
CONTINUOUS
100
AcDbLine
 10
132.
 20
-78.875
 30
0
 11
132.
 21
-80.125
 31
0
  0
LINE
  5
6BC
330
22
100
AcDbEntity
  8
F.Paste
  6
CONTINUOUS
100
AcDbLine
 10
132.
 20
-80.125
 30
0
 11
131.980969999999985
 21
-80.2206709999999958
 31
0
  0
LINE
  5
6BD
330
22
100
AcDbEntity
  8
F.Paste
  6
CONTINUOUS
100
AcDbLine
 10
131.980969999999985
 20
-80.2206709999999958
 30
0
 11
131.9267769999999871
 21
-80.3017770000000013
 31
0
  0
LINE
  5
6BE
330
22
100
AcDbEntity
  8
F.Paste
  6
CONTINUOUS
100
AcDbLine
 10
131.9267769999999871
 20
-80.3017770000000013
 30
0
 11
131.8456709999999816
 21
-80.3559699999999992
 31
0
  0
LINE
  5
6BF
330
22
100
AcDbEntity
  8
F.Paste
  6
CONTINUOUS
100
AcDbLine
 10
131.8456709999999816
 20
-80.3559699999999992
 30
0
 11
131.75
 21
-80.375
 31
0
  0
LINE
  5
6C0
330
22
100
AcDbEntity
  8
F.Paste
  6
CONTINUOUS
100
AcDbLine
 10
131.75
 20
-80.375
 30
0
 11
130.9499999999999886
 21
-80.375
 31
0
  0
LINE
  5
6C1
330
22
100
AcDbEntity
  8
F.Paste
  6
CONTINUOUS
100
AcDbLine
 10
130.9499999999999886
 20
-80.375
 30
0
 11
130.854329000000007
 21
-80.3559699999999992
 31
0
  0
LINE
  5
6C2
330
22
100
AcDbEntity
  8
F.Paste
  6
CONTINUOUS
100
AcDbLine
 10
130.854329000000007
 20
-80.3559699999999992
 30
0
 11
130.7732230000000015
 21
-80.3017770000000013
 31
0
  0
LINE
  5
6C3
330
22
100
AcDbEntity
  8
F.Paste
  6
CONTINUOUS
100
AcDbLine
 10
130.7732230000000015
 20
-80.3017770000000013
 30
0
 11
130.7190300000000036
 21
-80.2206709999999958
 31
0
  0
LINE
  5
6C4
330
22
100
AcDbEntity
  8
F.Paste
  6
CONTINUOUS
100
AcDbLine
 10
130.7190300000000036
 20
-80.2206709999999958
 30
0
 11
130.6999999999999886
 21
-80.125
 31
0
  0
LINE
  5
6C5
330
22
100
AcDbEntity
  8
F.Paste
  6
CONTINUOUS
100
AcDbLine
 10
130.6999999999999886
 20
-80.125
 30
0
 11
130.6999999999999886
 21
-78.875
 31
0
  0
LINE
  5
6C6
330
22
100
AcDbEntity
  8
F.Paste
  6
CONTINUOUS
100
AcDbLine
 10
130.6999999999999886
 20
-78.875
 30
0
 11
130.7190300000000036
 21
-78.7793289999999899
 31
0
  0
LINE
  5
6C7
330
22
100
AcDbEntity
  8
F.Paste
  6
CONTINUOUS
100
AcDbLine
 10
130.7190300000000036
 20
-78.7793289999999899
 30
0
 11
130.7732230000000015
 21
-78.6982229999999987
 31
0
  0
LINE
  5
6C8
330
22
100
AcDbEntity
  8
F.Paste
  6
CONTINUOUS
100
AcDbLine
 10
130.7732230000000015
 20
-78.6982229999999987
 30
0
 11
130.854329000000007
 21
-78.6440300000000008
 31
0
  0
LINE
  5
6C9
330
22
100
AcDbEntity
  8
F.Paste
  6
CONTINUOUS
100
AcDbLine
 10
130.854329000000007
 20
-78.6440300000000008
 30
0
 11
130.9499999999999886
 21
-78.625
 31
0
  0
LINE
  5
6CA
330
22
100
AcDbEntity
  8
F.Paste
  6
CONTINUOUS
100
AcDbLine
 10
130.9499999999999886
 20
-78.625
 30
0
 11
131.75
 21
-78.625
 31
0
  0
LINE
  5
6CB
330
22
100
AcDbEntity
  8
F.Paste
  6
CONTINUOUS
100
AcDbLine
 10
131.75
 20
-78.625
 30
0
 11
131.8456709999999816
 21
-78.6440300000000008
 31
0
  0
LINE
  5
6CC
330
22
100
AcDbEntity
  8
F.Paste
  6
CONTINUOUS
100
AcDbLine
 10
134.9456710000000044
 20
-78.6440300000000008
 30
0
 11
135.0267769999999814
 21
-78.6982229999999987
 31
0
  0
LINE
  5
6CD
330
22
100
AcDbEntity
  8
F.Paste
  6
CONTINUOUS
100
AcDbLine
 10
135.0267769999999814
 20
-78.6982229999999987
 30
0
 11
135.0809700000000078
 21
-78.7793289999999899
 31
0
  0
LINE
  5
6CE
330
22
100
AcDbEntity
  8
F.Paste
  6
CONTINUOUS
100
AcDbLine
 10
135.0809700000000078
 20
-78.7793289999999899
 30
0
 11
135.0999999999999943
 21
-78.875
 31
0
  0
LINE
  5
6CF
330
22
100
AcDbEntity
  8
F.Paste
  6
CONTINUOUS
100
AcDbLine
 10
135.0999999999999943
 20
-78.875
 30
0
 11
135.0999999999999943
 21
-80.125
 31
0
  0
LINE
  5
6D0
330
22
100
AcDbEntity
  8
F.Paste
  6
CONTINUOUS
100
AcDbLine
 10
135.0999999999999943
 20
-80.125
 30
0
 11
135.0809700000000078
 21
-80.2206709999999958
 31
0
  0
LINE
  5
6D1
330
22
100
AcDbEntity
  8
F.Paste
  6
CONTINUOUS
100
AcDbLine
 10
135.0809700000000078
 20
-80.2206709999999958
 30
0
 11
135.0267769999999814
 21
-80.3017770000000013
 31
0
  0
LINE
  5
6D2
330
22
100
AcDbEntity
  8
F.Paste
  6
CONTINUOUS
100
AcDbLine
 10
135.0267769999999814
 20
-80.3017770000000013
 30
0
 11
134.9456710000000044
 21
-80.3559699999999992
 31
0
  0
LINE
  5
6D3
330
22
100
AcDbEntity
  8
F.Paste
  6
CONTINUOUS
100
AcDbLine
 10
134.9456710000000044
 20
-80.3559699999999992
 30
0
 11
134.8499999999999943
 21
-80.375
 31
0
  0
LINE
  5
6D4
330
22
100
AcDbEntity
  8
F.Paste
  6
CONTINUOUS
100
AcDbLine
 10
134.8499999999999943
 20
-80.375
 30
0
 11
134.0499999999999829
 21
-80.375
 31
0
  0
LINE
  5
6D5
330
22
100
AcDbEntity
  8
F.Paste
  6
CONTINUOUS
100
AcDbLine
 10
134.0499999999999829
 20
-80.375
 30
0
 11
133.9543290000000013
 21
-80.3559699999999992
 31
0
  0
LINE
  5
6D6
330
22
100
AcDbEntity
  8
F.Paste
  6
CONTINUOUS
100
AcDbLine
 10
133.9543290000000013
 20
-80.3559699999999992
 30
0
 11
133.8732229999999959
 21
-80.3017770000000013
 31
0
  0
LINE
  5
6D7
330
22
100
AcDbEntity
  8
F.Paste
  6
CONTINUOUS
100
AcDbLine
 10
133.8732229999999959
 20
-80.3017770000000013
 30
0
 11
133.8190299999999979
 21
-80.2206709999999958
 31
0
  0
LINE
  5
6D8
330
22
100
AcDbEntity
  8
F.Paste
  6
CONTINUOUS
100
AcDbLine
 10
133.8190299999999979
 20
-80.2206709999999958
 30
0
 11
133.7999999999999829
 21
-80.125
 31
0
  0
LINE
  5
6D9
330
22
100
AcDbEntity
  8
F.Paste
  6
CONTINUOUS
100
AcDbLine
 10
133.7999999999999829
 20
-80.125
 30
0
 11
133.7999999999999829
 21
-78.875
 31
0
  0
LINE
  5
6DA
330
22
100
AcDbEntity
  8
F.Paste
  6
CONTINUOUS
100
AcDbLine
 10
133.7999999999999829
 20
-78.875
 30
0
 11
133.8190299999999979
 21
-78.7793289999999899
 31
0
  0
LINE
  5
6DB
330
22
100
AcDbEntity
  8
F.Paste
  6
CONTINUOUS
100
AcDbLine
 10
133.8190299999999979
 20
-78.7793289999999899
 30
0
 11
133.8732229999999959
 21
-78.6982229999999987
 31
0
  0
LINE
  5
6DC
330
22
100
AcDbEntity
  8
F.Paste
  6
CONTINUOUS
100
AcDbLine
 10
133.8732229999999959
 20
-78.6982229999999987
 30
0
 11
133.9543290000000013
 21
-78.6440300000000008
 31
0
  0
LINE
  5
6DD
330
22
100
AcDbEntity
  8
F.Paste
  6
CONTINUOUS
100
AcDbLine
 10
133.9543290000000013
 20
-78.6440300000000008
 30
0
 11
134.0499999999999829
 21
-78.625
 31
0
  0
LINE
  5
6DE
330
22
100
AcDbEntity
  8
F.Paste
  6
CONTINUOUS
100
AcDbLine
 10
134.0499999999999829
 20
-78.625
 30
0
 11
134.8499999999999943
 21
-78.625
 31
0
  0
LINE
  5
6DF
330
22
100
AcDbEntity
  8
F.Paste
  6
CONTINUOUS
100
AcDbLine
 10
134.8499999999999943
 20
-78.625
 30
0
 11
134.9456710000000044
 21
-78.6440300000000008
 31
0
  0
LINE
  5
6E0
330
22
100
AcDbEntity
  8
F.Paste
  6
CONTINUOUS
100
AcDbLine
 10
137.4706709999999816
 20
-78.8940300000000008
 30
0
 11
137.5517769999999871
 21
-78.9482229999999987
 31
0
  0
LINE
  5
6E1
330
22
100
AcDbEntity
  8
F.Paste
  6
CONTINUOUS
100
AcDbLine
 10
137.5517769999999871
 20
-78.9482229999999987
 30
0
 11
137.605969999999985
 21
-79.0293289999999899
 31
0
  0
LINE
  5
6E2
330
22
100
AcDbEntity
  8
F.Paste
  6
CONTINUOUS
100
AcDbLine
 10
137.605969999999985
 20
-79.0293289999999899
 30
0
 11
137.625
 21
-79.125
 31
0
  0
LINE
  5
6E3
330
22
100
AcDbEntity
  8
F.Paste
  6
CONTINUOUS
100
AcDbLine
 10
137.625
 20
-79.125
 30
0
 11
137.625
 21
-79.7999999999999972
 31
0
  0
LINE
  5
6E4
330
22
100
AcDbEntity
  8
F.Paste
  6
CONTINUOUS
100
AcDbLine
 10
137.625
 20
-79.7999999999999972
 30
0
 11
137.605969999999985
 21
-79.895670999999993
 31
0
  0
LINE
  5
6E5
330
22
100
AcDbEntity
  8
F.Paste
  6
CONTINUOUS
100
AcDbLine
 10
137.605969999999985
 20
-79.895670999999993
 30
0
 11
137.5517769999999871
 21
-79.9767769999999985
 31
0
  0
LINE
  5
6E6
330
22
100
AcDbEntity
  8
F.Paste
  6
CONTINUOUS
100
AcDbLine
 10
137.5517769999999871
 20
-79.9767769999999985
 30
0
 11
137.4706709999999816
 21
-80.0309699999999964
 31
0
  0
LINE
  5
6E7
330
22
100
AcDbEntity
  8
F.Paste
  6
CONTINUOUS
100
AcDbLine
 10
137.4706709999999816
 20
-80.0309699999999964
 30
0
 11
137.375
 21
-80.0499999999999972
 31
0
  0
LINE
  5
6E8
330
22
100
AcDbEntity
  8
F.Paste
  6
CONTINUOUS
100
AcDbLine
 10
137.375
 20
-80.0499999999999972
 30
0
 11
136.4249999999999829
 21
-80.0499999999999972
 31
0
  0
LINE
  5
6E9
330
22
100
AcDbEntity
  8
F.Paste
  6
CONTINUOUS
100
AcDbLine
 10
136.4249999999999829
 20
-80.0499999999999972
 30
0
 11
136.3293290000000013
 21
-80.0309699999999964
 31
0
  0
LINE
  5
6EA
330
22
100
AcDbEntity
  8
F.Paste
  6
CONTINUOUS
100
AcDbLine
 10
136.3293290000000013
 20
-80.0309699999999964
 30
0
 11
136.2482229999999959
 21
-79.9767769999999985
 31
0
  0
LINE
  5
6EB
330
22
100
AcDbEntity
  8
F.Paste
  6
CONTINUOUS
100
AcDbLine
 10
136.2482229999999959
 20
-79.9767769999999985
 30
0
 11
136.1940299999999979
 21
-79.895670999999993
 31
0
  0
LINE
  5
6EC
330
22
100
AcDbEntity
  8
F.Paste
  6
CONTINUOUS
100
AcDbLine
 10
136.1940299999999979
 20
-79.895670999999993
 30
0
 11
136.1749999999999829
 21
-79.7999999999999972
 31
0
  0
LINE
  5
6ED
330
22
100
AcDbEntity
  8
F.Paste
  6
CONTINUOUS
100
AcDbLine
 10
136.1749999999999829
 20
-79.7999999999999972
 30
0
 11
136.1749999999999829
 21
-79.125
 31
0
  0
LINE
  5
6EE
330
22
100
AcDbEntity
  8
F.Paste
  6
CONTINUOUS
100
AcDbLine
 10
136.1749999999999829
 20
-79.125
 30
0
 11
136.1940299999999979
 21
-79.0293289999999899
 31
0
  0
LINE
  5
6EF
330
22
100
AcDbEntity
  8
F.Paste
  6
CONTINUOUS
100
AcDbLine
 10
136.1940299999999979
 20
-79.0293289999999899
 30
0
 11
136.2482229999999959
 21
-78.9482229999999987
 31
0
  0
LINE
  5
6F0
330
22
100
AcDbEntity
  8
F.Paste
  6
CONTINUOUS
100
AcDbLine
 10
136.2482229999999959
 20
-78.9482229999999987
 30
0
 11
136.3293290000000013
 21
-78.8940300000000008
 31
0
  0
LINE
  5
6F1
330
22
100
AcDbEntity
  8
F.Paste
  6
CONTINUOUS
100
AcDbLine
 10
136.3293290000000013
 20
-78.8940300000000008
 30
0
 11
136.4249999999999829
 21
-78.875
 31
0
  0
LINE
  5
6F2
330
22
100
AcDbEntity
  8
F.Paste
  6
CONTINUOUS
100
AcDbLine
 10
136.4249999999999829
 20
-78.875
 30
0
 11
137.375
 21
-78.875
 31
0
  0
LINE
  5
6F3
330
22
100
AcDbEntity
  8
F.Paste
  6
CONTINUOUS
100
AcDbLine
 10
137.375
 20
-78.875
 30
0
 11
137.4706709999999816
 21
-78.8940300000000008
 31
0
  0
LINE
  5
6F4
330
22
100
AcDbEntity
  8
F.Paste
  6
CONTINUOUS
100
AcDbLine
 10
139.4706709999999816
 20
-78.8940300000000008
 30
0
 11
139.5517769999999871
 21
-78.9482229999999987
 31
0
  0
LINE
  5
6F5
330
22
100
AcDbEntity
  8
F.Paste
  6
CONTINUOUS
100
AcDbLine
 10
139.5517769999999871
 20
-78.9482229999999987
 30
0
 11
139.605969999999985
 21
-79.0293289999999899
 31
0
  0
LINE
  5
6F6
330
22
100
AcDbEntity
  8
F.Paste
  6
CONTINUOUS
100
AcDbLine
 10
139.605969999999985
 20
-79.0293289999999899
 30
0
 11
139.625
 21
-79.125
 31
0
  0
LINE
  5
6F7
330
22
100
AcDbEntity
  8
F.Paste
  6
CONTINUOUS
100
AcDbLine
 10
139.625
 20
-79.125
 30
0
 11
139.625
 21
-79.7999999999999972
 31
0
  0
LINE
  5
6F8
330
22
100
AcDbEntity
  8
F.Paste
  6
CONTINUOUS
100
AcDbLine
 10
139.625
 20
-79.7999999999999972
 30
0
 11
139.605969999999985
 21
-79.895670999999993
 31
0
  0
LINE
  5
6F9
330
22
100
AcDbEntity
  8
F.Paste
  6
CONTINUOUS
100
AcDbLine
 10
139.605969999999985
 20
-79.895670999999993
 30
0
 11
139.5517769999999871
 21
-79.9767769999999985
 31
0
  0
LINE
  5
6FA
330
22
100
AcDbEntity
  8
F.Paste
  6
CONTINUOUS
100
AcDbLine
 10
139.5517769999999871
 20
-79.9767769999999985
 30
0
 11
139.4706709999999816
 21
-80.0309699999999964
 31
0
  0
LINE
  5
6FB
330
22
100
AcDbEntity
  8
F.Paste
  6
CONTINUOUS
100
AcDbLine
 10
139.4706709999999816
 20
-80.0309699999999964
 30
0
 11
139.375
 21
-80.0499999999999972
 31
0
  0
LINE
  5
6FC
330
22
100
AcDbEntity
  8
F.Paste
  6
CONTINUOUS
100
AcDbLine
 10
139.375
 20
-80.0499999999999972
 30
0
 11
138.4249999999999829
 21
-80.0499999999999972
 31
0
  0
LINE
  5
6FD
330
22
100
AcDbEntity
  8
F.Paste
  6
CONTINUOUS
100
AcDbLine
 10
138.4249999999999829
 20
-80.0499999999999972
 30
0
 11
138.3293290000000013
 21
-80.0309699999999964
 31
0
  0
LINE
  5
6FE
330
22
100
AcDbEntity
  8
F.Paste
  6
CONTINUOUS
100
AcDbLine
 10
138.3293290000000013
 20
-80.0309699999999964
 30
0
 11
138.2482229999999959
 21
-79.9767769999999985
 31
0
  0
LINE
  5
6FF
330
22
100
AcDbEntity
  8
F.Paste
  6
CONTINUOUS
100
AcDbLine
 10
138.2482229999999959
 20
-79.9767769999999985
 30
0
 11
138.1940299999999979
 21
-79.895670999999993
 31
0
  0
LINE
  5
700
330
22
100
AcDbEntity
  8
F.Paste
  6
CONTINUOUS
100
AcDbLine
 10
138.1940299999999979
 20
-79.895670999999993
 30
0
 11
138.1749999999999829
 21
-79.7999999999999972
 31
0
  0
LINE
  5
701
330
22
100
AcDbEntity
  8
F.Paste
  6
CONTINUOUS
100
AcDbLine
 10
138.1749999999999829
 20
-79.7999999999999972
 30
0
 11
138.1749999999999829
 21
-79.125
 31
0
  0
LINE
  5
702
330
22
100
AcDbEntity
  8
F.Paste
  6
CONTINUOUS
100
AcDbLine
 10
138.1749999999999829
 20
-79.125
 30
0
 11
138.1940299999999979
 21
-79.0293289999999899
 31
0
  0
LINE
  5
703
330
22
100
AcDbEntity
  8
F.Paste
  6
CONTINUOUS
100
AcDbLine
 10
138.1940299999999979
 20
-79.0293289999999899
 30
0
 11
138.2482229999999959
 21
-78.9482229999999987
 31
0
  0
LINE
  5
704
330
22
100
AcDbEntity
  8
F.Paste
  6
CONTINUOUS
100
AcDbLine
 10
138.2482229999999959
 20
-78.9482229999999987
 30
0
 11
138.3293290000000013
 21
-78.8940300000000008
 31
0
  0
LINE
  5
705
330
22
100
AcDbEntity
  8
F.Paste
  6
CONTINUOUS
100
AcDbLine
 10
138.3293290000000013
 20
-78.8940300000000008
 30
0
 11
138.4249999999999829
 21
-78.875
 31
0
  0
LINE
  5
706
330
22
100
AcDbEntity
  8
F.Paste
  6
CONTINUOUS
100
AcDbLine
 10
138.4249999999999829
 20
-78.875
 30
0
 11
139.375
 21
-78.875
 31
0
  0
LINE
  5
707
330
22
100
AcDbEntity
  8
F.Paste
  6
CONTINUOUS
100
AcDbLine
 10
139.375
 20
-78.875
 30
0
 11
139.4706709999999816
 21
-78.8940300000000008
 31
0
  0
LINE
  5
708
330
22
100
AcDbEntity
  8
F.Paste
  6
CONTINUOUS
100
AcDbLine
 10
141.4706709999999816
 20
-78.8940300000000008
 30
0
 11
141.5517769999999871
 21
-78.9482229999999987
 31
0
  0
LINE
  5
709
330
22
100
AcDbEntity
  8
F.Paste
  6
CONTINUOUS
100
AcDbLine
 10
141.5517769999999871
 20
-78.9482229999999987
 30
0
 11
141.605969999999985
 21
-79.0293289999999899
 31
0
  0
LINE
  5
70A
330
22
100
AcDbEntity
  8
F.Paste
  6
CONTINUOUS
100
AcDbLine
 10
141.605969999999985
 20
-79.0293289999999899
 30
0
 11
141.625
 21
-79.125
 31
0
  0
LINE
  5
70B
330
22
100
AcDbEntity
  8
F.Paste
  6
CONTINUOUS
100
AcDbLine
 10
141.625
 20
-79.125
 30
0
 11
141.625
 21
-79.7999999999999972
 31
0
  0
LINE
  5
70C
330
22
100
AcDbEntity
  8
F.Paste
  6
CONTINUOUS
100
AcDbLine
 10
141.625
 20
-79.7999999999999972
 30
0
 11
141.605969999999985
 21
-79.895670999999993
 31
0
  0
LINE
  5
70D
330
22
100
AcDbEntity
  8
F.Paste
  6
CONTINUOUS
100
AcDbLine
 10
141.605969999999985
 20
-79.895670999999993
 30
0
 11
141.5517769999999871
 21
-79.9767769999999985
 31
0
  0
LINE
  5
70E
330
22
100
AcDbEntity
  8
F.Paste
  6
CONTINUOUS
100
AcDbLine
 10
141.5517769999999871
 20
-79.9767769999999985
 30
0
 11
141.4706709999999816
 21
-80.0309699999999964
 31
0
  0
LINE
  5
70F
330
22
100
AcDbEntity
  8
F.Paste
  6
CONTINUOUS
100
AcDbLine
 10
141.4706709999999816
 20
-80.0309699999999964
 30
0
 11
141.375
 21
-80.0499999999999972
 31
0
  0
LINE
  5
710
330
22
100
AcDbEntity
  8
F.Paste
  6
CONTINUOUS
100
AcDbLine
 10
141.375
 20
-80.0499999999999972
 30
0
 11
140.4249999999999829
 21
-80.0499999999999972
 31
0
  0
LINE
  5
711
330
22
100
AcDbEntity
  8
F.Paste
  6
CONTINUOUS
100
AcDbLine
 10
140.4249999999999829
 20
-80.0499999999999972
 30
0
 11
140.3293290000000013
 21
-80.0309699999999964
 31
0
  0
LINE
  5
712
330
22
100
AcDbEntity
  8
F.Paste
  6
CONTINUOUS
100
AcDbLine
 10
140.3293290000000013
 20
-80.0309699999999964
 30
0
 11
140.2482229999999959
 21
-79.9767769999999985
 31
0
  0
LINE
  5
713
330
22
100
AcDbEntity
  8
F.Paste
  6
CONTINUOUS
100
AcDbLine
 10
140.2482229999999959
 20
-79.9767769999999985
 30
0
 11
140.1940299999999979
 21
-79.895670999999993
 31
0
  0
LINE
  5
714
330
22
100
AcDbEntity
  8
F.Paste
  6
CONTINUOUS
100
AcDbLine
 10
140.1940299999999979
 20
-79.895670999999993
 30
0
 11
140.1749999999999829
 21
-79.7999999999999972
 31
0
  0
LINE
  5
715
330
22
100
AcDbEntity
  8
F.Paste
  6
CONTINUOUS
100
AcDbLine
 10
140.1749999999999829
 20
-79.7999999999999972
 30
0
 11
140.1749999999999829
 21
-79.125
 31
0
  0
LINE
  5
716
330
22
100
AcDbEntity
  8
F.Paste
  6
CONTINUOUS
100
AcDbLine
 10
140.1749999999999829
 20
-79.125
 30
0
 11
140.1940299999999979
 21
-79.0293289999999899
 31
0
  0
LINE
  5
717
330
22
100
AcDbEntity
  8
F.Paste
  6
CONTINUOUS
100
AcDbLine
 10
140.1940299999999979
 20
-79.0293289999999899
 30
0
 11
140.2482229999999959
 21
-78.9482229999999987
 31
0
  0
LINE
  5
718
330
22
100
AcDbEntity
  8
F.Paste
  6
CONTINUOUS
100
AcDbLine
 10
140.2482229999999959
 20
-78.9482229999999987
 30
0
 11
140.3293290000000013
 21
-78.8940300000000008
 31
0
  0
LINE
  5
719
330
22
100
AcDbEntity
  8
F.Paste
  6
CONTINUOUS
100
AcDbLine
 10
140.3293290000000013
 20
-78.8940300000000008
 30
0
 11
140.4249999999999829
 21
-78.875
 31
0
  0
LINE
  5
71A
330
22
100
AcDbEntity
  8
F.Paste
  6
CONTINUOUS
100
AcDbLine
 10
140.4249999999999829
 20
-78.875
 30
0
 11
141.375
 21
-78.875
 31
0
  0
LINE
  5
71B
330
22
100
AcDbEntity
  8
F.Paste
  6
CONTINUOUS
100
AcDbLine
 10
141.375
 20
-78.875
 30
0
 11
141.4706709999999816
 21
-78.8940300000000008
 31
0
  0
LINE
  5
71C
330
22
100
AcDbEntity
  8
F.Paste
  6
CONTINUOUS
100
AcDbLine
 10
153.607403000000005
 20
-77.8364179999999948
 30
0
 11
153.6560659999999814
 21
-77.8689339999999959
 31
0
  0
LINE
  5
71D
330
22
100
AcDbEntity
  8
F.Paste
  6
CONTINUOUS
100
AcDbLine
 10
153.6560659999999814
 20
-77.8689339999999959
 30
0
 11
153.6885819999999967
 21
-77.9175970000000007
 31
0
  0
LINE
  5
71E
330
22
100
AcDbEntity
  8
F.Paste
  6
CONTINUOUS
100
AcDbLine
 10
153.6885819999999967
 20
-77.9175970000000007
 30
0
 11
153.6999999999999886
 21
-77.9749999999999943
 31
0
  0
LINE
  5
71F
330
22
100
AcDbEntity
  8
F.Paste
  6
CONTINUOUS
100
AcDbLine
 10
153.6999999999999886
 20
-77.9749999999999943
 30
0
 11
153.6999999999999886
 21
-79.1499999999999915
 31
0
  0
LINE
  5
720
330
22
100
AcDbEntity
  8
F.Paste
  6
CONTINUOUS
100
AcDbLine
 10
153.6999999999999886
 20
-79.1499999999999915
 30
0
 11
153.6885819999999967
 21
-79.2074029999999993
 31
0
  0
LINE
  5
721
330
22
100
AcDbEntity
  8
F.Paste
  6
CONTINUOUS
100
AcDbLine
 10
153.6885819999999967
 20
-79.2074029999999993
 30
0
 11
153.6560659999999814
 21
-79.2560659999999899
 31
0
  0
LINE
  5
722
330
22
100
AcDbEntity
  8
F.Paste
  6
CONTINUOUS
100
AcDbLine
 10
153.6560659999999814
 20
-79.2560659999999899
 30
0
 11
153.607403000000005
 21
-79.288581999999991
 31
0
  0
LINE
  5
723
330
22
100
AcDbEntity
  8
F.Paste
  6
CONTINUOUS
100
AcDbLine
 10
153.607403000000005
 20
-79.288581999999991
 30
0
 11
153.5499999999999829
 21
-79.2999999999999972
 31
0
  0
LINE
  5
724
330
22
100
AcDbEntity
  8
F.Paste
  6
CONTINUOUS
100
AcDbLine
 10
153.5499999999999829
 20
-79.2999999999999972
 30
0
 11
153.25
 21
-79.2999999999999972
 31
0
  0
LINE
  5
725
330
22
100
AcDbEntity
  8
F.Paste
  6
CONTINUOUS
100
AcDbLine
 10
153.25
 20
-79.2999999999999972
 30
0
 11
153.1925970000000063
 21
-79.288581999999991
 31
0
  0
LINE
  5
726
330
22
100
AcDbEntity
  8
F.Paste
  6
CONTINUOUS
100
AcDbLine
 10
153.1925970000000063
 20
-79.288581999999991
 30
0
 11
153.1439340000000016
 21
-79.2560659999999899
 31
0
  0
LINE
  5
727
330
22
100
AcDbEntity
  8
F.Paste
  6
CONTINUOUS
100
AcDbLine
 10
153.1439340000000016
 20
-79.2560659999999899
 30
0
 11
153.1114179999999863
 21
-79.2074029999999993
 31
0
  0
LINE
  5
728
330
22
100
AcDbEntity
  8
F.Paste
  6
CONTINUOUS
100
AcDbLine
 10
153.1114179999999863
 20
-79.2074029999999993
 30
0
 11
153.0999999999999943
 21
-79.1499999999999915
 31
0
  0
LINE
  5
729
330
22
100
AcDbEntity
  8
F.Paste
  6
CONTINUOUS
100
AcDbLine
 10
153.0999999999999943
 20
-79.1499999999999915
 30
0
 11
153.0999999999999943
 21
-77.9749999999999943
 31
0
  0
LINE
  5
72A
330
22
100
AcDbEntity
  8
F.Paste
  6
CONTINUOUS
100
AcDbLine
 10
153.0999999999999943
 20
-77.9749999999999943
 30
0
 11
153.1114179999999863
 21
-77.9175970000000007
 31
0
  0
LINE
  5
72B
330
22
100
AcDbEntity
  8
F.Paste
  6
CONTINUOUS
100
AcDbLine
 10
153.1114179999999863
 20
-77.9175970000000007
 30
0
 11
153.1439340000000016
 21
-77.8689339999999959
 31
0
  0
LINE
  5
72C
330
22
100
AcDbEntity
  8
F.Paste
  6
CONTINUOUS
100
AcDbLine
 10
153.1439340000000016
 20
-77.8689339999999959
 30
0
 11
153.1925970000000063
 21
-77.8364179999999948
 31
0
  0
LINE
  5
72D
330
22
100
AcDbEntity
  8
F.Paste
  6
CONTINUOUS
100
AcDbLine
 10
153.1925970000000063
 20
-77.8364179999999948
 30
0
 11
153.25
 21
-77.8250000000000028
 31
0
  0
LINE
  5
72E
330
22
100
AcDbEntity
  8
F.Paste
  6
CONTINUOUS
100
AcDbLine
 10
153.25
 20
-77.8250000000000028
 30
0
 11
153.5499999999999829
 21
-77.8250000000000028
 31
0
  0
LINE
  5
72F
330
22
100
AcDbEntity
  8
F.Paste
  6
CONTINUOUS
100
AcDbLine
 10
153.5499999999999829
 20
-77.8250000000000028
 30
0
 11
153.607403000000005
 21
-77.8364179999999948
 31
0
  0
LINE
  5
730
330
22
100
AcDbEntity
  8
F.Paste
  6
CONTINUOUS
100
AcDbLine
 10
120.8999999999999915
 20
-78.9599999999999937
 30
0
 11
117.8999999999999915
 21
-78.9599999999999937
 31
0
  0
LINE
  5
731
330
22
100
AcDbEntity
  8
F.Paste
  6
CONTINUOUS
100
AcDbLine
 10
117.8999999999999915
 20
-78.9599999999999937
 30
0
 11
117.8999999999999915
 21
-77.9599999999999937
 31
0
  0
LINE
  5
732
330
22
100
AcDbEntity
  8
F.Paste
  6
CONTINUOUS
100
AcDbLine
 10
117.8999999999999915
 20
-77.9599999999999937
 30
0
 11
120.8999999999999915
 21
-77.9599999999999937
 31
0
  0
LINE
  5
733
330
22
100
AcDbEntity
  8
F.Paste
  6
CONTINUOUS
100
AcDbLine
 10
120.8999999999999915
 20
-77.9599999999999937
 30
0
 11
120.8999999999999915
 21
-78.9599999999999937
 31
0
  0
LINE
  5
734
330
22
100
AcDbEntity
  8
F.Paste
  6
CONTINUOUS
100
AcDbLine
 10
128.9000000000000057
 20
-78.9599999999999937
 30
0
 11
125.8999999999999915
 21
-78.9599999999999937
 31
0
  0
LINE
  5
735
330
22
100
AcDbEntity
  8
F.Paste
  6
CONTINUOUS
100
AcDbLine
 10
125.8999999999999915
 20
-78.9599999999999937
 30
0
 11
125.8999999999999915
 21
-77.9599999999999937
 31
0
  0
LINE
  5
736
330
22
100
AcDbEntity
  8
F.Paste
  6
CONTINUOUS
100
AcDbLine
 10
125.8999999999999915
 20
-77.9599999999999937
 30
0
 11
128.9000000000000057
 21
-77.9599999999999937
 31
0
  0
LINE
  5
737
330
22
100
AcDbEntity
  8
F.Paste
  6
CONTINUOUS
100
AcDbLine
 10
128.9000000000000057
 20
-77.9599999999999937
 30
0
 11
128.9000000000000057
 21
-78.9599999999999937
 31
0
  0
LINE
  5
738
330
22
100
AcDbEntity
  8
F.Paste
  6
CONTINUOUS
100
AcDbLine
 10
146.8456709999999816
 20
-76.6440300000000008
 30
0
 11
146.9267769999999871
 21
-76.6982229999999987
 31
0
  0
LINE
  5
739
330
22
100
AcDbEntity
  8
F.Paste
  6
CONTINUOUS
100
AcDbLine
 10
146.9267769999999871
 20
-76.6982229999999987
 30
0
 11
146.980969999999985
 21
-76.7793289999999899
 31
0
  0
LINE
  5
73A
330
22
100
AcDbEntity
  8
F.Paste
  6
CONTINUOUS
100
AcDbLine
 10
146.980969999999985
 20
-76.7793289999999899
 30
0
 11
147.
 21
-76.875
 31
0
  0
LINE
  5
73B
330
22
100
AcDbEntity
  8
F.Paste
  6
CONTINUOUS
100
AcDbLine
 10
147.
 20
-76.875
 30
0
 11
147.
 21
-78.125
 31
0
  0
LINE
  5
73C
330
22
100
AcDbEntity
  8
F.Paste
  6
CONTINUOUS
100
AcDbLine
 10
147.
 20
-78.125
 30
0
 11
146.980969999999985
 21
-78.2206709999999958
 31
0
  0
LINE
  5
73D
330
22
100
AcDbEntity
  8
F.Paste
  6
CONTINUOUS
100
AcDbLine
 10
146.980969999999985
 20
-78.2206709999999958
 30
0
 11
146.9267769999999871
 21
-78.3017770000000013
 31
0
  0
LINE
  5
73E
330
22
100
AcDbEntity
  8
F.Paste
  6
CONTINUOUS
100
AcDbLine
 10
146.9267769999999871
 20
-78.3017770000000013
 30
0
 11
146.8456709999999816
 21
-78.3559699999999992
 31
0
  0
LINE
  5
73F
330
22
100
AcDbEntity
  8
F.Paste
  6
CONTINUOUS
100
AcDbLine
 10
146.8456709999999816
 20
-78.3559699999999992
 30
0
 11
146.75
 21
-78.375
 31
0
  0
LINE
  5
740
330
22
100
AcDbEntity
  8
F.Paste
  6
CONTINUOUS
100
AcDbLine
 10
146.75
 20
-78.375
 30
0
 11
145.9499999999999886
 21
-78.375
 31
0
  0
LINE
  5
741
330
22
100
AcDbEntity
  8
F.Paste
  6
CONTINUOUS
100
AcDbLine
 10
145.9499999999999886
 20
-78.375
 30
0
 11
145.854329000000007
 21
-78.3559699999999992
 31
0
  0
LINE
  5
742
330
22
100
AcDbEntity
  8
F.Paste
  6
CONTINUOUS
100
AcDbLine
 10
145.854329000000007
 20
-78.3559699999999992
 30
0
 11
145.7732230000000015
 21
-78.3017770000000013
 31
0
  0
LINE
  5
743
330
22
100
AcDbEntity
  8
F.Paste
  6
CONTINUOUS
100
AcDbLine
 10
145.7732230000000015
 20
-78.3017770000000013
 30
0
 11
145.7190300000000036
 21
-78.2206709999999958
 31
0
  0
LINE
  5
744
330
22
100
AcDbEntity
  8
F.Paste
  6
CONTINUOUS
100
AcDbLine
 10
145.7190300000000036
 20
-78.2206709999999958
 30
0
 11
145.6999999999999886
 21
-78.125
 31
0
  0
LINE
  5
745
330
22
100
AcDbEntity
  8
F.Paste
  6
CONTINUOUS
100
AcDbLine
 10
145.6999999999999886
 20
-78.125
 30
0
 11
145.6999999999999886
 21
-76.875
 31
0
  0
LINE
  5
746
330
22
100
AcDbEntity
  8
F.Paste
  6
CONTINUOUS
100
AcDbLine
 10
145.6999999999999886
 20
-76.875
 30
0
 11
145.7190300000000036
 21
-76.7793289999999899
 31
0
  0
LINE
  5
747
330
22
100
AcDbEntity
  8
F.Paste
  6
CONTINUOUS
100
AcDbLine
 10
145.7190300000000036
 20
-76.7793289999999899
 30
0
 11
145.7732230000000015
 21
-76.6982229999999987
 31
0
  0
LINE
  5
748
330
22
100
AcDbEntity
  8
F.Paste
  6
CONTINUOUS
100
AcDbLine
 10
145.7732230000000015
 20
-76.6982229999999987
 30
0
 11
145.854329000000007
 21
-76.6440300000000008
 31
0
  0
LINE
  5
749
330
22
100
AcDbEntity
  8
F.Paste
  6
CONTINUOUS
100
AcDbLine
 10
145.854329000000007
 20
-76.6440300000000008
 30
0
 11
145.9499999999999886
 21
-76.625
 31
0
  0
LINE
  5
74A
330
22
100
AcDbEntity
  8
F.Paste
  6
CONTINUOUS
100
AcDbLine
 10
145.9499999999999886
 20
-76.625
 30
0
 11
146.75
 21
-76.625
 31
0
  0
LINE
  5
74B
330
22
100
AcDbEntity
  8
F.Paste
  6
CONTINUOUS
100
AcDbLine
 10
146.75
 20
-76.625
 30
0
 11
146.8456709999999816
 21
-76.6440300000000008
 31
0
  0
LINE
  5
74C
330
22
100
AcDbEntity
  8
F.Paste
  6
CONTINUOUS
100
AcDbLine
 10
149.9456710000000044
 20
-76.6440300000000008
 30
0
 11
150.0267769999999814
 21
-76.6982229999999987
 31
0
  0
LINE
  5
74D
330
22
100
AcDbEntity
  8
F.Paste
  6
CONTINUOUS
100
AcDbLine
 10
150.0267769999999814
 20
-76.6982229999999987
 30
0
 11
150.0809699999999793
 21
-76.7793289999999899
 31
0
  0
LINE
  5
74E
330
22
100
AcDbEntity
  8
F.Paste
  6
CONTINUOUS
100
AcDbLine
 10
150.0809699999999793
 20
-76.7793289999999899
 30
0
 11
150.0999999999999943
 21
-76.875
 31
0
  0
LINE
  5
74F
330
22
100
AcDbEntity
  8
F.Paste
  6
CONTINUOUS
100
AcDbLine
 10
150.0999999999999943
 20
-76.875
 30
0
 11
150.0999999999999943
 21
-78.125
 31
0
  0
LINE
  5
750
330
22
100
AcDbEntity
  8
F.Paste
  6
CONTINUOUS
100
AcDbLine
 10
150.0999999999999943
 20
-78.125
 30
0
 11
150.0809699999999793
 21
-78.2206709999999958
 31
0
  0
LINE
  5
751
330
22
100
AcDbEntity
  8
F.Paste
  6
CONTINUOUS
100
AcDbLine
 10
150.0809699999999793
 20
-78.2206709999999958
 30
0
 11
150.0267769999999814
 21
-78.3017770000000013
 31
0
  0
LINE
  5
752
330
22
100
AcDbEntity
  8
F.Paste
  6
CONTINUOUS
100
AcDbLine
 10
150.0267769999999814
 20
-78.3017770000000013
 30
0
 11
149.9456710000000044
 21
-78.3559699999999992
 31
0
  0
LINE
  5
753
330
22
100
AcDbEntity
  8
F.Paste
  6
CONTINUOUS
100
AcDbLine
 10
149.9456710000000044
 20
-78.3559699999999992
 30
0
 11
149.8499999999999943
 21
-78.375
 31
0
  0
LINE
  5
754
330
22
100
AcDbEntity
  8
F.Paste
  6
CONTINUOUS
100
AcDbLine
 10
149.8499999999999943
 20
-78.375
 30
0
 11
149.0499999999999829
 21
-78.375
 31
0
  0
LINE
  5
755
330
22
100
AcDbEntity
  8
F.Paste
  6
CONTINUOUS
100
AcDbLine
 10
149.0499999999999829
 20
-78.375
 30
0
 11
148.9543290000000013
 21
-78.3559699999999992
 31
0
  0
LINE
  5
756
330
22
100
AcDbEntity
  8
F.Paste
  6
CONTINUOUS
100
AcDbLine
 10
148.9543290000000013
 20
-78.3559699999999992
 30
0
 11
148.8732229999999959
 21
-78.3017770000000013
 31
0
  0
LINE
  5
757
330
22
100
AcDbEntity
  8
F.Paste
  6
CONTINUOUS
100
AcDbLine
 10
148.8732229999999959
 20
-78.3017770000000013
 30
0
 11
148.8190299999999979
 21
-78.2206709999999958
 31
0
  0
LINE
  5
758
330
22
100
AcDbEntity
  8
F.Paste
  6
CONTINUOUS
100
AcDbLine
 10
148.8190299999999979
 20
-78.2206709999999958
 30
0
 11
148.7999999999999829
 21
-78.125
 31
0
  0
LINE
  5
759
330
22
100
AcDbEntity
  8
F.Paste
  6
CONTINUOUS
100
AcDbLine
 10
148.7999999999999829
 20
-78.125
 30
0
 11
148.7999999999999829
 21
-76.875
 31
0
  0
LINE
  5
75A
330
22
100
AcDbEntity
  8
F.Paste
  6
CONTINUOUS
100
AcDbLine
 10
148.7999999999999829
 20
-76.875
 30
0
 11
148.8190299999999979
 21
-76.7793289999999899
 31
0
  0
LINE
  5
75B
330
22
100
AcDbEntity
  8
F.Paste
  6
CONTINUOUS
100
AcDbLine
 10
148.8190299999999979
 20
-76.7793289999999899
 30
0
 11
148.8732229999999959
 21
-76.6982229999999987
 31
0
  0
LINE
  5
75C
330
22
100
AcDbEntity
  8
F.Paste
  6
CONTINUOUS
100
AcDbLine
 10
148.8732229999999959
 20
-76.6982229999999987
 30
0
 11
148.9543290000000013
 21
-76.6440300000000008
 31
0
  0
LINE
  5
75D
330
22
100
AcDbEntity
  8
F.Paste
  6
CONTINUOUS
100
AcDbLine
 10
148.9543290000000013
 20
-76.6440300000000008
 30
0
 11
149.0499999999999829
 21
-76.625
 31
0
  0
LINE
  5
75E
330
22
100
AcDbEntity
  8
F.Paste
  6
CONTINUOUS
100
AcDbLine
 10
149.0499999999999829
 20
-76.625
 30
0
 11
149.8499999999999943
 21
-76.625
 31
0
  0
LINE
  5
75F
330
22
100
AcDbEntity
  8
F.Paste
  6
CONTINUOUS
100
AcDbLine
 10
149.8499999999999943
 20
-76.625
 30
0
 11
149.9456710000000044
 21
-76.6440300000000008
 31
0
  0
LINE
  5
760
330
22
100
AcDbEntity
  8
F.Paste
  6
CONTINUOUS
100
AcDbLine
 10
131.8456709999999816
 20
-76.1440300000000008
 30
0
 11
131.9267769999999871
 21
-76.1982229999999987
 31
0
  0
LINE
  5
761
330
22
100
AcDbEntity
  8
F.Paste
  6
CONTINUOUS
100
AcDbLine
 10
131.9267769999999871
 20
-76.1982229999999987
 30
0
 11
131.980969999999985
 21
-76.2793289999999899
 31
0
  0
LINE
  5
762
330
22
100
AcDbEntity
  8
F.Paste
  6
CONTINUOUS
100
AcDbLine
 10
131.980969999999985
 20
-76.2793289999999899
 30
0
 11
132.
 21
-76.375
 31
0
  0
LINE
  5
763
330
22
100
AcDbEntity
  8
F.Paste
  6
CONTINUOUS
100
AcDbLine
 10
132.
 20
-76.375
 30
0
 11
132.
 21
-77.625
 31
0
  0
LINE
  5
764
330
22
100
AcDbEntity
  8
F.Paste
  6
CONTINUOUS
100
AcDbLine
 10
132.
 20
-77.625
 30
0
 11
131.980969999999985
 21
-77.7206709999999958
 31
0
  0
LINE
  5
765
330
22
100
AcDbEntity
  8
F.Paste
  6
CONTINUOUS
100
AcDbLine
 10
131.980969999999985
 20
-77.7206709999999958
 30
0
 11
131.9267769999999871
 21
-77.8017770000000013
 31
0
  0
LINE
  5
766
330
22
100
AcDbEntity
  8
F.Paste
  6
CONTINUOUS
100
AcDbLine
 10
131.9267769999999871
 20
-77.8017770000000013
 30
0
 11
131.8456709999999816
 21
-77.8559699999999992
 31
0
  0
LINE
  5
767
330
22
100
AcDbEntity
  8
F.Paste
  6
CONTINUOUS
100
AcDbLine
 10
131.8456709999999816
 20
-77.8559699999999992
 30
0
 11
131.75
 21
-77.875
 31
0
  0
LINE
  5
768
330
22
100
AcDbEntity
  8
F.Paste
  6
CONTINUOUS
100
AcDbLine
 10
131.75
 20
-77.875
 30
0
 11
130.9499999999999886
 21
-77.875
 31
0
  0
LINE
  5
769
330
22
100
AcDbEntity
  8
F.Paste
  6
CONTINUOUS
100
AcDbLine
 10
130.9499999999999886
 20
-77.875
 30
0
 11
130.854329000000007
 21
-77.8559699999999992
 31
0
  0
LINE
  5
76A
330
22
100
AcDbEntity
  8
F.Paste
  6
CONTINUOUS
100
AcDbLine
 10
130.854329000000007
 20
-77.8559699999999992
 30
0
 11
130.7732230000000015
 21
-77.8017770000000013
 31
0
  0
LINE
  5
76B
330
22
100
AcDbEntity
  8
F.Paste
  6
CONTINUOUS
100
AcDbLine
 10
130.7732230000000015
 20
-77.8017770000000013
 30
0
 11
130.7190300000000036
 21
-77.7206709999999958
 31
0
  0
LINE
  5
76C
330
22
100
AcDbEntity
  8
F.Paste
  6
CONTINUOUS
100
AcDbLine
 10
130.7190300000000036
 20
-77.7206709999999958
 30
0
 11
130.6999999999999886
 21
-77.625
 31
0
  0
LINE
  5
76D
330
22
100
AcDbEntity
  8
F.Paste
  6
CONTINUOUS
100
AcDbLine
 10
130.6999999999999886
 20
-77.625
 30
0
 11
130.6999999999999886
 21
-76.375
 31
0
  0
LINE
  5
76E
330
22
100
AcDbEntity
  8
F.Paste
  6
CONTINUOUS
100
AcDbLine
 10
130.6999999999999886
 20
-76.375
 30
0
 11
130.7190300000000036
 21
-76.2793289999999899
 31
0
  0
LINE
  5
76F
330
22
100
AcDbEntity
  8
F.Paste
  6
CONTINUOUS
100
AcDbLine
 10
130.7190300000000036
 20
-76.2793289999999899
 30
0
 11
130.7732230000000015
 21
-76.1982229999999987
 31
0
  0
LINE
  5
770
330
22
100
AcDbEntity
  8
F.Paste
  6
CONTINUOUS
100
AcDbLine
 10
130.7732230000000015
 20
-76.1982229999999987
 30
0
 11
130.854329000000007
 21
-76.1440300000000008
 31
0
  0
LINE
  5
771
330
22
100
AcDbEntity
  8
F.Paste
  6
CONTINUOUS
100
AcDbLine
 10
130.854329000000007
 20
-76.1440300000000008
 30
0
 11
130.9499999999999886
 21
-76.125
 31
0
  0
LINE
  5
772
330
22
100
AcDbEntity
  8
F.Paste
  6
CONTINUOUS
100
AcDbLine
 10
130.9499999999999886
 20
-76.125
 30
0
 11
131.75
 21
-76.125
 31
0
  0
LINE
  5
773
330
22
100
AcDbEntity
  8
F.Paste
  6
CONTINUOUS
100
AcDbLine
 10
131.75
 20
-76.125
 30
0
 11
131.8456709999999816
 21
-76.1440300000000008
 31
0
  0
LINE
  5
774
330
22
100
AcDbEntity
  8
F.Paste
  6
CONTINUOUS
100
AcDbLine
 10
134.9456710000000044
 20
-76.1440300000000008
 30
0
 11
135.0267769999999814
 21
-76.1982229999999987
 31
0
  0
LINE
  5
775
330
22
100
AcDbEntity
  8
F.Paste
  6
CONTINUOUS
100
AcDbLine
 10
135.0267769999999814
 20
-76.1982229999999987
 30
0
 11
135.0809700000000078
 21
-76.2793289999999899
 31
0
  0
LINE
  5
776
330
22
100
AcDbEntity
  8
F.Paste
  6
CONTINUOUS
100
AcDbLine
 10
135.0809700000000078
 20
-76.2793289999999899
 30
0
 11
135.0999999999999943
 21
-76.375
 31
0
  0
LINE
  5
777
330
22
100
AcDbEntity
  8
F.Paste
  6
CONTINUOUS
100
AcDbLine
 10
135.0999999999999943
 20
-76.375
 30
0
 11
135.0999999999999943
 21
-77.625
 31
0
  0
LINE
  5
778
330
22
100
AcDbEntity
  8
F.Paste
  6
CONTINUOUS
100
AcDbLine
 10
135.0999999999999943
 20
-77.625
 30
0
 11
135.0809700000000078
 21
-77.7206709999999958
 31
0
  0
LINE
  5
779
330
22
100
AcDbEntity
  8
F.Paste
  6
CONTINUOUS
100
AcDbLine
 10
135.0809700000000078
 20
-77.7206709999999958
 30
0
 11
135.0267769999999814
 21
-77.8017770000000013
 31
0
  0
LINE
  5
77A
330
22
100
AcDbEntity
  8
F.Paste
  6
CONTINUOUS
100
AcDbLine
 10
135.0267769999999814
 20
-77.8017770000000013
 30
0
 11
134.9456710000000044
 21
-77.8559699999999992
 31
0
  0
LINE
  5
77B
330
22
100
AcDbEntity
  8
F.Paste
  6
CONTINUOUS
100
AcDbLine
 10
134.9456710000000044
 20
-77.8559699999999992
 30
0
 11
134.8499999999999943
 21
-77.875
 31
0
  0
LINE
  5
77C
330
22
100
AcDbEntity
  8
F.Paste
  6
CONTINUOUS
100
AcDbLine
 10
134.8499999999999943
 20
-77.875
 30
0
 11
134.0499999999999829
 21
-77.875
 31
0
  0
LINE
  5
77D
330
22
100
AcDbEntity
  8
F.Paste
  6
CONTINUOUS
100
AcDbLine
 10
134.0499999999999829
 20
-77.875
 30
0
 11
133.9543290000000013
 21
-77.8559699999999992
 31
0
  0
LINE
  5
77E
330
22
100
AcDbEntity
  8
F.Paste
  6
CONTINUOUS
100
AcDbLine
 10
133.9543290000000013
 20
-77.8559699999999992
 30
0
 11
133.8732229999999959
 21
-77.8017770000000013
 31
0
  0
LINE
  5
77F
330
22
100
AcDbEntity
  8
F.Paste
  6
CONTINUOUS
100
AcDbLine
 10
133.8732229999999959
 20
-77.8017770000000013
 30
0
 11
133.8190299999999979
 21
-77.7206709999999958
 31
0
  0
LINE
  5
780
330
22
100
AcDbEntity
  8
F.Paste
  6
CONTINUOUS
100
AcDbLine
 10
133.8190299999999979
 20
-77.7206709999999958
 30
0
 11
133.7999999999999829
 21
-77.625
 31
0
  0
LINE
  5
781
330
22
100
AcDbEntity
  8
F.Paste
  6
CONTINUOUS
100
AcDbLine
 10
133.7999999999999829
 20
-77.625
 30
0
 11
133.7999999999999829
 21
-76.375
 31
0
  0
LINE
  5
782
330
22
100
AcDbEntity
  8
F.Paste
  6
CONTINUOUS
100
AcDbLine
 10
133.7999999999999829
 20
-76.375
 30
0
 11
133.8190299999999979
 21
-76.2793289999999899
 31
0
  0
LINE
  5
783
330
22
100
AcDbEntity
  8
F.Paste
  6
CONTINUOUS
100
AcDbLine
 10
133.8190299999999979
 20
-76.2793289999999899
 30
0
 11
133.8732229999999959
 21
-76.1982229999999987
 31
0
  0
LINE
  5
784
330
22
100
AcDbEntity
  8
F.Paste
  6
CONTINUOUS
100
AcDbLine
 10
133.8732229999999959
 20
-76.1982229999999987
 30
0
 11
133.9543290000000013
 21
-76.1440300000000008
 31
0
  0
LINE
  5
785
330
22
100
AcDbEntity
  8
F.Paste
  6
CONTINUOUS
100
AcDbLine
 10
133.9543290000000013
 20
-76.1440300000000008
 30
0
 11
134.0499999999999829
 21
-76.125
 31
0
  0
LINE
  5
786
330
22
100
AcDbEntity
  8
F.Paste
  6
CONTINUOUS
100
AcDbLine
 10
134.0499999999999829
 20
-76.125
 30
0
 11
134.8499999999999943
 21
-76.125
 31
0
  0
LINE
  5
787
330
22
100
AcDbEntity
  8
F.Paste
  6
CONTINUOUS
100
AcDbLine
 10
134.8499999999999943
 20
-76.125
 30
0
 11
134.9456710000000044
 21
-76.1440300000000008
 31
0
  0
LINE
  5
788
330
22
100
AcDbEntity
  8
F.Paste
  6
CONTINUOUS
100
AcDbLine
 10
168.4000000000000057
 20
-74.4749999999999943
 30
0
 11
168.6643159999999853
 21
-74.4923239999999964
 31
0
  0
LINE
  5
789
330
22
100
AcDbEntity
  8
F.Paste
  6
CONTINUOUS
100
AcDbLine
 10
168.6643159999999853
 20
-74.4923239999999964
 30
0
 11
168.9241089999999872
 21
-74.5439999999999969
 31
0
  0
LINE
  5
78A
330
22
100
AcDbEntity
  8
F.Paste
  6
CONTINUOUS
100
AcDbLine
 10
168.9241089999999872
 20
-74.5439999999999969
 30
0
 11
169.1749339999999791
 21
-74.6291439999999966
 31
0
  0
LINE
  5
78B
330
22
100
AcDbEntity
  8
F.Paste
  6
CONTINUOUS
100
AcDbLine
 10
169.1749339999999791
 20
-74.6291439999999966
 30
0
 11
169.4124999999999943
 21
-74.7462979999999959
 31
0
  0
LINE
  5
78C
330
22
100
AcDbEntity
  8
F.Paste
  6
CONTINUOUS
100
AcDbLine
 10
169.4124999999999943
 20
-74.7462979999999959
 30
0
 11
169.632741999999979
 21
-74.8934589999999929
 31
0
  0
LINE
  5
78D
330
22
100
AcDbEntity
  8
F.Paste
  6
CONTINUOUS
100
AcDbLine
 10
169.632741999999979
 20
-74.8934589999999929
 30
0
 11
169.8318919999999821
 21
-75.0681079999999952
 31
0
  0
LINE
  5
78E
330
22
100
AcDbEntity
  8
F.Paste
  6
CONTINUOUS
100
AcDbLine
 10
169.8318919999999821
 20
-75.0681079999999952
 30
0
 11
170.0065409999999986
 21
-75.2672579999999982
 31
0
  0
LINE
  5
78F
330
22
100
AcDbEntity
  8
F.Paste
  6
CONTINUOUS
100
AcDbLine
 10
170.0065409999999986
 20
-75.2672579999999982
 30
0
 11
170.1537019999999814
 21
-75.4874999999999972
 31
0
  0
LINE
  5
790
330
22
100
AcDbEntity
  8
F.Paste
  6
CONTINUOUS
100
AcDbLine
 10
170.1537019999999814
 20
-75.4874999999999972
 30
0
 11
170.2708559999999807
 21
-75.7250659999999982
 31
0
  0
LINE
  5
791
330
22
100
AcDbEntity
  8
F.Paste
  6
CONTINUOUS
100
AcDbLine
 10
170.2708559999999807
 20
-75.7250659999999982
 30
0
 11
170.3559999999999945
 21
-75.9758909999999901
 31
0
  0
LINE
  5
792
330
22
100
AcDbEntity
  8
F.Paste
  6
CONTINUOUS
100
AcDbLine
 10
170.3559999999999945
 20
-75.9758909999999901
 30
0
 11
170.4076759999999808
 21
-76.235683999999992
 31
0
  0
LINE
  5
793
330
22
100
AcDbEntity
  8
F.Paste
  6
CONTINUOUS
100
AcDbLine
 10
170.4076759999999808
 20
-76.235683999999992
 30
0
 11
170.4249999999999829
 21
-76.5
 31
0
  0
LINE
  5
794
330
22
100
AcDbEntity
  8
F.Paste
  6
CONTINUOUS
100
AcDbLine
 10
170.4249999999999829
 20
-76.5
 30
0
 11
170.4249999999999829
 21
-111.
 31
0
  0
LINE
  5
795
330
22
100
AcDbEntity
  8
F.Paste
  6
CONTINUOUS
100
AcDbLine
 10
170.4249999999999829
 20
-111.
 30
0
 11
170.4076759999999808
 21
-111.2643159999999938
 31
0
  0
LINE
  5
796
330
22
100
AcDbEntity
  8
F.Paste
  6
CONTINUOUS
100
AcDbLine
 10
170.4076759999999808
 20
-111.2643159999999938
 30
0
 11
170.3559999999999945
 21
-111.5241089999999957
 31
0
  0
LINE
  5
797
330
22
100
AcDbEntity
  8
F.Paste
  6
CONTINUOUS
100
AcDbLine
 10
170.3559999999999945
 20
-111.5241089999999957
 30
0
 11
170.2708559999999807
 21
-111.7749340000000018
 31
0
  0
LINE
  5
798
330
22
100
AcDbEntity
  8
F.Paste
  6
CONTINUOUS
100
AcDbLine
 10
170.2708559999999807
 20
-111.7749340000000018
 30
0
 11
170.1537019999999814
 21
-112.0124999999999886
 31
0
  0
LINE
  5
799
330
22
100
AcDbEntity
  8
F.Paste
  6
CONTINUOUS
100
AcDbLine
 10
170.1537019999999814
 20
-112.0124999999999886
 30
0
 11
170.0065409999999986
 21
-112.2327420000000018
 31
0
  0
LINE
  5
79A
330
22
100
AcDbEntity
  8
F.Paste
  6
CONTINUOUS
100
AcDbLine
 10
170.0065409999999986
 20
-112.2327420000000018
 30
0
 11
169.8318919999999821
 21
-112.4318919999999906
 31
0
  0
LINE
  5
79B
330
22
100
AcDbEntity
  8
F.Paste
  6
CONTINUOUS
100
AcDbLine
 10
169.8318919999999821
 20
-112.4318919999999906
 30
0
 11
169.632741999999979
 21
-112.6065409999999929
 31
0
  0
LINE
  5
79C
330
22
100
AcDbEntity
  8
F.Paste
  6
CONTINUOUS
100
AcDbLine
 10
169.632741999999979
 20
-112.6065409999999929
 30
0
 11
169.4124999999999943
 21
-112.7537019999999899
 31
0
  0
LINE
  5
79D
330
22
100
AcDbEntity
  8
F.Paste
  6
CONTINUOUS
100
AcDbLine
 10
169.4124999999999943
 20
-112.7537019999999899
 30
0
 11
169.1749339999999791
 21
-112.8708559999999892
 31
0
  0
LINE
  5
79E
330
22
100
AcDbEntity
  8
F.Paste
  6
CONTINUOUS
100
AcDbLine
 10
169.1749339999999791
 20
-112.8708559999999892
 30
0
 11
168.9241089999999872
 21
-112.9559999999999889
 31
0
  0
LINE
  5
79F
330
22
100
AcDbEntity
  8
F.Paste
  6
CONTINUOUS
100
AcDbLine
 10
168.9241089999999872
 20
-112.9559999999999889
 30
0
 11
168.6643159999999853
 21
-113.0076759999999894
 31
0
  0
LINE
  5
7A0
330
22
100
AcDbEntity
  8
F.Paste
  6
CONTINUOUS
100
AcDbLine
 10
168.6643159999999853
 20
-113.0076759999999894
 30
0
 11
168.4000000000000057
 21
-113.0249999999999915
 31
0
  0
LINE
  5
7A1
330
22
100
AcDbEntity
  8
F.Paste
  6
CONTINUOUS
100
AcDbLine
 10
168.4000000000000057
 20
-113.0249999999999915
 30
0
 11
115.3999999999999915
 21
-113.0249999999999915
 31
0
  0
LINE
  5
7A2
330
22
100
AcDbEntity
  8
F.Paste
  6
CONTINUOUS
100
AcDbLine
 10
115.3999999999999915
 20
-113.0249999999999915
 30
0
 11
115.1356839999999977
 21
-113.0076759999999894
 31
0
  0
LINE
  5
7A3
330
22
100
AcDbEntity
  8
F.Paste
  6
CONTINUOUS
100
AcDbLine
 10
115.1356839999999977
 20
-113.0076759999999894
 30
0
 11
114.8758909999999958
 21
-112.9559999999999889
 31
0
  0
LINE
  5
7A4
330
22
100
AcDbEntity
  8
F.Paste
  6
CONTINUOUS
100
AcDbLine
 10
114.8758909999999958
 20
-112.9559999999999889
 30
0
 11
114.6250659999999897
 21
-112.8708559999999892
 31
0
  0
LINE
  5
7A5
330
22
100
AcDbEntity
  8
F.Paste
  6
CONTINUOUS
100
AcDbLine
 10
114.6250659999999897
 20
-112.8708559999999892
 30
0
 11
114.3874999999999886
 21
-112.7537019999999899
 31
0
  0
LINE
  5
7A6
330
22
100
AcDbEntity
  8
F.Paste
  6
CONTINUOUS
100
AcDbLine
 10
114.3874999999999886
 20
-112.7537019999999899
 30
0
 11
114.1672579999999897
 21
-112.6065409999999929
 31
0
  0
LINE
  5
7A7
330
22
100
AcDbEntity
  8
F.Paste
  6
CONTINUOUS
100
AcDbLine
 10
114.1672579999999897
 20
-112.6065409999999929
 30
0
 11
113.9681080000000009
 21
-112.4318919999999906
 31
0
  0
LINE
  5
7A8
330
22
100
AcDbEntity
  8
F.Paste
  6
CONTINUOUS
100
AcDbLine
 10
113.9681080000000009
 20
-112.4318919999999906
 30
0
 11
113.7934589999999986
 21
-112.2327420000000018
 31
0
  0
LINE
  5
7A9
330
22
100
AcDbEntity
  8
F.Paste
  6
CONTINUOUS
100
AcDbLine
 10
113.7934589999999986
 20
-112.2327420000000018
 30
0
 11
113.6462980000000016
 21
-112.0124999999999886
 31
0
  0
LINE
  5
7AA
330
22
100
AcDbEntity
  8
F.Paste
  6
CONTINUOUS
100
AcDbLine
 10
113.6462980000000016
 20
-112.0124999999999886
 30
0
 11
113.5291439999999881
 21
-111.7749340000000018
 31
0
  0
LINE
  5
7AB
330
22
100
AcDbEntity
  8
F.Paste
  6
CONTINUOUS
100
AcDbLine
 10
113.5291439999999881
 20
-111.7749340000000018
 30
0
 11
113.4439999999999884
 21
-111.5241089999999957
 31
0
  0
LINE
  5
7AC
330
22
100
AcDbEntity
  8
F.Paste
  6
CONTINUOUS
100
AcDbLine
 10
113.4439999999999884
 20
-111.5241089999999957
 30
0
 11
113.3923239999999879
 21
-111.2643159999999938
 31
0
  0
LINE
  5
7AD
330
22
100
AcDbEntity
  8
F.Paste
  6
CONTINUOUS
100
AcDbLine
 10
113.3923239999999879
 20
-111.2643159999999938
 30
0
 11
113.375
 21
-111.
 31
0
  0
LINE
  5
7AE
330
22
100
AcDbEntity
  8
F.Paste
  6
CONTINUOUS
100
AcDbLine
 10
113.375
 20
-111.
 30
0
 11
113.375
 21
-76.5
 31
0
  0
LINE
  5
7AF
330
22
100
AcDbEntity
  8
F.Paste
  6
CONTINUOUS
100
AcDbLine
 10
113.375
 20
-76.5
 30
0
 11
113.3923239999999879
 21
-76.235683999999992
 31
0
  0
LINE
  5
7B0
330
22
100
AcDbEntity
  8
F.Paste
  6
CONTINUOUS
100
AcDbLine
 10
113.3923239999999879
 20
-76.235683999999992
 30
0
 11
113.4439999999999884
 21
-75.9758909999999901
 31
0
  0
LINE
  5
7B1
330
22
100
AcDbEntity
  8
F.Paste
  6
CONTINUOUS
100
AcDbLine
 10
113.4439999999999884
 20
-75.9758909999999901
 30
0
 11
113.5291439999999881
 21
-75.7250659999999982
 31
0
  0
LINE
  5
7B2
330
22
100
AcDbEntity
  8
F.Paste
  6
CONTINUOUS
100
AcDbLine
 10
113.5291439999999881
 20
-75.7250659999999982
 30
0
 11
113.6462980000000016
 21
-75.4874999999999972
 31
0
  0
LINE
  5
7B3
330
22
100
AcDbEntity
  8
F.Paste
  6
CONTINUOUS
100
AcDbLine
 10
113.6462980000000016
 20
-75.4874999999999972
 30
0
 11
113.7934589999999986
 21
-75.2672579999999982
 31
0
  0
LINE
  5
7B4
330
22
100
AcDbEntity
  8
F.Paste
  6
CONTINUOUS
100
AcDbLine
 10
113.7934589999999986
 20
-75.2672579999999982
 30
0
 11
113.9681080000000009
 21
-75.0681079999999952
 31
0
  0
LINE
  5
7B5
330
22
100
AcDbEntity
  8
F.Paste
  6
CONTINUOUS
100
AcDbLine
 10
113.9681080000000009
 20
-75.0681079999999952
 30
0
 11
114.1672579999999897
 21
-74.8934589999999929
 31
0
  0
LINE
  5
7B6
330
22
100
AcDbEntity
  8
F.Paste
  6
CONTINUOUS
100
AcDbLine
 10
114.1672579999999897
 20
-74.8934589999999929
 30
0
 11
114.3874999999999886
 21
-74.7462979999999959
 31
0
  0
LINE
  5
7B7
330
22
100
AcDbEntity
  8
F.Paste
  6
CONTINUOUS
100
AcDbLine
 10
114.3874999999999886
 20
-74.7462979999999959
 30
0
 11
114.6250659999999897
 21
-74.6291439999999966
 31
0
  0
LINE
  5
7B8
330
22
100
AcDbEntity
  8
F.Paste
  6
CONTINUOUS
100
AcDbLine
 10
114.6250659999999897
 20
-74.6291439999999966
 30
0
 11
114.8758909999999958
 21
-74.5439999999999969
 31
0
  0
LINE
  5
7B9
330
22
100
AcDbEntity
  8
F.Paste
  6
CONTINUOUS
100
AcDbLine
 10
114.8758909999999958
 20
-74.5439999999999969
 30
0
 11
115.1356839999999977
 21
-74.4923239999999964
 31
0
  0
LINE
  5
7BA
330
22
100
AcDbEntity
  8
F.Paste
  6
CONTINUOUS
100
AcDbLine
 10
115.1356839999999977
 20
-74.4923239999999964
 30
0
 11
115.3999999999999915
 21
-74.4749999999999943
 31
0
  0
LINE
  5
7BB
330
22
100
AcDbEntity
  8
F.Paste
  6
CONTINUOUS
100
AcDbLine
 10
115.3999999999999915
 20
-74.4749999999999943
 30
0
 11
168.4000000000000057
 21
-74.4749999999999943
 31
0
  0
LINE
  5
7BC
330
22
100
AcDbEntity
  8
F.Paste
  6
CONTINUOUS
100
AcDbLine
 10
115.3999999999999915
 20
-74.5249999999999915
 30
0
 11
115.270551999999995
 21
-74.5249999999999915
 31
0
  0
LINE
  5
7BD
330
22
100
AcDbEntity
  8
F.Paste
  6
CONTINUOUS
100
AcDbLine
 10
115.270551999999995
 20
-74.5249999999999915
 30
0
 11
115.0138699999999972
 21
-74.5587919999999968
 31
0
  0
LINE
  5
7BE
330
22
100
AcDbEntity
  8
F.Paste
  6
CONTINUOUS
100
AcDbLine
 10
115.0138699999999972
 20
-74.5587919999999968
 30
0
 11
114.7637950000000018
 21
-74.6257999999999981
 31
0
  0
LINE
  5
7BF
330
22
100
AcDbEntity
  8
F.Paste
  6
CONTINUOUS
100
AcDbLine
 10
114.7637950000000018
 20
-74.6257999999999981
 30
0
 11
114.524604999999994
 21
-74.7248749999999973
 31
0
  0
LINE
  5
7C0
330
22
100
AcDbEntity
  8
F.Paste
  6
CONTINUOUS
100
AcDbLine
 10
114.524604999999994
 20
-74.7248749999999973
 30
0
 11
114.3003939999999972
 21
-74.8543229999999937
 31
0
  0
LINE
  5
7C1
330
22
100
AcDbEntity
  8
F.Paste
  6
CONTINUOUS
100
AcDbLine
 10
114.3003939999999972
 20
-74.8543229999999937
 30
0
 11
114.0949969999999922
 21
-75.0119299999999924
 31
0
  0
LINE
  5
7C2
330
22
100
AcDbEntity
  8
F.Paste
  6
CONTINUOUS
100
AcDbLine
 10
114.0949969999999922
 20
-75.0119299999999924
 30
0
 11
113.9119299999999981
 21
-75.1949970000000008
 31
0
  0
LINE
  5
7C3
330
22
100
AcDbEntity
  8
F.Paste
  6
CONTINUOUS
100
AcDbLine
 10
113.9119299999999981
 20
-75.1949970000000008
 30
0
 11
113.7543229999999994
 21
-75.4003939999999915
 31
0
  0
LINE
  5
7C4
330
22
100
AcDbEntity
  8
F.Paste
  6
CONTINUOUS
100
AcDbLine
 10
113.7543229999999994
 20
-75.4003939999999915
 30
0
 11
113.6248749999999887
 21
-75.6246050000000025
 31
0
  0
LINE
  5
7C5
330
22
100
AcDbEntity
  8
F.Paste
  6
CONTINUOUS
100
AcDbLine
 10
113.6248749999999887
 20
-75.6246050000000025
 30
0
 11
113.5257999999999896
 21
-75.8637949999999961
 31
0
  0
LINE
  5
7C6
330
22
100
AcDbEntity
  8
F.Paste
  6
CONTINUOUS
100
AcDbLine
 10
113.5257999999999896
 20
-75.8637949999999961
 30
0
 11
113.4587919999999883
 21
-76.1138699999999915
 31
0
  0
LINE
  5
7C7
330
22
100
AcDbEntity
  8
F.Paste
  6
CONTINUOUS
100
AcDbLine
 10
113.4587919999999883
 20
-76.1138699999999915
 30
0
 11
113.4249999999999972
 21
-76.3705520000000035
 31
0
  0
LINE
  5
7C8
330
22
100
AcDbEntity
  8
F.Paste
  6
CONTINUOUS
100
AcDbLine
 10
113.4249999999999972
 20
-76.3705520000000035
 30
0
 11
113.4249999999999972
 21
-76.5
 31
0
  0
LINE
  5
7C9
330
22
100
AcDbEntity
  8
F.Paste
  6
CONTINUOUS
100
AcDbLine
 10
113.4249999999999972
 20
-76.5
 30
0
 11
113.4249999999999972
 21
-111.
 31
0
  0
LINE
  5
7CA
330
22
100
AcDbEntity
  8
F.Paste
  6
CONTINUOUS
100
AcDbLine
 10
113.4249999999999972
 20
-111.
 30
0
 11
113.4249999999999972
 21
-111.1294479999999965
 31
0
  0
LINE
  5
7CB
330
22
100
AcDbEntity
  8
F.Paste
  6
CONTINUOUS
100
AcDbLine
 10
113.4249999999999972
 20
-111.1294479999999965
 30
0
 11
113.4587919999999883
 21
-111.3861299999999943
 31
0
  0
LINE
  5
7CC
330
22
100
AcDbEntity
  8
F.Paste
  6
CONTINUOUS
100
AcDbLine
 10
113.4587919999999883
 20
-111.3861299999999943
 30
0
 11
113.5257999999999896
 21
-111.6362049999999897
 31
0
  0
LINE
  5
7CD
330
22
100
AcDbEntity
  8
F.Paste
  6
CONTINUOUS
100
AcDbLine
 10
113.5257999999999896
 20
-111.6362049999999897
 30
0
 11
113.6248749999999887
 21
-111.8753949999999975
 31
0
  0
LINE
  5
7CE
330
22
100
AcDbEntity
  8
F.Paste
  6
CONTINUOUS
100
AcDbLine
 10
113.6248749999999887
 20
-111.8753949999999975
 30
0
 11
113.7543229999999994
 21
-112.0996059999999943
 31
0
  0
LINE
  5
7CF
330
22
100
AcDbEntity
  8
F.Paste
  6
CONTINUOUS
100
AcDbLine
 10
113.7543229999999994
 20
-112.0996059999999943
 30
0
 11
113.9119299999999981
 21
-112.3050029999999992
 31
0
  0
LINE
  5
7D0
330
22
100
AcDbEntity
  8
F.Paste
  6
CONTINUOUS
100
AcDbLine
 10
113.9119299999999981
 20
-112.3050029999999992
 30
0
 11
114.0949969999999922
 21
-112.4880699999999933
 31
0
  0
LINE
  5
7D1
330
22
100
AcDbEntity
  8
F.Paste
  6
CONTINUOUS
100
AcDbLine
 10
114.0949969999999922
 20
-112.4880699999999933
 30
0
 11
114.3003939999999972
 21
-112.6456769999999921
 31
0
  0
LINE
  5
7D2
330
22
100
AcDbEntity
  8
F.Paste
  6
CONTINUOUS
100
AcDbLine
 10
114.3003939999999972
 20
-112.6456769999999921
 30
0
 11
114.524604999999994
 21
-112.7751249999999885
 31
0
  0
LINE
  5
7D3
330
22
100
AcDbEntity
  8
F.Paste
  6
CONTINUOUS
100
AcDbLine
 10
114.524604999999994
 20
-112.7751249999999885
 30
0
 11
114.7637950000000018
 21
-112.8742000000000019
 31
0
  0
LINE
  5
7D4
330
22
100
AcDbEntity
  8
F.Paste
  6
CONTINUOUS
100
AcDbLine
 10
114.7637950000000018
 20
-112.8742000000000019
 30
0
 11
115.0138699999999972
 21
-112.9412079999999889
 31
0
  0
LINE
  5
7D5
330
22
100
AcDbEntity
  8
F.Paste
  6
CONTINUOUS
100
AcDbLine
 10
115.0138699999999972
 20
-112.9412079999999889
 30
0
 11
115.270551999999995
 21
-112.9749999999999943
 31
0
  0
LINE
  5
7D6
330
22
100
AcDbEntity
  8
F.Paste
  6
CONTINUOUS
100
AcDbLine
 10
115.270551999999995
 20
-112.9749999999999943
 30
0
 11
115.3999999999999915
 21
-112.9749999999999943
 31
0
  0
LINE
  5
7D7
330
22
100
AcDbEntity
  8
F.Paste
  6
CONTINUOUS
100
AcDbLine
 10
115.3999999999999915
 20
-112.9749999999999943
 30
0
 11
168.4000000000000057
 21
-112.9749999999999943
 31
0
  0
LINE
  5
7D8
330
22
100
AcDbEntity
  8
F.Paste
  6
CONTINUOUS
100
AcDbLine
 10
168.4000000000000057
 20
-112.9749999999999943
 30
0
 11
168.5294480000000021
 21
-112.9749999999999943
 31
0
  0
LINE
  5
7D9
330
22
100
AcDbEntity
  8
F.Paste
  6
CONTINUOUS
100
AcDbLine
 10
168.5294480000000021
 20
-112.9749999999999943
 30
0
 11
168.7861299999999858
 21
-112.9412079999999889
 31
0
  0
LINE
  5
7DA
330
22
100
AcDbEntity
  8
F.Paste
  6
CONTINUOUS
100
AcDbLine
 10
168.7861299999999858
 20
-112.9412079999999889
 30
0
 11
169.0362049999999954
 21
-112.8742000000000019
 31
0
  0
LINE
  5
7DB
330
22
100
AcDbEntity
  8
F.Paste
  6
CONTINUOUS
100
AcDbLine
 10
169.0362049999999954
 20
-112.8742000000000019
 30
0
 11
169.2753950000000032
 21
-112.7751249999999885
 31
0
  0
LINE
  5
7DC
330
22
100
AcDbEntity
  8
F.Paste
  6
CONTINUOUS
100
AcDbLine
 10
169.2753950000000032
 20
-112.7751249999999885
 30
0
 11
169.499606
 21
-112.6456769999999921
 31
0
  0
LINE
  5
7DD
330
22
100
AcDbEntity
  8
F.Paste
  6
CONTINUOUS
100
AcDbLine
 10
169.499606
 20
-112.6456769999999921
 30
0
 11
169.7050030000000049
 21
-112.4880699999999933
 31
0
  0
LINE
  5
7DE
330
22
100
AcDbEntity
  8
F.Paste
  6
CONTINUOUS
100
AcDbLine
 10
169.7050030000000049
 20
-112.4880699999999933
 30
0
 11
169.888069999999999
 21
-112.3050029999999992
 31
0
  0
LINE
  5
7DF
330
22
100
AcDbEntity
  8
F.Paste
  6
CONTINUOUS
100
AcDbLine
 10
169.888069999999999
 20
-112.3050029999999992
 30
0
 11
170.0456769999999835
 21
-112.0996059999999943
 31
0
  0
LINE
  5
7E0
330
22
100
AcDbEntity
  8
F.Paste
  6
CONTINUOUS
100
AcDbLine
 10
170.0456769999999835
 20
-112.0996059999999943
 30
0
 11
170.17512499999998
 21
-111.8753949999999975
 31
0
  0
LINE
  5
7E1
330
22
100
AcDbEntity
  8
F.Paste
  6
CONTINUOUS
100
AcDbLine
 10
170.17512499999998
 20
-111.8753949999999975
 30
0
 11
170.2741999999999791
 21
-111.6362049999999897
 31
0
  0
LINE
  5
7E2
330
22
100
AcDbEntity
  8
F.Paste
  6
CONTINUOUS
100
AcDbLine
 10
170.2741999999999791
 20
-111.6362049999999897
 30
0
 11
170.3412079999999946
 21
-111.3861299999999943
 31
0
  0
LINE
  5
7E3
330
22
100
AcDbEntity
  8
F.Paste
  6
CONTINUOUS
100
AcDbLine
 10
170.3412079999999946
 20
-111.3861299999999943
 30
0
 11
170.375
 21
-111.1294479999999965
 31
0
  0
LINE
  5
7E4
330
22
100
AcDbEntity
  8
F.Paste
  6
CONTINUOUS
100
AcDbLine
 10
170.375
 20
-111.1294479999999965
 30
0
 11
170.375
 21
-111.
 31
0
  0
LINE
  5
7E5
330
22
100
AcDbEntity
  8
F.Paste
  6
CONTINUOUS
100
AcDbLine
 10
170.375
 20
-111.
 30
0
 11
170.375
 21
-76.5
 31
0
  0
LINE
  5
7E6
330
22
100
AcDbEntity
  8
F.Paste
  6
CONTINUOUS
100
AcDbLine
 10
170.375
 20
-76.5
 30
0
 11
170.375
 21
-76.3705520000000035
 31
0
  0
LINE
  5
7E7
330
22
100
AcDbEntity
  8
F.Paste
  6
CONTINUOUS
100
AcDbLine
 10
170.375
 20
-76.3705520000000035
 30
0
 11
170.3412079999999946
 21
-76.1138699999999915
 31
0
  0
LINE
  5
7E8
330
22
100
AcDbEntity
  8
F.Paste
  6
CONTINUOUS
100
AcDbLine
 10
170.3412079999999946
 20
-76.1138699999999915
 30
0
 11
170.2741999999999791
 21
-75.8637949999999961
 31
0
  0
LINE
  5
7E9
330
22
100
AcDbEntity
  8
F.Paste
  6
CONTINUOUS
100
AcDbLine
 10
170.2741999999999791
 20
-75.8637949999999961
 30
0
 11
170.17512499999998
 21
-75.6246050000000025
 31
0
  0
LINE
  5
7EA
330
22
100
AcDbEntity
  8
F.Paste
  6
CONTINUOUS
100
AcDbLine
 10
170.17512499999998
 20
-75.6246050000000025
 30
0
 11
170.0456769999999835
 21
-75.4003939999999915
 31
0
  0
LINE
  5
7EB
330
22
100
AcDbEntity
  8
F.Paste
  6
CONTINUOUS
100
AcDbLine
 10
170.0456769999999835
 20
-75.4003939999999915
 30
0
 11
169.888069999999999
 21
-75.1949970000000008
 31
0
  0
LINE
  5
7EC
330
22
100
AcDbEntity
  8
F.Paste
  6
CONTINUOUS
100
AcDbLine
 10
169.888069999999999
 20
-75.1949970000000008
 30
0
 11
169.7050030000000049
 21
-75.0119299999999924
 31
0
  0
LINE
  5
7ED
330
22
100
AcDbEntity
  8
F.Paste
  6
CONTINUOUS
100
AcDbLine
 10
169.7050030000000049
 20
-75.0119299999999924
 30
0
 11
169.499606
 21
-74.8543229999999937
 31
0
  0
LINE
  5
7EE
330
22
100
AcDbEntity
  8
F.Paste
  6
CONTINUOUS
100
AcDbLine
 10
169.499606
 20
-74.8543229999999937
 30
0
 11
169.2753950000000032
 21
-74.7248749999999973
 31
0
  0
LINE
  5
7EF
330
22
100
AcDbEntity
  8
F.Paste
  6
CONTINUOUS
100
AcDbLine
 10
169.2753950000000032
 20
-74.7248749999999973
 30
0
 11
169.0362049999999954
 21
-74.6257999999999981
 31
0
  0
LINE
  5
7F0
330
22
100
AcDbEntity
  8
F.Paste
  6
CONTINUOUS
100
AcDbLine
 10
169.0362049999999954
 20
-74.6257999999999981
 30
0
 11
168.7861299999999858
 21
-74.5587919999999968
 31
0
  0
LINE
  5
7F1
330
22
100
AcDbEntity
  8
F.Paste
  6
CONTINUOUS
100
AcDbLine
 10
168.7861299999999858
 20
-74.5587919999999968
 30
0
 11
168.5294480000000021
 21
-74.5249999999999915
 31
0
  0
LINE
  5
7F2
330
22
100
AcDbEntity
  8
F.Paste
  6
CONTINUOUS
100
AcDbLine
 10
168.5294480000000021
 20
-74.5249999999999915
 30
0
 11
168.4000000000000057
 21
-74.5249999999999915
 31
0
  0
LINE
  5
7F3
330
22
100
AcDbEntity
  8
F.Paste
  6
CONTINUOUS
100
AcDbLine
 10
168.4000000000000057
 20
-74.5249999999999915
 30
0
 11
115.3999999999999915
 21
-74.5249999999999915
 31
0
  0
CIRCLE
  5
7F4
330
22
100
AcDbEntity
  8
F.Paste
100
AcDbCircle
 10
163.9000000000000057
 20
-90.
 30
0
 40
0.175
  0
CIRCLE
  5
7F5
330
22
100
AcDbEntity
  8
F.Paste
100
AcDbCircle
 10
163.9000000000000057
 20
-88.
 30
0
 40
0.175
  0
CIRCLE
  5
7F6
330
22
100
AcDbEntity
  8
F.Paste
100
AcDbCircle
 10
115.8407579999999939
 20
-85.6991840000000025
 30
0
 40
0.175
  0
CIRCLE
  5
7F7
330
22
100
AcDbEntity
  8
F.Paste
100
AcDbCircle
 10
115.8407579999999939
 20
-83.1591839999999962
 30
0
 40
0.175
  0
CIRCLE
  5
7F8
330
22
100
AcDbEntity
  8
F.Paste
100
AcDbCircle
 10
160.9000000000000057
 20
-90.
 30
0
 40
0.175
  0
CIRCLE
  5
7F9
330
22
100
AcDbEntity
  8
F.Paste
100
AcDbCircle
 10
160.9000000000000057
 20
-88.
 30
0
 40
0.175
  0
CIRCLE
  5
7FA
330
22
100
AcDbEntity
  8
F.Paste
100
AcDbCircle
 10
160.9000000000000057
 20
-86.
 30
0
 40
0.175
  0
CIRCLE
  5
7FB
330
22
100
AcDbEntity
  8
F.Paste
100
AcDbCircle
 10
142.4000000000000057
 20
-77.
 30
0
 40
0.175
  0
CIRCLE
  5
7FC
330
22
100
AcDbEntity
  8
F.Paste
100
AcDbCircle
 10
140.4000000000000057
 20
-77.
 30
0
 40
0.175
  0
CIRCLE
  5
7FD
330
22
100
AcDbEntity
  8
F.Paste
100
AcDbCircle
 10
138.4000000000000057
 20
-77.
 30
0
 40
0.175
  0
CIRCLE
  5
7FE
330
22
100
AcDbEntity
  8
F.Paste
100
AcDbCircle
 10
156.9000000000000057
 20
-78.25
 30
0
 40
0.175
  0
CIRCLE
  5
7FF
330
22
100
AcDbEntity
  8
F.Paste
100
AcDbCircle
 10
166.9000000000000057
 20
-90.
 30
0
 40
0.175
  0
CIRCLE
  5
800
330
22
100
AcDbEntity
  8
F.Paste
100
AcDbCircle
 10
166.9000000000000057
 20
-88.
 30
0
 40
0.175
  0
ENDSEC
  0
SECTION
  2
OBJECTS
  0
DICTIONARY
  5
28
330
0
100
AcDbDictionary
281
1
  3
ACAD_GROUP
350
801
  3
ACAD_LAYOUT
350
29
  3
ACAD_PLOTSTYLENAME
350
11
  0
DICTIONARY
  5
801
330
28
100
AcDbDictionary
281
1
  0
ACDBDICTIONARYWDFLT
  5
11
330
28
100
AcDbDictionary
281
1
  3
Normal
350
10
100
AcDbDictionaryWithDefault
340
10
  0
ACDBPLACEHOLDER
  5
10
330
11
  0
DICTIONARY
  5
29
330
28
100
AcDbDictionary
281
1
  3
Model
350
25
  3
Layout1
350
26
  3
Layout2
350
27
  0
LAYOUT
  5
25
330
29
100
AcDbPlotSettings
  1

  2
none_device
  4
A3
  6

 40
0.0
 41
0.0
 42
0.0
 43
0.0
 44
420.0
 45
297.0
 46
0.0
 47
0.0
 48
0.0
 49
0.0
140
0.0
141
0.0
142
1.0
143
1.0
 70
1024
 72
1
 73
0
 74
5
  7

 75
16
 76
0
 77
2
 78
300
147
1.0
148
0.0
149
0.0
100
AcDbLayout
  1
Model
 70
1
 71
0
 10
0.0
 20
0.0
 11
420.0
 21
297.0
 12
0.0
 22
0.0
 32
0.0
 14
1e+20
 24
1e+20
 34
1e+20
 15
-1e+20
 25
-1e+20
 35
-1e+20
146
0.0
 13
0.0
 23
0.0
 33
0.0
 16
1.0
 26
0.0
 36
0.0
 17
0.0
 27
1.0
 37
0.0
 76
0
330
22
  0
LAYOUT
  5
26
330
29
100
AcDbPlotSettings
  1

  2
none_device
  4
A3
  6

 40
0.0
 41
0.0
 42
0.0
 43
0.0
 44
420.0
 45
297.0
 46
0.0
 47
0.0
 48
0.0
 49
0.0
140
0.0
141
0.0
142
1.0
143
1.0
 70
0
 72
1
 73
0
 74
5
  7

 75
16
 76
0
 77
2
 78
300
147
1.0
148
0.0
149
0.0
100
AcDbLayout
  1
Layout1
 70
1
 71
1
 10
0.0
 20
0.0
 11
420.0
 21
297.0
 12
0.0
 22
0.0
 32
0.0
 14
1e+20
 24
1e+20
 34
1e+20
 15
-1e+20
 25
-1e+20
 35
-1e+20
146
0.0
 13
0.0
 23
0.0
 33
0.0
 16
1.0
 26
0.0
 36
0.0
 17
0.0
 27
1.0
 37
0.0
 76
0
330
23
  0
LAYOUT
  5
27
330
29
100
AcDbPlotSettings
  1

  2
none_device
  4
A3
  6

 40
0.0
 41
0.0
 42
0.0
 43
0.0
 44
420.0
 45
297.0
 46
0.0
 47
0.0
 48
0.0
 49
0.0
140
0.0
141
0.0
142
1.0
143
1.0
 70
0
 72
1
 73
0
 74
5
  7

 75
16
 76
0
 77
2
 78
300
147
1.0
148
0.0
149
0.0
100
AcDbLayout
  1
Layout2
 70
1
 71
2
 10
0.0
 20
0.0
 11
420.0
 21
297.0
 12
0.0
 22
0.0
 32
0.0
 14
1e+20
 24
1e+20
 34
1e+20
 15
-1e+20
 25
-1e+20
 35
-1e+20
146
0.0
 13
0.0
 23
0.0
 33
0.0
 16
1.0
 26
0.0
 36
0.0
 17
0.0
 27
1.0
 37
0.0
 76
0
330
24
  0
ENDSEC
  0
EOF
