  0
SECTION
  2
HEADER
  9
$ACADVER
  1
AC1018
  9
$HANDSEED
  5
FFFFFFFF
  9
$ANGBASE
  50
0.0
  9
$ANGDIR
  70
1
  9
$MEASUREMENT
  70
1
  9
$INSUNITS
  70
4
  0
ENDSEC
  0
SECTION
  2
TABLES
  0
TABLE
  2
APPID
  5
1
330
0
100
AcDbSymbolTable
 70
1
  0
APPID
  5
2
330
1
100
AcDbSymbolTableRecord
100
AcDbRegAppTableRecord
  2
ACAD
 70
0
  0
ENDTAB
  0
TABLE
  2
LTYPE
  5
3
330
0
100
AcDbSymbolTable
 70
6
  0
LTYPE
  5
4
330
3
100
AcDbSymbolTableRecord
100
AcDbLinetypeTableRecord
  2
ByBlock
 70
0
  3

 72
65
 73
0
 40
0
  0
LTYPE
  5
5
330
3
100
AcDbSymbolTableRecord
100
AcDbLinetypeTableRecord
  2
ByLayer
 70
0
  3

 72
65
 73
0
 40
0
  0
LTYPE
  5
6
330
3
100
AcDbSymbolTableRecord
100
AcDbLinetypeTableRecord
  2
CONTINUOUS
 70
0
  3
Solid line
 72
65
 73
0
 40
0
  0
LTYPE
  5
7
330
3
100
AcDbSymbolTableRecord
100
AcDbLinetypeTableRecord
  2
DASHDOT
 70
0
  3
Dash Dot ____ _ ____ _
 72
65
 73
4
 40
2
 49
1.25
 74
0
 49
-0.25
 74
0
 49
0.25
 74
0
 49
-0.25
 74
0
  0
LTYPE
  5
8
330
3
100
AcDbSymbolTableRecord
100
AcDbLinetypeTableRecord
  2
DASHED
 70
0
  3
Dashed __ __ __ __ __
 72
65
 73
2
 40
0.75
 49
0.5
 74
0
 49
-0.25
 74
0
  0
LTYPE
  5
9
330
3
100
AcDbSymbolTableRecord
100
AcDbLinetypeTableRecord
  2
DOTTED
 70
0
  3
Dotted .  .  .  .
 72
65
 73
2
 40
0.2
 49
0.0
 74
0
 49
-0.2
 74
0
  0
ENDTAB
  0
TABLE
  2
STYLE
  5
A
330
0
100
AcDbSymbolTable
 70
4
  0
STYLE
  5
B
330
A
100
AcDbSymbolTableRecord
100
AcDbTextStyleTableRecord
  2
KICAD
 70
0
 40
0
 41
1
 42
1
 50
0
 71
0
  3
isocp.shx
  0
STYLE
  5
C
330
A
100
AcDbSymbolTableRecord
100
AcDbTextStyleTableRecord
  2
KICADB
 70
0
 40
0
 41
1
 42
1
 50
0
 71
0
  3
isocp.shx
  0
STYLE
  5
D
330
A
100
AcDbSymbolTableRecord
100
AcDbTextStyleTableRecord
  2
KICADI
 70
0
 40
0
 41
1
 42
1
 50
15
 71
0
  3
isocp.shx
  0
STYLE
  5
E
330
A
100
AcDbSymbolTableRecord
100
AcDbTextStyleTableRecord
  2
KICADBI
 70
0
 40
0
 41
1
 42
1
 50
15
 71
0
  3
isocp.shx
  0
ENDTAB
  0
TABLE
  2
LAYER
  5
F
330
0
100
AcDbSymbolTable
 70
10
  0
LAYER
  5
12
330
F
100
AcDbSymbolTableRecord
100
AcDbLayerTableRecord
  2
0
 70
0
 62
7
  6
CONTINUOUS
390
10
  0
LAYER
  5
13
330
F
100
AcDbSymbolTableRecord
100
AcDbLayerTableRecord
  2
F.Cu
 70
0
 62
13
420
13120564
  6
CONTINUOUS
390
10
  0
LAYER
  5
14
330
F
100
AcDbSymbolTableRecord
100
AcDbLayerTableRecord
  2
B.Cu
 70
0
 62
153
420
5078980
  6
CONTINUOUS
390
10
  0
LAYER
  5
15
330
F
100
AcDbSymbolTableRecord
100
AcDbLayerTableRecord
  2
F.Paste
 70
0
 62
253
420
11837594
  6
CONTINUOUS
390
10
  0
LAYER
  5
16
330
F
100
AcDbSymbolTableRecord
100
AcDbLayerTableRecord
  2
B.Paste
 70
0
 62
132
420
49858
  6
CONTINUOUS
390
10
  0
LAYER
  5
17
330
F
100
AcDbSymbolTableRecord
100
AcDbLayerTableRecord
  2
F.Silkscreen
 70
0
 62
41
420
15920545
  6
CONTINUOUS
390
10
  0
LAYER
  5
18
330
F
100
AcDbSymbolTableRecord
100
AcDbLayerTableRecord
  2
B.Silkscreen
 70
0
 62
31
420
15250087
  6
CONTINUOUS
390
10
  0
LAYER
  5
19
330
F
100
AcDbSymbolTableRecord
100
AcDbLayerTableRecord
  2
F.Mask
 70
0
 62
201
420
14181631
  6
CONTINUOUS
390
10
  0
LAYER
  5
1A
330
F
100
AcDbSymbolTableRecord
100
AcDbLayerTableRecord
  2
B.Mask
 70
0
 62
4
420
196590
  6
CONTINUOUS
390
10
  0
LAYER
  5
1B
330
F
100
AcDbSymbolTableRecord
100
AcDbLayerTableRecord
  2
Edge.Cuts
 70
0
 62
254
420
13685453
  6
CONTINUOUS
390
10
  0
ENDTAB
  0
TABLE
  2
VPORT
  5
1C
330
0
100
AcDbSymbolTable
 70
0
  0
ENDTAB
  0
TABLE
  2
VIEW
  5
1D
330
0
100
AcDbSymbolTable
 70
0
  0
ENDTAB
  0
TABLE
  2
UCS
  5
1E
330
0
100
AcDbSymbolTable
 70
0
  0
ENDTAB
  0
TABLE
  2
DIMSTYLE
  5
1F
330
0
100
AcDbSymbolTable
 70
1
100
AcDbDimStyleTable
 71
0
  0
DIMSTYLE
105
20
330
1F
100
AcDbSymbolTableRecord
100
AcDbDimStyleTableRecord
  2
Standard
 70
0
  0
ENDTAB
  0
TABLE
  2
BLOCK_RECORD
  5
21
330
0
100
AcDbSymbolTable
 70
3
  0
BLOCK_RECORD
  5
22
330
21
100
AcDbSymbolTableRecord
100
AcDbBlockTableRecord
  2
*Model_Space
340
25
 70
0
280
1
281
0
  0
BLOCK_RECORD
  5
23
330
21
100
AcDbSymbolTableRecord
100
AcDbBlockTableRecord
  2
*Paper_Space
340
26
 70
0
280
1
281
0
  0
BLOCK_RECORD
  5
24
330
21
100
AcDbSymbolTableRecord
100
AcDbBlockTableRecord
  2
*Paper_Space0
340
27
 70
0
280
1
281
0
  0
ENDTAB
  0
ENDSEC
  0
SECTION
  2
BLOCKS
  0
BLOCK
  5
2B
330
22
100
AcDbEntity
  8
0
100
AcDbBlockBegin
  2
*Model_Space
 70
0
 10
0.0
 20
0.0
 30
0.0
  3
*Model_Space
  1

  0
ENDBLK
  5
2A
330
22
100
AcDbEntity
  8
0
100
AcDbBlockEnd
  0
BLOCK
  5
2D
330
23
100
AcDbEntity
 67
1
  8
0
100
AcDbBlockBegin
  2
*Paper_Space
 70
0
 10
0.0
 20
0.0
 30
0.0
  3
*Paper_Space
  1

  0
ENDBLK
  5
2C
330
23
100
AcDbEntity
 67
1
  8
0
100
AcDbBlockEnd
  0
BLOCK
  5
2F
330
24
100
AcDbEntity
 67
1
  8
0
100
AcDbBlockBegin
  2
*Paper_Space0
 70
0
 10
0.0
 20
0.0
 30
0.0
  3
*Paper_Space0
  1

  0
ENDBLK
  5
2E
330
24
100
AcDbEntity
 67
1
  8
0
100
AcDbBlockEnd
  0
ENDSEC
  0
SECTION
  2
ENTITIES
  0
LINE
  5
30
330
22
100
AcDbEntity
  8
B.Cu
  6
CONTINUOUS
100
AcDbLine
 10
116.4177139999999895
 20
-93.3822949999999992
 30
0
 11
116.5535479999999922
 21
-93.4385589999999979
 31
0
  0
LINE
  5
31
330
22
100
AcDbEntity
  8
B.Cu
  6
CONTINUOUS
100
AcDbLine
 10
116.5535479999999922
 20
-93.4385589999999979
 30
0
 11
116.6757949999999937
 21
-93.5202419999999961
 31
0
  0
LINE
  5
32
330
22
100
AcDbEntity
  8
B.Cu
  6
CONTINUOUS
100
AcDbLine
 10
116.6757949999999937
 20
-93.5202419999999961
 30
0
 11
116.7797580000000011
 21
-93.6242049999999892
 31
0
  0
LINE
  5
33
330
22
100
AcDbEntity
  8
B.Cu
  6
CONTINUOUS
100
AcDbLine
 10
116.7797580000000011
 20
-93.6242049999999892
 30
0
 11
116.8614409999999992
 21
-93.7464519999999908
 31
0
  0
LINE
  5
34
330
22
100
AcDbEntity
  8
B.Cu
  6
CONTINUOUS
100
AcDbLine
 10
116.8614409999999992
 20
-93.7464519999999908
 30
0
 11
116.917704999999998
 21
-93.8822859999999935
 31
0
  0
LINE
  5
35
330
22
100
AcDbEntity
  8
B.Cu
  6
CONTINUOUS
100
AcDbLine
 10
116.917704999999998
 20
-93.8822859999999935
 30
0
 11
116.9212289999999967
 21
-93.8999999999999915
 31
0
  0
LINE
  5
36
330
22
100
AcDbEntity
  8
B.Cu
  6
CONTINUOUS
100
AcDbLine
 10
116.9212289999999967
 20
-93.8999999999999915
 30
0
 11
117.779365999999996
 21
-93.8999999999999915
 31
0
  0
LINE
  5
37
330
22
100
AcDbEntity
  8
B.Cu
  6
CONTINUOUS
100
AcDbLine
 10
117.779365999999996
 20
-93.8999999999999915
 30
0
 11
117.8173719999999918
 21
-93.8619939999999957
 31
0
  0
LINE
  5
38
330
22
100
AcDbEntity
  8
B.Cu
  6
CONTINUOUS
100
AcDbLine
 10
117.8173719999999918
 20
-93.8619939999999957
 30
0
 11
117.885194999999996
 21
-93.8228359999999952
 31
0
  0
LINE
  5
39
330
22
100
AcDbEntity
  8
B.Cu
  6
CONTINUOUS
100
AcDbLine
 10
117.885194999999996
 20
-93.8228359999999952
 30
0
 11
117.9608419999999995
 21
-93.8025669999999963
 31
0
  0
LINE
  5
3A
330
22
100
AcDbEntity
  8
B.Cu
  6
CONTINUOUS
100
AcDbLine
 10
117.9608419999999995
 20
-93.8025669999999963
 30
0
 11
118.0391580000000005
 21
-93.8025669999999963
 31
0
  0
LINE
  5
3B
330
22
100
AcDbEntity
  8
B.Cu
  6
CONTINUOUS
100
AcDbLine
 10
118.0391580000000005
 20
-93.8025669999999963
 30
0
 11
118.1148049999999898
 21
-93.8228359999999952
 31
0
  0
LINE
  5
3C
330
22
100
AcDbEntity
  8
B.Cu
  6
CONTINUOUS
100
AcDbLine
 10
118.1148049999999898
 20
-93.8228359999999952
 30
0
 11
118.182627999999994
 21
-93.8619939999999957
 31
0
  0
LINE
  5
3D
330
22
100
AcDbEntity
  8
B.Cu
  6
CONTINUOUS
100
AcDbLine
 10
118.182627999999994
 20
-93.8619939999999957
 30
0
 11
118.2380059999999986
 21
-93.9173720000000003
 31
0
  0
LINE
  5
3E
330
22
100
AcDbEntity
  8
B.Cu
  6
CONTINUOUS
100
AcDbLine
 10
118.2380059999999986
 20
-93.9173720000000003
 30
0
 11
118.2771639999999991
 21
-93.9851949999999903
 31
0
  0
LINE
  5
3F
330
22
100
AcDbEntity
  8
B.Cu
  6
CONTINUOUS
100
AcDbLine
 10
118.2771639999999991
 20
-93.9851949999999903
 30
0
 11
118.2974329999999981
 21
-94.0608419999999938
 31
0
  0
LINE
  5
40
330
22
100
AcDbEntity
  8
B.Cu
  6
CONTINUOUS
100
AcDbLine
 10
118.2974329999999981
 20
-94.0608419999999938
 30
0
 11
118.2974329999999981
 21
-94.1391579999999948
 31
0
  0
LINE
  5
41
330
22
100
AcDbEntity
  8
B.Cu
  6
CONTINUOUS
100
AcDbLine
 10
118.2974329999999981
 20
-94.1391579999999948
 30
0
 11
118.2771639999999991
 21
-94.2148049999999984
 31
0
  0
LINE
  5
42
330
22
100
AcDbEntity
  8
B.Cu
  6
CONTINUOUS
100
AcDbLine
 10
118.2771639999999991
 20
-94.2148049999999984
 30
0
 11
118.2380059999999986
 21
-94.2826280000000025
 31
0
  0
LINE
  5
43
330
22
100
AcDbEntity
  8
B.Cu
  6
CONTINUOUS
100
AcDbLine
 10
118.2380059999999986
 20
-94.2826280000000025
 30
0
 11
118.182627999999994
 21
-94.3380059999999929
 31
0
  0
LINE
  5
44
330
22
100
AcDbEntity
  8
B.Cu
  6
CONTINUOUS
100
AcDbLine
 10
118.182627999999994
 20
-94.3380059999999929
 30
0
 11
118.1148049999999898
 21
-94.3771639999999934
 31
0
  0
LINE
  5
45
330
22
100
AcDbEntity
  8
B.Cu
  6
CONTINUOUS
100
AcDbLine
 10
118.1148049999999898
 20
-94.3771639999999934
 30
0
 11
118.0391580000000005
 21
-94.3974329999999924
 31
0
  0
LINE
  5
46
330
22
100
AcDbEntity
  8
B.Cu
  6
CONTINUOUS
100
AcDbLine
 10
118.0391580000000005
 20
-94.3974329999999924
 30
0
 11
117.9608419999999995
 21
-94.3974329999999924
 31
0
  0
LINE
  5
47
330
22
100
AcDbEntity
  8
B.Cu
  6
CONTINUOUS
100
AcDbLine
 10
117.9608419999999995
 20
-94.3974329999999924
 30
0
 11
117.885194999999996
 21
-94.3771639999999934
 31
0
  0
LINE
  5
48
330
22
100
AcDbEntity
  8
B.Cu
  6
CONTINUOUS
100
AcDbLine
 10
117.885194999999996
 20
-94.3771639999999934
 30
0
 11
117.8173719999999918
 21
-94.3380059999999929
 31
0
  0
LINE
  5
49
330
22
100
AcDbEntity
  8
B.Cu
  6
CONTINUOUS
100
AcDbLine
 10
117.8173719999999918
 20
-94.3380059999999929
 30
0
 11
117.779365999999996
 21
-94.2999999999999972
 31
0
  0
LINE
  5
4A
330
22
100
AcDbEntity
  8
B.Cu
  6
CONTINUOUS
100
AcDbLine
 10
117.779365999999996
 20
-94.2999999999999972
 30
0
 11
116.9212289999999967
 21
-94.2999999999999972
 31
0
  0
LINE
  5
4B
330
22
100
AcDbEntity
  8
B.Cu
  6
CONTINUOUS
100
AcDbLine
 10
116.9212289999999967
 20
-94.2999999999999972
 30
0
 11
116.917704999999998
 21
-94.3177139999999952
 31
0
  0
LINE
  5
4C
330
22
100
AcDbEntity
  8
B.Cu
  6
CONTINUOUS
100
AcDbLine
 10
116.917704999999998
 20
-94.3177139999999952
 30
0
 11
116.8614409999999992
 21
-94.4535479999999978
 31
0
  0
LINE
  5
4D
330
22
100
AcDbEntity
  8
B.Cu
  6
CONTINUOUS
100
AcDbLine
 10
116.8614409999999992
 20
-94.4535479999999978
 30
0
 11
116.7797580000000011
 21
-94.5757949999999994
 31
0
  0
LINE
  5
4E
330
22
100
AcDbEntity
  8
B.Cu
  6
CONTINUOUS
100
AcDbLine
 10
116.7797580000000011
 20
-94.5757949999999994
 30
0
 11
116.6757949999999937
 21
-94.6797579999999925
 31
0
  0
LINE
  5
4F
330
22
100
AcDbEntity
  8
B.Cu
  6
CONTINUOUS
100
AcDbLine
 10
116.6757949999999937
 20
-94.6797579999999925
 30
0
 11
116.5535479999999922
 21
-94.7614409999999907
 31
0
  0
LINE
  5
50
330
22
100
AcDbEntity
  8
B.Cu
  6
CONTINUOUS
100
AcDbLine
 10
116.5535479999999922
 20
-94.7614409999999907
 30
0
 11
116.4177139999999895
 21
-94.8177049999999895
 31
0
  0
LINE
  5
51
330
22
100
AcDbEntity
  8
B.Cu
  6
CONTINUOUS
100
AcDbLine
 10
116.4177139999999895
 20
-94.8177049999999895
 30
0
 11
116.2735129999999941
 21
-94.8463890000000021
 31
0
  0
LINE
  5
52
330
22
100
AcDbEntity
  8
B.Cu
  6
CONTINUOUS
100
AcDbLine
 10
116.2735129999999941
 20
-94.8463890000000021
 30
0
 11
116.1264869999999974
 21
-94.8463890000000021
 31
0
  0
LINE
  5
53
330
22
100
AcDbEntity
  8
B.Cu
  6
CONTINUOUS
100
AcDbLine
 10
116.1264869999999974
 20
-94.8463890000000021
 30
0
 11
115.9822859999999878
 21
-94.8177049999999895
 31
0
  0
LINE
  5
54
330
22
100
AcDbEntity
  8
B.Cu
  6
CONTINUOUS
100
AcDbLine
 10
115.9822859999999878
 20
-94.8177049999999895
 30
0
 11
115.8464519999999993
 21
-94.7614409999999907
 31
0
  0
LINE
  5
55
330
22
100
AcDbEntity
  8
B.Cu
  6
CONTINUOUS
100
AcDbLine
 10
115.8464519999999993
 20
-94.7614409999999907
 30
0
 11
115.7242049999999978
 21
-94.6797579999999925
 31
0
  0
LINE
  5
56
330
22
100
AcDbEntity
  8
B.Cu
  6
CONTINUOUS
100
AcDbLine
 10
115.7242049999999978
 20
-94.6797579999999925
 30
0
 11
115.6202419999999904
 21
-94.5757949999999994
 31
0
  0
LINE
  5
57
330
22
100
AcDbEntity
  8
B.Cu
  6
CONTINUOUS
100
AcDbLine
 10
115.6202419999999904
 20
-94.5757949999999994
 30
0
 11
115.5385589999999922
 21
-94.4535479999999978
 31
0
  0
LINE
  5
58
330
22
100
AcDbEntity
  8
B.Cu
  6
CONTINUOUS
100
AcDbLine
 10
115.5385589999999922
 20
-94.4535479999999978
 30
0
 11
115.4822949999999935
 21
-94.3177139999999952
 31
0
  0
LINE
  5
59
330
22
100
AcDbEntity
  8
B.Cu
  6
CONTINUOUS
100
AcDbLine
 10
115.4822949999999935
 20
-94.3177139999999952
 30
0
 11
115.4536109999999951
 21
-94.1735129999999998
 31
0
  0
LINE
  5
5A
330
22
100
AcDbEntity
  8
B.Cu
  6
CONTINUOUS
100
AcDbLine
 10
115.4536109999999951
 20
-94.1735129999999998
 30
0
 11
115.4536109999999951
 21
-94.0264869999999888
 31
0
  0
LINE
  5
5B
330
22
100
AcDbEntity
  8
B.Cu
  6
CONTINUOUS
100
AcDbLine
 10
115.4536109999999951
 20
-94.0264869999999888
 30
0
 11
115.4822949999999935
 21
-93.8822859999999935
 31
0
  0
LINE
  5
5C
330
22
100
AcDbEntity
  8
B.Cu
  6
CONTINUOUS
100
AcDbLine
 10
115.4822949999999935
 20
-93.8822859999999935
 30
0
 11
115.5385589999999922
 21
-93.7464519999999908
 31
0
  0
LINE
  5
5D
330
22
100
AcDbEntity
  8
B.Cu
  6
CONTINUOUS
100
AcDbLine
 10
115.5385589999999922
 20
-93.7464519999999908
 30
0
 11
115.6202419999999904
 21
-93.6242049999999892
 31
0
  0
LINE
  5
5E
330
22
100
AcDbEntity
  8
B.Cu
  6
CONTINUOUS
100
AcDbLine
 10
115.6202419999999904
 20
-93.6242049999999892
 30
0
 11
115.7242049999999978
 21
-93.5202419999999961
 31
0
  0
LINE
  5
5F
330
22
100
AcDbEntity
  8
B.Cu
  6
CONTINUOUS
100
AcDbLine
 10
115.7242049999999978
 20
-93.5202419999999961
 30
0
 11
115.8464519999999993
 21
-93.4385589999999979
 31
0
  0
LINE
  5
60
330
22
100
AcDbEntity
  8
B.Cu
  6
CONTINUOUS
100
AcDbLine
 10
115.8464519999999993
 20
-93.4385589999999979
 30
0
 11
115.9822859999999878
 21
-93.3822949999999992
 31
0
  0
LINE
  5
61
330
22
100
AcDbEntity
  8
B.Cu
  6
CONTINUOUS
100
AcDbLine
 10
115.9822859999999878
 20
-93.3822949999999992
 30
0
 11
116.1264869999999974
 21
-93.3536110000000008
 31
0
  0
LINE
  5
62
330
22
100
AcDbEntity
  8
B.Cu
  6
CONTINUOUS
100
AcDbLine
 10
116.1264869999999974
 20
-93.3536110000000008
 30
0
 11
116.2735129999999941
 21
-93.3536110000000008
 31
0
  0
LINE
  5
63
330
22
100
AcDbEntity
  8
B.Cu
  6
CONTINUOUS
100
AcDbLine
 10
116.2735129999999941
 20
-93.3536110000000008
 30
0
 11
116.4177139999999895
 21
-93.3822949999999992
 31
0
  0
LINE
  5
64
330
22
100
AcDbEntity
  8
B.Cu
  6
CONTINUOUS
100
AcDbLine
 10
123.6322279999999978
 20
-91.2344480000000004
 30
0
 11
123.7771169999999898
 21
-91.2944629999999933
 31
0
  0
LINE
  5
65
330
22
100
AcDbEntity
  8
B.Cu
  6
CONTINUOUS
100
AcDbLine
 10
123.7771169999999898
 20
-91.2944629999999933
 30
0
 11
123.9075149999999894
 21
-91.3815919999999977
 31
0
  0
LINE
  5
66
330
22
100
AcDbEntity
  8
B.Cu
  6
CONTINUOUS
100
AcDbLine
 10
123.9075149999999894
 20
-91.3815919999999977
 30
0
 11
124.0184079999999938
 21
-91.4924850000000021
 31
0
  0
LINE
  5
67
330
22
100
AcDbEntity
  8
B.Cu
  6
CONTINUOUS
100
AcDbLine
 10
124.0184079999999938
 20
-91.4924850000000021
 30
0
 11
124.1055369999999982
 21
-91.6228830000000016
 31
0
  0
LINE
  5
68
330
22
100
AcDbEntity
  8
B.Cu
  6
CONTINUOUS
100
AcDbLine
 10
124.1055369999999982
 20
-91.6228830000000016
 30
0
 11
124.165551999999991
 21
-91.7677719999999937
 31
0
  0
LINE
  5
69
330
22
100
AcDbEntity
  8
B.Cu
  6
CONTINUOUS
100
AcDbLine
 10
124.165551999999991
 20
-91.7677719999999937
 30
0
 11
124.1961479999999938
 21
-91.9215859999999907
 31
0
  0
LINE
  5
6A
330
22
100
AcDbEntity
  8
B.Cu
  6
CONTINUOUS
100
AcDbLine
 10
124.1961479999999938
 20
-91.9215859999999907
 30
0
 11
124.1961479999999938
 21
-92.0784139999999951
 31
0
  0
LINE
  5
6B
330
22
100
AcDbEntity
  8
B.Cu
  6
CONTINUOUS
100
AcDbLine
 10
124.1961479999999938
 20
-92.0784139999999951
 30
0
 11
124.165551999999991
 21
-92.2322279999999921
 31
0
  0
LINE
  5
6C
330
22
100
AcDbEntity
  8
B.Cu
  6
CONTINUOUS
100
AcDbLine
 10
124.165551999999991
 20
-92.2322279999999921
 30
0
 11
124.1055369999999982
 21
-92.3771169999999984
 31
0
  0
LINE
  5
6D
330
22
100
AcDbEntity
  8
B.Cu
  6
CONTINUOUS
100
AcDbLine
 10
124.1055369999999982
 20
-92.3771169999999984
 30
0
 11
124.0184079999999938
 21
-92.5075149999999979
 31
0
  0
LINE
  5
6E
330
22
100
AcDbEntity
  8
B.Cu
  6
CONTINUOUS
100
AcDbLine
 10
124.0184079999999938
 20
-92.5075149999999979
 30
0
 11
123.9075149999999894
 21
-92.6184080000000023
 31
0
  0
LINE
  5
6F
330
22
100
AcDbEntity
  8
B.Cu
  6
CONTINUOUS
100
AcDbLine
 10
123.9075149999999894
 20
-92.6184080000000023
 30
0
 11
123.7771169999999898
 21
-92.7055369999999925
 31
0
  0
LINE
  5
70
330
22
100
AcDbEntity
  8
B.Cu
  6
CONTINUOUS
100
AcDbLine
 10
123.7771169999999898
 20
-92.7055369999999925
 30
0
 11
123.6322279999999978
 21
-92.7655519999999996
 31
0
  0
LINE
  5
71
330
22
100
AcDbEntity
  8
B.Cu
  6
CONTINUOUS
100
AcDbLine
 10
123.6322279999999978
 20
-92.7655519999999996
 30
0
 11
123.4784140000000008
 21
-92.7961480000000023
 31
0
  0
LINE
  5
72
330
22
100
AcDbEntity
  8
B.Cu
  6
CONTINUOUS
100
AcDbLine
 10
123.4784140000000008
 20
-92.7961480000000023
 30
0
 11
123.3215859999999964
 21
-92.7961480000000023
 31
0
  0
LINE
  5
73
330
22
100
AcDbEntity
  8
B.Cu
  6
CONTINUOUS
100
AcDbLine
 10
123.3215859999999964
 20
-92.7961480000000023
 30
0
 11
123.1677719999999994
 21
-92.7655519999999996
 31
0
  0
LINE
  5
74
330
22
100
AcDbEntity
  8
B.Cu
  6
CONTINUOUS
100
AcDbLine
 10
123.1677719999999994
 20
-92.7655519999999996
 30
0
 11
123.0228829999999931
 21
-92.7055369999999925
 31
0
  0
LINE
  5
75
330
22
100
AcDbEntity
  8
B.Cu
  6
CONTINUOUS
100
AcDbLine
 10
123.0228829999999931
 20
-92.7055369999999925
 30
0
 11
122.8924849999999935
 21
-92.6184080000000023
 31
0
  0
LINE
  5
76
330
22
100
AcDbEntity
  8
B.Cu
  6
CONTINUOUS
100
AcDbLine
 10
122.8924849999999935
 20
-92.6184080000000023
 30
0
 11
122.7815919999999892
 21
-92.5075149999999979
 31
0
  0
LINE
  5
77
330
22
100
AcDbEntity
  8
B.Cu
  6
CONTINUOUS
100
AcDbLine
 10
122.7815919999999892
 20
-92.5075149999999979
 30
0
 11
122.6944629999999989
 21
-92.3771169999999984
 31
0
  0
LINE
  5
78
330
22
100
AcDbEntity
  8
B.Cu
  6
CONTINUOUS
100
AcDbLine
 10
122.6944629999999989
 20
-92.3771169999999984
 30
0
 11
122.6344479999999919
 21
-92.2322279999999921
 31
0
  0
LINE
  5
79
330
22
100
AcDbEntity
  8
B.Cu
  6
CONTINUOUS
100
AcDbLine
 10
122.6344479999999919
 20
-92.2322279999999921
 30
0
 11
122.6038519999999892
 21
-92.0784139999999951
 31
0
  0
LINE
  5
7A
330
22
100
AcDbEntity
  8
B.Cu
  6
CONTINUOUS
100
AcDbLine
 10
122.6038519999999892
 20
-92.0784139999999951
 30
0
 11
122.6038519999999892
 21
-91.9215859999999907
 31
0
  0
LINE
  5
7B
330
22
100
AcDbEntity
  8
B.Cu
  6
CONTINUOUS
100
AcDbLine
 10
122.6038519999999892
 20
-91.9215859999999907
 30
0
 11
122.6344479999999919
 21
-91.7677719999999937
 31
0
  0
LINE
  5
7C
330
22
100
AcDbEntity
  8
B.Cu
  6
CONTINUOUS
100
AcDbLine
 10
122.6344479999999919
 20
-91.7677719999999937
 30
0
 11
122.6944629999999989
 21
-91.6228830000000016
 31
0
  0
LINE
  5
7D
330
22
100
AcDbEntity
  8
B.Cu
  6
CONTINUOUS
100
AcDbLine
 10
122.6944629999999989
 20
-91.6228830000000016
 30
0
 11
122.7815919999999892
 21
-91.4924850000000021
 31
0
  0
LINE
  5
7E
330
22
100
AcDbEntity
  8
B.Cu
  6
CONTINUOUS
100
AcDbLine
 10
122.7815919999999892
 20
-91.4924850000000021
 30
0
 11
122.8924849999999935
 21
-91.3815919999999977
 31
0
  0
LINE
  5
7F
330
22
100
AcDbEntity
  8
B.Cu
  6
CONTINUOUS
100
AcDbLine
 10
122.8924849999999935
 20
-91.3815919999999977
 30
0
 11
123.0228829999999931
 21
-91.2944629999999933
 31
0
  0
LINE
  5
80
330
22
100
AcDbEntity
  8
B.Cu
  6
CONTINUOUS
100
AcDbLine
 10
123.0228829999999931
 20
-91.2944629999999933
 30
0
 11
123.1677719999999994
 21
-91.2344480000000004
 31
0
  0
LINE
  5
81
330
22
100
AcDbEntity
  8
B.Cu
  6
CONTINUOUS
100
AcDbLine
 10
123.1677719999999994
 20
-91.2344480000000004
 30
0
 11
123.3215859999999964
 21
-91.2038519999999977
 31
0
  0
LINE
  5
82
330
22
100
AcDbEntity
  8
B.Cu
  6
CONTINUOUS
100
AcDbLine
 10
123.3215859999999964
 20
-91.2038519999999977
 30
0
 11
123.4784140000000008
 21
-91.2038519999999977
 31
0
  0
LINE
  5
83
330
22
100
AcDbEntity
  8
B.Cu
  6
CONTINUOUS
100
AcDbLine
 10
123.4784140000000008
 20
-91.2038519999999977
 30
0
 11
123.6322279999999978
 21
-91.2344480000000004
 31
0
  0
LINE
  5
84
330
22
100
AcDbEntity
  8
B.Cu
  6
CONTINUOUS
100
AcDbLine
 10
161.0959419999999795
 20
-87.3540649999999914
 30
0
 11
161.2181929999999852
 21
-87.4047029999999978
 31
0
  0
LINE
  5
85
330
22
100
AcDbEntity
  8
B.Cu
  6
CONTINUOUS
100
AcDbLine
 10
161.2181929999999852
 20
-87.4047029999999978
 30
0
 11
161.3282150000000001
 21
-87.4782179999999983
 31
0
  0
LINE
  5
86
330
22
100
AcDbEntity
  8
B.Cu
  6
CONTINUOUS
100
AcDbLine
 10
161.3282150000000001
 20
-87.4782179999999983
 30
0
 11
161.421781999999979
 21
-87.5717849999999913
 31
0
  0
LINE
  5
87
330
22
100
AcDbEntity
  8
B.Cu
  6
CONTINUOUS
100
AcDbLine
 10
161.421781999999979
 20
-87.5717849999999913
 30
0
 11
161.4952969999999937
 21
-87.6818069999999921
 31
0
  0
LINE
  5
88
330
22
100
AcDbEntity
  8
B.Cu
  6
CONTINUOUS
100
AcDbLine
 10
161.4952969999999937
 20
-87.6818069999999921
 30
0
 11
161.5459349999999858
 21
-87.8040579999999977
 31
0
  0
LINE
  5
89
330
22
100
AcDbEntity
  8
B.Cu
  6
CONTINUOUS
100
AcDbLine
 10
161.5459349999999858
 20
-87.8040579999999977
 30
0
 11
161.5717499999999802
 21
-87.9338379999999944
 31
0
  0
LINE
  5
8A
330
22
100
AcDbEntity
  8
B.Cu
  6
CONTINUOUS
100
AcDbLine
 10
161.5717499999999802
 20
-87.9338379999999944
 30
0
 11
161.5717499999999802
 21
-88.0661619999999914
 31
0
  0
LINE
  5
8B
330
22
100
AcDbEntity
  8
B.Cu
  6
CONTINUOUS
100
AcDbLine
 10
161.5717499999999802
 20
-88.0661619999999914
 30
0
 11
161.5459349999999858
 21
-88.1959420000000023
 31
0
  0
LINE
  5
8C
330
22
100
AcDbEntity
  8
B.Cu
  6
CONTINUOUS
100
AcDbLine
 10
161.5459349999999858
 20
-88.1959420000000023
 30
0
 11
161.4952969999999937
 21
-88.3181929999999937
 31
0
  0
LINE
  5
8D
330
22
100
AcDbEntity
  8
B.Cu
  6
CONTINUOUS
100
AcDbLine
 10
161.4952969999999937
 20
-88.3181929999999937
 30
0
 11
161.421781999999979
 21
-88.4282149999999945
 31
0
  0
LINE
  5
8E
330
22
100
AcDbEntity
  8
B.Cu
  6
CONTINUOUS
100
AcDbLine
 10
161.421781999999979
 20
-88.4282149999999945
 30
0
 11
161.3282150000000001
 21
-88.5217820000000017
 31
0
  0
LINE
  5
8F
330
22
100
AcDbEntity
  8
B.Cu
  6
CONTINUOUS
100
AcDbLine
 10
161.3282150000000001
 20
-88.5217820000000017
 30
0
 11
161.2181929999999852
 21
-88.5952970000000022
 31
0
  0
LINE
  5
90
330
22
100
AcDbEntity
  8
B.Cu
  6
CONTINUOUS
100
AcDbLine
 10
161.2181929999999852
 20
-88.5952970000000022
 30
0
 11
161.0959419999999795
 21
-88.6459349999999944
 31
0
  0
LINE
  5
91
330
22
100
AcDbEntity
  8
B.Cu
  6
CONTINUOUS
100
AcDbLine
 10
161.0959419999999795
 20
-88.6459349999999944
 30
0
 11
160.9661619999999971
 21
-88.671750000000003
 31
0
  0
LINE
  5
92
330
22
100
AcDbEntity
  8
B.Cu
  6
CONTINUOUS
100
AcDbLine
 10
160.9661619999999971
 20
-88.671750000000003
 30
0
 11
160.8338379999999859
 21
-88.671750000000003
 31
0
  0
LINE
  5
93
330
22
100
AcDbEntity
  8
B.Cu
  6
CONTINUOUS
100
AcDbLine
 10
160.8338379999999859
 20
-88.671750000000003
 30
0
 11
160.7040580000000034
 21
-88.6459349999999944
 31
0
  0
LINE
  5
94
330
22
100
AcDbEntity
  8
B.Cu
  6
CONTINUOUS
100
AcDbLine
 10
160.7040580000000034
 20
-88.6459349999999944
 30
0
 11
160.5818069999999977
 21
-88.5952970000000022
 31
0
  0
LINE
  5
95
330
22
100
AcDbEntity
  8
B.Cu
  6
CONTINUOUS
100
AcDbLine
 10
160.5818069999999977
 20
-88.5952970000000022
 30
0
 11
160.4717849999999828
 21
-88.5217820000000017
 31
0
  0
LINE
  5
96
330
22
100
AcDbEntity
  8
B.Cu
  6
CONTINUOUS
100
AcDbLine
 10
160.4717849999999828
 20
-88.5217820000000017
 30
0
 11
160.3782180000000039
 21
-88.4282149999999945
 31
0
  0
LINE
  5
97
330
22
100
AcDbEntity
  8
B.Cu
  6
CONTINUOUS
100
AcDbLine
 10
160.3782180000000039
 20
-88.4282149999999945
 30
0
 11
160.3047029999999893
 21
-88.3181929999999937
 31
0
  0
LINE
  5
98
330
22
100
AcDbEntity
  8
B.Cu
  6
CONTINUOUS
100
AcDbLine
 10
160.3047029999999893
 20
-88.3181929999999937
 30
0
 11
160.2540649999999971
 21
-88.1959420000000023
 31
0
  0
LINE
  5
99
330
22
100
AcDbEntity
  8
B.Cu
  6
CONTINUOUS
100
AcDbLine
 10
160.2540649999999971
 20
-88.1959420000000023
 30
0
 11
160.2282500000000027
 21
-88.0661619999999914
 31
0
  0
LINE
  5
9A
330
22
100
AcDbEntity
  8
B.Cu
  6
CONTINUOUS
100
AcDbLine
 10
160.2282500000000027
 20
-88.0661619999999914
 30
0
 11
160.2282500000000027
 21
-87.9338379999999944
 31
0
  0
LINE
  5
9B
330
22
100
AcDbEntity
  8
B.Cu
  6
CONTINUOUS
100
AcDbLine
 10
160.2282500000000027
 20
-87.9338379999999944
 30
0
 11
160.2540649999999971
 21
-87.8040579999999977
 31
0
  0
LINE
  5
9C
330
22
100
AcDbEntity
  8
B.Cu
  6
CONTINUOUS
100
AcDbLine
 10
160.2540649999999971
 20
-87.8040579999999977
 30
0
 11
160.3047029999999893
 21
-87.6818069999999921
 31
0
  0
LINE
  5
9D
330
22
100
AcDbEntity
  8
B.Cu
  6
CONTINUOUS
100
AcDbLine
 10
160.3047029999999893
 20
-87.6818069999999921
 30
0
 11
160.3782180000000039
 21
-87.5717849999999913
 31
0
  0
LINE
  5
9E
330
22
100
AcDbEntity
  8
B.Cu
  6
CONTINUOUS
100
AcDbLine
 10
160.3782180000000039
 20
-87.5717849999999913
 30
0
 11
160.4717849999999828
 21
-87.4782179999999983
 31
0
  0
LINE
  5
9F
330
22
100
AcDbEntity
  8
B.Cu
  6
CONTINUOUS
100
AcDbLine
 10
160.4717849999999828
 20
-87.4782179999999983
 30
0
 11
160.5818069999999977
 21
-87.4047029999999978
 31
0
  0
LINE
  5
A0
330
22
100
AcDbEntity
  8
B.Cu
  6
CONTINUOUS
100
AcDbLine
 10
160.5818069999999977
 20
-87.4047029999999978
 30
0
 11
160.7040580000000034
 21
-87.3540649999999914
 31
0
  0
LINE
  5
A1
330
22
100
AcDbEntity
  8
B.Cu
  6
CONTINUOUS
100
AcDbLine
 10
160.7040580000000034
 20
-87.3540649999999914
 30
0
 11
160.8338379999999859
 21
-87.328249999999997
 31
0
  0
LINE
  5
A2
330
22
100
AcDbEntity
  8
B.Cu
  6
CONTINUOUS
100
AcDbLine
 10
160.8338379999999859
 20
-87.328249999999997
 30
0
 11
160.9661619999999971
 21
-87.328249999999997
 31
0
  0
LINE
  5
A3
330
22
100
AcDbEntity
  8
B.Cu
  6
CONTINUOUS
100
AcDbLine
 10
160.9661619999999971
 20
-87.328249999999997
 30
0
 11
161.0959419999999795
 21
-87.3540649999999914
 31
0
  0
LINE
  5
A4
330
22
100
AcDbEntity
  8
B.Cu
  6
CONTINUOUS
100
AcDbLine
 10
161.0959419999999795
 20
-85.3540649999999914
 30
0
 11
161.2181929999999852
 21
-85.4047029999999978
 31
0
  0
LINE
  5
A5
330
22
100
AcDbEntity
  8
B.Cu
  6
CONTINUOUS
100
AcDbLine
 10
161.2181929999999852
 20
-85.4047029999999978
 30
0
 11
161.3282150000000001
 21
-85.4782179999999983
 31
0
  0
LINE
  5
A6
330
22
100
AcDbEntity
  8
B.Cu
  6
CONTINUOUS
100
AcDbLine
 10
161.3282150000000001
 20
-85.4782179999999983
 30
0
 11
161.421781999999979
 21
-85.5717849999999913
 31
0
  0
LINE
  5
A7
330
22
100
AcDbEntity
  8
B.Cu
  6
CONTINUOUS
100
AcDbLine
 10
161.421781999999979
 20
-85.5717849999999913
 30
0
 11
161.4952969999999937
 21
-85.6818069999999921
 31
0
  0
LINE
  5
A8
330
22
100
AcDbEntity
  8
B.Cu
  6
CONTINUOUS
100
AcDbLine
 10
161.4952969999999937
 20
-85.6818069999999921
 30
0
 11
161.5459349999999858
 21
-85.8040579999999977
 31
0
  0
LINE
  5
A9
330
22
100
AcDbEntity
  8
B.Cu
  6
CONTINUOUS
100
AcDbLine
 10
161.5459349999999858
 20
-85.8040579999999977
 30
0
 11
161.5717499999999802
 21
-85.9338379999999944
 31
0
  0
LINE
  5
AA
330
22
100
AcDbEntity
  8
B.Cu
  6
CONTINUOUS
100
AcDbLine
 10
161.5717499999999802
 20
-85.9338379999999944
 30
0
 11
161.5717499999999802
 21
-86.0661619999999914
 31
0
  0
LINE
  5
AB
330
22
100
AcDbEntity
  8
B.Cu
  6
CONTINUOUS
100
AcDbLine
 10
161.5717499999999802
 20
-86.0661619999999914
 30
0
 11
161.5459349999999858
 21
-86.1959420000000023
 31
0
  0
LINE
  5
AC
330
22
100
AcDbEntity
  8
B.Cu
  6
CONTINUOUS
100
AcDbLine
 10
161.5459349999999858
 20
-86.1959420000000023
 30
0
 11
161.4952969999999937
 21
-86.3181929999999937
 31
0
  0
LINE
  5
AD
330
22
100
AcDbEntity
  8
B.Cu
  6
CONTINUOUS
100
AcDbLine
 10
161.4952969999999937
 20
-86.3181929999999937
 30
0
 11
161.421781999999979
 21
-86.4282149999999945
 31
0
  0
LINE
  5
AE
330
22
100
AcDbEntity
  8
B.Cu
  6
CONTINUOUS
100
AcDbLine
 10
161.421781999999979
 20
-86.4282149999999945
 30
0
 11
161.3282150000000001
 21
-86.5217820000000017
 31
0
  0
LINE
  5
AF
330
22
100
AcDbEntity
  8
B.Cu
  6
CONTINUOUS
100
AcDbLine
 10
161.3282150000000001
 20
-86.5217820000000017
 30
0
 11
161.2181929999999852
 21
-86.5952970000000022
 31
0
  0
LINE
  5
B0
330
22
100
AcDbEntity
  8
B.Cu
  6
CONTINUOUS
100
AcDbLine
 10
161.2181929999999852
 20
-86.5952970000000022
 30
0
 11
161.0959419999999795
 21
-86.6459349999999944
 31
0
  0
LINE
  5
B1
330
22
100
AcDbEntity
  8
B.Cu
  6
CONTINUOUS
100
AcDbLine
 10
161.0959419999999795
 20
-86.6459349999999944
 30
0
 11
160.9661619999999971
 21
-86.671750000000003
 31
0
  0
LINE
  5
B2
330
22
100
AcDbEntity
  8
B.Cu
  6
CONTINUOUS
100
AcDbLine
 10
160.9661619999999971
 20
-86.671750000000003
 30
0
 11
160.8338379999999859
 21
-86.671750000000003
 31
0
  0
LINE
  5
B3
330
22
100
AcDbEntity
  8
B.Cu
  6
CONTINUOUS
100
AcDbLine
 10
160.8338379999999859
 20
-86.671750000000003
 30
0
 11
160.7040580000000034
 21
-86.6459349999999944
 31
0
  0
LINE
  5
B4
330
22
100
AcDbEntity
  8
B.Cu
  6
CONTINUOUS
100
AcDbLine
 10
160.7040580000000034
 20
-86.6459349999999944
 30
0
 11
160.5818069999999977
 21
-86.5952970000000022
 31
0
  0
LINE
  5
B5
330
22
100
AcDbEntity
  8
B.Cu
  6
CONTINUOUS
100
AcDbLine
 10
160.5818069999999977
 20
-86.5952970000000022
 30
0
 11
160.4717849999999828
 21
-86.5217820000000017
 31
0
  0
LINE
  5
B6
330
22
100
AcDbEntity
  8
B.Cu
  6
CONTINUOUS
100
AcDbLine
 10
160.4717849999999828
 20
-86.5217820000000017
 30
0
 11
160.3782180000000039
 21
-86.4282149999999945
 31
0
  0
LINE
  5
B7
330
22
100
AcDbEntity
  8
B.Cu
  6
CONTINUOUS
100
AcDbLine
 10
160.3782180000000039
 20
-86.4282149999999945
 30
0
 11
160.3047029999999893
 21
-86.3181929999999937
 31
0
  0
LINE
  5
B8
330
22
100
AcDbEntity
  8
B.Cu
  6
CONTINUOUS
100
AcDbLine
 10
160.3047029999999893
 20
-86.3181929999999937
 30
0
 11
160.2540649999999971
 21
-86.1959420000000023
 31
0
  0
LINE
  5
B9
330
22
100
AcDbEntity
  8
B.Cu
  6
CONTINUOUS
100
AcDbLine
 10
160.2540649999999971
 20
-86.1959420000000023
 30
0
 11
160.2282500000000027
 21
-86.0661619999999914
 31
0
  0
LINE
  5
BA
330
22
100
AcDbEntity
  8
B.Cu
  6
CONTINUOUS
100
AcDbLine
 10
160.2282500000000027
 20
-86.0661619999999914
 30
0
 11
160.2282500000000027
 21
-85.9338379999999944
 31
0
  0
LINE
  5
BB
330
22
100
AcDbEntity
  8
B.Cu
  6
CONTINUOUS
100
AcDbLine
 10
160.2282500000000027
 20
-85.9338379999999944
 30
0
 11
160.2540649999999971
 21
-85.8040579999999977
 31
0
  0
LINE
  5
BC
330
22
100
AcDbEntity
  8
B.Cu
  6
CONTINUOUS
100
AcDbLine
 10
160.2540649999999971
 20
-85.8040579999999977
 30
0
 11
160.3047029999999893
 21
-85.6818069999999921
 31
0
  0
LINE
  5
BD
330
22
100
AcDbEntity
  8
B.Cu
  6
CONTINUOUS
100
AcDbLine
 10
160.3047029999999893
 20
-85.6818069999999921
 30
0
 11
160.3782180000000039
 21
-85.5717849999999913
 31
0
  0
LINE
  5
BE
330
22
100
AcDbEntity
  8
B.Cu
  6
CONTINUOUS
100
AcDbLine
 10
160.3782180000000039
 20
-85.5717849999999913
 30
0
 11
160.4717849999999828
 21
-85.4782179999999983
 31
0
  0
LINE
  5
BF
330
22
100
AcDbEntity
  8
B.Cu
  6
CONTINUOUS
100
AcDbLine
 10
160.4717849999999828
 20
-85.4782179999999983
 30
0
 11
160.5818069999999977
 21
-85.4047029999999978
 31
0
  0
LINE
  5
C0
330
22
100
AcDbEntity
  8
B.Cu
  6
CONTINUOUS
100
AcDbLine
 10
160.5818069999999977
 20
-85.4047029999999978
 30
0
 11
160.7040580000000034
 21
-85.3540649999999914
 31
0
  0
LINE
  5
C1
330
22
100
AcDbEntity
  8
B.Cu
  6
CONTINUOUS
100
AcDbLine
 10
160.7040580000000034
 20
-85.3540649999999914
 30
0
 11
160.8338379999999859
 21
-85.328249999999997
 31
0
  0
LINE
  5
C2
330
22
100
AcDbEntity
  8
B.Cu
  6
CONTINUOUS
100
AcDbLine
 10
160.8338379999999859
 20
-85.328249999999997
 30
0
 11
160.9661619999999971
 21
-85.328249999999997
 31
0
  0
LINE
  5
C3
330
22
100
AcDbEntity
  8
B.Cu
  6
CONTINUOUS
100
AcDbLine
 10
160.9661619999999971
 20
-85.328249999999997
 30
0
 11
161.0959419999999795
 21
-85.3540649999999914
 31
0
  0
LINE
  5
C4
330
22
100
AcDbEntity
  8
B.Cu
  6
CONTINUOUS
100
AcDbLine
 10
148.5148049999999955
 20
-87.1228359999999924
 30
0
 11
148.5826279999999997
 21
-87.1619939999999929
 31
0
  0
LINE
  5
C5
330
22
100
AcDbEntity
  8
B.Cu
  6
CONTINUOUS
100
AcDbLine
 10
148.5826279999999997
 20
-87.1619939999999929
 30
0
 11
148.6380059999999901
 21
-87.2173719999999975
 31
0
  0
LINE
  5
C6
330
22
100
AcDbEntity
  8
B.Cu
  6
CONTINUOUS
100
AcDbLine
 10
148.6380059999999901
 20
-87.2173719999999975
 30
0
 11
148.6771640000000048
 21
-87.2851950000000016
 31
0
  0
LINE
  5
C7
330
22
100
AcDbEntity
  8
B.Cu
  6
CONTINUOUS
100
AcDbLine
 10
148.6771640000000048
 20
-87.2851950000000016
 30
0
 11
148.6974329999999895
 21
-87.360841999999991
 31
0
  0
LINE
  5
C8
330
22
100
AcDbEntity
  8
B.Cu
  6
CONTINUOUS
100
AcDbLine
 10
148.6974329999999895
 20
-87.360841999999991
 30
0
 11
148.6974329999999895
 21
-87.4391579999999919
 31
0
  0
LINE
  5
C9
330
22
100
AcDbEntity
  8
B.Cu
  6
CONTINUOUS
100
AcDbLine
 10
148.6974329999999895
 20
-87.4391579999999919
 30
0
 11
148.6771640000000048
 21
-87.5148049999999955
 31
0
  0
LINE
  5
CA
330
22
100
AcDbEntity
  8
B.Cu
  6
CONTINUOUS
100
AcDbLine
 10
148.6771640000000048
 20
-87.5148049999999955
 30
0
 11
148.6380059999999901
 21
-87.5826279999999997
 31
0
  0
LINE
  5
CB
330
22
100
AcDbEntity
  8
B.Cu
  6
CONTINUOUS
100
AcDbLine
 10
148.6380059999999901
 20
-87.5826279999999997
 30
0
 11
148.5826279999999997
 21
-87.6380059999999901
 31
0
  0
LINE
  5
CC
330
22
100
AcDbEntity
  8
B.Cu
  6
CONTINUOUS
100
AcDbLine
 10
148.5826279999999997
 20
-87.6380059999999901
 30
0
 11
148.5148049999999955
 21
-87.6771639999999906
 31
0
  0
LINE
  5
CD
330
22
100
AcDbEntity
  8
B.Cu
  6
CONTINUOUS
100
AcDbLine
 10
148.5148049999999955
 20
-87.6771639999999906
 30
0
 11
148.4391579999999919
 21
-87.6974329999999895
 31
0
  0
LINE
  5
CE
330
22
100
AcDbEntity
  8
B.Cu
  6
CONTINUOUS
100
AcDbLine
 10
148.4391579999999919
 20
-87.6974329999999895
 30
0
 11
148.360841999999991
 21
-87.6974329999999895
 31
0
  0
LINE
  5
CF
330
22
100
AcDbEntity
  8
B.Cu
  6
CONTINUOUS
100
AcDbLine
 10
148.360841999999991
 20
-87.6974329999999895
 30
0
 11
148.2851949999999874
 21
-87.6771639999999906
 31
0
  0
LINE
  5
D0
330
22
100
AcDbEntity
  8
B.Cu
  6
CONTINUOUS
100
AcDbLine
 10
148.2851949999999874
 20
-87.6771639999999906
 30
0
 11
148.2173719999999832
 21
-87.6380059999999901
 31
0
  0
LINE
  5
D1
330
22
100
AcDbEntity
  8
B.Cu
  6
CONTINUOUS
100
AcDbLine
 10
148.2173719999999832
 20
-87.6380059999999901
 30
0
 11
148.1793659999999875
 21
-87.5999999999999943
 31
0
  0
LINE
  5
D2
330
22
100
AcDbEntity
  8
B.Cu
  6
CONTINUOUS
100
AcDbLine
 10
148.1793659999999875
 20
-87.5999999999999943
 30
0
 11
147.5828429999999969
 21
-87.5999999999999943
 31
0
  0
LINE
  5
D3
330
22
100
AcDbEntity
  8
B.Cu
  6
CONTINUOUS
100
AcDbLine
 10
147.5828429999999969
 20
-87.5999999999999943
 30
0
 11
147.1514070000000061
 21
-88.0314350000000019
 31
0
  0
LINE
  5
D4
330
22
100
AcDbEntity
  8
B.Cu
  6
CONTINUOUS
100
AcDbLine
 10
147.1514070000000061
 20
-88.0314350000000019
 30
0
 11
147.1614409999999964
 21
-88.0464520000000022
 31
0
  0
LINE
  5
D5
330
22
100
AcDbEntity
  8
B.Cu
  6
CONTINUOUS
100
AcDbLine
 10
147.1614409999999964
 20
-88.0464520000000022
 30
0
 11
147.2177049999999952
 21
-88.1822859999999906
 31
0
  0
LINE
  5
D6
330
22
100
AcDbEntity
  8
B.Cu
  6
CONTINUOUS
100
AcDbLine
 10
147.2177049999999952
 20
-88.1822859999999906
 30
0
 11
147.2463889999999935
 21
-88.3264870000000002
 31
0
  0
LINE
  5
D7
330
22
100
AcDbEntity
  8
B.Cu
  6
CONTINUOUS
100
AcDbLine
 10
147.2463889999999935
 20
-88.3264870000000002
 30
0
 11
147.2463889999999935
 21
-88.473512999999997
 31
0
  0
LINE
  5
D8
330
22
100
AcDbEntity
  8
B.Cu
  6
CONTINUOUS
100
AcDbLine
 10
147.2463889999999935
 20
-88.473512999999997
 30
0
 11
147.2177049999999952
 21
-88.6177139999999923
 31
0
  0
LINE
  5
D9
330
22
100
AcDbEntity
  8
B.Cu
  6
CONTINUOUS
100
AcDbLine
 10
147.2177049999999952
 20
-88.6177139999999923
 30
0
 11
147.1614409999999964
 21
-88.753547999999995
 31
0
  0
LINE
  5
DA
330
22
100
AcDbEntity
  8
B.Cu
  6
CONTINUOUS
100
AcDbLine
 10
147.1614409999999964
 20
-88.753547999999995
 30
0
 11
147.0797579999999982
 21
-88.8757949999999965
 31
0
  0
LINE
  5
DB
330
22
100
AcDbEntity
  8
B.Cu
  6
CONTINUOUS
100
AcDbLine
 10
147.0797579999999982
 20
-88.8757949999999965
 30
0
 11
146.9757950000000051
 21
-88.9797579999999897
 31
0
  0
LINE
  5
DC
330
22
100
AcDbEntity
  8
B.Cu
  6
CONTINUOUS
100
AcDbLine
 10
146.9757950000000051
 20
-88.9797579999999897
 30
0
 11
146.8535479999999893
 21
-89.0614410000000021
 31
0
  0
LINE
  5
DD
330
22
100
AcDbEntity
  8
B.Cu
  6
CONTINUOUS
100
AcDbLine
 10
146.8535479999999893
 20
-89.0614410000000021
 30
0
 11
146.7177140000000009
 21
-89.1177050000000008
 31
0
  0
LINE
  5
DE
330
22
100
AcDbEntity
  8
B.Cu
  6
CONTINUOUS
100
AcDbLine
 10
146.7177140000000009
 20
-89.1177050000000008
 30
0
 11
146.5735129999999913
 21
-89.1463889999999992
 31
0
  0
LINE
  5
DF
330
22
100
AcDbEntity
  8
B.Cu
  6
CONTINUOUS
100
AcDbLine
 10
146.5735129999999913
 20
-89.1463889999999992
 30
0
 11
146.4264869999999803
 21
-89.1463889999999992
 31
0
  0
LINE
  5
E0
330
22
100
AcDbEntity
  8
B.Cu
  6
CONTINUOUS
100
AcDbLine
 10
146.4264869999999803
 20
-89.1463889999999992
 30
0
 11
146.2822859999999991
 21
-89.1177050000000008
 31
0
  0
LINE
  5
E1
330
22
100
AcDbEntity
  8
B.Cu
  6
CONTINUOUS
100
AcDbLine
 10
146.2822859999999991
 20
-89.1177050000000008
 30
0
 11
146.1464519999999823
 21
-89.0614410000000021
 31
0
  0
LINE
  5
E2
330
22
100
AcDbEntity
  8
B.Cu
  6
CONTINUOUS
100
AcDbLine
 10
146.1464519999999823
 20
-89.0614410000000021
 30
0
 11
146.0242049999999949
 21
-88.9797579999999897
 31
0
  0
LINE
  5
E3
330
22
100
AcDbEntity
  8
B.Cu
  6
CONTINUOUS
100
AcDbLine
 10
146.0242049999999949
 20
-88.9797579999999897
 30
0
 11
145.9202420000000018
 21
-88.8757949999999965
 31
0
  0
LINE
  5
E4
330
22
100
AcDbEntity
  8
B.Cu
  6
CONTINUOUS
100
AcDbLine
 10
145.9202420000000018
 20
-88.8757949999999965
 30
0
 11
145.8385590000000036
 21
-88.753547999999995
 31
0
  0
LINE
  5
E5
330
22
100
AcDbEntity
  8
B.Cu
  6
CONTINUOUS
100
AcDbLine
 10
145.8385590000000036
 20
-88.753547999999995
 30
0
 11
145.7822950000000048
 21
-88.6177139999999923
 31
0
  0
LINE
  5
E6
330
22
100
AcDbEntity
  8
B.Cu
  6
CONTINUOUS
100
AcDbLine
 10
145.7822950000000048
 20
-88.6177139999999923
 30
0
 11
145.7536110000000065
 21
-88.473512999999997
 31
0
  0
LINE
  5
E7
330
22
100
AcDbEntity
  8
B.Cu
  6
CONTINUOUS
100
AcDbLine
 10
145.7536110000000065
 20
-88.473512999999997
 30
0
 11
145.7536110000000065
 21
-88.3264870000000002
 31
0
  0
LINE
  5
E8
330
22
100
AcDbEntity
  8
B.Cu
  6
CONTINUOUS
100
AcDbLine
 10
145.7536110000000065
 20
-88.3264870000000002
 30
0
 11
145.7822950000000048
 21
-88.1822859999999906
 31
0
  0
LINE
  5
E9
330
22
100
AcDbEntity
  8
B.Cu
  6
CONTINUOUS
100
AcDbLine
 10
145.7822950000000048
 20
-88.1822859999999906
 30
0
 11
145.8385590000000036
 21
-88.0464520000000022
 31
0
  0
LINE
  5
EA
330
22
100
AcDbEntity
  8
B.Cu
  6
CONTINUOUS
100
AcDbLine
 10
145.8385590000000036
 20
-88.0464520000000022
 30
0
 11
145.9202420000000018
 21
-87.9242050000000006
 31
0
  0
LINE
  5
EB
330
22
100
AcDbEntity
  8
B.Cu
  6
CONTINUOUS
100
AcDbLine
 10
145.9202420000000018
 20
-87.9242050000000006
 30
0
 11
146.0242049999999949
 21
-87.8202419999999933
 31
0
  0
LINE
  5
EC
330
22
100
AcDbEntity
  8
B.Cu
  6
CONTINUOUS
100
AcDbLine
 10
146.0242049999999949
 20
-87.8202419999999933
 30
0
 11
146.1464519999999823
 21
-87.7385589999999951
 31
0
  0
LINE
  5
ED
330
22
100
AcDbEntity
  8
B.Cu
  6
CONTINUOUS
100
AcDbLine
 10
146.1464519999999823
 20
-87.7385589999999951
 30
0
 11
146.2822859999999991
 21
-87.6822949999999963
 31
0
  0
LINE
  5
EE
330
22
100
AcDbEntity
  8
B.Cu
  6
CONTINUOUS
100
AcDbLine
 10
146.2822859999999991
 20
-87.6822949999999963
 30
0
 11
146.4264869999999803
 21
-87.6536109999999979
 31
0
  0
LINE
  5
EF
330
22
100
AcDbEntity
  8
B.Cu
  6
CONTINUOUS
100
AcDbLine
 10
146.4264869999999803
 20
-87.6536109999999979
 30
0
 11
146.5735129999999913
 21
-87.6536109999999979
 31
0
  0
LINE
  5
F0
330
22
100
AcDbEntity
  8
B.Cu
  6
CONTINUOUS
100
AcDbLine
 10
146.5735129999999913
 20
-87.6536109999999979
 30
0
 11
146.7177140000000009
 21
-87.6822949999999963
 31
0
  0
LINE
  5
F1
330
22
100
AcDbEntity
  8
B.Cu
  6
CONTINUOUS
100
AcDbLine
 10
146.7177140000000009
 20
-87.6822949999999963
 30
0
 11
146.8535479999999893
 21
-87.7385589999999951
 31
0
  0
LINE
  5
F2
330
22
100
AcDbEntity
  8
B.Cu
  6
CONTINUOUS
100
AcDbLine
 10
146.8535479999999893
 20
-87.7385589999999951
 30
0
 11
146.8685639999999921
 21
-87.7485920000000021
 31
0
  0
LINE
  5
F3
330
22
100
AcDbEntity
  8
B.Cu
  6
CONTINUOUS
100
AcDbLine
 10
146.8685639999999921
 20
-87.7485920000000021
 30
0
 11
147.3585789999999918
 21
-87.258578
 31
0
  0
LINE
  5
F4
330
22
100
AcDbEntity
  8
B.Cu
  6
CONTINUOUS
100
AcDbLine
 10
147.3585789999999918
 20
-87.258578
 30
0
 11
147.3888859999999852
 21
-87.233705999999998
 31
0
  0
LINE
  5
F5
330
22
100
AcDbEntity
  8
B.Cu
  6
CONTINUOUS
100
AcDbLine
 10
147.3888859999999852
 20
-87.233705999999998
 30
0
 11
147.4609820000000013
 21
-87.203842999999992
 31
0
  0
LINE
  5
F6
330
22
100
AcDbEntity
  8
B.Cu
  6
CONTINUOUS
100
AcDbLine
 10
147.4609820000000013
 20
-87.203842999999992
 30
0
 11
147.5
 21
-87.2000000000000028
 31
0
  0
LINE
  5
F7
330
22
100
AcDbEntity
  8
B.Cu
  6
CONTINUOUS
100
AcDbLine
 10
147.5
 20
-87.2000000000000028
 30
0
 11
148.1793659999999875
 21
-87.2000000000000028
 31
0
  0
LINE
  5
F8
330
22
100
AcDbEntity
  8
B.Cu
  6
CONTINUOUS
100
AcDbLine
 10
148.1793659999999875
 20
-87.2000000000000028
 30
0
 11
148.2173719999999832
 21
-87.1619939999999929
 31
0
  0
LINE
  5
F9
330
22
100
AcDbEntity
  8
B.Cu
  6
CONTINUOUS
100
AcDbLine
 10
148.2173719999999832
 20
-87.1619939999999929
 30
0
 11
148.2851949999999874
 21
-87.1228359999999924
 31
0
  0
LINE
  5
FA
330
22
100
AcDbEntity
  8
B.Cu
  6
CONTINUOUS
100
AcDbLine
 10
148.2851949999999874
 20
-87.1228359999999924
 30
0
 11
148.360841999999991
 21
-87.1025669999999934
 31
0
  0
LINE
  5
FB
330
22
100
AcDbEntity
  8
B.Cu
  6
CONTINUOUS
100
AcDbLine
 10
148.360841999999991
 20
-87.1025669999999934
 30
0
 11
148.4391579999999919
 21
-87.1025669999999934
 31
0
  0
LINE
  5
FC
330
22
100
AcDbEntity
  8
B.Cu
  6
CONTINUOUS
100
AcDbLine
 10
148.4391579999999919
 20
-87.1025669999999934
 30
0
 11
148.5148049999999955
 21
-87.1228359999999924
 31
0
  0
LINE
  5
FD
330
22
100
AcDbEntity
  8
B.Cu
  6
CONTINUOUS
100
AcDbLine
 10
155.1177140000000065
 20
-87.3822949999999992
 30
0
 11
155.253547999999995
 21
-87.4385589999999979
 31
0
  0
LINE
  5
FE
330
22
100
AcDbEntity
  8
B.Cu
  6
CONTINUOUS
100
AcDbLine
 10
155.253547999999995
 20
-87.4385589999999979
 30
0
 11
155.3757949999999823
 21
-87.5202419999999961
 31
0
  0
LINE
  5
FF
330
22
100
AcDbEntity
  8
B.Cu
  6
CONTINUOUS
100
AcDbLine
 10
155.3757949999999823
 20
-87.5202419999999961
 30
0
 11
155.4797580000000039
 21
-87.6242049999999892
 31
0
  0
LINE
  5
100
330
22
100
AcDbEntity
  8
B.Cu
  6
CONTINUOUS
100
AcDbLine
 10
155.4797580000000039
 20
-87.6242049999999892
 30
0
 11
155.5614410000000021
 21
-87.7464519999999908
 31
0
  0
LINE
  5
101
330
22
100
AcDbEntity
  8
B.Cu
  6
CONTINUOUS
100
AcDbLine
 10
155.5614410000000021
 20
-87.7464519999999908
 30
0
 11
155.6177050000000008
 21
-87.8822859999999935
 31
0
  0
LINE
  5
102
330
22
100
AcDbEntity
  8
B.Cu
  6
CONTINUOUS
100
AcDbLine
 10
155.6177050000000008
 20
-87.8822859999999935
 30
0
 11
155.6463889999999992
 21
-88.026487000000003
 31
0
  0
LINE
  5
103
330
22
100
AcDbEntity
  8
B.Cu
  6
CONTINUOUS
100
AcDbLine
 10
155.6463889999999992
 20
-88.026487000000003
 30
0
 11
155.6463889999999992
 21
-88.1735129999999998
 31
0
  0
LINE
  5
104
330
22
100
AcDbEntity
  8
B.Cu
  6
CONTINUOUS
100
AcDbLine
 10
155.6463889999999992
 20
-88.1735129999999998
 30
0
 11
155.6177050000000008
 21
-88.3177139999999952
 31
0
  0
LINE
  5
105
330
22
100
AcDbEntity
  8
B.Cu
  6
CONTINUOUS
100
AcDbLine
 10
155.6177050000000008
 20
-88.3177139999999952
 30
0
 11
155.5614410000000021
 21
-88.4535479999999978
 31
0
  0
LINE
  5
106
330
22
100
AcDbEntity
  8
B.Cu
  6
CONTINUOUS
100
AcDbLine
 10
155.5614410000000021
 20
-88.4535479999999978
 30
0
 11
155.4797580000000039
 21
-88.5757949999999994
 31
0
  0
LINE
  5
107
330
22
100
AcDbEntity
  8
B.Cu
  6
CONTINUOUS
100
AcDbLine
 10
155.4797580000000039
 20
-88.5757949999999994
 30
0
 11
155.3757949999999823
 21
-88.6797579999999925
 31
0
  0
LINE
  5
108
330
22
100
AcDbEntity
  8
B.Cu
  6
CONTINUOUS
100
AcDbLine
 10
155.3757949999999823
 20
-88.6797579999999925
 30
0
 11
155.253547999999995
 21
-88.7614409999999907
 31
0
  0
LINE
  5
109
330
22
100
AcDbEntity
  8
B.Cu
  6
CONTINUOUS
100
AcDbLine
 10
155.253547999999995
 20
-88.7614409999999907
 30
0
 11
155.1177140000000065
 21
-88.8177049999999895
 31
0
  0
LINE
  5
10A
330
22
100
AcDbEntity
  8
B.Cu
  6
CONTINUOUS
100
AcDbLine
 10
155.1177140000000065
 20
-88.8177049999999895
 30
0
 11
154.973512999999997
 21
-88.8463890000000021
 31
0
  0
LINE
  5
10B
330
22
100
AcDbEntity
  8
B.Cu
  6
CONTINUOUS
100
AcDbLine
 10
154.973512999999997
 20
-88.8463890000000021
 30
0
 11
154.826486999999986
 21
-88.8463890000000021
 31
0
  0
LINE
  5
10C
330
22
100
AcDbEntity
  8
B.Cu
  6
CONTINUOUS
100
AcDbLine
 10
154.826486999999986
 20
-88.8463890000000021
 30
0
 11
154.6822860000000048
 21
-88.8177049999999895
 31
0
  0
LINE
  5
10D
330
22
100
AcDbEntity
  8
B.Cu
  6
CONTINUOUS
100
AcDbLine
 10
154.6822860000000048
 20
-88.8177049999999895
 30
0
 11
154.5464519999999879
 21
-88.7614409999999907
 31
0
  0
LINE
  5
10E
330
22
100
AcDbEntity
  8
B.Cu
  6
CONTINUOUS
100
AcDbLine
 10
154.5464519999999879
 20
-88.7614409999999907
 30
0
 11
154.4242050000000006
 21
-88.6797579999999925
 31
0
  0
LINE
  5
10F
330
22
100
AcDbEntity
  8
B.Cu
  6
CONTINUOUS
100
AcDbLine
 10
154.4242050000000006
 20
-88.6797579999999925
 30
0
 11
154.320241999999979
 21
-88.5757949999999994
 31
0
  0
LINE
  5
110
330
22
100
AcDbEntity
  8
B.Cu
  6
CONTINUOUS
100
AcDbLine
 10
154.320241999999979
 20
-88.5757949999999994
 30
0
 11
154.2385589999999809
 21
-88.4535479999999978
 31
0
  0
LINE
  5
111
330
22
100
AcDbEntity
  8
B.Cu
  6
CONTINUOUS
100
AcDbLine
 10
154.2385589999999809
 20
-88.4535479999999978
 30
0
 11
154.1822949999999821
 21
-88.3177139999999952
 31
0
  0
LINE
  5
112
330
22
100
AcDbEntity
  8
B.Cu
  6
CONTINUOUS
100
AcDbLine
 10
154.1822949999999821
 20
-88.3177139999999952
 30
0
 11
154.1787709999999834
 21
-88.2999999999999972
 31
0
  0
LINE
  5
113
330
22
100
AcDbEntity
  8
B.Cu
  6
CONTINUOUS
100
AcDbLine
 10
154.1787709999999834
 20
-88.2999999999999972
 30
0
 11
152.
 21
-88.2999999999999972
 31
0
  0
LINE
  5
114
330
22
100
AcDbEntity
  8
B.Cu
  6
CONTINUOUS
100
AcDbLine
 10
152.
 20
-88.2999999999999972
 30
0
 11
151.9609820000000013
 21
-88.2961569999999938
 31
0
  0
LINE
  5
115
330
22
100
AcDbEntity
  8
B.Cu
  6
CONTINUOUS
100
AcDbLine
 10
151.9609820000000013
 20
-88.2961569999999938
 30
0
 11
151.9542799999999829
 21
-88.2933809999999966
 31
0
  0
LINE
  5
116
330
22
100
AcDbEntity
  8
B.Cu
  6
CONTINUOUS
100
AcDbLine
 10
151.9542799999999829
 20
-88.2933809999999966
 30
0
 11
151.9391579999999919
 21
-88.2974329999999981
 31
0
  0
LINE
  5
117
330
22
100
AcDbEntity
  8
B.Cu
  6
CONTINUOUS
100
AcDbLine
 10
151.9391579999999919
 20
-88.2974329999999981
 30
0
 11
151.860841999999991
 21
-88.2974329999999981
 31
0
  0
LINE
  5
118
330
22
100
AcDbEntity
  8
B.Cu
  6
CONTINUOUS
100
AcDbLine
 10
151.860841999999991
 20
-88.2974329999999981
 30
0
 11
151.7851949999999874
 21
-88.2771639999999991
 31
0
  0
LINE
  5
119
330
22
100
AcDbEntity
  8
B.Cu
  6
CONTINUOUS
100
AcDbLine
 10
151.7851949999999874
 20
-88.2771639999999991
 30
0
 11
151.7173719999999832
 21
-88.2380059999999986
 31
0
  0
LINE
  5
11A
330
22
100
AcDbEntity
  8
B.Cu
  6
CONTINUOUS
100
AcDbLine
 10
151.7173719999999832
 20
-88.2380059999999986
 30
0
 11
151.6619939999999929
 21
-88.182627999999994
 31
0
  0
LINE
  5
11B
330
22
100
AcDbEntity
  8
B.Cu
  6
CONTINUOUS
100
AcDbLine
 10
151.6619939999999929
 20
-88.182627999999994
 30
0
 11
151.6228360000000066
 21
-88.1148049999999898
 31
0
  0
LINE
  5
11C
330
22
100
AcDbEntity
  8
B.Cu
  6
CONTINUOUS
100
AcDbLine
 10
151.6228360000000066
 20
-88.1148049999999898
 30
0
 11
151.6025669999999934
 21
-88.0391580000000005
 31
0
  0
LINE
  5
11D
330
22
100
AcDbEntity
  8
B.Cu
  6
CONTINUOUS
100
AcDbLine
 10
151.6025669999999934
 20
-88.0391580000000005
 30
0
 11
151.6025669999999934
 21
-87.9608419999999995
 31
0
  0
LINE
  5
11E
330
22
100
AcDbEntity
  8
B.Cu
  6
CONTINUOUS
100
AcDbLine
 10
151.6025669999999934
 20
-87.9608419999999995
 30
0
 11
151.6228360000000066
 21
-87.885194999999996
 31
0
  0
LINE
  5
11F
330
22
100
AcDbEntity
  8
B.Cu
  6
CONTINUOUS
100
AcDbLine
 10
151.6228360000000066
 20
-87.885194999999996
 30
0
 11
151.6619939999999929
 21
-87.8173719999999918
 31
0
  0
LINE
  5
120
330
22
100
AcDbEntity
  8
B.Cu
  6
CONTINUOUS
100
AcDbLine
 10
151.6619939999999929
 20
-87.8173719999999918
 30
0
 11
151.7173719999999832
 21
-87.7619940000000014
 31
0
  0
LINE
  5
121
330
22
100
AcDbEntity
  8
B.Cu
  6
CONTINUOUS
100
AcDbLine
 10
151.7173719999999832
 20
-87.7619940000000014
 30
0
 11
151.7851949999999874
 21
-87.7228360000000009
 31
0
  0
LINE
  5
122
330
22
100
AcDbEntity
  8
B.Cu
  6
CONTINUOUS
100
AcDbLine
 10
151.7851949999999874
 20
-87.7228360000000009
 30
0
 11
151.860841999999991
 21
-87.7025670000000019
 31
0
  0
LINE
  5
123
330
22
100
AcDbEntity
  8
B.Cu
  6
CONTINUOUS
100
AcDbLine
 10
151.860841999999991
 20
-87.7025670000000019
 30
0
 11
151.9391579999999919
 21
-87.7025670000000019
 31
0
  0
LINE
  5
124
330
22
100
AcDbEntity
  8
B.Cu
  6
CONTINUOUS
100
AcDbLine
 10
151.9391579999999919
 20
-87.7025670000000019
 30
0
 11
152.0148049999999955
 21
-87.7228360000000009
 31
0
  0
LINE
  5
125
330
22
100
AcDbEntity
  8
B.Cu
  6
CONTINUOUS
100
AcDbLine
 10
152.0148049999999955
 20
-87.7228360000000009
 30
0
 11
152.0826279999999997
 21
-87.7619940000000014
 31
0
  0
LINE
  5
126
330
22
100
AcDbEntity
  8
B.Cu
  6
CONTINUOUS
100
AcDbLine
 10
152.0826279999999997
 20
-87.7619940000000014
 30
0
 11
152.1380059999999901
 21
-87.8173719999999918
 31
0
  0
LINE
  5
127
330
22
100
AcDbEntity
  8
B.Cu
  6
CONTINUOUS
100
AcDbLine
 10
152.1380059999999901
 20
-87.8173719999999918
 30
0
 11
152.1771640000000048
 21
-87.885194999999996
 31
0
  0
LINE
  5
128
330
22
100
AcDbEntity
  8
B.Cu
  6
CONTINUOUS
100
AcDbLine
 10
152.1771640000000048
 20
-87.885194999999996
 30
0
 11
152.1811309999999935
 21
-87.8999999999999915
 31
0
  0
LINE
  5
129
330
22
100
AcDbEntity
  8
B.Cu
  6
CONTINUOUS
100
AcDbLine
 10
152.1811309999999935
 20
-87.8999999999999915
 30
0
 11
154.1787709999999834
 21
-87.8999999999999915
 31
0
  0
LINE
  5
12A
330
22
100
AcDbEntity
  8
B.Cu
  6
CONTINUOUS
100
AcDbLine
 10
154.1787709999999834
 20
-87.8999999999999915
 30
0
 11
154.1822949999999821
 21
-87.8822859999999935
 31
0
  0
LINE
  5
12B
330
22
100
AcDbEntity
  8
B.Cu
  6
CONTINUOUS
100
AcDbLine
 10
154.1822949999999821
 20
-87.8822859999999935
 30
0
 11
154.2385589999999809
 21
-87.7464519999999908
 31
0
  0
LINE
  5
12C
330
22
100
AcDbEntity
  8
B.Cu
  6
CONTINUOUS
100
AcDbLine
 10
154.2385589999999809
 20
-87.7464519999999908
 30
0
 11
154.320241999999979
 21
-87.6242049999999892
 31
0
  0
LINE
  5
12D
330
22
100
AcDbEntity
  8
B.Cu
  6
CONTINUOUS
100
AcDbLine
 10
154.320241999999979
 20
-87.6242049999999892
 30
0
 11
154.4242050000000006
 21
-87.5202419999999961
 31
0
  0
LINE
  5
12E
330
22
100
AcDbEntity
  8
B.Cu
  6
CONTINUOUS
100
AcDbLine
 10
154.4242050000000006
 20
-87.5202419999999961
 30
0
 11
154.5464519999999879
 21
-87.4385589999999979
 31
0
  0
LINE
  5
12F
330
22
100
AcDbEntity
  8
B.Cu
  6
CONTINUOUS
100
AcDbLine
 10
154.5464519999999879
 20
-87.4385589999999979
 30
0
 11
154.6822860000000048
 21
-87.3822949999999992
 31
0
  0
LINE
  5
130
330
22
100
AcDbEntity
  8
B.Cu
  6
CONTINUOUS
100
AcDbLine
 10
154.6822860000000048
 20
-87.3822949999999992
 30
0
 11
154.826486999999986
 21
-87.3536110000000008
 31
0
  0
LINE
  5
131
330
22
100
AcDbEntity
  8
B.Cu
  6
CONTINUOUS
100
AcDbLine
 10
154.826486999999986
 20
-87.3536110000000008
 30
0
 11
154.973512999999997
 21
-87.3536110000000008
 31
0
  0
LINE
  5
132
330
22
100
AcDbEntity
  8
B.Cu
  6
CONTINUOUS
100
AcDbLine
 10
154.973512999999997
 20
-87.3536110000000008
 30
0
 11
155.1177140000000065
 21
-87.3822949999999992
 31
0
  0
LINE
  5
133
330
22
100
AcDbEntity
  8
B.Cu
  6
CONTINUOUS
100
AcDbLine
 10
164.0959419999999795
 20
-87.3540649999999914
 30
0
 11
164.2181929999999852
 21
-87.4047029999999978
 31
0
  0
LINE
  5
134
330
22
100
AcDbEntity
  8
B.Cu
  6
CONTINUOUS
100
AcDbLine
 10
164.2181929999999852
 20
-87.4047029999999978
 30
0
 11
164.3282150000000001
 21
-87.4782179999999983
 31
0
  0
LINE
  5
135
330
22
100
AcDbEntity
  8
B.Cu
  6
CONTINUOUS
100
AcDbLine
 10
164.3282150000000001
 20
-87.4782179999999983
 30
0
 11
164.421781999999979
 21
-87.5717849999999913
 31
0
  0
LINE
  5
136
330
22
100
AcDbEntity
  8
B.Cu
  6
CONTINUOUS
100
AcDbLine
 10
164.421781999999979
 20
-87.5717849999999913
 30
0
 11
164.4952969999999937
 21
-87.6818069999999921
 31
0
  0
LINE
  5
137
330
22
100
AcDbEntity
  8
B.Cu
  6
CONTINUOUS
100
AcDbLine
 10
164.4952969999999937
 20
-87.6818069999999921
 30
0
 11
164.5459349999999858
 21
-87.8040579999999977
 31
0
  0
LINE
  5
138
330
22
100
AcDbEntity
  8
B.Cu
  6
CONTINUOUS
100
AcDbLine
 10
164.5459349999999858
 20
-87.8040579999999977
 30
0
 11
164.5717499999999802
 21
-87.9338379999999944
 31
0
  0
LINE
  5
139
330
22
100
AcDbEntity
  8
B.Cu
  6
CONTINUOUS
100
AcDbLine
 10
164.5717499999999802
 20
-87.9338379999999944
 30
0
 11
164.5717499999999802
 21
-88.0661619999999914
 31
0
  0
LINE
  5
13A
330
22
100
AcDbEntity
  8
B.Cu
  6
CONTINUOUS
100
AcDbLine
 10
164.5717499999999802
 20
-88.0661619999999914
 30
0
 11
164.5459349999999858
 21
-88.1959420000000023
 31
0
  0
LINE
  5
13B
330
22
100
AcDbEntity
  8
B.Cu
  6
CONTINUOUS
100
AcDbLine
 10
164.5459349999999858
 20
-88.1959420000000023
 30
0
 11
164.4952969999999937
 21
-88.3181929999999937
 31
0
  0
LINE
  5
13C
330
22
100
AcDbEntity
  8
B.Cu
  6
CONTINUOUS
100
AcDbLine
 10
164.4952969999999937
 20
-88.3181929999999937
 30
0
 11
164.421781999999979
 21
-88.4282149999999945
 31
0
  0
LINE
  5
13D
330
22
100
AcDbEntity
  8
B.Cu
  6
CONTINUOUS
100
AcDbLine
 10
164.421781999999979
 20
-88.4282149999999945
 30
0
 11
164.3282150000000001
 21
-88.5217820000000017
 31
0
  0
LINE
  5
13E
330
22
100
AcDbEntity
  8
B.Cu
  6
CONTINUOUS
100
AcDbLine
 10
164.3282150000000001
 20
-88.5217820000000017
 30
0
 11
164.2181929999999852
 21
-88.5952970000000022
 31
0
  0
LINE
  5
13F
330
22
100
AcDbEntity
  8
B.Cu
  6
CONTINUOUS
100
AcDbLine
 10
164.2181929999999852
 20
-88.5952970000000022
 30
0
 11
164.0959419999999795
 21
-88.6459349999999944
 31
0
  0
LINE
  5
140
330
22
100
AcDbEntity
  8
B.Cu
  6
CONTINUOUS
100
AcDbLine
 10
164.0959419999999795
 20
-88.6459349999999944
 30
0
 11
163.9661619999999971
 21
-88.671750000000003
 31
0
  0
LINE
  5
141
330
22
100
AcDbEntity
  8
B.Cu
  6
CONTINUOUS
100
AcDbLine
 10
163.9661619999999971
 20
-88.671750000000003
 30
0
 11
163.8338379999999859
 21
-88.671750000000003
 31
0
  0
LINE
  5
142
330
22
100
AcDbEntity
  8
B.Cu
  6
CONTINUOUS
100
AcDbLine
 10
163.8338379999999859
 20
-88.671750000000003
 30
0
 11
163.7040580000000034
 21
-88.6459349999999944
 31
0
  0
LINE
  5
143
330
22
100
AcDbEntity
  8
B.Cu
  6
CONTINUOUS
100
AcDbLine
 10
163.7040580000000034
 20
-88.6459349999999944
 30
0
 11
163.5818069999999977
 21
-88.5952970000000022
 31
0
  0
LINE
  5
144
330
22
100
AcDbEntity
  8
B.Cu
  6
CONTINUOUS
100
AcDbLine
 10
163.5818069999999977
 20
-88.5952970000000022
 30
0
 11
163.4717849999999828
 21
-88.5217820000000017
 31
0
  0
LINE
  5
145
330
22
100
AcDbEntity
  8
B.Cu
  6
CONTINUOUS
100
AcDbLine
 10
163.4717849999999828
 20
-88.5217820000000017
 30
0
 11
163.3782180000000039
 21
-88.4282149999999945
 31
0
  0
LINE
  5
146
330
22
100
AcDbEntity
  8
B.Cu
  6
CONTINUOUS
100
AcDbLine
 10
163.3782180000000039
 20
-88.4282149999999945
 30
0
 11
163.3047029999999893
 21
-88.3181929999999937
 31
0
  0
LINE
  5
147
330
22
100
AcDbEntity
  8
B.Cu
  6
CONTINUOUS
100
AcDbLine
 10
163.3047029999999893
 20
-88.3181929999999937
 30
0
 11
163.2540649999999971
 21
-88.1959420000000023
 31
0
  0
LINE
  5
148
330
22
100
AcDbEntity
  8
B.Cu
  6
CONTINUOUS
100
AcDbLine
 10
163.2540649999999971
 20
-88.1959420000000023
 30
0
 11
163.2282500000000027
 21
-88.0661619999999914
 31
0
  0
LINE
  5
149
330
22
100
AcDbEntity
  8
B.Cu
  6
CONTINUOUS
100
AcDbLine
 10
163.2282500000000027
 20
-88.0661619999999914
 30
0
 11
163.2282500000000027
 21
-87.9338379999999944
 31
0
  0
LINE
  5
14A
330
22
100
AcDbEntity
  8
B.Cu
  6
CONTINUOUS
100
AcDbLine
 10
163.2282500000000027
 20
-87.9338379999999944
 30
0
 11
163.2540649999999971
 21
-87.8040579999999977
 31
0
  0
LINE
  5
14B
330
22
100
AcDbEntity
  8
B.Cu
  6
CONTINUOUS
100
AcDbLine
 10
163.2540649999999971
 20
-87.8040579999999977
 30
0
 11
163.3047029999999893
 21
-87.6818069999999921
 31
0
  0
LINE
  5
14C
330
22
100
AcDbEntity
  8
B.Cu
  6
CONTINUOUS
100
AcDbLine
 10
163.3047029999999893
 20
-87.6818069999999921
 30
0
 11
163.3782180000000039
 21
-87.5717849999999913
 31
0
  0
LINE
  5
14D
330
22
100
AcDbEntity
  8
B.Cu
  6
CONTINUOUS
100
AcDbLine
 10
163.3782180000000039
 20
-87.5717849999999913
 30
0
 11
163.4717849999999828
 21
-87.4782179999999983
 31
0
  0
LINE
  5
14E
330
22
100
AcDbEntity
  8
B.Cu
  6
CONTINUOUS
100
AcDbLine
 10
163.4717849999999828
 20
-87.4782179999999983
 30
0
 11
163.5818069999999977
 21
-87.4047029999999978
 31
0
  0
LINE
  5
14F
330
22
100
AcDbEntity
  8
B.Cu
  6
CONTINUOUS
100
AcDbLine
 10
163.5818069999999977
 20
-87.4047029999999978
 30
0
 11
163.7040580000000034
 21
-87.3540649999999914
 31
0
  0
LINE
  5
150
330
22
100
AcDbEntity
  8
B.Cu
  6
CONTINUOUS
100
AcDbLine
 10
163.7040580000000034
 20
-87.3540649999999914
 30
0
 11
163.8338379999999859
 21
-87.328249999999997
 31
0
  0
LINE
  5
151
330
22
100
AcDbEntity
  8
B.Cu
  6
CONTINUOUS
100
AcDbLine
 10
163.8338379999999859
 20
-87.328249999999997
 30
0
 11
163.9661619999999971
 21
-87.328249999999997
 31
0
  0
LINE
  5
152
330
22
100
AcDbEntity
  8
B.Cu
  6
CONTINUOUS
100
AcDbLine
 10
163.9661619999999971
 20
-87.328249999999997
 30
0
 11
164.0959419999999795
 21
-87.3540649999999914
 31
0
  0
LINE
  5
153
330
22
100
AcDbEntity
  8
B.Cu
  6
CONTINUOUS
100
AcDbLine
 10
167.0959419999999795
 20
-87.3540649999999914
 30
0
 11
167.2181929999999852
 21
-87.4047029999999978
 31
0
  0
LINE
  5
154
330
22
100
AcDbEntity
  8
B.Cu
  6
CONTINUOUS
100
AcDbLine
 10
167.2181929999999852
 20
-87.4047029999999978
 30
0
 11
167.3282150000000001
 21
-87.4782179999999983
 31
0
  0
LINE
  5
155
330
22
100
AcDbEntity
  8
B.Cu
  6
CONTINUOUS
100
AcDbLine
 10
167.3282150000000001
 20
-87.4782179999999983
 30
0
 11
167.421781999999979
 21
-87.5717849999999913
 31
0
  0
LINE
  5
156
330
22
100
AcDbEntity
  8
B.Cu
  6
CONTINUOUS
100
AcDbLine
 10
167.421781999999979
 20
-87.5717849999999913
 30
0
 11
167.4952969999999937
 21
-87.6818069999999921
 31
0
  0
LINE
  5
157
330
22
100
AcDbEntity
  8
B.Cu
  6
CONTINUOUS
100
AcDbLine
 10
167.4952969999999937
 20
-87.6818069999999921
 30
0
 11
167.5459349999999858
 21
-87.8040579999999977
 31
0
  0
LINE
  5
158
330
22
100
AcDbEntity
  8
B.Cu
  6
CONTINUOUS
100
AcDbLine
 10
167.5459349999999858
 20
-87.8040579999999977
 30
0
 11
167.5717499999999802
 21
-87.9338379999999944
 31
0
  0
LINE
  5
159
330
22
100
AcDbEntity
  8
B.Cu
  6
CONTINUOUS
100
AcDbLine
 10
167.5717499999999802
 20
-87.9338379999999944
 30
0
 11
167.5717499999999802
 21
-88.0661619999999914
 31
0
  0
LINE
  5
15A
330
22
100
AcDbEntity
  8
B.Cu
  6
CONTINUOUS
100
AcDbLine
 10
167.5717499999999802
 20
-88.0661619999999914
 30
0
 11
167.5459349999999858
 21
-88.1959420000000023
 31
0
  0
LINE
  5
15B
330
22
100
AcDbEntity
  8
B.Cu
  6
CONTINUOUS
100
AcDbLine
 10
167.5459349999999858
 20
-88.1959420000000023
 30
0
 11
167.4952969999999937
 21
-88.3181929999999937
 31
0
  0
LINE
  5
15C
330
22
100
AcDbEntity
  8
B.Cu
  6
CONTINUOUS
100
AcDbLine
 10
167.4952969999999937
 20
-88.3181929999999937
 30
0
 11
167.421781999999979
 21
-88.4282149999999945
 31
0
  0
LINE
  5
15D
330
22
100
AcDbEntity
  8
B.Cu
  6
CONTINUOUS
100
AcDbLine
 10
167.421781999999979
 20
-88.4282149999999945
 30
0
 11
167.3282150000000001
 21
-88.5217820000000017
 31
0
  0
LINE
  5
15E
330
22
100
AcDbEntity
  8
B.Cu
  6
CONTINUOUS
100
AcDbLine
 10
167.3282150000000001
 20
-88.5217820000000017
 30
0
 11
167.2181929999999852
 21
-88.5952970000000022
 31
0
  0
LINE
  5
15F
330
22
100
AcDbEntity
  8
B.Cu
  6
CONTINUOUS
100
AcDbLine
 10
167.2181929999999852
 20
-88.5952970000000022
 30
0
 11
167.0959419999999795
 21
-88.6459349999999944
 31
0
  0
LINE
  5
160
330
22
100
AcDbEntity
  8
B.Cu
  6
CONTINUOUS
100
AcDbLine
 10
167.0959419999999795
 20
-88.6459349999999944
 30
0
 11
166.9661619999999971
 21
-88.671750000000003
 31
0
  0
LINE
  5
161
330
22
100
AcDbEntity
  8
B.Cu
  6
CONTINUOUS
100
AcDbLine
 10
166.9661619999999971
 20
-88.671750000000003
 30
0
 11
166.8338379999999859
 21
-88.671750000000003
 31
0
  0
LINE
  5
162
330
22
100
AcDbEntity
  8
B.Cu
  6
CONTINUOUS
100
AcDbLine
 10
166.8338379999999859
 20
-88.671750000000003
 30
0
 11
166.7040580000000034
 21
-88.6459349999999944
 31
0
  0
LINE
  5
163
330
22
100
AcDbEntity
  8
B.Cu
  6
CONTINUOUS
100
AcDbLine
 10
166.7040580000000034
 20
-88.6459349999999944
 30
0
 11
166.5818069999999977
 21
-88.5952970000000022
 31
0
  0
LINE
  5
164
330
22
100
AcDbEntity
  8
B.Cu
  6
CONTINUOUS
100
AcDbLine
 10
166.5818069999999977
 20
-88.5952970000000022
 30
0
 11
166.4717849999999828
 21
-88.5217820000000017
 31
0
  0
LINE
  5
165
330
22
100
AcDbEntity
  8
B.Cu
  6
CONTINUOUS
100
AcDbLine
 10
166.4717849999999828
 20
-88.5217820000000017
 30
0
 11
166.3782180000000039
 21
-88.4282149999999945
 31
0
  0
LINE
  5
166
330
22
100
AcDbEntity
  8
B.Cu
  6
CONTINUOUS
100
AcDbLine
 10
166.3782180000000039
 20
-88.4282149999999945
 30
0
 11
166.3047029999999893
 21
-88.3181929999999937
 31
0
  0
LINE
  5
167
330
22
100
AcDbEntity
  8
B.Cu
  6
CONTINUOUS
100
AcDbLine
 10
166.3047029999999893
 20
-88.3181929999999937
 30
0
 11
166.2540649999999971
 21
-88.1959420000000023
 31
0
  0
LINE
  5
168
330
22
100
AcDbEntity
  8
B.Cu
  6
CONTINUOUS
100
AcDbLine
 10
166.2540649999999971
 20
-88.1959420000000023
 30
0
 11
166.2282500000000027
 21
-88.0661619999999914
 31
0
  0
LINE
  5
169
330
22
100
AcDbEntity
  8
B.Cu
  6
CONTINUOUS
100
AcDbLine
 10
166.2282500000000027
 20
-88.0661619999999914
 30
0
 11
166.2282500000000027
 21
-87.9338379999999944
 31
0
  0
LINE
  5
16A
330
22
100
AcDbEntity
  8
B.Cu
  6
CONTINUOUS
100
AcDbLine
 10
166.2282500000000027
 20
-87.9338379999999944
 30
0
 11
166.2540649999999971
 21
-87.8040579999999977
 31
0
  0
LINE
  5
16B
330
22
100
AcDbEntity
  8
B.Cu
  6
CONTINUOUS
100
AcDbLine
 10
166.2540649999999971
 20
-87.8040579999999977
 30
0
 11
166.3047029999999893
 21
-87.6818069999999921
 31
0
  0
LINE
  5
16C
330
22
100
AcDbEntity
  8
B.Cu
  6
CONTINUOUS
100
AcDbLine
 10
166.3047029999999893
 20
-87.6818069999999921
 30
0
 11
166.3782180000000039
 21
-87.5717849999999913
 31
0
  0
LINE
  5
16D
330
22
100
AcDbEntity
  8
B.Cu
  6
CONTINUOUS
100
AcDbLine
 10
166.3782180000000039
 20
-87.5717849999999913
 30
0
 11
166.4717849999999828
 21
-87.4782179999999983
 31
0
  0
LINE
  5
16E
330
22
100
AcDbEntity
  8
B.Cu
  6
CONTINUOUS
100
AcDbLine
 10
166.4717849999999828
 20
-87.4782179999999983
 30
0
 11
166.5818069999999977
 21
-87.4047029999999978
 31
0
  0
LINE
  5
16F
330
22
100
AcDbEntity
  8
B.Cu
  6
CONTINUOUS
100
AcDbLine
 10
166.5818069999999977
 20
-87.4047029999999978
 30
0
 11
166.7040580000000034
 21
-87.3540649999999914
 31
0
  0
LINE
  5
170
330
22
100
AcDbEntity
  8
B.Cu
  6
CONTINUOUS
100
AcDbLine
 10
166.7040580000000034
 20
-87.3540649999999914
 30
0
 11
166.8338379999999859
 21
-87.328249999999997
 31
0
  0
LINE
  5
171
330
22
100
AcDbEntity
  8
B.Cu
  6
CONTINUOUS
100
AcDbLine
 10
166.8338379999999859
 20
-87.328249999999997
 30
0
 11
166.9661619999999971
 21
-87.328249999999997
 31
0
  0
LINE
  5
172
330
22
100
AcDbEntity
  8
B.Cu
  6
CONTINUOUS
100
AcDbLine
 10
166.9661619999999971
 20
-87.328249999999997
 30
0
 11
167.0959419999999795
 21
-87.3540649999999914
 31
0
  0
LINE
  5
173
330
22
100
AcDbEntity
  8
B.Cu
  6
CONTINUOUS
100
AcDbLine
 10
129.2177140000000009
 20
-84.2822949999999906
 30
0
 11
129.3535479999999893
 21
-84.3385589999999894
 31
0
  0
LINE
  5
174
330
22
100
AcDbEntity
  8
B.Cu
  6
CONTINUOUS
100
AcDbLine
 10
129.3535479999999893
 20
-84.3385589999999894
 30
0
 11
129.4757950000000051
 21
-84.4202420000000018
 31
0
  0
LINE
  5
175
330
22
100
AcDbEntity
  8
B.Cu
  6
CONTINUOUS
100
AcDbLine
 10
129.4757950000000051
 20
-84.4202420000000018
 30
0
 11
129.5797579999999982
 21
-84.5242049999999949
 31
0
  0
LINE
  5
176
330
22
100
AcDbEntity
  8
B.Cu
  6
CONTINUOUS
100
AcDbLine
 10
129.5797579999999982
 20
-84.5242049999999949
 30
0
 11
129.6614409999999964
 21
-84.6464519999999965
 31
0
  0
LINE
  5
177
330
22
100
AcDbEntity
  8
B.Cu
  6
CONTINUOUS
100
AcDbLine
 10
129.6614409999999964
 20
-84.6464519999999965
 30
0
 11
129.7177049999999952
 21
-84.7822859999999991
 31
0
  0
LINE
  5
178
330
22
100
AcDbEntity
  8
B.Cu
  6
CONTINUOUS
100
AcDbLine
 10
129.7177049999999952
 20
-84.7822859999999991
 30
0
 11
129.7463889999999935
 21
-84.9264869999999945
 31
0
  0
LINE
  5
179
330
22
100
AcDbEntity
  8
B.Cu
  6
CONTINUOUS
100
AcDbLine
 10
129.7463889999999935
 20
-84.9264869999999945
 30
0
 11
129.7463889999999935
 21
-85.0735129999999913
 31
0
  0
LINE
  5
17A
330
22
100
AcDbEntity
  8
B.Cu
  6
CONTINUOUS
100
AcDbLine
 10
129.7463889999999935
 20
-85.0735129999999913
 30
0
 11
129.7177049999999952
 21
-85.2177140000000009
 31
0
  0
LINE
  5
17B
330
22
100
AcDbEntity
  8
B.Cu
  6
CONTINUOUS
100
AcDbLine
 10
129.7177049999999952
 20
-85.2177140000000009
 30
0
 11
129.6614409999999964
 21
-85.3535479999999893
 31
0
  0
LINE
  5
17C
330
22
100
AcDbEntity
  8
B.Cu
  6
CONTINUOUS
100
AcDbLine
 10
129.6614409999999964
 20
-85.3535479999999893
 30
0
 11
129.6514059999999802
 21
-85.3685639999999921
 31
0
  0
LINE
  5
17D
330
22
100
AcDbEntity
  8
B.Cu
  6
CONTINUOUS
100
AcDbLine
 10
129.6514059999999802
 20
-85.3685639999999921
 30
0
 11
130.4664209999999969
 21
-86.1835789999999946
 31
0
  0
LINE
  5
17E
330
22
100
AcDbEntity
  8
B.Cu
  6
CONTINUOUS
100
AcDbLine
 10
130.4664209999999969
 20
-86.1835789999999946
 30
0
 11
130.4912939999999821
 21
-86.2138860000000022
 31
0
  0
LINE
  5
17F
330
22
100
AcDbEntity
  8
B.Cu
  6
CONTINUOUS
100
AcDbLine
 10
130.4912939999999821
 20
-86.2138860000000022
 30
0
 11
130.5211569999999881
 21
-86.28598199999999
 31
0
  0
LINE
  5
180
330
22
100
AcDbEntity
  8
B.Cu
  6
CONTINUOUS
100
AcDbLine
 10
130.5211569999999881
 20
-86.28598199999999
 30
0
 11
130.5250000000000057
 21
-86.3250000000000028
 31
0
  0
LINE
  5
181
330
22
100
AcDbEntity
  8
B.Cu
  6
CONTINUOUS
100
AcDbLine
 10
130.5250000000000057
 20
-86.3250000000000028
 30
0
 11
130.5250000000000057
 21
-87.1043659999999988
 31
0
  0
LINE
  5
182
330
22
100
AcDbEntity
  8
B.Cu
  6
CONTINUOUS
100
AcDbLine
 10
130.5250000000000057
 20
-87.1043659999999988
 30
0
 11
130.5630060000000014
 21
-87.1423719999999946
 31
0
  0
LINE
  5
183
330
22
100
AcDbEntity
  8
B.Cu
  6
CONTINUOUS
100
AcDbLine
 10
130.5630060000000014
 20
-87.1423719999999946
 30
0
 11
130.6021639999999877
 21
-87.2101949999999988
 31
0
  0
LINE
  5
184
330
22
100
AcDbEntity
  8
B.Cu
  6
CONTINUOUS
100
AcDbLine
 10
130.6021639999999877
 20
-87.2101949999999988
 30
0
 11
130.6224330000000009
 21
-87.2858420000000024
 31
0
  0
LINE
  5
185
330
22
100
AcDbEntity
  8
B.Cu
  6
CONTINUOUS
100
AcDbLine
 10
130.6224330000000009
 20
-87.2858420000000024
 30
0
 11
130.6224330000000009
 21
-87.3641579999999891
 31
0
  0
LINE
  5
186
330
22
100
AcDbEntity
  8
B.Cu
  6
CONTINUOUS
100
AcDbLine
 10
130.6224330000000009
 20
-87.3641579999999891
 30
0
 11
130.6021639999999877
 21
-87.4398049999999927
 31
0
  0
LINE
  5
187
330
22
100
AcDbEntity
  8
B.Cu
  6
CONTINUOUS
100
AcDbLine
 10
130.6021639999999877
 20
-87.4398049999999927
 30
0
 11
130.5630060000000014
 21
-87.5076279999999969
 31
0
  0
LINE
  5
188
330
22
100
AcDbEntity
  8
B.Cu
  6
CONTINUOUS
100
AcDbLine
 10
130.5630060000000014
 20
-87.5076279999999969
 30
0
 11
130.5076279999999826
 21
-87.5630060000000014
 31
0
  0
LINE
  5
189
330
22
100
AcDbEntity
  8
B.Cu
  6
CONTINUOUS
100
AcDbLine
 10
130.5076279999999826
 20
-87.5630060000000014
 30
0
 11
130.4398050000000069
 21
-87.6021640000000019
 31
0
  0
LINE
  5
18A
330
22
100
AcDbEntity
  8
B.Cu
  6
CONTINUOUS
100
AcDbLine
 10
130.4398050000000069
 20
-87.6021640000000019
 30
0
 11
130.3641580000000033
 21
-87.6224330000000009
 31
0
  0
LINE
  5
18B
330
22
100
AcDbEntity
  8
B.Cu
  6
CONTINUOUS
100
AcDbLine
 10
130.3641580000000033
 20
-87.6224330000000009
 30
0
 11
130.2858420000000024
 21
-87.6224330000000009
 31
0
  0
LINE
  5
18C
330
22
100
AcDbEntity
  8
B.Cu
  6
CONTINUOUS
100
AcDbLine
 10
130.2858420000000024
 20
-87.6224330000000009
 30
0
 11
130.2101949999999988
 21
-87.6021640000000019
 31
0
  0
LINE
  5
18D
330
22
100
AcDbEntity
  8
B.Cu
  6
CONTINUOUS
100
AcDbLine
 10
130.2101949999999988
 20
-87.6021640000000019
 30
0
 11
130.1423719999999946
 21
-87.5630060000000014
 31
0
  0
LINE
  5
18E
330
22
100
AcDbEntity
  8
B.Cu
  6
CONTINUOUS
100
AcDbLine
 10
130.1423719999999946
 20
-87.5630060000000014
 30
0
 11
130.0869940000000042
 21
-87.5076279999999969
 31
0
  0
LINE
  5
18F
330
22
100
AcDbEntity
  8
B.Cu
  6
CONTINUOUS
100
AcDbLine
 10
130.0869940000000042
 20
-87.5076279999999969
 30
0
 11
130.0478359999999896
 21
-87.4398049999999927
 31
0
  0
LINE
  5
190
330
22
100
AcDbEntity
  8
B.Cu
  6
CONTINUOUS
100
AcDbLine
 10
130.0478359999999896
 20
-87.4398049999999927
 30
0
 11
130.0275670000000048
 21
-87.3641579999999891
 31
0
  0
LINE
  5
191
330
22
100
AcDbEntity
  8
B.Cu
  6
CONTINUOUS
100
AcDbLine
 10
130.0275670000000048
 20
-87.3641579999999891
 30
0
 11
130.0275670000000048
 21
-87.2858420000000024
 31
0
  0
LINE
  5
192
330
22
100
AcDbEntity
  8
B.Cu
  6
CONTINUOUS
100
AcDbLine
 10
130.0275670000000048
 20
-87.2858420000000024
 30
0
 11
130.0478359999999896
 21
-87.2101949999999988
 31
0
  0
LINE
  5
193
330
22
100
AcDbEntity
  8
B.Cu
  6
CONTINUOUS
100
AcDbLine
 10
130.0478359999999896
 20
-87.2101949999999988
 30
0
 11
130.0869940000000042
 21
-87.1423719999999946
 31
0
  0
LINE
  5
194
330
22
100
AcDbEntity
  8
B.Cu
  6
CONTINUOUS
100
AcDbLine
 10
130.0869940000000042
 20
-87.1423719999999946
 30
0
 11
130.125
 21
-87.1043659999999988
 31
0
  0
LINE
  5
195
330
22
100
AcDbEntity
  8
B.Cu
  6
CONTINUOUS
100
AcDbLine
 10
130.125
 20
-87.1043659999999988
 30
0
 11
130.125
 21
-86.4078420000000023
 31
0
  0
LINE
  5
196
330
22
100
AcDbEntity
  8
B.Cu
  6
CONTINUOUS
100
AcDbLine
 10
130.125
 20
-86.4078420000000023
 30
0
 11
129.3685639999999921
 21
-85.6514059999999944
 31
0
  0
LINE
  5
197
330
22
100
AcDbEntity
  8
B.Cu
  6
CONTINUOUS
100
AcDbLine
 10
129.3685639999999921
 20
-85.6514059999999944
 30
0
 11
129.3535479999999893
 21
-85.6614409999999964
 31
0
  0
LINE
  5
198
330
22
100
AcDbEntity
  8
B.Cu
  6
CONTINUOUS
100
AcDbLine
 10
129.3535479999999893
 20
-85.6614409999999964
 30
0
 11
129.2177140000000009
 21
-85.7177049999999952
 31
0
  0
LINE
  5
199
330
22
100
AcDbEntity
  8
B.Cu
  6
CONTINUOUS
100
AcDbLine
 10
129.2177140000000009
 20
-85.7177049999999952
 30
0
 11
129.0735129999999913
 21
-85.7463889999999935
 31
0
  0
LINE
  5
19A
330
22
100
AcDbEntity
  8
B.Cu
  6
CONTINUOUS
100
AcDbLine
 10
129.0735129999999913
 20
-85.7463889999999935
 30
0
 11
128.9264869999999803
 21
-85.7463889999999935
 31
0
  0
LINE
  5
19B
330
22
100
AcDbEntity
  8
B.Cu
  6
CONTINUOUS
100
AcDbLine
 10
128.9264869999999803
 20
-85.7463889999999935
 30
0
 11
128.7822859999999991
 21
-85.7177049999999952
 31
0
  0
LINE
  5
19C
330
22
100
AcDbEntity
  8
B.Cu
  6
CONTINUOUS
100
AcDbLine
 10
128.7822859999999991
 20
-85.7177049999999952
 30
0
 11
128.6464519999999823
 21
-85.6614409999999964
 31
0
  0
LINE
  5
19D
330
22
100
AcDbEntity
  8
B.Cu
  6
CONTINUOUS
100
AcDbLine
 10
128.6464519999999823
 20
-85.6614409999999964
 30
0
 11
128.5242049999999949
 21
-85.5797579999999982
 31
0
  0
LINE
  5
19E
330
22
100
AcDbEntity
  8
B.Cu
  6
CONTINUOUS
100
AcDbLine
 10
128.5242049999999949
 20
-85.5797579999999982
 30
0
 11
128.4202420000000018
 21
-85.4757949999999909
 31
0
  0
LINE
  5
19F
330
22
100
AcDbEntity
  8
B.Cu
  6
CONTINUOUS
100
AcDbLine
 10
128.4202420000000018
 20
-85.4757949999999909
 30
0
 11
128.3385590000000036
 21
-85.3535479999999893
 31
0
  0
LINE
  5
1A0
330
22
100
AcDbEntity
  8
B.Cu
  6
CONTINUOUS
100
AcDbLine
 10
128.3385590000000036
 20
-85.3535479999999893
 30
0
 11
128.2822950000000048
 21
-85.2177140000000009
 31
0
  0
LINE
  5
1A1
330
22
100
AcDbEntity
  8
B.Cu
  6
CONTINUOUS
100
AcDbLine
 10
128.2822950000000048
 20
-85.2177140000000009
 30
0
 11
128.2536110000000065
 21
-85.0735129999999913
 31
0
  0
LINE
  5
1A2
330
22
100
AcDbEntity
  8
B.Cu
  6
CONTINUOUS
100
AcDbLine
 10
128.2536110000000065
 20
-85.0735129999999913
 30
0
 11
128.2536110000000065
 21
-84.9264869999999945
 31
0
  0
LINE
  5
1A3
330
22
100
AcDbEntity
  8
B.Cu
  6
CONTINUOUS
100
AcDbLine
 10
128.2536110000000065
 20
-84.9264869999999945
 30
0
 11
128.2822950000000048
 21
-84.7822859999999991
 31
0
  0
LINE
  5
1A4
330
22
100
AcDbEntity
  8
B.Cu
  6
CONTINUOUS
100
AcDbLine
 10
128.2822950000000048
 20
-84.7822859999999991
 30
0
 11
128.3385590000000036
 21
-84.6464519999999965
 31
0
  0
LINE
  5
1A5
330
22
100
AcDbEntity
  8
B.Cu
  6
CONTINUOUS
100
AcDbLine
 10
128.3385590000000036
 20
-84.6464519999999965
 30
0
 11
128.4202420000000018
 21
-84.5242049999999949
 31
0
  0
LINE
  5
1A6
330
22
100
AcDbEntity
  8
B.Cu
  6
CONTINUOUS
100
AcDbLine
 10
128.4202420000000018
 20
-84.5242049999999949
 30
0
 11
128.5242049999999949
 21
-84.4202420000000018
 31
0
  0
LINE
  5
1A7
330
22
100
AcDbEntity
  8
B.Cu
  6
CONTINUOUS
100
AcDbLine
 10
128.5242049999999949
 20
-84.4202420000000018
 30
0
 11
128.6464519999999823
 21
-84.3385589999999894
 31
0
  0
LINE
  5
1A8
330
22
100
AcDbEntity
  8
B.Cu
  6
CONTINUOUS
100
AcDbLine
 10
128.6464519999999823
 20
-84.3385589999999894
 30
0
 11
128.7822859999999991
 21
-84.2822949999999906
 31
0
  0
LINE
  5
1A9
330
22
100
AcDbEntity
  8
B.Cu
  6
CONTINUOUS
100
AcDbLine
 10
128.7822859999999991
 20
-84.2822949999999906
 30
0
 11
128.9264869999999803
 21
-84.2536109999999923
 31
0
  0
LINE
  5
1AA
330
22
100
AcDbEntity
  8
B.Cu
  6
CONTINUOUS
100
AcDbLine
 10
128.9264869999999803
 20
-84.2536109999999923
 30
0
 11
129.0735129999999913
 21
-84.2536109999999923
 31
0
  0
LINE
  5
1AB
330
22
100
AcDbEntity
  8
B.Cu
  6
CONTINUOUS
100
AcDbLine
 10
129.0735129999999913
 20
-84.2536109999999923
 30
0
 11
129.2177140000000009
 21
-84.2822949999999906
 31
0
  0
LINE
  5
1AC
330
22
100
AcDbEntity
  8
B.Cu
  6
CONTINUOUS
100
AcDbLine
 10
116.6907579999999882
 20
-86.5491839999999968
 30
0
 11
114.9907579999999996
 21
-86.5491839999999968
 31
0
  0
LINE
  5
1AD
330
22
100
AcDbEntity
  8
B.Cu
  6
CONTINUOUS
100
AcDbLine
 10
114.9907579999999996
 20
-86.5491839999999968
 30
0
 11
114.9907579999999996
 21
-84.8491839999999939
 31
0
  0
LINE
  5
1AE
330
22
100
AcDbEntity
  8
B.Cu
  6
CONTINUOUS
100
AcDbLine
 10
114.9907579999999996
 20
-84.8491839999999939
 30
0
 11
116.6907579999999882
 21
-84.8491839999999939
 31
0
  0
LINE
  5
1AF
330
22
100
AcDbEntity
  8
B.Cu
  6
CONTINUOUS
100
AcDbLine
 10
116.6907579999999882
 20
-84.8491839999999939
 30
0
 11
116.6907579999999882
 21
-86.5491839999999968
 31
0
  0
LINE
  5
1B0
330
22
100
AcDbEntity
  8
B.Cu
  6
CONTINUOUS
100
AcDbLine
 10
116.0874999999999915
 20
-82.3457849999999922
 30
0
 11
116.2414449999999988
 21
-82.4095509999999933
 31
0
  0
LINE
  5
1B1
330
22
100
AcDbEntity
  8
B.Cu
  6
CONTINUOUS
100
AcDbLine
 10
116.2414449999999988
 20
-82.4095509999999933
 30
0
 11
116.3799920000000014
 21
-82.5021249999999924
 31
0
  0
LINE
  5
1B2
330
22
100
AcDbEntity
  8
B.Cu
  6
CONTINUOUS
100
AcDbLine
 10
116.3799920000000014
 20
-82.5021249999999924
 30
0
 11
116.4978169999999977
 21
-82.6199500000000029
 31
0
  0
LINE
  5
1B3
330
22
100
AcDbEntity
  8
B.Cu
  6
CONTINUOUS
100
AcDbLine
 10
116.4978169999999977
 20
-82.6199500000000029
 30
0
 11
116.5903909999999968
 21
-82.7584969999999913
 31
0
  0
LINE
  5
1B4
330
22
100
AcDbEntity
  8
B.Cu
  6
CONTINUOUS
100
AcDbLine
 10
116.5903909999999968
 20
-82.7584969999999913
 30
0
 11
116.6541569999999979
 21
-82.9124419999999986
 31
0
  0
LINE
  5
1B5
330
22
100
AcDbEntity
  8
B.Cu
  6
CONTINUOUS
100
AcDbLine
 10
116.6541569999999979
 20
-82.9124419999999986
 30
0
 11
116.6866649999999908
 21
-83.0758689999999973
 31
0
  0
LINE
  5
1B6
330
22
100
AcDbEntity
  8
B.Cu
  6
CONTINUOUS
100
AcDbLine
 10
116.6866649999999908
 20
-83.0758689999999973
 30
0
 11
116.6866649999999908
 21
-83.2424989999999951
 31
0
  0
LINE
  5
1B7
330
22
100
AcDbEntity
  8
B.Cu
  6
CONTINUOUS
100
AcDbLine
 10
116.6866649999999908
 20
-83.2424989999999951
 30
0
 11
116.6541569999999979
 21
-83.4059259999999938
 31
0
  0
LINE
  5
1B8
330
22
100
AcDbEntity
  8
B.Cu
  6
CONTINUOUS
100
AcDbLine
 10
116.6541569999999979
 20
-83.4059259999999938
 30
0
 11
116.5903909999999968
 21
-83.5598710000000011
 31
0
  0
LINE
  5
1B9
330
22
100
AcDbEntity
  8
B.Cu
  6
CONTINUOUS
100
AcDbLine
 10
116.5903909999999968
 20
-83.5598710000000011
 30
0
 11
116.4978169999999977
 21
-83.6984179999999895
 31
0
  0
LINE
  5
1BA
330
22
100
AcDbEntity
  8
B.Cu
  6
CONTINUOUS
100
AcDbLine
 10
116.4978169999999977
 20
-83.6984179999999895
 30
0
 11
116.3799920000000014
 21
-83.8162430000000001
 31
0
  0
LINE
  5
1BB
330
22
100
AcDbEntity
  8
B.Cu
  6
CONTINUOUS
100
AcDbLine
 10
116.3799920000000014
 20
-83.8162430000000001
 30
0
 11
116.2414449999999988
 21
-83.9088169999999991
 31
0
  0
LINE
  5
1BC
330
22
100
AcDbEntity
  8
B.Cu
  6
CONTINUOUS
100
AcDbLine
 10
116.2414449999999988
 20
-83.9088169999999991
 30
0
 11
116.0874999999999915
 21
-83.9725830000000002
 31
0
  0
LINE
  5
1BD
330
22
100
AcDbEntity
  8
B.Cu
  6
CONTINUOUS
100
AcDbLine
 10
116.0874999999999915
 20
-83.9725830000000002
 30
0
 11
115.9240729999999928
 21
-84.0050909999999931
 31
0
  0
LINE
  5
1BE
330
22
100
AcDbEntity
  8
B.Cu
  6
CONTINUOUS
100
AcDbLine
 10
115.9240729999999928
 20
-84.0050909999999931
 30
0
 11
115.757442999999995
 21
-84.0050909999999931
 31
0
  0
LINE
  5
1BF
330
22
100
AcDbEntity
  8
B.Cu
  6
CONTINUOUS
100
AcDbLine
 10
115.757442999999995
 20
-84.0050909999999931
 30
0
 11
115.5940159999999963
 21
-83.9725830000000002
 31
0
  0
LINE
  5
1C0
330
22
100
AcDbEntity
  8
B.Cu
  6
CONTINUOUS
100
AcDbLine
 10
115.5940159999999963
 20
-83.9725830000000002
 30
0
 11
115.440070999999989
 21
-83.9088169999999991
 31
0
  0
LINE
  5
1C1
330
22
100
AcDbEntity
  8
B.Cu
  6
CONTINUOUS
100
AcDbLine
 10
115.440070999999989
 20
-83.9088169999999991
 30
0
 11
115.3015240000000006
 21
-83.8162430000000001
 31
0
  0
LINE
  5
1C2
330
22
100
AcDbEntity
  8
B.Cu
  6
CONTINUOUS
100
AcDbLine
 10
115.3015240000000006
 20
-83.8162430000000001
 30
0
 11
115.1836989999999901
 21
-83.6984179999999895
 31
0
  0
LINE
  5
1C3
330
22
100
AcDbEntity
  8
B.Cu
  6
CONTINUOUS
100
AcDbLine
 10
115.1836989999999901
 20
-83.6984179999999895
 30
0
 11
115.091124999999991
 21
-83.5598710000000011
 31
0
  0
LINE
  5
1C4
330
22
100
AcDbEntity
  8
B.Cu
  6
CONTINUOUS
100
AcDbLine
 10
115.091124999999991
 20
-83.5598710000000011
 30
0
 11
115.0273589999999899
 21
-83.4059259999999938
 31
0
  0
LINE
  5
1C5
330
22
100
AcDbEntity
  8
B.Cu
  6
CONTINUOUS
100
AcDbLine
 10
115.0273589999999899
 20
-83.4059259999999938
 30
0
 11
114.994850999999997
 21
-83.2424989999999951
 31
0
  0
LINE
  5
1C6
330
22
100
AcDbEntity
  8
B.Cu
  6
CONTINUOUS
100
AcDbLine
 10
114.994850999999997
 20
-83.2424989999999951
 30
0
 11
114.994850999999997
 21
-83.0758689999999973
 31
0
  0
LINE
  5
1C7
330
22
100
AcDbEntity
  8
B.Cu
  6
CONTINUOUS
100
AcDbLine
 10
114.994850999999997
 20
-83.0758689999999973
 30
0
 11
115.0273589999999899
 21
-82.9124419999999986
 31
0
  0
LINE
  5
1C8
330
22
100
AcDbEntity
  8
B.Cu
  6
CONTINUOUS
100
AcDbLine
 10
115.0273589999999899
 20
-82.9124419999999986
 30
0
 11
115.091124999999991
 21
-82.7584969999999913
 31
0
  0
LINE
  5
1C9
330
22
100
AcDbEntity
  8
B.Cu
  6
CONTINUOUS
100
AcDbLine
 10
115.091124999999991
 20
-82.7584969999999913
 30
0
 11
115.1836989999999901
 21
-82.6199500000000029
 31
0
  0
LINE
  5
1CA
330
22
100
AcDbEntity
  8
B.Cu
  6
CONTINUOUS
100
AcDbLine
 10
115.1836989999999901
 20
-82.6199500000000029
 30
0
 11
115.3015240000000006
 21
-82.5021249999999924
 31
0
  0
LINE
  5
1CB
330
22
100
AcDbEntity
  8
B.Cu
  6
CONTINUOUS
100
AcDbLine
 10
115.3015240000000006
 20
-82.5021249999999924
 30
0
 11
115.440070999999989
 21
-82.4095509999999933
 31
0
  0
LINE
  5
1CC
330
22
100
AcDbEntity
  8
B.Cu
  6
CONTINUOUS
100
AcDbLine
 10
115.440070999999989
 20
-82.4095509999999933
 30
0
 11
115.5940159999999963
 21
-82.3457849999999922
 31
0
  0
LINE
  5
1CD
330
22
100
AcDbEntity
  8
B.Cu
  6
CONTINUOUS
100
AcDbLine
 10
115.5940159999999963
 20
-82.3457849999999922
 30
0
 11
115.757442999999995
 21
-82.3132769999999994
 31
0
  0
LINE
  5
1CE
330
22
100
AcDbEntity
  8
B.Cu
  6
CONTINUOUS
100
AcDbLine
 10
115.757442999999995
 20
-82.3132769999999994
 30
0
 11
115.9240729999999928
 21
-82.3132769999999994
 31
0
  0
LINE
  5
1CF
330
22
100
AcDbEntity
  8
B.Cu
  6
CONTINUOUS
100
AcDbLine
 10
115.9240729999999928
 20
-82.3132769999999994
 30
0
 11
116.0874999999999915
 21
-82.3457849999999922
 31
0
  0
LINE
  5
1D0
330
22
100
AcDbEntity
  8
B.Cu
  6
CONTINUOUS
100
AcDbLine
 10
164.7137779999999907
 20
-81.9955349999999896
 30
0
 11
164.7507819999999867
 21
-82.0325389999999999
 31
0
  0
LINE
  5
1D1
330
22
100
AcDbEntity
  8
B.Cu
  6
CONTINUOUS
100
AcDbLine
 10
164.7507819999999867
 20
-82.0325389999999999
 30
0
 11
164.795488000000006
 21
-82.1219509999999957
 31
0
  0
LINE
  5
1D2
330
22
100
AcDbEntity
  8
B.Cu
  6
CONTINUOUS
100
AcDbLine
 10
164.795488000000006
 20
-82.1219509999999957
 30
0
 11
164.795488000000006
 21
-82.4797039999999981
 31
0
  0
LINE
  5
1D3
330
22
100
AcDbEntity
  8
B.Cu
  6
CONTINUOUS
100
AcDbLine
 10
164.795488000000006
 20
-82.4797039999999981
 30
0
 11
164.7507809999999893
 21
-82.5691169999999914
 31
0
  0
LINE
  5
1D4
330
22
100
AcDbEntity
  8
B.Cu
  6
CONTINUOUS
100
AcDbLine
 10
164.7507809999999893
 20
-82.5691169999999914
 30
0
 11
164.7137759999999957
 21
-82.6061219999999992
 31
0
  0
LINE
  5
1D5
330
22
100
AcDbEntity
  8
B.Cu
  6
CONTINUOUS
100
AcDbLine
 10
164.7137759999999957
 20
-82.6061219999999992
 30
0
 11
164.6243639999999857
 21
-82.65082799999999
 31
0
  0
LINE
  5
1D6
330
22
100
AcDbEntity
  8
B.Cu
  6
CONTINUOUS
100
AcDbLine
 10
164.6243639999999857
 20
-82.65082799999999
 30
0
 11
164.4094699999999989
 21
-82.65082799999999
 31
0
  0
LINE
  5
1D7
330
22
100
AcDbEntity
  8
B.Cu
  6
CONTINUOUS
100
AcDbLine
 10
164.4094699999999989
 20
-82.65082799999999
 30
0
 11
164.3812029999999993
 21
-82.6366939999999914
 31
0
  0
LINE
  5
1D8
330
22
100
AcDbEntity
  8
B.Cu
  6
CONTINUOUS
100
AcDbLine
 10
164.3812029999999993
 20
-82.6366939999999914
 30
0
 11
164.3812029999999993
 21
-81.9649610000000024
 31
0
  0
LINE
  5
1D9
330
22
100
AcDbEntity
  8
B.Cu
  6
CONTINUOUS
100
AcDbLine
 10
164.3812029999999993
 20
-81.9649610000000024
 30
0
 11
164.4094699999999989
 21
-81.9508280000000013
 31
0
  0
LINE
  5
1DA
330
22
100
AcDbEntity
  8
B.Cu
  6
CONTINUOUS
100
AcDbLine
 10
164.4094699999999989
 20
-81.9508280000000013
 30
0
 11
164.6243639999999857
 21
-81.9508280000000013
 31
0
  0
LINE
  5
1DB
330
22
100
AcDbEntity
  8
B.Cu
  6
CONTINUOUS
100
AcDbLine
 10
164.6243639999999857
 20
-81.9508280000000013
 30
0
 11
164.7137779999999907
 21
-81.9955349999999896
 31
0
  0
LINE
  5
1DC
330
22
100
AcDbEntity
  8
B.Cu
  6
CONTINUOUS
100
AcDbLine
 10
163.0981850000000009
 20
-81.7971900000000005
 30
0
 11
163.2658930000000055
 21
-81.9089939999999928
 31
0
  0
LINE
  5
1DD
330
22
100
AcDbEntity
  8
B.Cu
  6
CONTINUOUS
100
AcDbLine
 10
163.2658930000000055
 20
-81.9089939999999928
 30
0
 11
163.3776969999999835
 21
-82.0767000000000024
 31
0
  0
LINE
  5
1DE
330
22
100
AcDbEntity
  8
B.Cu
  6
CONTINUOUS
100
AcDbLine
 10
163.3776969999999835
 20
-82.0767000000000024
 30
0
 11
163.4337289999999996
 21
-82.3008279999999957
 31
0
  0
LINE
  5
1DF
330
22
100
AcDbEntity
  8
B.Cu
  6
CONTINUOUS
100
AcDbLine
 10
163.4337289999999996
 20
-82.3008279999999957
 30
0
 11
163.3776969999999835
 21
-82.5249549999999914
 31
0
  0
LINE
  5
1E0
330
22
100
AcDbEntity
  8
B.Cu
  6
CONTINUOUS
100
AcDbLine
 10
163.3776969999999835
 20
-82.5249549999999914
 30
0
 11
163.2658930000000055
 21
-82.6926610000000011
 31
0
  0
LINE
  5
1E1
330
22
100
AcDbEntity
  8
B.Cu
  6
CONTINUOUS
100
AcDbLine
 10
163.2658930000000055
 20
-82.6926610000000011
 30
0
 11
163.0981850000000009
 21
-82.8044649999999933
 31
0
  0
LINE
  5
1E2
330
22
100
AcDbEntity
  8
B.Cu
  6
CONTINUOUS
100
AcDbLine
 10
163.0981850000000009
 20
-82.8044649999999933
 30
0
 11
162.8740589999999884
 21
-82.8604969999999952
 31
0
  0
LINE
  5
1E3
330
22
100
AcDbEntity
  8
B.Cu
  6
CONTINUOUS
100
AcDbLine
 10
162.8740589999999884
 20
-82.8604969999999952
 30
0
 11
162.6499309999999809
 21
-82.8044649999999933
 31
0
  0
LINE
  5
1E4
330
22
100
AcDbEntity
  8
B.Cu
  6
CONTINUOUS
100
AcDbLine
 10
162.6499309999999809
 20
-82.8044649999999933
 30
0
 11
162.5440389999999979
 21
-82.733869999999996
 31
0
  0
LINE
  5
1E5
330
22
100
AcDbEntity
  8
B.Cu
  6
CONTINUOUS
100
AcDbLine
 10
162.5440389999999979
 20
-82.733869999999996
 30
0
 11
162.54618099999999
 21
-82.7336600000000004
 31
0
  0
LINE
  5
1E6
330
22
100
AcDbEntity
  8
B.Cu
  6
CONTINUOUS
100
AcDbLine
 10
162.54618099999999
 20
-82.7336600000000004
 30
0
 11
162.5774539999999888
 21
-82.7207059999999927
 31
0
  0
LINE
  5
1E7
330
22
100
AcDbEntity
  8
B.Cu
  6
CONTINUOUS
100
AcDbLine
 10
162.5774539999999888
 20
-82.7207059999999927
 30
0
 11
162.5866440000000068
 21
-82.716898999999998
 31
0
  0
LINE
  5
1E8
330
22
100
AcDbEntity
  8
B.Cu
  6
CONTINUOUS
100
AcDbLine
 10
162.5866440000000068
 20
-82.716898999999998
 30
0
 11
162.5926919999999996
 21
-82.7207059999999927
 31
0
  0
LINE
  5
1E9
330
22
100
AcDbEntity
  8
B.Cu
  6
CONTINUOUS
100
AcDbLine
 10
162.5926919999999996
 20
-82.7207059999999927
 30
0
 11
162.7355479999999943
 21
-82.7921350000000018
 31
0
  0
LINE
  5
1EA
330
22
100
AcDbEntity
  8
B.Cu
  6
CONTINUOUS
100
AcDbLine
 10
162.7355479999999943
 20
-82.7921350000000018
 30
0
 11
162.7630120000000034
 21
-82.8026440000000008
 31
0
  0
LINE
  5
1EB
330
22
100
AcDbEntity
  8
B.Cu
  6
CONTINUOUS
100
AcDbLine
 10
162.7630120000000034
 20
-82.8026440000000008
 30
0
 11
162.7683859999999925
 21
-82.803024999999991
 31
0
  0
LINE
  5
1EC
330
22
100
AcDbEntity
  8
B.Cu
  6
CONTINUOUS
100
AcDbLine
 10
162.7683859999999925
 20
-82.803024999999991
 30
0
 11
162.773366999999979
 21
-82.8050889999999953
 31
0
  0
LINE
  5
1ED
330
22
100
AcDbEntity
  8
B.Cu
  6
CONTINUOUS
100
AcDbLine
 10
162.773366999999979
 20
-82.8050889999999953
 30
0
 11
162.802630999999991
 21
-82.8079709999999949
 31
0
  0
LINE
  5
1EE
330
22
100
AcDbEntity
  8
B.Cu
  6
CONTINUOUS
100
AcDbLine
 10
162.802630999999991
 20
-82.8079709999999949
 30
0
 11
162.9454879999999832
 21
-82.8079709999999949
 31
0
  0
LINE
  5
1EF
330
22
100
AcDbEntity
  8
B.Cu
  6
CONTINUOUS
100
AcDbLine
 10
162.9454879999999832
 20
-82.8079709999999949
 30
0
 11
162.9747519999999952
 21
-82.8050889999999953
 31
0
  0
LINE
  5
1F0
330
22
100
AcDbEntity
  8
B.Cu
  6
CONTINUOUS
100
AcDbLine
 10
162.9747519999999952
 20
-82.8050889999999953
 30
0
 11
162.9797319999999843
 21
-82.803024999999991
 31
0
  0
LINE
  5
1F1
330
22
100
AcDbEntity
  8
B.Cu
  6
CONTINUOUS
100
AcDbLine
 10
162.9797319999999843
 20
-82.803024999999991
 30
0
 11
162.9851069999999993
 21
-82.8026440000000008
 31
0
  0
LINE
  5
1F2
330
22
100
AcDbEntity
  8
B.Cu
  6
CONTINUOUS
100
AcDbLine
 10
162.9851069999999993
 20
-82.8026440000000008
 30
0
 11
163.0125699999999824
 21
-82.7921350000000018
 31
0
  0
LINE
  5
1F3
330
22
100
AcDbEntity
  8
B.Cu
  6
CONTINUOUS
100
AcDbLine
 10
163.0125699999999824
 20
-82.7921350000000018
 30
0
 11
163.1554270000000031
 21
-82.7207059999999927
 31
0
  0
LINE
  5
1F4
330
22
100
AcDbEntity
  8
B.Cu
  6
CONTINUOUS
100
AcDbLine
 10
163.1554270000000031
 20
-82.7207059999999927
 30
0
 11
163.1680219999999792
 21
-82.7127770000000027
 31
0
  0
LINE
  5
1F5
330
22
100
AcDbEntity
  8
B.Cu
  6
CONTINUOUS
100
AcDbLine
 10
163.1680219999999792
 20
-82.7127770000000027
 30
0
 11
163.1716789999999833
 21
-82.7112630000000024
 31
0
  0
LINE
  5
1F6
330
22
100
AcDbEntity
  8
B.Cu
  6
CONTINUOUS
100
AcDbLine
 10
163.1716789999999833
 20
-82.7112630000000024
 30
0
 11
163.1757959999999912
 21
-82.7078829999999954
 31
0
  0
LINE
  5
1F7
330
22
100
AcDbEntity
  8
B.Cu
  6
CONTINUOUS
100
AcDbLine
 10
163.1757959999999912
 20
-82.7078829999999954
 30
0
 11
163.180312999999984
 21
-82.7050409999999943
 31
0
  0
LINE
  5
1F8
330
22
100
AcDbEntity
  8
B.Cu
  6
CONTINUOUS
100
AcDbLine
 10
163.180312999999984
 20
-82.7050409999999943
 30
0
 11
163.1829099999999926
 21
-82.7020459999999957
 31
0
  0
LINE
  5
1F9
330
22
100
AcDbEntity
  8
B.Cu
  6
CONTINUOUS
100
AcDbLine
 10
163.1829099999999926
 20
-82.7020459999999957
 30
0
 11
163.1944100000000049
 21
-82.6926089999999903
 31
0
  0
LINE
  5
1FA
330
22
100
AcDbEntity
  8
B.Cu
  6
CONTINUOUS
100
AcDbLine
 10
163.1944100000000049
 20
-82.6926089999999903
 30
0
 11
163.2658389999999997
 21
-82.6211809999999929
 31
0
  0
LINE
  5
1FB
330
22
100
AcDbEntity
  8
B.Cu
  6
CONTINUOUS
100
AcDbLine
 10
163.2658389999999997
 20
-82.6211809999999929
 30
0
 11
163.2752810000000068
 21
-82.6096749999999957
 31
0
  0
LINE
  5
1FC
330
22
100
AcDbEntity
  8
B.Cu
  6
CONTINUOUS
100
AcDbLine
 10
163.2752810000000068
 20
-82.6096749999999957
 30
0
 11
163.2782729999999844
 21
-82.6070809999999938
 31
0
  0
LINE
  5
1FD
330
22
100
AcDbEntity
  8
B.Cu
  6
CONTINUOUS
100
AcDbLine
 10
163.2782729999999844
 20
-82.6070809999999938
 30
0
 11
163.2811119999999789
 21
-82.6025700000000001
 31
0
  0
LINE
  5
1FE
330
22
100
AcDbEntity
  8
B.Cu
  6
CONTINUOUS
100
AcDbLine
 10
163.2811119999999789
 20
-82.6025700000000001
 30
0
 11
163.2844939999999951
 21
-82.5984499999999997
 31
0
  0
LINE
  5
1FF
330
22
100
AcDbEntity
  8
B.Cu
  6
CONTINUOUS
100
AcDbLine
 10
163.2844939999999951
 20
-82.5984499999999997
 30
0
 11
163.2860089999999786
 21
-82.5947900000000033
 31
0
  0
LINE
  5
200
330
22
100
AcDbEntity
  8
B.Cu
  6
CONTINUOUS
100
AcDbLine
 10
163.2860089999999786
 20
-82.5947900000000033
 30
0
 11
163.2939379999999971
 21
-82.5821959999999962
 31
0
  0
LINE
  5
201
330
22
100
AcDbEntity
  8
B.Cu
  6
CONTINUOUS
100
AcDbLine
 10
163.2939379999999971
 20
-82.5821959999999962
 30
0
 11
163.3653659999999945
 21
-82.4393379999999922
 31
0
  0
LINE
  5
202
330
22
100
AcDbEntity
  8
B.Cu
  6
CONTINUOUS
100
AcDbLine
 10
163.3653659999999945
 20
-82.4393379999999922
 30
0
 11
163.3758760000000052
 21
-82.4118749999999949
 31
0
  0
LINE
  5
203
330
22
100
AcDbEntity
  8
B.Cu
  6
CONTINUOUS
100
AcDbLine
 10
163.3758760000000052
 20
-82.4118749999999949
 30
0
 11
163.3762569999999812
 21
-82.4064989999999966
 31
0
  0
LINE
  5
204
330
22
100
AcDbEntity
  8
B.Cu
  6
CONTINUOUS
100
AcDbLine
 10
163.3762569999999812
 20
-82.4064989999999966
 30
0
 11
163.3783200000000022
 21
-82.4015210000000025
 31
0
  0
LINE
  5
205
330
22
100
AcDbEntity
  8
B.Cu
  6
CONTINUOUS
100
AcDbLine
 10
163.3783200000000022
 20
-82.4015210000000025
 30
0
 11
163.3812020000000018
 21
-82.3722569999999905
 31
0
  0
LINE
  5
206
330
22
100
AcDbEntity
  8
B.Cu
  6
CONTINUOUS
100
AcDbLine
 10
163.3812020000000018
 20
-82.3722569999999905
 30
0
 11
163.3812020000000018
 21
-82.2293999999999983
 31
0
  0
LINE
  5
207
330
22
100
AcDbEntity
  8
B.Cu
  6
CONTINUOUS
100
AcDbLine
 10
163.3812020000000018
 20
-82.2293999999999983
 30
0
 11
163.3783200000000022
 21
-82.2001360000000005
 31
0
  0
LINE
  5
208
330
22
100
AcDbEntity
  8
B.Cu
  6
CONTINUOUS
100
AcDbLine
 10
163.3783200000000022
 20
-82.2001360000000005
 30
0
 11
163.3762569999999812
 21
-82.1951569999999947
 31
0
  0
LINE
  5
209
330
22
100
AcDbEntity
  8
B.Cu
  6
CONTINUOUS
100
AcDbLine
 10
163.3762569999999812
 20
-82.1951569999999947
 30
0
 11
163.3758760000000052
 21
-82.1897819999999939
 31
0
  0
LINE
  5
20A
330
22
100
AcDbEntity
  8
B.Cu
  6
CONTINUOUS
100
AcDbLine
 10
163.3758760000000052
 20
-82.1897819999999939
 30
0
 11
163.365366999999992
 21
-82.1623189999999965
 31
0
  0
LINE
  5
20B
330
22
100
AcDbEntity
  8
B.Cu
  6
CONTINUOUS
100
AcDbLine
 10
163.365366999999992
 20
-82.1623189999999965
 30
0
 11
163.2939379999999971
 21
-82.0194609999999926
 31
0
  0
LINE
  5
20C
330
22
100
AcDbEntity
  8
B.Cu
  6
CONTINUOUS
100
AcDbLine
 10
163.2939379999999971
 20
-82.0194609999999926
 30
0
 11
163.2860089999999786
 21
-82.0068639999999931
 31
0
  0
LINE
  5
20D
330
22
100
AcDbEntity
  8
B.Cu
  6
CONTINUOUS
100
AcDbLine
 10
163.2860089999999786
 20
-82.0068639999999931
 30
0
 11
163.2844939999999951
 21
-82.0032059999999916
 31
0
  0
LINE
  5
20E
330
22
100
AcDbEntity
  8
B.Cu
  6
CONTINUOUS
100
AcDbLine
 10
163.2844939999999951
 20
-82.0032059999999916
 30
0
 11
163.2811149999999998
 21
-81.9990889999999979
 31
0
  0
LINE
  5
20F
330
22
100
AcDbEntity
  8
B.Cu
  6
CONTINUOUS
100
AcDbLine
 10
163.2811149999999998
 20
-81.9990889999999979
 30
0
 11
163.2782739999999819
 21
-81.9945749999999975
 31
0
  0
LINE
  5
210
330
22
100
AcDbEntity
  8
B.Cu
  6
CONTINUOUS
100
AcDbLine
 10
163.2782739999999819
 20
-81.9945749999999975
 30
0
 11
163.2752779999999859
 21
-81.9919769999999914
 31
0
  0
LINE
  5
211
330
22
100
AcDbEntity
  8
B.Cu
  6
CONTINUOUS
100
AcDbLine
 10
163.2752779999999859
 20
-81.9919769999999914
 30
0
 11
163.2658389999999997
 21
-81.9804749999999984
 31
0
  0
LINE
  5
212
330
22
100
AcDbEntity
  8
B.Cu
  6
CONTINUOUS
100
AcDbLine
 10
163.2658389999999997
 20
-81.9804749999999984
 30
0
 11
163.1944100000000049
 21
-81.909047000000001
 31
0
  0
LINE
  5
213
330
22
100
AcDbEntity
  8
B.Cu
  6
CONTINUOUS
100
AcDbLine
 10
163.1944100000000049
 20
-81.909047000000001
 30
0
 11
163.1829099999999926
 21
-81.8996089999999981
 31
0
  0
LINE
  5
214
330
22
100
AcDbEntity
  8
B.Cu
  6
CONTINUOUS
100
AcDbLine
 10
163.1829099999999926
 20
-81.8996089999999981
 30
0
 11
163.180312999999984
 21
-81.8966149999999971
 31
0
  0
LINE
  5
215
330
22
100
AcDbEntity
  8
B.Cu
  6
CONTINUOUS
100
AcDbLine
 10
163.180312999999984
 20
-81.8966149999999971
 30
0
 11
163.1757959999999912
 21
-81.8937719999999985
 31
0
  0
LINE
  5
216
330
22
100
AcDbEntity
  8
B.Cu
  6
CONTINUOUS
100
AcDbLine
 10
163.1757959999999912
 20
-81.8937719999999985
 30
0
 11
163.1716789999999833
 21
-81.8903930000000031
 31
0
  0
LINE
  5
217
330
22
100
AcDbEntity
  8
B.Cu
  6
CONTINUOUS
100
AcDbLine
 10
163.1716789999999833
 20
-81.8903930000000031
 30
0
 11
163.1680219999999792
 21
-81.8888779999999912
 31
0
  0
LINE
  5
218
330
22
100
AcDbEntity
  8
B.Cu
  6
CONTINUOUS
100
AcDbLine
 10
163.1680219999999792
 20
-81.8888779999999912
 30
0
 11
163.1554270000000031
 21
-81.8809499999999986
 31
0
  0
LINE
  5
219
330
22
100
AcDbEntity
  8
B.Cu
  6
CONTINUOUS
100
AcDbLine
 10
163.1554270000000031
 20
-81.8809499999999986
 30
0
 11
163.0125699999999824
 21
-81.8095209999999895
 31
0
  0
LINE
  5
21A
330
22
100
AcDbEntity
  8
B.Cu
  6
CONTINUOUS
100
AcDbLine
 10
163.0125699999999824
 20
-81.8095209999999895
 30
0
 11
162.9851069999999993
 21
-81.7990119999999905
 31
0
  0
LINE
  5
21B
330
22
100
AcDbEntity
  8
B.Cu
  6
CONTINUOUS
100
AcDbLine
 10
162.9851069999999993
 20
-81.7990119999999905
 30
0
 11
162.9797319999999843
 21
-81.7986300000000028
 31
0
  0
LINE
  5
21C
330
22
100
AcDbEntity
  8
B.Cu
  6
CONTINUOUS
100
AcDbLine
 10
162.9797319999999843
 20
-81.7986300000000028
 30
0
 11
162.9747519999999952
 21
-81.796566999999996
 31
0
  0
LINE
  5
21D
330
22
100
AcDbEntity
  8
B.Cu
  6
CONTINUOUS
100
AcDbLine
 10
162.9747519999999952
 20
-81.796566999999996
 30
0
 11
162.9454879999999832
 21
-81.7936849999999964
 31
0
  0
LINE
  5
21E
330
22
100
AcDbEntity
  8
B.Cu
  6
CONTINUOUS
100
AcDbLine
 10
162.9454879999999832
 20
-81.7936849999999964
 30
0
 11
162.802630999999991
 21
-81.7936849999999964
 31
0
  0
LINE
  5
21F
330
22
100
AcDbEntity
  8
B.Cu
  6
CONTINUOUS
100
AcDbLine
 10
162.802630999999991
 20
-81.7936849999999964
 30
0
 11
162.773366999999979
 21
-81.796566999999996
 31
0
  0
LINE
  5
220
330
22
100
AcDbEntity
  8
B.Cu
  6
CONTINUOUS
100
AcDbLine
 10
162.773366999999979
 20
-81.796566999999996
 30
0
 11
162.7683859999999925
 21
-81.7986300000000028
 31
0
  0
LINE
  5
221
330
22
100
AcDbEntity
  8
B.Cu
  6
CONTINUOUS
100
AcDbLine
 10
162.7683859999999925
 20
-81.7986300000000028
 30
0
 11
162.7630120000000034
 21
-81.7990119999999905
 31
0
  0
LINE
  5
222
330
22
100
AcDbEntity
  8
B.Cu
  6
CONTINUOUS
100
AcDbLine
 10
162.7630120000000034
 20
-81.7990119999999905
 30
0
 11
162.7355479999999943
 21
-81.8095209999999895
 31
0
  0
LINE
  5
223
330
22
100
AcDbEntity
  8
B.Cu
  6
CONTINUOUS
100
AcDbLine
 10
162.7355479999999943
 20
-81.8095209999999895
 30
0
 11
162.6866739999999822
 21
-81.8339579999999955
 31
0
  0
LINE
  5
224
330
22
100
AcDbEntity
  8
B.Cu
  6
CONTINUOUS
100
AcDbLine
 10
162.6866739999999822
 20
-81.8339579999999955
 30
0
 11
162.6716810000000066
 21
-81.8189649999999915
 31
0
  0
LINE
  5
225
330
22
100
AcDbEntity
  8
B.Cu
  6
CONTINUOUS
100
AcDbLine
 10
162.6716810000000066
 20
-81.8189649999999915
 30
0
 11
162.638120999999984
 21
-81.8050629999999899
 31
0
  0
LINE
  5
226
330
22
100
AcDbEntity
  8
B.Cu
  6
CONTINUOUS
100
AcDbLine
 10
162.638120999999984
 20
-81.8050629999999899
 30
0
 11
162.6499309999999809
 21
-81.7971900000000005
 31
0
  0
LINE
  5
227
330
22
100
AcDbEntity
  8
B.Cu
  6
CONTINUOUS
100
AcDbLine
 10
162.6499309999999809
 20
-81.7971900000000005
 30
0
 11
162.8740589999999884
 21
-81.7411579999999987
 31
0
  0
LINE
  5
228
330
22
100
AcDbEntity
  8
B.Cu
  6
CONTINUOUS
100
AcDbLine
 10
162.8740589999999884
 20
-81.7411579999999987
 30
0
 11
163.0981850000000009
 21
-81.7971900000000005
 31
0
  0
LINE
  5
229
330
22
100
AcDbEntity
  8
B.Cu
  6
CONTINUOUS
100
AcDbLine
 10
162.9994920000000036
 20
-82.1383919999999961
 30
0
 11
163.0364959999999996
 21
-82.1753969999999896
 31
0
  0
LINE
  5
22A
330
22
100
AcDbEntity
  8
B.Cu
  6
CONTINUOUS
100
AcDbLine
 10
163.0364959999999996
 20
-82.1753969999999896
 30
0
 11
163.0812019999999904
 21
-82.2648089999999996
 31
0
  0
LINE
  5
22B
330
22
100
AcDbEntity
  8
B.Cu
  6
CONTINUOUS
100
AcDbLine
 10
163.0812019999999904
 20
-82.2648089999999996
 30
0
 11
163.0812019999999904
 21
-82.3368469999999917
 31
0
  0
LINE
  5
22C
330
22
100
AcDbEntity
  8
B.Cu
  6
CONTINUOUS
100
AcDbLine
 10
163.0812019999999904
 20
-82.3368469999999917
 30
0
 11
163.0364959999999996
 21
-82.4262590000000017
 31
0
  0
LINE
  5
22D
330
22
100
AcDbEntity
  8
B.Cu
  6
CONTINUOUS
100
AcDbLine
 10
163.0364959999999996
 20
-82.4262590000000017
 30
0
 11
162.9994920000000036
 21
-82.4632629999999978
 31
0
  0
LINE
  5
22E
330
22
100
AcDbEntity
  8
B.Cu
  6
CONTINUOUS
100
AcDbLine
 10
162.9994920000000036
 20
-82.4632629999999978
 30
0
 11
162.9100779999999986
 21
-82.5079709999999977
 31
0
  0
LINE
  5
22F
330
22
100
AcDbEntity
  8
B.Cu
  6
CONTINUOUS
100
AcDbLine
 10
162.9100779999999986
 20
-82.5079709999999977
 30
0
 11
162.838041000000004
 21
-82.5079709999999977
 31
0
  0
LINE
  5
230
330
22
100
AcDbEntity
  8
B.Cu
  6
CONTINUOUS
100
AcDbLine
 10
162.838041000000004
 20
-82.5079709999999977
 30
0
 11
162.748626999999999
 21
-82.4632629999999978
 31
0
  0
LINE
  5
231
330
22
100
AcDbEntity
  8
B.Cu
  6
CONTINUOUS
100
AcDbLine
 10
162.748626999999999
 20
-82.4632629999999978
 30
0
 11
162.7383449999999812
 21
-82.4529809999999941
 31
0
  0
LINE
  5
232
330
22
100
AcDbEntity
  8
B.Cu
  6
CONTINUOUS
100
AcDbLine
 10
162.7383449999999812
 20
-82.4529809999999941
 30
0
 11
162.7383449999999812
 21
-82.1486739999999998
 31
0
  0
LINE
  5
233
330
22
100
AcDbEntity
  8
B.Cu
  6
CONTINUOUS
100
AcDbLine
 10
162.7383449999999812
 20
-82.1486739999999998
 30
0
 11
162.748626999999999
 21
-82.1383919999999961
 31
0
  0
LINE
  5
234
330
22
100
AcDbEntity
  8
B.Cu
  6
CONTINUOUS
100
AcDbLine
 10
162.748626999999999
 20
-82.1383919999999961
 30
0
 11
162.838041000000004
 21
-82.0936849999999936
 31
0
  0
LINE
  5
235
330
22
100
AcDbEntity
  8
B.Cu
  6
CONTINUOUS
100
AcDbLine
 10
162.838041000000004
 20
-82.0936849999999936
 30
0
 11
162.9100779999999986
 21
-82.0936849999999936
 31
0
  0
LINE
  5
236
330
22
100
AcDbEntity
  8
B.Cu
  6
CONTINUOUS
100
AcDbLine
 10
162.9100779999999986
 20
-82.0936849999999936
 30
0
 11
162.9994920000000036
 21
-82.1383919999999961
 31
0
  0
LINE
  5
237
330
22
100
AcDbEntity
  8
B.Cu
  6
CONTINUOUS
100
AcDbLine
 10
162.4383449999999982
 20
-82.4152649999999909
 30
0
 11
162.414434
 21
-82.4033099999999905
 31
0
  0
LINE
  5
238
330
22
100
AcDbEntity
  8
B.Cu
  6
CONTINUOUS
100
AcDbLine
 10
162.414434
 20
-82.4033099999999905
 30
0
 11
162.3812020000000018
 21
-82.3368459999999942
 31
0
  0
LINE
  5
239
330
22
100
AcDbEntity
  8
B.Cu
  6
CONTINUOUS
100
AcDbLine
 10
162.3812020000000018
 20
-82.3368459999999942
 30
0
 11
162.3812020000000018
 21
-82.0605290000000025
 31
0
  0
LINE
  5
23A
330
22
100
AcDbEntity
  8
B.Cu
  6
CONTINUOUS
100
AcDbLine
 10
162.3812020000000018
 20
-82.0605290000000025
 30
0
 11
162.4383449999999982
 21
-81.9748149999999924
 31
0
  0
LINE
  5
23B
330
22
100
AcDbEntity
  8
B.Cu
  6
CONTINUOUS
100
AcDbLine
 10
162.4383449999999982
 20
-81.9748149999999924
 30
0
 11
162.4383449999999982
 21
-82.4152649999999909
 31
0
  0
LINE
  5
23C
330
22
100
AcDbEntity
  8
B.Cu
  6
CONTINUOUS
100
AcDbLine
 10
147.1193989999999872
 20
-82.4126299999999929
 30
0
 11
147.1526309999999853
 21
-82.4790939999999893
 31
0
  0
LINE
  5
23D
330
22
100
AcDbEntity
  8
B.Cu
  6
CONTINUOUS
100
AcDbLine
 10
147.1526309999999853
 20
-82.4790939999999893
 30
0
 11
147.1526309999999853
 21
-82.5511319999999955
 31
0
  0
LINE
  5
23E
330
22
100
AcDbEntity
  8
B.Cu
  6
CONTINUOUS
100
AcDbLine
 10
147.1526309999999853
 20
-82.5511319999999955
 30
0
 11
147.1193989999999872
 21
-82.6175959999999918
 31
0
  0
LINE
  5
23F
330
22
100
AcDbEntity
  8
B.Cu
  6
CONTINUOUS
100
AcDbLine
 10
147.1193989999999872
 20
-82.6175959999999918
 30
0
 11
147.0529359999999883
 21
-82.65082799999999
 31
0
  0
LINE
  5
240
330
22
100
AcDbEntity
  8
B.Cu
  6
CONTINUOUS
100
AcDbLine
 10
147.0529359999999883
 20
-82.65082799999999
 30
0
 11
146.7666130000000067
 21
-82.65082799999999
 31
0
  0
LINE
  5
241
330
22
100
AcDbEntity
  8
B.Cu
  6
CONTINUOUS
100
AcDbLine
 10
146.7666130000000067
 20
-82.65082799999999
 30
0
 11
146.7383460000000071
 21
-82.6366939999999914
 31
0
  0
LINE
  5
242
330
22
100
AcDbEntity
  8
B.Cu
  6
CONTINUOUS
100
AcDbLine
 10
146.7383460000000071
 20
-82.6366939999999914
 30
0
 11
146.7383460000000071
 21
-82.3793999999999897
 31
0
  0
LINE
  5
243
330
22
100
AcDbEntity
  8
B.Cu
  6
CONTINUOUS
100
AcDbLine
 10
146.7383460000000071
 20
-82.3793999999999897
 30
0
 11
147.0529359999999883
 21
-82.3793999999999897
 31
0
  0
LINE
  5
244
330
22
100
AcDbEntity
  8
B.Cu
  6
CONTINUOUS
100
AcDbLine
 10
147.0529359999999883
 20
-82.3793999999999897
 30
0
 11
147.1193989999999872
 21
-82.4126299999999929
 31
0
  0
LINE
  5
245
330
22
100
AcDbEntity
  8
B.Cu
  6
CONTINUOUS
100
AcDbLine
 10
150.4765419999999949
 20
-82.4126299999999929
 30
0
 11
150.5097739999999931
 21
-82.4790939999999893
 31
0
  0
LINE
  5
246
330
22
100
AcDbEntity
  8
B.Cu
  6
CONTINUOUS
100
AcDbLine
 10
150.5097739999999931
 20
-82.4790939999999893
 30
0
 11
150.5097739999999931
 21
-82.5511319999999955
 31
0
  0
LINE
  5
247
330
22
100
AcDbEntity
  8
B.Cu
  6
CONTINUOUS
100
AcDbLine
 10
150.5097739999999931
 20
-82.5511319999999955
 30
0
 11
150.4765419999999949
 21
-82.6175959999999918
 31
0
  0
LINE
  5
248
330
22
100
AcDbEntity
  8
B.Cu
  6
CONTINUOUS
100
AcDbLine
 10
150.4765419999999949
 20
-82.6175959999999918
 30
0
 11
150.4100789999999961
 21
-82.65082799999999
 31
0
  0
LINE
  5
249
330
22
100
AcDbEntity
  8
B.Cu
  6
CONTINUOUS
100
AcDbLine
 10
150.4100789999999961
 20
-82.65082799999999
 30
0
 11
150.123755999999986
 21
-82.65082799999999
 31
0
  0
LINE
  5
24A
330
22
100
AcDbEntity
  8
B.Cu
  6
CONTINUOUS
100
AcDbLine
 10
150.123755999999986
 20
-82.65082799999999
 30
0
 11
150.0954889999999864
 21
-82.6366939999999914
 31
0
  0
LINE
  5
24B
330
22
100
AcDbEntity
  8
B.Cu
  6
CONTINUOUS
100
AcDbLine
 10
150.0954889999999864
 20
-82.6366939999999914
 30
0
 11
150.0954889999999864
 21
-82.3793999999999897
 31
0
  0
LINE
  5
24C
330
22
100
AcDbEntity
  8
B.Cu
  6
CONTINUOUS
100
AcDbLine
 10
150.0954889999999864
 20
-82.3793999999999897
 30
0
 11
150.4100789999999961
 21
-82.3793999999999897
 31
0
  0
LINE
  5
24D
330
22
100
AcDbEntity
  8
B.Cu
  6
CONTINUOUS
100
AcDbLine
 10
150.4100789999999961
 20
-82.3793999999999897
 30
0
 11
150.4765419999999949
 21
-82.4126299999999929
 31
0
  0
LINE
  5
24E
330
22
100
AcDbEntity
  8
B.Cu
  6
CONTINUOUS
100
AcDbLine
 10
154.5479699999999923
 20
-81.9840599999999995
 30
0
 11
154.5812019999999904
 21
-82.0505229999999983
 31
0
  0
LINE
  5
24F
330
22
100
AcDbEntity
  8
B.Cu
  6
CONTINUOUS
100
AcDbLine
 10
154.5812019999999904
 20
-82.0505229999999983
 30
0
 11
154.5812019999999904
 21
-82.1178570000000008
 31
0
  0
LINE
  5
250
330
22
100
AcDbEntity
  8
B.Cu
  6
CONTINUOUS
100
AcDbLine
 10
154.5812019999999904
 20
-82.1178570000000008
 30
0
 11
154.173971999999992
 21
-82.0364110000000011
 31
0
  0
LINE
  5
251
330
22
100
AcDbEntity
  8
B.Cu
  6
CONTINUOUS
100
AcDbLine
 10
154.173971999999992
 20
-82.0364110000000011
 30
0
 11
154.2001479999999844
 21
-81.9840599999999995
 31
0
  0
LINE
  5
252
330
22
100
AcDbEntity
  8
B.Cu
  6
CONTINUOUS
100
AcDbLine
 10
154.2001479999999844
 20
-81.9840599999999995
 30
0
 11
154.2666119999999808
 21
-81.9508280000000013
 31
0
  0
LINE
  5
253
330
22
100
AcDbEntity
  8
B.Cu
  6
CONTINUOUS
100
AcDbLine
 10
154.2666119999999808
 20
-81.9508280000000013
 30
0
 11
154.4815069999999935
 21
-81.9508280000000013
 31
0
  0
LINE
  5
254
330
22
100
AcDbEntity
  8
B.Cu
  6
CONTINUOUS
100
AcDbLine
 10
154.4815069999999935
 20
-81.9508280000000013
 30
0
 11
154.5479699999999923
 21
-81.9840599999999995
 31
0
  0
LINE
  5
255
330
22
100
AcDbEntity
  8
B.Cu
  6
CONTINUOUS
100
AcDbLine
 10
143.0749999999999886
 20
-77.6749999999999972
 30
0
 11
141.7249999999999943
 21
-77.6749999999999972
 31
0
  0
LINE
  5
256
330
22
100
AcDbEntity
  8
B.Cu
  6
CONTINUOUS
100
AcDbLine
 10
141.7249999999999943
 20
-77.6749999999999972
 30
0
 11
141.7249999999999943
 21
-76.3250000000000028
 31
0
  0
LINE
  5
257
330
22
100
AcDbEntity
  8
B.Cu
  6
CONTINUOUS
100
AcDbLine
 10
141.7249999999999943
 20
-76.3250000000000028
 30
0
 11
143.0749999999999886
 21
-76.3250000000000028
 31
0
  0
LINE
  5
258
330
22
100
AcDbEntity
  8
B.Cu
  6
CONTINUOUS
100
AcDbLine
 10
143.0749999999999886
 20
-76.3250000000000028
 30
0
 11
143.0749999999999886
 21
-77.6749999999999972
 31
0
  0
LINE
  5
259
330
22
100
AcDbEntity
  8
B.Cu
  6
CONTINUOUS
100
AcDbLine
 10
138.5959419999999795
 20
-76.3540649999999914
 30
0
 11
138.7181929999999852
 21
-76.4047029999999978
 31
0
  0
LINE
  5
25A
330
22
100
AcDbEntity
  8
B.Cu
  6
CONTINUOUS
100
AcDbLine
 10
138.7181929999999852
 20
-76.4047029999999978
 30
0
 11
138.8282150000000001
 21
-76.4782179999999983
 31
0
  0
LINE
  5
25B
330
22
100
AcDbEntity
  8
B.Cu
  6
CONTINUOUS
100
AcDbLine
 10
138.8282150000000001
 20
-76.4782179999999983
 30
0
 11
138.9217820000000074
 21
-76.5717849999999913
 31
0
  0
LINE
  5
25C
330
22
100
AcDbEntity
  8
B.Cu
  6
CONTINUOUS
100
AcDbLine
 10
138.9217820000000074
 20
-76.5717849999999913
 30
0
 11
138.9952969999999937
 21
-76.6818069999999921
 31
0
  0
LINE
  5
25D
330
22
100
AcDbEntity
  8
B.Cu
  6
CONTINUOUS
100
AcDbLine
 10
138.9952969999999937
 20
-76.6818069999999921
 30
0
 11
139.0459349999999858
 21
-76.8040579999999977
 31
0
  0
LINE
  5
25E
330
22
100
AcDbEntity
  8
B.Cu
  6
CONTINUOUS
100
AcDbLine
 10
139.0459349999999858
 20
-76.8040579999999977
 30
0
 11
139.0717499999999802
 21
-76.9338379999999944
 31
0
  0
LINE
  5
25F
330
22
100
AcDbEntity
  8
B.Cu
  6
CONTINUOUS
100
AcDbLine
 10
139.0717499999999802
 20
-76.9338379999999944
 30
0
 11
139.0717499999999802
 21
-77.0661619999999914
 31
0
  0
LINE
  5
260
330
22
100
AcDbEntity
  8
B.Cu
  6
CONTINUOUS
100
AcDbLine
 10
139.0717499999999802
 20
-77.0661619999999914
 30
0
 11
139.0459349999999858
 21
-77.1959420000000023
 31
0
  0
LINE
  5
261
330
22
100
AcDbEntity
  8
B.Cu
  6
CONTINUOUS
100
AcDbLine
 10
139.0459349999999858
 20
-77.1959420000000023
 30
0
 11
138.9952969999999937
 21
-77.3181929999999937
 31
0
  0
LINE
  5
262
330
22
100
AcDbEntity
  8
B.Cu
  6
CONTINUOUS
100
AcDbLine
 10
138.9952969999999937
 20
-77.3181929999999937
 30
0
 11
138.9217820000000074
 21
-77.4282149999999945
 31
0
  0
LINE
  5
263
330
22
100
AcDbEntity
  8
B.Cu
  6
CONTINUOUS
100
AcDbLine
 10
138.9217820000000074
 20
-77.4282149999999945
 30
0
 11
138.8282150000000001
 21
-77.5217820000000017
 31
0
  0
LINE
  5
264
330
22
100
AcDbEntity
  8
B.Cu
  6
CONTINUOUS
100
AcDbLine
 10
138.8282150000000001
 20
-77.5217820000000017
 30
0
 11
138.7181929999999852
 21
-77.5952970000000022
 31
0
  0
LINE
  5
265
330
22
100
AcDbEntity
  8
B.Cu
  6
CONTINUOUS
100
AcDbLine
 10
138.7181929999999852
 20
-77.5952970000000022
 30
0
 11
138.5959419999999795
 21
-77.6459349999999944
 31
0
  0
LINE
  5
266
330
22
100
AcDbEntity
  8
B.Cu
  6
CONTINUOUS
100
AcDbLine
 10
138.5959419999999795
 20
-77.6459349999999944
 30
0
 11
138.4661619999999971
 21
-77.671750000000003
 31
0
  0
LINE
  5
267
330
22
100
AcDbEntity
  8
B.Cu
  6
CONTINUOUS
100
AcDbLine
 10
138.4661619999999971
 20
-77.671750000000003
 30
0
 11
138.3338379999999859
 21
-77.671750000000003
 31
0
  0
LINE
  5
268
330
22
100
AcDbEntity
  8
B.Cu
  6
CONTINUOUS
100
AcDbLine
 10
138.3338379999999859
 20
-77.671750000000003
 30
0
 11
138.2040580000000034
 21
-77.6459349999999944
 31
0
  0
LINE
  5
269
330
22
100
AcDbEntity
  8
B.Cu
  6
CONTINUOUS
100
AcDbLine
 10
138.2040580000000034
 20
-77.6459349999999944
 30
0
 11
138.0818069999999977
 21
-77.5952970000000022
 31
0
  0
LINE
  5
26A
330
22
100
AcDbEntity
  8
B.Cu
  6
CONTINUOUS
100
AcDbLine
 10
138.0818069999999977
 20
-77.5952970000000022
 30
0
 11
137.9717849999999828
 21
-77.5217820000000017
 31
0
  0
LINE
  5
26B
330
22
100
AcDbEntity
  8
B.Cu
  6
CONTINUOUS
100
AcDbLine
 10
137.9717849999999828
 20
-77.5217820000000017
 30
0
 11
137.8782180000000039
 21
-77.4282149999999945
 31
0
  0
LINE
  5
26C
330
22
100
AcDbEntity
  8
B.Cu
  6
CONTINUOUS
100
AcDbLine
 10
137.8782180000000039
 20
-77.4282149999999945
 30
0
 11
137.8047029999999893
 21
-77.3181929999999937
 31
0
  0
LINE
  5
26D
330
22
100
AcDbEntity
  8
B.Cu
  6
CONTINUOUS
100
AcDbLine
 10
137.8047029999999893
 20
-77.3181929999999937
 30
0
 11
137.7540649999999971
 21
-77.1959420000000023
 31
0
  0
LINE
  5
26E
330
22
100
AcDbEntity
  8
B.Cu
  6
CONTINUOUS
100
AcDbLine
 10
137.7540649999999971
 20
-77.1959420000000023
 30
0
 11
137.7282500000000027
 21
-77.0661619999999914
 31
0
  0
LINE
  5
26F
330
22
100
AcDbEntity
  8
B.Cu
  6
CONTINUOUS
100
AcDbLine
 10
137.7282500000000027
 20
-77.0661619999999914
 30
0
 11
137.7282500000000027
 21
-76.9338379999999944
 31
0
  0
LINE
  5
270
330
22
100
AcDbEntity
  8
B.Cu
  6
CONTINUOUS
100
AcDbLine
 10
137.7282500000000027
 20
-76.9338379999999944
 30
0
 11
137.7540649999999971
 21
-76.8040579999999977
 31
0
  0
LINE
  5
271
330
22
100
AcDbEntity
  8
B.Cu
  6
CONTINUOUS
100
AcDbLine
 10
137.7540649999999971
 20
-76.8040579999999977
 30
0
 11
137.8047029999999893
 21
-76.6818069999999921
 31
0
  0
LINE
  5
272
330
22
100
AcDbEntity
  8
B.Cu
  6
CONTINUOUS
100
AcDbLine
 10
137.8047029999999893
 20
-76.6818069999999921
 30
0
 11
137.8782180000000039
 21
-76.5717849999999913
 31
0
  0
LINE
  5
273
330
22
100
AcDbEntity
  8
B.Cu
  6
CONTINUOUS
100
AcDbLine
 10
137.8782180000000039
 20
-76.5717849999999913
 30
0
 11
137.9717849999999828
 21
-76.4782179999999983
 31
0
  0
LINE
  5
274
330
22
100
AcDbEntity
  8
B.Cu
  6
CONTINUOUS
100
AcDbLine
 10
137.9717849999999828
 20
-76.4782179999999983
 30
0
 11
138.0818069999999977
 21
-76.4047029999999978
 31
0
  0
LINE
  5
275
330
22
100
AcDbEntity
  8
B.Cu
  6
CONTINUOUS
100
AcDbLine
 10
138.0818069999999977
 20
-76.4047029999999978
 30
0
 11
138.2040580000000034
 21
-76.3540649999999914
 31
0
  0
LINE
  5
276
330
22
100
AcDbEntity
  8
B.Cu
  6
CONTINUOUS
100
AcDbLine
 10
138.2040580000000034
 20
-76.3540649999999914
 30
0
 11
138.3338379999999859
 21
-76.328249999999997
 31
0
  0
LINE
  5
277
330
22
100
AcDbEntity
  8
B.Cu
  6
CONTINUOUS
100
AcDbLine
 10
138.3338379999999859
 20
-76.328249999999997
 30
0
 11
138.4661619999999971
 21
-76.328249999999997
 31
0
  0
LINE
  5
278
330
22
100
AcDbEntity
  8
B.Cu
  6
CONTINUOUS
100
AcDbLine
 10
138.4661619999999971
 20
-76.328249999999997
 30
0
 11
138.5959419999999795
 21
-76.3540649999999914
 31
0
  0
LINE
  5
279
330
22
100
AcDbEntity
  8
B.Cu
  6
CONTINUOUS
100
AcDbLine
 10
140.5959419999999795
 20
-76.3540649999999914
 30
0
 11
140.7181929999999852
 21
-76.4047029999999978
 31
0
  0
LINE
  5
27A
330
22
100
AcDbEntity
  8
B.Cu
  6
CONTINUOUS
100
AcDbLine
 10
140.7181929999999852
 20
-76.4047029999999978
 30
0
 11
140.8282150000000001
 21
-76.4782179999999983
 31
0
  0
LINE
  5
27B
330
22
100
AcDbEntity
  8
B.Cu
  6
CONTINUOUS
100
AcDbLine
 10
140.8282150000000001
 20
-76.4782179999999983
 30
0
 11
140.9217820000000074
 21
-76.5717849999999913
 31
0
  0
LINE
  5
27C
330
22
100
AcDbEntity
  8
B.Cu
  6
CONTINUOUS
100
AcDbLine
 10
140.9217820000000074
 20
-76.5717849999999913
 30
0
 11
140.9952969999999937
 21
-76.6818069999999921
 31
0
  0
LINE
  5
27D
330
22
100
AcDbEntity
  8
B.Cu
  6
CONTINUOUS
100
AcDbLine
 10
140.9952969999999937
 20
-76.6818069999999921
 30
0
 11
141.0459349999999858
 21
-76.8040579999999977
 31
0
  0
LINE
  5
27E
330
22
100
AcDbEntity
  8
B.Cu
  6
CONTINUOUS
100
AcDbLine
 10
141.0459349999999858
 20
-76.8040579999999977
 30
0
 11
141.0717499999999802
 21
-76.9338379999999944
 31
0
  0
LINE
  5
27F
330
22
100
AcDbEntity
  8
B.Cu
  6
CONTINUOUS
100
AcDbLine
 10
141.0717499999999802
 20
-76.9338379999999944
 30
0
 11
141.0717499999999802
 21
-77.0661619999999914
 31
0
  0
LINE
  5
280
330
22
100
AcDbEntity
  8
B.Cu
  6
CONTINUOUS
100
AcDbLine
 10
141.0717499999999802
 20
-77.0661619999999914
 30
0
 11
141.0459349999999858
 21
-77.1959420000000023
 31
0
  0
LINE
  5
281
330
22
100
AcDbEntity
  8
B.Cu
  6
CONTINUOUS
100
AcDbLine
 10
141.0459349999999858
 20
-77.1959420000000023
 30
0
 11
140.9952969999999937
 21
-77.3181929999999937
 31
0
  0
LINE
  5
282
330
22
100
AcDbEntity
  8
B.Cu
  6
CONTINUOUS
100
AcDbLine
 10
140.9952969999999937
 20
-77.3181929999999937
 30
0
 11
140.9217820000000074
 21
-77.4282149999999945
 31
0
  0
LINE
  5
283
330
22
100
AcDbEntity
  8
B.Cu
  6
CONTINUOUS
100
AcDbLine
 10
140.9217820000000074
 20
-77.4282149999999945
 30
0
 11
140.8282150000000001
 21
-77.5217820000000017
 31
0
  0
LINE
  5
284
330
22
100
AcDbEntity
  8
B.Cu
  6
CONTINUOUS
100
AcDbLine
 10
140.8282150000000001
 20
-77.5217820000000017
 30
0
 11
140.7181929999999852
 21
-77.5952970000000022
 31
0
  0
LINE
  5
285
330
22
100
AcDbEntity
  8
B.Cu
  6
CONTINUOUS
100
AcDbLine
 10
140.7181929999999852
 20
-77.5952970000000022
 30
0
 11
140.5959419999999795
 21
-77.6459349999999944
 31
0
  0
LINE
  5
286
330
22
100
AcDbEntity
  8
B.Cu
  6
CONTINUOUS
100
AcDbLine
 10
140.5959419999999795
 20
-77.6459349999999944
 30
0
 11
140.4661619999999971
 21
-77.671750000000003
 31
0
  0
LINE
  5
287
330
22
100
AcDbEntity
  8
B.Cu
  6
CONTINUOUS
100
AcDbLine
 10
140.4661619999999971
 20
-77.671750000000003
 30
0
 11
140.3338379999999859
 21
-77.671750000000003
 31
0
  0
LINE
  5
288
330
22
100
AcDbEntity
  8
B.Cu
  6
CONTINUOUS
100
AcDbLine
 10
140.3338379999999859
 20
-77.671750000000003
 30
0
 11
140.2040580000000034
 21
-77.6459349999999944
 31
0
  0
LINE
  5
289
330
22
100
AcDbEntity
  8
B.Cu
  6
CONTINUOUS
100
AcDbLine
 10
140.2040580000000034
 20
-77.6459349999999944
 30
0
 11
140.0818069999999977
 21
-77.5952970000000022
 31
0
  0
LINE
  5
28A
330
22
100
AcDbEntity
  8
B.Cu
  6
CONTINUOUS
100
AcDbLine
 10
140.0818069999999977
 20
-77.5952970000000022
 30
0
 11
139.9717849999999828
 21
-77.5217820000000017
 31
0
  0
LINE
  5
28B
330
22
100
AcDbEntity
  8
B.Cu
  6
CONTINUOUS
100
AcDbLine
 10
139.9717849999999828
 20
-77.5217820000000017
 30
0
 11
139.8782180000000039
 21
-77.4282149999999945
 31
0
  0
LINE
  5
28C
330
22
100
AcDbEntity
  8
B.Cu
  6
CONTINUOUS
100
AcDbLine
 10
139.8782180000000039
 20
-77.4282149999999945
 30
0
 11
139.8047029999999893
 21
-77.3181929999999937
 31
0
  0
LINE
  5
28D
330
22
100
AcDbEntity
  8
B.Cu
  6
CONTINUOUS
100
AcDbLine
 10
139.8047029999999893
 20
-77.3181929999999937
 30
0
 11
139.7540649999999971
 21
-77.1959420000000023
 31
0
  0
LINE
  5
28E
330
22
100
AcDbEntity
  8
B.Cu
  6
CONTINUOUS
100
AcDbLine
 10
139.7540649999999971
 20
-77.1959420000000023
 30
0
 11
139.7282500000000027
 21
-77.0661619999999914
 31
0
  0
LINE
  5
28F
330
22
100
AcDbEntity
  8
B.Cu
  6
CONTINUOUS
100
AcDbLine
 10
139.7282500000000027
 20
-77.0661619999999914
 30
0
 11
139.7282500000000027
 21
-76.9338379999999944
 31
0
  0
LINE
  5
290
330
22
100
AcDbEntity
  8
B.Cu
  6
CONTINUOUS
100
AcDbLine
 10
139.7282500000000027
 20
-76.9338379999999944
 30
0
 11
139.7540649999999971
 21
-76.8040579999999977
 31
0
  0
LINE
  5
291
330
22
100
AcDbEntity
  8
B.Cu
  6
CONTINUOUS
100
AcDbLine
 10
139.7540649999999971
 20
-76.8040579999999977
 30
0
 11
139.8047029999999893
 21
-76.6818069999999921
 31
0
  0
LINE
  5
292
330
22
100
AcDbEntity
  8
B.Cu
  6
CONTINUOUS
100
AcDbLine
 10
139.8047029999999893
 20
-76.6818069999999921
 30
0
 11
139.8782180000000039
 21
-76.5717849999999913
 31
0
  0
LINE
  5
293
330
22
100
AcDbEntity
  8
B.Cu
  6
CONTINUOUS
100
AcDbLine
 10
139.8782180000000039
 20
-76.5717849999999913
 30
0
 11
139.9717849999999828
 21
-76.4782179999999983
 31
0
  0
LINE
  5
294
330
22
100
AcDbEntity
  8
B.Cu
  6
CONTINUOUS
100
AcDbLine
 10
139.9717849999999828
 20
-76.4782179999999983
 30
0
 11
140.0818069999999977
 21
-76.4047029999999978
 31
0
  0
LINE
  5
295
330
22
100
AcDbEntity
  8
B.Cu
  6
CONTINUOUS
100
AcDbLine
 10
140.0818069999999977
 20
-76.4047029999999978
 30
0
 11
140.2040580000000034
 21
-76.3540649999999914
 31
0
  0
LINE
  5
296
330
22
100
AcDbEntity
  8
B.Cu
  6
CONTINUOUS
100
AcDbLine
 10
140.2040580000000034
 20
-76.3540649999999914
 30
0
 11
140.3338379999999859
 21
-76.328249999999997
 31
0
  0
LINE
  5
297
330
22
100
AcDbEntity
  8
B.Cu
  6
CONTINUOUS
100
AcDbLine
 10
140.3338379999999859
 20
-76.328249999999997
 30
0
 11
140.4661619999999971
 21
-76.328249999999997
 31
0
  0
LINE
  5
298
330
22
100
AcDbEntity
  8
B.Cu
  6
CONTINUOUS
100
AcDbLine
 10
140.4661619999999971
 20
-76.328249999999997
 30
0
 11
140.5959419999999795
 21
-76.3540649999999914
 31
0
  0
LINE
  5
299
330
22
100
AcDbEntity
  8
B.Cu
  6
CONTINUOUS
100
AcDbLine
 10
123.6322279999999978
 20
-77.7344480000000004
 30
0
 11
123.7771169999999898
 21
-77.7944629999999933
 31
0
  0
LINE
  5
29A
330
22
100
AcDbEntity
  8
B.Cu
  6
CONTINUOUS
100
AcDbLine
 10
123.7771169999999898
 20
-77.7944629999999933
 30
0
 11
123.9075149999999894
 21
-77.8815919999999977
 31
0
  0
LINE
  5
29B
330
22
100
AcDbEntity
  8
B.Cu
  6
CONTINUOUS
100
AcDbLine
 10
123.9075149999999894
 20
-77.8815919999999977
 30
0
 11
124.0184079999999938
 21
-77.9924850000000021
 31
0
  0
LINE
  5
29C
330
22
100
AcDbEntity
  8
B.Cu
  6
CONTINUOUS
100
AcDbLine
 10
124.0184079999999938
 20
-77.9924850000000021
 30
0
 11
124.1055369999999982
 21
-78.1228830000000016
 31
0
  0
LINE
  5
29D
330
22
100
AcDbEntity
  8
B.Cu
  6
CONTINUOUS
100
AcDbLine
 10
124.1055369999999982
 20
-78.1228830000000016
 30
0
 11
124.165551999999991
 21
-78.2677719999999937
 31
0
  0
LINE
  5
29E
330
22
100
AcDbEntity
  8
B.Cu
  6
CONTINUOUS
100
AcDbLine
 10
124.165551999999991
 20
-78.2677719999999937
 30
0
 11
124.1961479999999938
 21
-78.4215859999999907
 31
0
  0
LINE
  5
29F
330
22
100
AcDbEntity
  8
B.Cu
  6
CONTINUOUS
100
AcDbLine
 10
124.1961479999999938
 20
-78.4215859999999907
 30
0
 11
124.1961479999999938
 21
-78.5784139999999951
 31
0
  0
LINE
  5
2A0
330
22
100
AcDbEntity
  8
B.Cu
  6
CONTINUOUS
100
AcDbLine
 10
124.1961479999999938
 20
-78.5784139999999951
 30
0
 11
124.165551999999991
 21
-78.7322279999999921
 31
0
  0
LINE
  5
2A1
330
22
100
AcDbEntity
  8
B.Cu
  6
CONTINUOUS
100
AcDbLine
 10
124.165551999999991
 20
-78.7322279999999921
 30
0
 11
124.1055369999999982
 21
-78.8771169999999984
 31
0
  0
LINE
  5
2A2
330
22
100
AcDbEntity
  8
B.Cu
  6
CONTINUOUS
100
AcDbLine
 10
124.1055369999999982
 20
-78.8771169999999984
 30
0
 11
124.0184079999999938
 21
-79.0075149999999979
 31
0
  0
LINE
  5
2A3
330
22
100
AcDbEntity
  8
B.Cu
  6
CONTINUOUS
100
AcDbLine
 10
124.0184079999999938
 20
-79.0075149999999979
 30
0
 11
123.9075149999999894
 21
-79.1184080000000023
 31
0
  0
LINE
  5
2A4
330
22
100
AcDbEntity
  8
B.Cu
  6
CONTINUOUS
100
AcDbLine
 10
123.9075149999999894
 20
-79.1184080000000023
 30
0
 11
123.7771169999999898
 21
-79.2055369999999925
 31
0
  0
LINE
  5
2A5
330
22
100
AcDbEntity
  8
B.Cu
  6
CONTINUOUS
100
AcDbLine
 10
123.7771169999999898
 20
-79.2055369999999925
 30
0
 11
123.6322279999999978
 21
-79.2655519999999996
 31
0
  0
LINE
  5
2A6
330
22
100
AcDbEntity
  8
B.Cu
  6
CONTINUOUS
100
AcDbLine
 10
123.6322279999999978
 20
-79.2655519999999996
 30
0
 11
123.4784140000000008
 21
-79.2961480000000023
 31
0
  0
LINE
  5
2A7
330
22
100
AcDbEntity
  8
B.Cu
  6
CONTINUOUS
100
AcDbLine
 10
123.4784140000000008
 20
-79.2961480000000023
 30
0
 11
123.3215859999999964
 21
-79.2961480000000023
 31
0
  0
LINE
  5
2A8
330
22
100
AcDbEntity
  8
B.Cu
  6
CONTINUOUS
100
AcDbLine
 10
123.3215859999999964
 20
-79.2961480000000023
 30
0
 11
123.1677719999999994
 21
-79.2655519999999996
 31
0
  0
LINE
  5
2A9
330
22
100
AcDbEntity
  8
B.Cu
  6
CONTINUOUS
100
AcDbLine
 10
123.1677719999999994
 20
-79.2655519999999996
 30
0
 11
123.0228829999999931
 21
-79.2055369999999925
 31
0
  0
LINE
  5
2AA
330
22
100
AcDbEntity
  8
B.Cu
  6
CONTINUOUS
100
AcDbLine
 10
123.0228829999999931
 20
-79.2055369999999925
 30
0
 11
122.8924849999999935
 21
-79.1184080000000023
 31
0
  0
LINE
  5
2AB
330
22
100
AcDbEntity
  8
B.Cu
  6
CONTINUOUS
100
AcDbLine
 10
122.8924849999999935
 20
-79.1184080000000023
 30
0
 11
122.7815919999999892
 21
-79.0075149999999979
 31
0
  0
LINE
  5
2AC
330
22
100
AcDbEntity
  8
B.Cu
  6
CONTINUOUS
100
AcDbLine
 10
122.7815919999999892
 20
-79.0075149999999979
 30
0
 11
122.6944629999999989
 21
-78.8771169999999984
 31
0
  0
LINE
  5
2AD
330
22
100
AcDbEntity
  8
B.Cu
  6
CONTINUOUS
100
AcDbLine
 10
122.6944629999999989
 20
-78.8771169999999984
 30
0
 11
122.6344479999999919
 21
-78.7322279999999921
 31
0
  0
LINE
  5
2AE
330
22
100
AcDbEntity
  8
B.Cu
  6
CONTINUOUS
100
AcDbLine
 10
122.6344479999999919
 20
-78.7322279999999921
 30
0
 11
122.6038519999999892
 21
-78.5784139999999951
 31
0
  0
LINE
  5
2AF
330
22
100
AcDbEntity
  8
B.Cu
  6
CONTINUOUS
100
AcDbLine
 10
122.6038519999999892
 20
-78.5784139999999951
 30
0
 11
122.6038519999999892
 21
-78.4215859999999907
 31
0
  0
LINE
  5
2B0
330
22
100
AcDbEntity
  8
B.Cu
  6
CONTINUOUS
100
AcDbLine
 10
122.6038519999999892
 20
-78.4215859999999907
 30
0
 11
122.6344479999999919
 21
-78.2677719999999937
 31
0
  0
LINE
  5
2B1
330
22
100
AcDbEntity
  8
B.Cu
  6
CONTINUOUS
100
AcDbLine
 10
122.6344479999999919
 20
-78.2677719999999937
 30
0
 11
122.6944629999999989
 21
-78.1228830000000016
 31
0
  0
LINE
  5
2B2
330
22
100
AcDbEntity
  8
B.Cu
  6
CONTINUOUS
100
AcDbLine
 10
122.6944629999999989
 20
-78.1228830000000016
 30
0
 11
122.7815919999999892
 21
-77.9924850000000021
 31
0
  0
LINE
  5
2B3
330
22
100
AcDbEntity
  8
B.Cu
  6
CONTINUOUS
100
AcDbLine
 10
122.7815919999999892
 20
-77.9924850000000021
 30
0
 11
122.8924849999999935
 21
-77.8815919999999977
 31
0
  0
LINE
  5
2B4
330
22
100
AcDbEntity
  8
B.Cu
  6
CONTINUOUS
100
AcDbLine
 10
122.8924849999999935
 20
-77.8815919999999977
 30
0
 11
123.0228829999999931
 21
-77.7944629999999933
 31
0
  0
LINE
  5
2B5
330
22
100
AcDbEntity
  8
B.Cu
  6
CONTINUOUS
100
AcDbLine
 10
123.0228829999999931
 20
-77.7944629999999933
 30
0
 11
123.1677719999999994
 21
-77.7344480000000004
 31
0
  0
LINE
  5
2B6
330
22
100
AcDbEntity
  8
B.Cu
  6
CONTINUOUS
100
AcDbLine
 10
123.1677719999999994
 20
-77.7344480000000004
 30
0
 11
123.3215859999999964
 21
-77.7038519999999977
 31
0
  0
LINE
  5
2B7
330
22
100
AcDbEntity
  8
B.Cu
  6
CONTINUOUS
100
AcDbLine
 10
123.3215859999999964
 20
-77.7038519999999977
 30
0
 11
123.4784140000000008
 21
-77.7038519999999977
 31
0
  0
LINE
  5
2B8
330
22
100
AcDbEntity
  8
B.Cu
  6
CONTINUOUS
100
AcDbLine
 10
123.4784140000000008
 20
-77.7038519999999977
 30
0
 11
123.6322279999999978
 21
-77.7344480000000004
 31
0
  0
LINE
  5
2B9
330
22
100
AcDbEntity
  8
B.Cu
  6
CONTINUOUS
100
AcDbLine
 10
157.5749999999999886
 20
-78.9249999999999972
 30
0
 11
156.2249999999999943
 21
-78.9249999999999972
 31
0
  0
LINE
  5
2BA
330
22
100
AcDbEntity
  8
B.Cu
  6
CONTINUOUS
100
AcDbLine
 10
156.2249999999999943
 20
-78.9249999999999972
 30
0
 11
156.2249999999999943
 21
-77.5750000000000028
 31
0
  0
LINE
  5
2BB
330
22
100
AcDbEntity
  8
B.Cu
  6
CONTINUOUS
100
AcDbLine
 10
156.2249999999999943
 20
-77.5750000000000028
 30
0
 11
157.5749999999999886
 21
-77.5750000000000028
 31
0
  0
LINE
  5
2BC
330
22
100
AcDbEntity
  8
B.Cu
  6
CONTINUOUS
100
AcDbLine
 10
157.5749999999999886
 20
-77.5750000000000028
 30
0
 11
157.5749999999999886
 21
-78.9249999999999972
 31
0
  0
LINE
  5
2BD
330
22
100
AcDbEntity
  8
B.Cu
  6
CONTINUOUS
100
AcDbLine
 10
168.4044179999999926
 20
-75.0008160000000004
 30
0
 11
168.6045609999999897
 21
-75.0151299999999992
 31
0
  0
LINE
  5
2BE
330
22
100
AcDbEntity
  8
B.Cu
  6
CONTINUOUS
100
AcDbLine
 10
168.6045609999999897
 20
-75.0151299999999992
 30
0
 11
168.6220629999999971
 21
-75.0176469999999966
 31
0
  0
LINE
  5
2BF
330
22
100
AcDbEntity
  8
B.Cu
  6
CONTINUOUS
100
AcDbLine
 10
168.6220629999999971
 20
-75.0176469999999966
 30
0
 11
168.8137949999999989
 21
-75.0593549999999965
 31
0
  0
LINE
  5
2C0
330
22
100
AcDbEntity
  8
B.Cu
  6
CONTINUOUS
100
AcDbLine
 10
168.8137949999999989
 20
-75.0593549999999965
 30
0
 11
168.8307599999999979
 21
-75.0643359999999973
 31
0
  0
LINE
  5
2C1
330
22
100
AcDbEntity
  8
B.Cu
  6
CONTINUOUS
100
AcDbLine
 10
168.8307599999999979
 20
-75.0643359999999973
 30
0
 11
169.0146110000000022
 21
-75.1329089999999979
 31
0
  0
LINE
  5
2C2
330
22
100
AcDbEntity
  8
B.Cu
  6
CONTINUOUS
100
AcDbLine
 10
169.0146110000000022
 20
-75.1329089999999979
 30
0
 11
169.0306939999999827
 21
-75.1402530000000013
 31
0
  0
LINE
  5
2C3
330
22
100
AcDbEntity
  8
B.Cu
  6
CONTINUOUS
100
AcDbLine
 10
169.0306939999999827
 20
-75.1402530000000013
 30
0
 11
169.1474949999999922
 21
-75.204031999999998
 31
0
  0
LINE
  5
2C4
330
22
100
AcDbEntity
  8
B.Cu
  6
CONTINUOUS
100
AcDbLine
 10
169.1474949999999922
 20
-75.204031999999998
 30
0
 11
169.2029079999999794
 21
-75.2342900000000014
 31
0
  0
LINE
  5
2C5
330
22
100
AcDbEntity
  8
B.Cu
  6
CONTINUOUS
100
AcDbLine
 10
169.2029079999999794
 20
-75.2342900000000014
 30
0
 11
169.2177910000000054
 21
-75.2438549999999964
 31
0
  0
LINE
  5
2C6
330
22
100
AcDbEntity
  8
B.Cu
  6
CONTINUOUS
100
AcDbLine
 10
169.2177910000000054
 20
-75.2438549999999964
 30
0
 11
169.3748640000000023
 21
-75.3614379999999926
 31
0
  0
LINE
  5
2C7
330
22
100
AcDbEntity
  8
B.Cu
  6
CONTINUOUS
100
AcDbLine
 10
169.3748640000000023
 20
-75.3614379999999926
 30
0
 11
169.3882349999999803
 21
-75.3730240000000009
 31
0
  0
LINE
  5
2C8
330
22
100
AcDbEntity
  8
B.Cu
  6
CONTINUOUS
100
AcDbLine
 10
169.3882349999999803
 20
-75.3730240000000009
 30
0
 11
169.5269749999999931
 21
-75.5117639999999994
 31
0
  0
LINE
  5
2C9
330
22
100
AcDbEntity
  8
B.Cu
  6
CONTINUOUS
100
AcDbLine
 10
169.5269749999999931
 20
-75.5117639999999994
 30
0
 11
169.5385609999999872
 21
-75.5251349999999917
 31
0
  0
LINE
  5
2CA
330
22
100
AcDbEntity
  8
B.Cu
  6
CONTINUOUS
100
AcDbLine
 10
169.5385609999999872
 20
-75.5251349999999917
 30
0
 11
169.6561439999999834
 21
-75.6822080000000028
 31
0
  0
LINE
  5
2CB
330
22
100
AcDbEntity
  8
B.Cu
  6
CONTINUOUS
100
AcDbLine
 10
169.6561439999999834
 20
-75.6822080000000028
 30
0
 11
169.6657089999999926
 21
-75.6970910000000003
 31
0
  0
LINE
  5
2CC
330
22
100
AcDbEntity
  8
B.Cu
  6
CONTINUOUS
100
AcDbLine
 10
169.6657089999999926
 20
-75.6970910000000003
 30
0
 11
169.7597429999999861
 21
-75.8692999999999955
 31
0
  0
LINE
  5
2CD
330
22
100
AcDbEntity
  8
B.Cu
  6
CONTINUOUS
100
AcDbLine
 10
169.7597429999999861
 20
-75.8692999999999955
 30
0
 11
169.7670929999999885
 21
-75.8853939999999909
 31
0
  0
LINE
  5
2CE
330
22
100
AcDbEntity
  8
B.Cu
  6
CONTINUOUS
100
AcDbLine
 10
169.7670929999999885
 20
-75.8853939999999909
 30
0
 11
169.8356609999999876
 21
-76.0692339999999945
 31
0
  0
LINE
  5
2CF
330
22
100
AcDbEntity
  8
B.Cu
  6
CONTINUOUS
100
AcDbLine
 10
169.8356609999999876
 20
-76.0692339999999945
 30
0
 11
169.840644999999995
 21
-76.0862089999999966
 31
0
  0
LINE
  5
2D0
330
22
100
AcDbEntity
  8
B.Cu
  6
CONTINUOUS
100
AcDbLine
 10
169.840644999999995
 20
-76.0862089999999966
 30
0
 11
169.8823509999999999
 21
-76.2779309999999953
 31
0
  0
LINE
  5
2D1
330
22
100
AcDbEntity
  8
B.Cu
  6
CONTINUOUS
100
AcDbLine
 10
169.8823509999999999
 20
-76.2779309999999953
 30
0
 11
169.8848689999999806
 21
-76.2954419999999942
 31
0
  0
LINE
  5
2D2
330
22
100
AcDbEntity
  8
B.Cu
  6
CONTINUOUS
100
AcDbLine
 10
169.8848689999999806
 20
-76.2954419999999942
 30
0
 11
169.8991839999999911
 21
-76.4955799999999897
 31
0
  0
LINE
  5
2D3
330
22
100
AcDbEntity
  8
B.Cu
  6
CONTINUOUS
100
AcDbLine
 10
169.8991839999999911
 20
-76.4955799999999897
 30
0
 11
169.8994999999999891
 21
-76.5044269999999926
 31
0
  0
LINE
  5
2D4
330
22
100
AcDbEntity
  8
B.Cu
  6
CONTINUOUS
100
AcDbLine
 10
169.8994999999999891
 20
-76.5044269999999926
 30
0
 11
169.8994999999999891
 21
-110.9955719999999957
 31
0
  0
LINE
  5
2D5
330
22
100
AcDbEntity
  8
B.Cu
  6
CONTINUOUS
100
AcDbLine
 10
169.8994999999999891
 20
-110.9955719999999957
 30
0
 11
169.8991839999999911
 21
-111.0044189999999986
 31
0
  0
LINE
  5
2D6
330
22
100
AcDbEntity
  8
B.Cu
  6
CONTINUOUS
100
AcDbLine
 10
169.8991839999999911
 20
-111.0044189999999986
 30
0
 11
169.8848689999999806
 21
-111.2045569999999941
 31
0
  0
LINE
  5
2D7
330
22
100
AcDbEntity
  8
B.Cu
  6
CONTINUOUS
100
AcDbLine
 10
169.8848689999999806
 20
-111.2045569999999941
 30
0
 11
169.8823509999999999
 21
-111.222067999999993
 31
0
  0
LINE
  5
2D8
330
22
100
AcDbEntity
  8
B.Cu
  6
CONTINUOUS
100
AcDbLine
 10
169.8823509999999999
 20
-111.222067999999993
 30
0
 11
169.840644999999995
 21
-111.4137899999999917
 31
0
  0
LINE
  5
2D9
330
22
100
AcDbEntity
  8
B.Cu
  6
CONTINUOUS
100
AcDbLine
 10
169.840644999999995
 20
-111.4137899999999917
 30
0
 11
169.8356609999999876
 21
-111.4307649999999938
 31
0
  0
LINE
  5
2DA
330
22
100
AcDbEntity
  8
B.Cu
  6
CONTINUOUS
100
AcDbLine
 10
169.8356609999999876
 20
-111.4307649999999938
 30
0
 11
169.7670929999999885
 21
-111.6146049999999974
 31
0
  0
LINE
  5
2DB
330
22
100
AcDbEntity
  8
B.Cu
  6
CONTINUOUS
100
AcDbLine
 10
169.7670929999999885
 20
-111.6146049999999974
 30
0
 11
169.7597429999999861
 21
-111.6306989999999928
 31
0
  0
LINE
  5
2DC
330
22
100
AcDbEntity
  8
B.Cu
  6
CONTINUOUS
100
AcDbLine
 10
169.7597429999999861
 20
-111.6306989999999928
 30
0
 11
169.6657089999999926
 21
-111.802907999999988
 31
0
  0
LINE
  5
2DD
330
22
100
AcDbEntity
  8
B.Cu
  6
CONTINUOUS
100
AcDbLine
 10
169.6657089999999926
 20
-111.802907999999988
 30
0
 11
169.6561439999999834
 21
-111.8177909999999997
 31
0
  0
LINE
  5
2DE
330
22
100
AcDbEntity
  8
B.Cu
  6
CONTINUOUS
100
AcDbLine
 10
169.6561439999999834
 20
-111.8177909999999997
 30
0
 11
169.5385609999999872
 21
-111.9748639999999966
 31
0
  0
LINE
  5
2DF
330
22
100
AcDbEntity
  8
B.Cu
  6
CONTINUOUS
100
AcDbLine
 10
169.5385609999999872
 20
-111.9748639999999966
 30
0
 11
169.5269749999999931
 21
-111.9882349999999889
 31
0
  0
LINE
  5
2E0
330
22
100
AcDbEntity
  8
B.Cu
  6
CONTINUOUS
100
AcDbLine
 10
169.5269749999999931
 20
-111.9882349999999889
 30
0
 11
169.3882349999999803
 21
-112.1269750000000016
 31
0
  0
LINE
  5
2E1
330
22
100
AcDbEntity
  8
B.Cu
  6
CONTINUOUS
100
AcDbLine
 10
169.3882349999999803
 20
-112.1269750000000016
 30
0
 11
169.3748640000000023
 21
-112.1385609999999957
 31
0
  0
LINE
  5
2E2
330
22
100
AcDbEntity
  8
B.Cu
  6
CONTINUOUS
100
AcDbLine
 10
169.3748640000000023
 20
-112.1385609999999957
 30
0
 11
169.2177910000000054
 21
-112.2561439999999919
 31
0
  0
LINE
  5
2E3
330
22
100
AcDbEntity
  8
B.Cu
  6
CONTINUOUS
100
AcDbLine
 10
169.2177910000000054
 20
-112.2561439999999919
 30
0
 11
169.2029079999999794
 21
-112.2657090000000011
 31
0
  0
LINE
  5
2E4
330
22
100
AcDbEntity
  8
B.Cu
  6
CONTINUOUS
100
AcDbLine
 10
169.2029079999999794
 20
-112.2657090000000011
 30
0
 11
169.0306989999999985
 21
-112.3597429999999946
 31
0
  0
LINE
  5
2E5
330
22
100
AcDbEntity
  8
B.Cu
  6
CONTINUOUS
100
AcDbLine
 10
169.0306989999999985
 20
-112.3597429999999946
 30
0
 11
169.0146049999999889
 21
-112.367092999999997
 31
0
  0
LINE
  5
2E6
330
22
100
AcDbEntity
  8
B.Cu
  6
CONTINUOUS
100
AcDbLine
 10
169.0146049999999889
 20
-112.367092999999997
 30
0
 11
168.8307649999999853
 21
-112.4356609999999961
 31
0
  0
LINE
  5
2E7
330
22
100
AcDbEntity
  8
B.Cu
  6
CONTINUOUS
100
AcDbLine
 10
168.8307649999999853
 20
-112.4356609999999961
 30
0
 11
168.8137899999999831
 21
-112.4406449999999893
 31
0
  0
LINE
  5
2E8
330
22
100
AcDbEntity
  8
B.Cu
  6
CONTINUOUS
100
AcDbLine
 10
168.8137899999999831
 20
-112.4406449999999893
 30
0
 11
168.6220679999999845
 21
-112.4823509999999942
 31
0
  0
LINE
  5
2E9
330
22
100
AcDbEntity
  8
B.Cu
  6
CONTINUOUS
100
AcDbLine
 10
168.6220679999999845
 20
-112.4823509999999942
 30
0
 11
168.6045569999999998
 21
-112.4848689999999891
 31
0
  0
LINE
  5
2EA
330
22
100
AcDbEntity
  8
B.Cu
  6
CONTINUOUS
100
AcDbLine
 10
168.6045569999999998
 20
-112.4848689999999891
 30
0
 11
168.4237789999999961
 21
-112.4977990000000005
 31
0
  0
LINE
  5
2EB
330
22
100
AcDbEntity
  8
B.Cu
  6
CONTINUOUS
100
AcDbLine
 10
168.4237789999999961
 20
-112.4977990000000005
 30
0
 11
168.4044169999999951
 21
-112.4991839999999996
 31
0
  0
LINE
  5
2EC
330
22
100
AcDbEntity
  8
B.Cu
  6
CONTINUOUS
100
AcDbLine
 10
168.4044169999999951
 20
-112.4991839999999996
 30
0
 11
168.3955719999999872
 21
-112.4994999999999976
 31
0
  0
LINE
  5
2ED
330
22
100
AcDbEntity
  8
B.Cu
  6
CONTINUOUS
100
AcDbLine
 10
168.3955719999999872
 20
-112.4994999999999976
 30
0
 11
115.4044279999999958
 21
-112.4994999999999976
 31
0
  0
LINE
  5
2EE
330
22
100
AcDbEntity
  8
B.Cu
  6
CONTINUOUS
100
AcDbLine
 10
115.4044279999999958
 20
-112.4994999999999976
 30
0
 11
115.3955819999999903
 21
-112.4991839999999996
 31
0
  0
LINE
  5
2EF
330
22
100
AcDbEntity
  8
B.Cu
  6
CONTINUOUS
100
AcDbLine
 10
115.3955819999999903
 20
-112.4991839999999996
 30
0
 11
115.3736219999999975
 21
-112.4976130000000012
 31
0
  0
LINE
  5
2F0
330
22
100
AcDbEntity
  8
B.Cu
  6
CONTINUOUS
100
AcDbLine
 10
115.3736219999999975
 20
-112.4976130000000012
 30
0
 11
115.1954419999999999
 21
-112.4848689999999891
 31
0
  0
LINE
  5
2F1
330
22
100
AcDbEntity
  8
B.Cu
  6
CONTINUOUS
100
AcDbLine
 10
115.1954419999999999
 20
-112.4848689999999891
 30
0
 11
115.1779310000000009
 21
-112.4823509999999942
 31
0
  0
LINE
  5
2F2
330
22
100
AcDbEntity
  8
B.Cu
  6
CONTINUOUS
100
AcDbLine
 10
115.1779310000000009
 20
-112.4823509999999942
 30
0
 11
114.9862089999999881
 21
-112.4406449999999893
 31
0
  0
LINE
  5
2F3
330
22
100
AcDbEntity
  8
B.Cu
  6
CONTINUOUS
100
AcDbLine
 10
114.9862089999999881
 20
-112.4406449999999893
 30
0
 11
114.9692340000000002
 21
-112.4356609999999961
 31
0
  0
LINE
  5
2F4
330
22
100
AcDbEntity
  8
B.Cu
  6
CONTINUOUS
100
AcDbLine
 10
114.9692340000000002
 20
-112.4356609999999961
 30
0
 11
114.7853939999999966
 21
-112.367092999999997
 31
0
  0
LINE
  5
2F5
330
22
100
AcDbEntity
  8
B.Cu
  6
CONTINUOUS
100
AcDbLine
 10
114.7853939999999966
 20
-112.367092999999997
 30
0
 11
114.7693000000000012
 21
-112.3597429999999946
 31
0
  0
LINE
  5
2F6
330
22
100
AcDbEntity
  8
B.Cu
  6
CONTINUOUS
100
AcDbLine
 10
114.7693000000000012
 20
-112.3597429999999946
 30
0
 11
114.5970909999999918
 21
-112.2657090000000011
 31
0
  0
LINE
  5
2F7
330
22
100
AcDbEntity
  8
B.Cu
  6
CONTINUOUS
100
AcDbLine
 10
114.5970909999999918
 20
-112.2657090000000011
 30
0
 11
114.5822079999999943
 21
-112.2561439999999919
 31
0
  0
LINE
  5
2F8
330
22
100
AcDbEntity
  8
B.Cu
  6
CONTINUOUS
100
AcDbLine
 10
114.5822079999999943
 20
-112.2561439999999919
 30
0
 11
114.4251349999999974
 21
-112.1385609999999957
 31
0
  0
LINE
  5
2F9
330
22
100
AcDbEntity
  8
B.Cu
  6
CONTINUOUS
100
AcDbLine
 10
114.4251349999999974
 20
-112.1385609999999957
 30
0
 11
114.4117639999999909
 21
-112.1269750000000016
 31
0
  0
LINE
  5
2FA
330
22
100
AcDbEntity
  8
B.Cu
  6
CONTINUOUS
100
AcDbLine
 10
114.4117639999999909
 20
-112.1269750000000016
 30
0
 11
114.2730239999999924
 21
-111.9882349999999889
 31
0
  0
LINE
  5
2FB
330
22
100
AcDbEntity
  8
B.Cu
  6
CONTINUOUS
100
AcDbLine
 10
114.2730239999999924
 20
-111.9882349999999889
 30
0
 11
114.2614379999999983
 21
-111.9748639999999966
 31
0
  0
LINE
  5
2FC
330
22
100
AcDbEntity
  8
B.Cu
  6
CONTINUOUS
100
AcDbLine
 10
114.2614379999999983
 20
-111.9748639999999966
 30
0
 11
114.1438549999999879
 21
-111.8177909999999997
 31
0
  0
LINE
  5
2FD
330
22
100
AcDbEntity
  8
B.Cu
  6
CONTINUOUS
100
AcDbLine
 10
114.1438549999999879
 20
-111.8177909999999997
 30
0
 11
114.1342899999999929
 21
-111.802907999999988
 31
0
  0
LINE
  5
2FE
330
22
100
AcDbEntity
  8
B.Cu
  6
CONTINUOUS
100
AcDbLine
 10
114.1342899999999929
 20
-111.802907999999988
 30
0
 11
114.0402559999999994
 21
-111.6306989999999928
 31
0
  0
LINE
  5
2FF
330
22
100
AcDbEntity
  8
B.Cu
  6
CONTINUOUS
100
AcDbLine
 10
114.0402559999999994
 20
-111.6306989999999928
 30
0
 11
114.0329089999999894
 21
-111.6146109999999965
 31
0
  0
LINE
  5
300
330
22
100
AcDbEntity
  8
B.Cu
  6
CONTINUOUS
100
AcDbLine
 10
114.0329089999999894
 20
-111.6146109999999965
 30
0
 11
113.9643359999999888
 21
-111.4307599999999923
 31
0
  0
LINE
  5
301
330
22
100
AcDbEntity
  8
B.Cu
  6
CONTINUOUS
100
AcDbLine
 10
113.9643359999999888
 20
-111.4307599999999923
 30
0
 11
113.9593539999999905
 21
-111.4137899999999917
 31
0
  0
LINE
  5
302
330
22
100
AcDbEntity
  8
B.Cu
  6
CONTINUOUS
100
AcDbLine
 10
113.9593539999999905
 20
-111.4137899999999917
 30
0
 11
113.9176479999999998
 21
-111.222067999999993
 31
0
  0
LINE
  5
303
330
22
100
AcDbEntity
  8
B.Cu
  6
CONTINUOUS
100
AcDbLine
 10
113.9176479999999998
 20
-111.222067999999993
 30
0
 11
113.9151299999999907
 21
-111.2045559999999966
 31
0
  0
LINE
  5
304
330
22
100
AcDbEntity
  8
B.Cu
  6
CONTINUOUS
100
AcDbLine
 10
113.9151299999999907
 20
-111.2045559999999966
 30
0
 11
113.9008159999999918
 21
-111.0044180000000011
 31
0
  0
LINE
  5
305
330
22
100
AcDbEntity
  8
B.Cu
  6
CONTINUOUS
100
AcDbLine
 10
113.9008159999999918
 20
-111.0044180000000011
 30
0
 11
113.9004999999999939
 21
-110.9955719999999957
 31
0
  0
LINE
  5
306
330
22
100
AcDbEntity
  8
B.Cu
  6
CONTINUOUS
100
AcDbLine
 10
113.9004999999999939
 20
-110.9955719999999957
 30
0
 11
113.9004999999999939
 21
-94.0015769999999975
 31
0
  0
LINE
  5
307
330
22
100
AcDbEntity
  8
B.Cu
  6
CONTINUOUS
100
AcDbLine
 10
113.9004999999999939
 20
-94.0015769999999975
 30
0
 11
113.9004999999999939
 21
-91.8976479999999896
 31
0
  0
LINE
  5
308
330
22
100
AcDbEntity
  8
B.Cu
  6
CONTINUOUS
100
AcDbLine
 10
113.9004999999999939
 20
-91.8976479999999896
 30
0
 11
113.9004999999999939
 21
-88.3015769999999947
 31
0
  0
LINE
  5
309
330
22
100
AcDbEntity
  8
B.Cu
  6
CONTINUOUS
100
AcDbLine
 10
113.9004999999999939
 20
-88.3015769999999947
 30
0
 11
113.9004999999999939
 21
-83.0528970000000015
 31
0
  0
LINE
  5
30A
330
22
100
AcDbEntity
  8
B.Cu
  6
CONTINUOUS
100
AcDbLine
 10
113.9004999999999939
 20
-83.0528970000000015
 30
0
 11
113.9004999999999939
 21
-81.7715649999999954
 31
0
  0
LINE
  5
30B
330
22
100
AcDbEntity
  8
B.Cu
  6
CONTINUOUS
100
AcDbLine
 10
113.9004999999999939
 20
-81.7715649999999954
 30
0
 11
113.9004999999999939
 21
-78.3976479999999896
 31
0
  0
LINE
  5
30C
330
22
100
AcDbEntity
  8
B.Cu
  6
CONTINUOUS
100
AcDbLine
 10
113.9004999999999939
 20
-78.3976479999999896
 30
0
 11
113.9004999999999939
 21
-76.9074859999999916
 31
0
  0
LINE
  5
30D
330
22
100
AcDbEntity
  8
B.Cu
  6
CONTINUOUS
100
AcDbLine
 10
113.9004999999999939
 20
-76.9074859999999916
 30
0
 11
113.9004999999999939
 21
-76.5044269999999926
 31
0
  0
LINE
  5
30E
330
22
100
AcDbEntity
  8
B.Cu
  6
CONTINUOUS
100
AcDbLine
 10
113.9004999999999939
 20
-76.5044269999999926
 30
0
 11
113.9008159999999918
 21
-76.4955810000000014
 31
0
  0
LINE
  5
30F
330
22
100
AcDbEntity
  8
B.Cu
  6
CONTINUOUS
100
AcDbLine
 10
113.9008159999999918
 20
-76.4955810000000014
 30
0
 11
113.9088029999999918
 21
-76.3839040000000011
 31
0
  0
LINE
  5
310
330
22
100
AcDbEntity
  8
B.Cu
  6
CONTINUOUS
100
AcDbLine
 10
113.9088029999999918
 20
-76.3839040000000011
 30
0
 11
113.9151309999999881
 21
-76.2954340000000002
 31
0
  0
LINE
  5
311
330
22
100
AcDbEntity
  8
B.Cu
  6
CONTINUOUS
100
AcDbLine
 10
113.9151309999999881
 20
-76.2954340000000002
 30
0
 11
113.9176459999999906
 21
-76.2779379999999918
 31
0
  0
LINE
  5
312
330
22
100
AcDbEntity
  8
B.Cu
  6
CONTINUOUS
100
AcDbLine
 10
113.9176459999999906
 20
-76.2779379999999918
 30
0
 11
113.9593559999999997
 21
-76.086199999999991
 31
0
  0
LINE
  5
313
330
22
100
AcDbEntity
  8
B.Cu
  6
CONTINUOUS
100
AcDbLine
 10
113.9593559999999997
 20
-76.086199999999991
 30
0
 11
113.9643349999999913
 21
-76.0692420000000027
 31
0
  0
LINE
  5
314
330
22
100
AcDbEntity
  8
B.Cu
  6
CONTINUOUS
100
AcDbLine
 10
113.9643349999999913
 20
-76.0692420000000027
 30
0
 11
114.0329109999999986
 21
-75.8853819999999928
 31
0
  0
LINE
  5
315
330
22
100
AcDbEntity
  8
B.Cu
  6
CONTINUOUS
100
AcDbLine
 10
114.0329109999999986
 20
-75.8853819999999928
 30
0
 11
114.0402509999999978
 21
-75.8693099999999987
 31
0
  0
LINE
  5
316
330
22
100
AcDbEntity
  8
B.Cu
  6
CONTINUOUS
100
AcDbLine
 10
114.0402509999999978
 20
-75.8693099999999987
 30
0
 11
114.134293999999997
 21
-75.6970829999999921
 31
0
  0
LINE
  5
317
330
22
100
AcDbEntity
  8
B.Cu
  6
CONTINUOUS
100
AcDbLine
 10
114.134293999999997
 20
-75.6970829999999921
 30
0
 11
114.1438500000000005
 21
-75.6822140000000019
 31
0
  0
LINE
  5
318
330
22
100
AcDbEntity
  8
B.Cu
  6
CONTINUOUS
100
AcDbLine
 10
114.1438500000000005
 20
-75.6822140000000019
 30
0
 11
114.2614429999999999
 21
-75.5251279999999952
 31
0
  0
LINE
  5
319
330
22
100
AcDbEntity
  8
B.Cu
  6
CONTINUOUS
100
AcDbLine
 10
114.2614429999999999
 20
-75.5251279999999952
 30
0
 11
114.2730169999999958
 21
-75.511770999999996
 31
0
  0
LINE
  5
31A
330
22
100
AcDbEntity
  8
B.Cu
  6
CONTINUOUS
100
AcDbLine
 10
114.2730169999999958
 20
-75.511770999999996
 30
0
 11
114.4117710000000017
 21
-75.3730169999999902
 31
0
  0
LINE
  5
31B
330
22
100
AcDbEntity
  8
B.Cu
  6
CONTINUOUS
100
AcDbLine
 10
114.4117710000000017
 20
-75.3730169999999902
 30
0
 11
114.4251280000000008
 21
-75.3614429999999942
 31
0
  0
LINE
  5
31C
330
22
100
AcDbEntity
  8
B.Cu
  6
CONTINUOUS
100
AcDbLine
 10
114.4251280000000008
 20
-75.3614429999999942
 30
0
 11
114.5822139999999933
 21
-75.2438499999999948
 31
0
  0
LINE
  5
31D
330
22
100
AcDbEntity
  8
B.Cu
  6
CONTINUOUS
100
AcDbLine
 10
114.5822139999999933
 20
-75.2438499999999948
 30
0
 11
114.5970829999999978
 21
-75.2342939999999913
 31
0
  0
LINE
  5
31E
330
22
100
AcDbEntity
  8
B.Cu
  6
CONTINUOUS
100
AcDbLine
 10
114.5970829999999978
 20
-75.2342939999999913
 30
0
 11
114.7693099999999902
 21
-75.1402509999999921
 31
0
  0
LINE
  5
31F
330
22
100
AcDbEntity
  8
B.Cu
  6
CONTINUOUS
100
AcDbLine
 10
114.7693099999999902
 20
-75.1402509999999921
 30
0
 11
114.7853819999999985
 21
-75.1329109999999929
 31
0
  0
LINE
  5
320
330
22
100
AcDbEntity
  8
B.Cu
  6
CONTINUOUS
100
AcDbLine
 10
114.7853819999999985
 20
-75.1329109999999929
 30
0
 11
114.9692419999999942
 21
-75.0643349999999998
 31
0
  0
LINE
  5
321
330
22
100
AcDbEntity
  8
B.Cu
  6
CONTINUOUS
100
AcDbLine
 10
114.9692419999999942
 20
-75.0643349999999998
 30
0
 11
114.9861999999999966
 21
-75.059355999999994
 31
0
  0
LINE
  5
322
330
22
100
AcDbEntity
  8
B.Cu
  6
CONTINUOUS
100
AcDbLine
 10
114.9861999999999966
 20
-75.059355999999994
 30
0
 11
115.1779379999999975
 21
-75.0176459999999992
 31
0
  0
LINE
  5
323
330
22
100
AcDbEntity
  8
B.Cu
  6
CONTINUOUS
100
AcDbLine
 10
115.1779379999999975
 20
-75.0176459999999992
 30
0
 11
115.1954360000000008
 21
-75.0151299999999992
 31
0
  0
LINE
  5
324
330
22
100
AcDbEntity
  8
B.Cu
  6
CONTINUOUS
100
AcDbLine
 10
115.1954360000000008
 20
-75.0151299999999992
 30
0
 11
115.3955819999999903
 21
-75.0008160000000004
 31
0
  0
LINE
  5
325
330
22
100
AcDbEntity
  8
B.Cu
  6
CONTINUOUS
100
AcDbLine
 10
115.3955819999999903
 20
-75.0008160000000004
 30
0
 11
115.4044279999999958
 21
-75.0005000000000024
 31
0
  0
LINE
  5
326
330
22
100
AcDbEntity
  8
B.Cu
  6
CONTINUOUS
100
AcDbLine
 10
115.4044279999999958
 20
-75.0005000000000024
 30
0
 11
115.4658919999999966
 21
-75.0005000000000024
 31
0
  0
LINE
  5
327
330
22
100
AcDbEntity
  8
B.Cu
  6
CONTINUOUS
100
AcDbLine
 10
115.4658919999999966
 20
-75.0005000000000024
 30
0
 11
168.3341079999999863
 21
-75.0005000000000024
 31
0
  0
LINE
  5
328
330
22
100
AcDbEntity
  8
B.Cu
  6
CONTINUOUS
100
AcDbLine
 10
168.3341079999999863
 20
-75.0005000000000024
 30
0
 11
168.3955719999999872
 21
-75.0005000000000024
 31
0
  0
LINE
  5
329
330
22
100
AcDbEntity
  8
B.Cu
  6
CONTINUOUS
100
AcDbLine
 10
168.3955719999999872
 20
-75.0005000000000024
 30
0
 11
168.4044179999999926
 21
-75.0008160000000004
 31
0
  0
LINE
  5
32A
330
22
100
AcDbEntity
  8
B.Cu
  6
CONTINUOUS
100
AcDbLine
 10
139.2177140000000009
 20
-94.7177049999999952
 30
0
 11
139.0735129999999913
 21
-94.7463889999999935
 31
0
  0
LINE
  5
32B
330
22
100
AcDbEntity
  8
B.Cu
  6
CONTINUOUS
100
AcDbLine
 10
139.0735129999999913
 20
-94.7463889999999935
 30
0
 11
138.9264869999999803
 21
-94.7463889999999935
 31
0
  0
LINE
  5
32C
330
22
100
AcDbEntity
  8
B.Cu
  6
CONTINUOUS
100
AcDbLine
 10
138.9264869999999803
 20
-94.7463889999999935
 30
0
 11
138.7822859999999991
 21
-94.7177049999999952
 31
0
  0
LINE
  5
32D
330
22
100
AcDbEntity
  8
B.Cu
  6
CONTINUOUS
100
AcDbLine
 10
138.7822859999999991
 20
-94.7177049999999952
 30
0
 11
138.6787369999999839
 21
-94.6748139999999978
 31
0
  0
LINE
  5
32E
330
22
100
AcDbEntity
  8
B.Cu
  6
CONTINUOUS
100
AcDbLine
 10
138.6787369999999839
 20
-94.6748139999999978
 30
0
 11
138.3098729999999819
 21
-95.0436770000000024
 31
0
  0
LINE
  5
32F
330
22
100
AcDbEntity
  8
B.Cu
  6
CONTINUOUS
100
AcDbLine
 10
138.3098729999999819
 20
-95.0436770000000024
 30
0
 11
138.3098729999999819
 21
-95.0436779999999999
 31
0
  0
LINE
  5
330
330
22
100
AcDbEntity
  8
B.Cu
  6
CONTINUOUS
100
AcDbLine
 10
138.3098729999999819
 20
-95.0436779999999999
 30
0
 11
138.3448579999999879
 21
-95.0690960000000018
 31
0
  0
LINE
  5
331
330
22
100
AcDbEntity
  8
B.Cu
  6
CONTINUOUS
100
AcDbLine
 10
138.3448579999999879
 20
-95.0690960000000018
 30
0
 11
138.5201639999999941
 21
-95.1584179999999975
 31
0
  0
LINE
  5
332
330
22
100
AcDbEntity
  8
B.Cu
  6
CONTINUOUS
100
AcDbLine
 10
138.5201639999999941
 20
-95.1584179999999975
 30
0
 11
138.7072939999999903
 21
-95.2192209999999903
 31
0
  0
LINE
  5
333
330
22
100
AcDbEntity
  8
B.Cu
  6
CONTINUOUS
100
AcDbLine
 10
138.7072939999999903
 20
-95.2192209999999903
 30
0
 11
138.9016179999999849
 21
-95.25
 31
0
  0
LINE
  5
334
330
22
100
AcDbEntity
  8
B.Cu
  6
CONTINUOUS
100
AcDbLine
 10
138.9016179999999849
 20
-95.25
 30
0
 11
139.0983819999999866
 21
-95.25
 31
0
  0
LINE
  5
335
330
22
100
AcDbEntity
  8
B.Cu
  6
CONTINUOUS
100
AcDbLine
 10
139.0983819999999866
 20
-95.25
 30
0
 11
139.2927049999999838
 21
-95.2192209999999903
 31
0
  0
LINE
  5
336
330
22
100
AcDbEntity
  8
B.Cu
  6
CONTINUOUS
100
AcDbLine
 10
139.2927049999999838
 20
-95.2192209999999903
 30
0
 11
139.47983499999998
 21
-95.1584179999999975
 31
0
  0
LINE
  5
337
330
22
100
AcDbEntity
  8
B.Cu
  6
CONTINUOUS
100
AcDbLine
 10
139.47983499999998
 20
-95.1584179999999975
 30
0
 11
139.6551429999999812
 21
-95.0690949999999901
 31
0
  0
LINE
  5
338
330
22
100
AcDbEntity
  8
B.Cu
  6
CONTINUOUS
100
AcDbLine
 10
139.6551429999999812
 20
-95.0690949999999901
 30
0
 11
139.6901249999999948
 21
-95.0436779999999999
 31
0
  0
LINE
  5
339
330
22
100
AcDbEntity
  8
B.Cu
  6
CONTINUOUS
100
AcDbLine
 10
139.6901249999999948
 20
-95.0436779999999999
 30
0
 11
139.6901259999999922
 21
-95.0436779999999999
 31
0
  0
LINE
  5
33A
330
22
100
AcDbEntity
  8
B.Cu
  6
CONTINUOUS
100
AcDbLine
 10
139.6901259999999922
 20
-95.0436779999999999
 30
0
 11
139.3212619999999902
 21
-94.6748139999999978
 31
0
  0
LINE
  5
33B
330
22
100
AcDbEntity
  8
B.Cu
  6
CONTINUOUS
100
AcDbLine
 10
139.3212619999999902
 20
-94.6748139999999978
 30
0
 11
139.2177140000000009
 21
-94.7177049999999952
 31
0
  0
LINE
  5
33C
330
22
100
AcDbEntity
  8
B.Cu
  6
CONTINUOUS
100
AcDbLine
 10
114.9495000000000005
 20
-94.1984219999999937
 30
0
 11
114.9802899999999966
 21
-94.3928259999999995
 31
0
  0
LINE
  5
33D
330
22
100
AcDbEntity
  8
B.Cu
  6
CONTINUOUS
100
AcDbLine
 10
114.9802899999999966
 20
-94.3928259999999995
 30
0
 11
115.0411169999999998
 21
-94.5800289999999961
 31
0
  0
LINE
  5
33E
330
22
100
AcDbEntity
  8
B.Cu
  6
CONTINUOUS
100
AcDbLine
 10
115.0411169999999998
 20
-94.5800289999999961
 30
0
 11
115.0793899999999894
 21
-94.6551429999999954
 31
0
  0
LINE
  5
33F
330
22
100
AcDbEntity
  8
B.Cu
  6
CONTINUOUS
100
AcDbLine
 10
115.0793899999999894
 20
-94.6551429999999954
 30
0
 11
115.1137349999999913
 21
-94.7225490000000008
 31
0
  0
LINE
  5
340
330
22
100
AcDbEntity
  8
B.Cu
  6
CONTINUOUS
100
AcDbLine
 10
115.1137349999999913
 20
-94.7225490000000008
 30
0
 11
115.1148049999999898
 21
-94.7228360000000009
 31
0
  0
LINE
  5
341
330
22
100
AcDbEntity
  8
B.Cu
  6
CONTINUOUS
100
AcDbLine
 10
115.1148049999999898
 20
-94.7228360000000009
 30
0
 11
115.182627999999994
 21
-94.7619940000000014
 31
0
  0
LINE
  5
342
330
22
100
AcDbEntity
  8
B.Cu
  6
CONTINUOUS
100
AcDbLine
 10
115.182627999999994
 20
-94.7619940000000014
 30
0
 11
115.2380059999999986
 21
-94.8173719999999918
 31
0
  0
LINE
  5
343
330
22
100
AcDbEntity
  8
B.Cu
  6
CONTINUOUS
100
AcDbLine
 10
115.2380059999999986
 20
-94.8173719999999918
 30
0
 11
115.2771639999999991
 21
-94.885194999999996
 31
0
  0
LINE
  5
344
330
22
100
AcDbEntity
  8
B.Cu
  6
CONTINUOUS
100
AcDbLine
 10
115.2771639999999991
 20
-94.885194999999996
 30
0
 11
115.2974329999999981
 21
-94.9608419999999995
 31
0
  0
LINE
  5
345
330
22
100
AcDbEntity
  8
B.Cu
  6
CONTINUOUS
100
AcDbLine
 10
115.2974329999999981
 20
-94.9608419999999995
 30
0
 11
115.2974329999999981
 21
-94.9659070000000014
 31
0
  0
LINE
  5
346
330
22
100
AcDbEntity
  8
B.Cu
  6
CONTINUOUS
100
AcDbLine
 10
115.2974329999999981
 20
-94.9659070000000014
 30
0
 11
115.3853539999999924
 21
-95.0538279999999958
 31
0
  0
LINE
  5
347
330
22
100
AcDbEntity
  8
B.Cu
  6
CONTINUOUS
100
AcDbLine
 10
115.3853539999999924
 20
-95.0538279999999958
 30
0
 11
115.5445950000000011
 21
-95.1695239999999956
 31
0
  0
LINE
  5
348
330
22
100
AcDbEntity
  8
B.Cu
  6
CONTINUOUS
100
AcDbLine
 10
115.5445950000000011
 20
-95.1695239999999956
 30
0
 11
115.6274549999999977
 21
-95.2117429999999985
 31
0
  0
LINE
  5
349
330
22
100
AcDbEntity
  8
B.Cu
  6
CONTINUOUS
100
AcDbLine
 10
115.6274549999999977
 20
-95.2117429999999985
 30
0
 11
115.7199699999999893
 21
-95.2588819999999998
 31
0
  0
LINE
  5
34A
330
22
100
AcDbEntity
  8
B.Cu
  6
CONTINUOUS
100
AcDbLine
 10
115.7199699999999893
 20
-95.2588819999999998
 30
0
 11
115.7199719999999985
 21
-95.2588819999999998
 31
0
  0
LINE
  5
34B
330
22
100
AcDbEntity
  8
B.Cu
  6
CONTINUOUS
100
AcDbLine
 10
115.7199719999999985
 20
-95.2588819999999998
 30
0
 11
115.7199749999999909
 21
-95.2588839999999948
 31
0
  0
LINE
  5
34C
330
22
100
AcDbEntity
  8
B.Cu
  6
CONTINUOUS
100
AcDbLine
 10
115.7199749999999909
 20
-95.2588839999999948
 30
0
 11
115.8203169999999886
 21
-95.2914869999999894
 31
0
  0
LINE
  5
34D
330
22
100
AcDbEntity
  8
B.Cu
  6
CONTINUOUS
100
AcDbLine
 10
115.8203169999999886
 20
-95.2914869999999894
 30
0
 11
115.9071730000000002
 21
-95.3197089999999889
 31
0
  0
LINE
  5
34E
330
22
100
AcDbEntity
  8
B.Cu
  6
CONTINUOUS
100
AcDbLine
 10
115.9071730000000002
 20
-95.3197089999999889
 30
0
 11
116.1015779999999893
 21
-95.3504999999999967
 31
0
  0
LINE
  5
34F
330
22
100
AcDbEntity
  8
B.Cu
  6
CONTINUOUS
100
AcDbLine
 10
116.1015779999999893
 20
-95.3504999999999967
 30
0
 11
116.1015829999999909
 21
-95.3504999999999967
 31
0
  0
LINE
  5
350
330
22
100
AcDbEntity
  8
B.Cu
  6
CONTINUOUS
100
AcDbLine
 10
116.1015829999999909
 20
-95.3504999999999967
 30
0
 11
116.298421999999988
 21
-95.3504999999999967
 31
0
  0
LINE
  5
351
330
22
100
AcDbEntity
  8
B.Cu
  6
CONTINUOUS
100
AcDbLine
 10
116.298421999999988
 20
-95.3504999999999967
 30
0
 11
116.4928259999999938
 21
-95.3197089999999889
 31
0
  0
LINE
  5
352
330
22
100
AcDbEntity
  8
B.Cu
  6
CONTINUOUS
100
AcDbLine
 10
116.4928259999999938
 20
-95.3197089999999889
 30
0
 11
116.6800250000000005
 21
-95.2588839999999948
 31
0
  0
LINE
  5
353
330
22
100
AcDbEntity
  8
B.Cu
  6
CONTINUOUS
100
AcDbLine
 10
116.6800250000000005
 20
-95.2588839999999948
 30
0
 11
116.8554049999999904
 21
-95.1695239999999956
 31
0
  0
LINE
  5
354
330
22
100
AcDbEntity
  8
B.Cu
  6
CONTINUOUS
100
AcDbLine
 10
116.8554049999999904
 20
-95.1695239999999956
 30
0
 11
117.014645999999999
 21
-95.0538279999999958
 31
0
  0
LINE
  5
355
330
22
100
AcDbEntity
  8
B.Cu
  6
CONTINUOUS
100
AcDbLine
 10
117.014645999999999
 20
-95.0538279999999958
 30
0
 11
117.0247969999999924
 21
-95.0436770000000024
 31
0
  0
LINE
  5
356
330
22
100
AcDbEntity
  8
B.Cu
  6
CONTINUOUS
100
AcDbLine
 10
117.0247969999999924
 20
-95.0436770000000024
 30
0
 11
117.1538279999999901
 21
-94.9146459999999905
 31
0
  0
LINE
  5
357
330
22
100
AcDbEntity
  8
B.Cu
  6
CONTINUOUS
100
AcDbLine
 10
117.1538279999999901
 20
-94.9146459999999905
 30
0
 11
117.199624
 21
-94.8516130000000004
 31
0
  0
LINE
  5
358
330
22
100
AcDbEntity
  8
B.Cu
  6
CONTINUOUS
100
AcDbLine
 10
117.199624
 20
-94.8516130000000004
 30
0
 11
117.2549530000000004
 21
-94.8089489999999984
 31
0
  0
LINE
  5
359
330
22
100
AcDbEntity
  8
B.Cu
  6
CONTINUOUS
100
AcDbLine
 10
117.2549530000000004
 20
-94.8089489999999984
 30
0
 11
117.2999409999999898
 21
-94.8004999999999995
 31
0
  0
LINE
  5
35A
330
22
100
AcDbEntity
  8
B.Cu
  6
CONTINUOUS
100
AcDbLine
 10
117.2999409999999898
 20
-94.8004999999999995
 30
0
 11
117.5746839999999906
 21
-94.8004999999999995
 31
0
  0
LINE
  5
35B
330
22
100
AcDbEntity
  8
B.Cu
  6
CONTINUOUS
100
AcDbLine
 10
117.5746839999999906
 20
-94.8004999999999995
 30
0
 11
117.6221359999999976
 21
-94.809939
 31
0
  0
LINE
  5
35C
330
22
100
AcDbEntity
  8
B.Cu
  6
CONTINUOUS
100
AcDbLine
 10
117.6221359999999976
 20
-94.809939
 30
0
 11
117.7227499999999907
 21
-94.8516139999999979
 31
0
  0
LINE
  5
35D
330
22
100
AcDbEntity
  8
B.Cu
  6
CONTINUOUS
100
AcDbLine
 10
117.7227499999999907
 20
-94.8516139999999979
 30
0
 11
117.7384649999999908
 21
-94.858122999999992
 31
0
  0
LINE
  5
35E
330
22
100
AcDbEntity
  8
B.Cu
  6
CONTINUOUS
100
AcDbLine
 10
117.7384649999999908
 20
-94.858122999999992
 30
0
 11
117.7619940000000014
 21
-94.8173719999999918
 31
0
  0
LINE
  5
35F
330
22
100
AcDbEntity
  8
B.Cu
  6
CONTINUOUS
100
AcDbLine
 10
117.7619940000000014
 20
-94.8173719999999918
 30
0
 11
117.8173719999999918
 21
-94.7619940000000014
 31
0
  0
LINE
  5
360
330
22
100
AcDbEntity
  8
B.Cu
  6
CONTINUOUS
100
AcDbLine
 10
117.8173719999999918
 20
-94.7619940000000014
 30
0
 11
117.885194999999996
 21
-94.7228360000000009
 31
0
  0
LINE
  5
361
330
22
100
AcDbEntity
  8
B.Cu
  6
CONTINUOUS
100
AcDbLine
 10
117.885194999999996
 20
-94.7228360000000009
 30
0
 11
117.9608419999999995
 21
-94.7025670000000019
 31
0
  0
LINE
  5
362
330
22
100
AcDbEntity
  8
B.Cu
  6
CONTINUOUS
100
AcDbLine
 10
117.9608419999999995
 20
-94.7025670000000019
 30
0
 11
118.0391580000000005
 21
-94.7025670000000019
 31
0
  0
LINE
  5
363
330
22
100
AcDbEntity
  8
B.Cu
  6
CONTINUOUS
100
AcDbLine
 10
118.0391580000000005
 20
-94.7025670000000019
 30
0
 11
118.1148049999999898
 21
-94.7228360000000009
 31
0
  0
LINE
  5
364
330
22
100
AcDbEntity
  8
B.Cu
  6
CONTINUOUS
100
AcDbLine
 10
118.1148049999999898
 20
-94.7228360000000009
 30
0
 11
118.182627999999994
 21
-94.7619940000000014
 31
0
  0
LINE
  5
365
330
22
100
AcDbEntity
  8
B.Cu
  6
CONTINUOUS
100
AcDbLine
 10
118.182627999999994
 20
-94.7619940000000014
 30
0
 11
118.2380059999999986
 21
-94.8173719999999918
 31
0
  0
LINE
  5
366
330
22
100
AcDbEntity
  8
B.Cu
  6
CONTINUOUS
100
AcDbLine
 10
118.2380059999999986
 20
-94.8173719999999918
 30
0
 11
118.2615339999999975
 21
-94.858122999999992
 31
0
  0
LINE
  5
367
330
22
100
AcDbEntity
  8
B.Cu
  6
CONTINUOUS
100
AcDbLine
 10
118.2615339999999975
 20
-94.858122999999992
 30
0
 11
118.3791789999999935
 21
-94.8093939999999975
 31
0
  0
LINE
  5
368
330
22
100
AcDbEntity
  8
B.Cu
  6
CONTINUOUS
100
AcDbLine
 10
118.3791789999999935
 20
-94.8093939999999975
 30
0
 11
118.5102890000000002
 21
-94.7217890000000011
 31
0
  0
LINE
  5
369
330
22
100
AcDbEntity
  8
B.Cu
  6
CONTINUOUS
100
AcDbLine
 10
118.5102890000000002
 20
-94.7217890000000011
 30
0
 11
118.6217889999999926
 21
-94.6102889999999945
 31
0
  0
LINE
  5
36A
330
22
100
AcDbEntity
  8
B.Cu
  6
CONTINUOUS
100
AcDbLine
 10
118.6217889999999926
 20
-94.6102889999999945
 30
0
 11
118.709393999999989
 21
-94.479179000000002
 31
0
  0
LINE
  5
36B
330
22
100
AcDbEntity
  8
B.Cu
  6
CONTINUOUS
100
AcDbLine
 10
118.709393999999989
 20
-94.479179000000002
 30
0
 11
118.7697369999999921
 21
-94.3334969999999942
 31
0
  0
LINE
  5
36C
330
22
100
AcDbEntity
  8
B.Cu
  6
CONTINUOUS
100
AcDbLine
 10
118.7697369999999921
 20
-94.3334969999999942
 30
0
 11
118.8004999999999995
 21
-94.1788419999999888
 31
0
  0
LINE
  5
36D
330
22
100
AcDbEntity
  8
B.Cu
  6
CONTINUOUS
100
AcDbLine
 10
118.8004999999999995
 20
-94.1788419999999888
 30
0
 11
118.8004999999999995
 21
-94.0211579999999998
 31
0
  0
LINE
  5
36E
330
22
100
AcDbEntity
  8
B.Cu
  6
CONTINUOUS
100
AcDbLine
 10
118.8004999999999995
 20
-94.0211579999999998
 30
0
 11
118.8004999999999995
 21
-94.0211549999999932
 31
0
  0
LINE
  5
36F
330
22
100
AcDbEntity
  8
B.Cu
  6
CONTINUOUS
100
AcDbLine
 10
118.8004999999999995
 20
-94.0211549999999932
 30
0
 11
118.7805659999999932
 21
-93.9209429999999941
 31
0
  0
LINE
  5
370
330
22
100
AcDbEntity
  8
B.Cu
  6
CONTINUOUS
100
AcDbLine
 10
118.7805659999999932
 20
-93.9209429999999941
 30
0
 11
118.7805659999999932
 21
-93.9209419999999966
 31
0
  0
LINE
  5
371
330
22
100
AcDbEntity
  8
B.Cu
  6
CONTINUOUS
100
AcDbLine
 10
118.7805659999999932
 20
-93.9209419999999966
 30
0
 11
118.7767219999999924
 21
-93.9016170000000017
 31
0
  0
LINE
  5
372
330
22
100
AcDbEntity
  8
B.Cu
  6
CONTINUOUS
100
AcDbLine
 10
118.7767219999999924
 20
-93.9016170000000017
 30
0
 11
118.7697379999999896
 21
-93.866509999999991
 31
0
  0
LINE
  5
373
330
22
100
AcDbEntity
  8
B.Cu
  6
CONTINUOUS
100
AcDbLine
 10
118.7697379999999896
 20
-93.866509999999991
 30
0
 11
118.7697369999999921
 21
-93.8665029999999945
 31
0
  0
LINE
  5
374
330
22
100
AcDbEntity
  8
B.Cu
  6
CONTINUOUS
100
AcDbLine
 10
118.7697369999999921
 20
-93.8665029999999945
 30
0
 11
118.7697349999999972
 21
-93.8664979999999929
 31
0
  0
LINE
  5
375
330
22
100
AcDbEntity
  8
B.Cu
  6
CONTINUOUS
100
AcDbLine
 10
118.7697349999999972
 20
-93.8664979999999929
 30
0
 11
118.7093969999999956
 21
-93.7208269999999999
 31
0
  0
LINE
  5
376
330
22
100
AcDbEntity
  8
B.Cu
  6
CONTINUOUS
100
AcDbLine
 10
118.7093969999999956
 20
-93.7208269999999999
 30
0
 11
118.7093899999999991
 21
-93.7208139999999901
 31
0
  0
LINE
  5
377
330
22
100
AcDbEntity
  8
B.Cu
  6
CONTINUOUS
100
AcDbLine
 10
118.7093899999999991
 20
-93.7208139999999901
 30
0
 11
118.6217889999999926
 21
-93.5897109999999941
 31
0
  0
LINE
  5
378
330
22
100
AcDbEntity
  8
B.Cu
  6
CONTINUOUS
100
AcDbLine
 10
118.6217889999999926
 20
-93.5897109999999941
 30
0
 11
118.6217860000000002
 21
-93.58970699999999
 31
0
  0
LINE
  5
379
330
22
100
AcDbEntity
  8
B.Cu
  6
CONTINUOUS
100
AcDbLine
 10
118.6217860000000002
 20
-93.58970699999999
 30
0
 11
118.5102919999999926
 21
-93.4782129999999967
 31
0
  0
LINE
  5
37A
330
22
100
AcDbEntity
  8
B.Cu
  6
CONTINUOUS
100
AcDbLine
 10
118.5102919999999926
 20
-93.4782129999999967
 30
0
 11
118.5102879999999885
 21
-93.47820999999999
 31
0
  0
LINE
  5
37B
330
22
100
AcDbEntity
  8
B.Cu
  6
CONTINUOUS
100
AcDbLine
 10
118.5102879999999885
 20
-93.47820999999999
 30
0
 11
118.3791849999999926
 21
-93.3906089999999978
 31
0
  0
LINE
  5
37C
330
22
100
AcDbEntity
  8
B.Cu
  6
CONTINUOUS
100
AcDbLine
 10
118.3791849999999926
 20
-93.3906089999999978
 30
0
 11
118.379171999999997
 21
-93.3906020000000012
 31
0
  0
LINE
  5
37D
330
22
100
AcDbEntity
  8
B.Cu
  6
CONTINUOUS
100
AcDbLine
 10
118.379171999999997
 20
-93.3906020000000012
 30
0
 11
118.2335009999999897
 21
-93.3302639999999997
 31
0
  0
LINE
  5
37E
330
22
100
AcDbEntity
  8
B.Cu
  6
CONTINUOUS
100
AcDbLine
 10
118.2335009999999897
 20
-93.3302639999999997
 30
0
 11
118.2334889999999916
 21
-93.330260999999993
 31
0
  0
LINE
  5
37F
330
22
100
AcDbEntity
  8
B.Cu
  6
CONTINUOUS
100
AcDbLine
 10
118.2334889999999916
 20
-93.330260999999993
 30
0
 11
118.0788450000000012
 21
-93.2994999999999948
 31
0
  0
LINE
  5
380
330
22
100
AcDbEntity
  8
B.Cu
  6
CONTINUOUS
100
AcDbLine
 10
118.0788450000000012
 20
-93.2994999999999948
 30
0
 11
118.0788419999999945
 21
-93.2994999999999948
 31
0
  0
LINE
  5
381
330
22
100
AcDbEntity
  8
B.Cu
  6
CONTINUOUS
100
AcDbLine
 10
118.0788419999999945
 20
-93.2994999999999948
 30
0
 11
117.9211579999999913
 21
-93.2994999999999948
 31
0
  0
LINE
  5
382
330
22
100
AcDbEntity
  8
B.Cu
  6
CONTINUOUS
100
AcDbLine
 10
117.9211579999999913
 20
-93.2994999999999948
 30
0
 11
117.9211549999999988
 21
-93.2994999999999948
 31
0
  0
LINE
  5
383
330
22
100
AcDbEntity
  8
B.Cu
  6
CONTINUOUS
100
AcDbLine
 10
117.9211549999999988
 20
-93.2994999999999948
 30
0
 11
117.7665099999999967
 21
-93.330260999999993
 31
0
  0
LINE
  5
384
330
22
100
AcDbEntity
  8
B.Cu
  6
CONTINUOUS
100
AcDbLine
 10
117.7665099999999967
 20
-93.330260999999993
 30
0
 11
117.7664979999999986
 21
-93.3302639999999997
 31
0
  0
LINE
  5
385
330
22
100
AcDbEntity
  8
B.Cu
  6
CONTINUOUS
100
AcDbLine
 10
117.7664979999999986
 20
-93.3302639999999997
 30
0
 11
117.6221359999999976
 21
-93.3900610000000029
 31
0
  0
LINE
  5
386
330
22
100
AcDbEntity
  8
B.Cu
  6
CONTINUOUS
100
AcDbLine
 10
117.6221359999999976
 20
-93.3900610000000029
 30
0
 11
117.5746839999999906
 21
-93.3994999999999891
 31
0
  0
LINE
  5
387
330
22
100
AcDbEntity
  8
B.Cu
  6
CONTINUOUS
100
AcDbLine
 10
117.5746839999999906
 20
-93.3994999999999891
 30
0
 11
117.2999409999999898
 21
-93.3994999999999891
 31
0
  0
LINE
  5
388
330
22
100
AcDbEntity
  8
B.Cu
  6
CONTINUOUS
100
AcDbLine
 10
117.2999409999999898
 20
-93.3994999999999891
 30
0
 11
117.2329019999999957
 21
-93.3798149999999936
 31
0
  0
LINE
  5
389
330
22
100
AcDbEntity
  8
B.Cu
  6
CONTINUOUS
100
AcDbLine
 10
117.2329019999999957
 20
-93.3798149999999936
 30
0
 11
117.1996229999999883
 21
-93.3483859999999908
 31
0
  0
LINE
  5
38A
330
22
100
AcDbEntity
  8
B.Cu
  6
CONTINUOUS
100
AcDbLine
 10
117.1996229999999883
 20
-93.3483859999999908
 30
0
 11
117.1538279999999901
 21
-93.2853539999999981
 31
0
  0
LINE
  5
38B
330
22
100
AcDbEntity
  8
B.Cu
  6
CONTINUOUS
100
AcDbLine
 10
117.1538279999999901
 20
-93.2853539999999981
 30
0
 11
117.014645999999999
 21
-93.1461719999999929
 31
0
  0
LINE
  5
38C
330
22
100
AcDbEntity
  8
B.Cu
  6
CONTINUOUS
100
AcDbLine
 10
117.014645999999999
 20
-93.1461719999999929
 30
0
 11
116.8554049999999904
 21
-93.0304759999999931
 31
0
  0
LINE
  5
38D
330
22
100
AcDbEntity
  8
B.Cu
  6
CONTINUOUS
100
AcDbLine
 10
116.8554049999999904
 20
-93.0304759999999931
 30
0
 11
116.6800289999999904
 21
-92.9411169999999913
 31
0
  0
LINE
  5
38E
330
22
100
AcDbEntity
  8
B.Cu
  6
CONTINUOUS
100
AcDbLine
 10
116.6800289999999904
 20
-92.9411169999999913
 30
0
 11
116.4928259999999938
 21
-92.8802900000000022
 31
0
  0
LINE
  5
38F
330
22
100
AcDbEntity
  8
B.Cu
  6
CONTINUOUS
100
AcDbLine
 10
116.4928259999999938
 20
-92.8802900000000022
 30
0
 11
116.298421999999988
 21
-92.8494999999999919
 31
0
  0
LINE
  5
390
330
22
100
AcDbEntity
  8
B.Cu
  6
CONTINUOUS
100
AcDbLine
 10
116.298421999999988
 20
-92.8494999999999919
 30
0
 11
116.2984170000000006
 21
-92.8494999999999919
 31
0
  0
LINE
  5
391
330
22
100
AcDbEntity
  8
B.Cu
  6
CONTINUOUS
100
AcDbLine
 10
116.2984170000000006
 20
-92.8494999999999919
 30
0
 11
116.1015829999999909
 21
-92.8494999999999919
 31
0
  0
LINE
  5
392
330
22
100
AcDbEntity
  8
B.Cu
  6
CONTINUOUS
100
AcDbLine
 10
116.1015829999999909
 20
-92.8494999999999919
 30
0
 11
116.1015779999999893
 21
-92.8494999999999919
 31
0
  0
LINE
  5
393
330
22
100
AcDbEntity
  8
B.Cu
  6
CONTINUOUS
100
AcDbLine
 10
116.1015779999999893
 20
-92.8494999999999919
 30
0
 11
115.9071730000000002
 21
-92.8802900000000022
 31
0
  0
LINE
  5
394
330
22
100
AcDbEntity
  8
B.Cu
  6
CONTINUOUS
100
AcDbLine
 10
115.9071730000000002
 20
-92.8802900000000022
 30
0
 11
115.7199699999999893
 21
-92.9411169999999913
 31
0
  0
LINE
  5
395
330
22
100
AcDbEntity
  8
B.Cu
  6
CONTINUOUS
100
AcDbLine
 10
115.7199699999999893
 20
-92.9411169999999913
 30
0
 11
115.5445939999999894
 21
-93.0304759999999931
 31
0
  0
LINE
  5
396
330
22
100
AcDbEntity
  8
B.Cu
  6
CONTINUOUS
100
AcDbLine
 10
115.5445939999999894
 20
-93.0304759999999931
 30
0
 11
115.4537409999999937
 21
-93.0964850000000013
 31
0
  0
LINE
  5
397
330
22
100
AcDbEntity
  8
B.Cu
  6
CONTINUOUS
100
AcDbLine
 10
115.4537409999999937
 20
-93.0964850000000013
 30
0
 11
115.3853539999999924
 21
-93.1461719999999929
 31
0
  0
LINE
  5
398
330
22
100
AcDbEntity
  8
B.Cu
  6
CONTINUOUS
100
AcDbLine
 10
115.3853539999999924
 20
-93.1461719999999929
 30
0
 11
115.3853519999999975
 21
-93.146174000000002
 31
0
  0
LINE
  5
399
330
22
100
AcDbEntity
  8
B.Cu
  6
CONTINUOUS
100
AcDbLine
 10
115.3853519999999975
 20
-93.146174000000002
 30
0
 11
115.385351
 21
-93.146174000000002
 31
0
  0
LINE
  5
39A
330
22
100
AcDbEntity
  8
B.Cu
  6
CONTINUOUS
100
AcDbLine
 10
115.385351
 20
-93.146174000000002
 30
0
 11
115.2461739999999963
 21
-93.2853509999999915
 31
0
  0
LINE
  5
39B
330
22
100
AcDbEntity
  8
B.Cu
  6
CONTINUOUS
100
AcDbLine
 10
115.2461739999999963
 20
-93.2853509999999915
 30
0
 11
115.2461739999999963
 21
-93.2853519999999889
 31
0
  0
LINE
  5
39C
330
22
100
AcDbEntity
  8
B.Cu
  6
CONTINUOUS
100
AcDbLine
 10
115.2461739999999963
 20
-93.2853519999999889
 30
0
 11
115.2461720000000014
 21
-93.2853539999999981
 31
0
  0
LINE
  5
39D
330
22
100
AcDbEntity
  8
B.Cu
  6
CONTINUOUS
100
AcDbLine
 10
115.2461720000000014
 20
-93.2853539999999981
 30
0
 11
115.2351680000000016
 21
-93.3004999999999995
 31
0
  0
LINE
  5
39E
330
22
100
AcDbEntity
  8
B.Cu
  6
CONTINUOUS
100
AcDbLine
 10
115.2351680000000016
 20
-93.3004999999999995
 30
0
 11
115.1304760000000016
 21
-93.444593999999995
 31
0
  0
LINE
  5
39F
330
22
100
AcDbEntity
  8
B.Cu
  6
CONTINUOUS
100
AcDbLine
 10
115.1304760000000016
 20
-93.444593999999995
 30
0
 11
115.0411169999999998
 21
-93.619969999999995
 31
0
  0
LINE
  5
3A0
330
22
100
AcDbEntity
  8
B.Cu
  6
CONTINUOUS
100
AcDbLine
 10
115.0411169999999998
 20
-93.619969999999995
 30
0
 11
114.9802899999999966
 21
-93.8071729999999917
 31
0
  0
LINE
  5
3A1
330
22
100
AcDbEntity
  8
B.Cu
  6
CONTINUOUS
100
AcDbLine
 10
114.9802899999999966
 20
-93.8071729999999917
 30
0
 11
114.9495000000000005
 21
-94.0015769999999975
 31
0
  0
LINE
  5
3A2
330
22
100
AcDbEntity
  8
B.Cu
  6
CONTINUOUS
100
AcDbLine
 10
114.9495000000000005
 20
-94.0015769999999975
 30
0
 11
114.9495000000000005
 21
-94.1984219999999937
 31
0
  0
LINE
  5
3A3
330
22
100
AcDbEntity
  8
B.Cu
  6
CONTINUOUS
100
AcDbLine
 10
139.6748130000000003
 20
-93.6787369999999981
 30
0
 11
139.7177049999999952
 21
-93.7822859999999991
 31
0
  0
LINE
  5
3A4
330
22
100
AcDbEntity
  8
B.Cu
  6
CONTINUOUS
100
AcDbLine
 10
139.7177049999999952
 20
-93.7822859999999991
 30
0
 11
139.7463889999999935
 21
-93.9264869999999945
 31
0
  0
LINE
  5
3A5
330
22
100
AcDbEntity
  8
B.Cu
  6
CONTINUOUS
100
AcDbLine
 10
139.7463889999999935
 20
-93.9264869999999945
 30
0
 11
139.7463889999999935
 21
-94.0735129999999913
 31
0
  0
LINE
  5
3A6
330
22
100
AcDbEntity
  8
B.Cu
  6
CONTINUOUS
100
AcDbLine
 10
139.7463889999999935
 20
-94.0735129999999913
 30
0
 11
139.7177049999999952
 21
-94.2177140000000009
 31
0
  0
LINE
  5
3A7
330
22
100
AcDbEntity
  8
B.Cu
  6
CONTINUOUS
100
AcDbLine
 10
139.7177049999999952
 20
-94.2177140000000009
 30
0
 11
139.6748139999999978
 21
-94.3212619999999902
 31
0
  0
LINE
  5
3A8
330
22
100
AcDbEntity
  8
B.Cu
  6
CONTINUOUS
100
AcDbLine
 10
139.6748139999999978
 20
-94.3212619999999902
 30
0
 11
140.0436779999999999
 21
-94.6901259999999922
 31
0
  0
LINE
  5
3A9
330
22
100
AcDbEntity
  8
B.Cu
  6
CONTINUOUS
100
AcDbLine
 10
140.0436779999999999
 20
-94.6901259999999922
 30
0
 11
140.0436779999999999
 21
-94.6901249999999948
 31
0
  0
LINE
  5
3AA
330
22
100
AcDbEntity
  8
B.Cu
  6
CONTINUOUS
100
AcDbLine
 10
140.0436779999999999
 20
-94.6901249999999948
 30
0
 11
140.0690950000000043
 21
-94.6551429999999954
 31
0
  0
LINE
  5
3AB
330
22
100
AcDbEntity
  8
B.Cu
  6
CONTINUOUS
100
AcDbLine
 10
140.0690950000000043
 20
-94.6551429999999954
 30
0
 11
140.1584179999999833
 21
-94.4798349999999942
 31
0
  0
LINE
  5
3AC
330
22
100
AcDbEntity
  8
B.Cu
  6
CONTINUOUS
100
AcDbLine
 10
140.1584179999999833
 20
-94.4798349999999942
 30
0
 11
140.2192210000000046
 21
-94.292704999999998
 31
0
  0
LINE
  5
3AD
330
22
100
AcDbEntity
  8
B.Cu
  6
CONTINUOUS
100
AcDbLine
 10
140.2192210000000046
 20
-94.292704999999998
 30
0
 11
140.25
 21
-94.0983820000000009
 31
0
  0
LINE
  5
3AE
330
22
100
AcDbEntity
  8
B.Cu
  6
CONTINUOUS
100
AcDbLine
 10
140.25
 20
-94.0983820000000009
 30
0
 11
140.25
 21
-93.9016170000000017
 31
0
  0
LINE
  5
3AF
330
22
100
AcDbEntity
  8
B.Cu
  6
CONTINUOUS
100
AcDbLine
 10
140.25
 20
-93.9016170000000017
 30
0
 11
140.2192210000000046
 21
-93.7072939999999903
 31
0
  0
LINE
  5
3B0
330
22
100
AcDbEntity
  8
B.Cu
  6
CONTINUOUS
100
AcDbLine
 10
140.2192210000000046
 20
-93.7072939999999903
 30
0
 11
140.1584179999999833
 21
-93.5201639999999941
 31
0
  0
LINE
  5
3B1
330
22
100
AcDbEntity
  8
B.Cu
  6
CONTINUOUS
100
AcDbLine
 10
140.1584179999999833
 20
-93.5201639999999941
 30
0
 11
140.0690960000000018
 21
-93.3448580000000021
 31
0
  0
LINE
  5
3B2
330
22
100
AcDbEntity
  8
B.Cu
  6
CONTINUOUS
100
AcDbLine
 10
140.0690960000000018
 20
-93.3448580000000021
 30
0
 11
140.0436779999999999
 21
-93.3098729999999961
 31
0
  0
LINE
  5
3B3
330
22
100
AcDbEntity
  8
B.Cu
  6
CONTINUOUS
100
AcDbLine
 10
140.0436779999999999
 20
-93.3098729999999961
 30
0
 11
140.0436770000000024
 21
-93.3098729999999961
 31
0
  0
LINE
  5
3B4
330
22
100
AcDbEntity
  8
B.Cu
  6
CONTINUOUS
100
AcDbLine
 10
140.0436770000000024
 20
-93.3098729999999961
 30
0
 11
139.6748130000000003
 21
-93.6787369999999981
 31
0
  0
LINE
  5
3B5
330
22
100
AcDbEntity
  8
B.Cu
  6
CONTINUOUS
100
AcDbLine
 10
123.2733289999999897
 20
-90.7033509999999978
 30
0
 11
123.0954649999999901
 21
-90.7315219999999982
 31
0
  0
LINE
  5
3B6
330
22
100
AcDbEntity
  8
B.Cu
  6
CONTINUOUS
100
AcDbLine
 10
123.0954649999999901
 20
-90.7315219999999982
 30
0
 11
122.9007759999999934
 21
-90.7947810000000004
 31
0
  0
LINE
  5
3B7
330
22
100
AcDbEntity
  8
B.Cu
  6
CONTINUOUS
100
AcDbLine
 10
122.9007759999999934
 20
-90.7947810000000004
 30
0
 11
122.7183859999999953
 21
-90.887715
 31
0
  0
LINE
  5
3B8
330
22
100
AcDbEntity
  8
B.Cu
  6
CONTINUOUS
100
AcDbLine
 10
122.7183859999999953
 20
-90.887715
 30
0
 11
122.5527859999999976
 21
-91.0080279999999959
 31
0
  0
LINE
  5
3B9
330
22
100
AcDbEntity
  8
B.Cu
  6
CONTINUOUS
100
AcDbLine
 10
122.5527859999999976
 20
-91.0080279999999959
 30
0
 11
122.4080279999999874
 21
-91.1527859999999919
 31
0
  0
LINE
  5
3BA
330
22
100
AcDbEntity
  8
B.Cu
  6
CONTINUOUS
100
AcDbLine
 10
122.4080279999999874
 20
-91.1527859999999919
 30
0
 11
122.2877149999999915
 21
-91.3183859999999896
 31
0
  0
LINE
  5
3BB
330
22
100
AcDbEntity
  8
B.Cu
  6
CONTINUOUS
100
AcDbLine
 10
122.2877149999999915
 20
-91.3183859999999896
 30
0
 11
122.1947809999999919
 21
-91.5007760000000019
 31
0
  0
LINE
  5
3BC
330
22
100
AcDbEntity
  8
B.Cu
  6
CONTINUOUS
100
AcDbLine
 10
122.1947809999999919
 20
-91.5007760000000019
 30
0
 11
122.1315219999999897
 21
-91.6954649999999987
 31
0
  0
LINE
  5
3BD
330
22
100
AcDbEntity
  8
B.Cu
  6
CONTINUOUS
100
AcDbLine
 10
122.1315219999999897
 20
-91.6954649999999987
 30
0
 11
122.0994999999999919
 21
-91.8976479999999896
 31
0
  0
LINE
  5
3BE
330
22
100
AcDbEntity
  8
B.Cu
  6
CONTINUOUS
100
AcDbLine
 10
122.0994999999999919
 20
-91.8976479999999896
 30
0
 11
122.0994999999999919
 21
-92.1023509999999987
 31
0
  0
LINE
  5
3BF
330
22
100
AcDbEntity
  8
B.Cu
  6
CONTINUOUS
100
AcDbLine
 10
122.0994999999999919
 20
-92.1023509999999987
 30
0
 11
122.1315219999999897
 21
-92.3045339999999896
 31
0
  0
LINE
  5
3C0
330
22
100
AcDbEntity
  8
B.Cu
  6
CONTINUOUS
100
AcDbLine
 10
122.1315219999999897
 20
-92.3045339999999896
 30
0
 11
122.1947809999999919
 21
-92.4992230000000006
 31
0
  0
LINE
  5
3C1
330
22
100
AcDbEntity
  8
B.Cu
  6
CONTINUOUS
100
AcDbLine
 10
122.1947809999999919
 20
-92.4992230000000006
 30
0
 11
122.2877149999999915
 21
-92.6816129999999987
 31
0
  0
LINE
  5
3C2
330
22
100
AcDbEntity
  8
B.Cu
  6
CONTINUOUS
100
AcDbLine
 10
122.2877149999999915
 20
-92.6816129999999987
 30
0
 11
122.4080279999999874
 21
-92.8472129999999964
 31
0
  0
LINE
  5
3C3
330
22
100
AcDbEntity
  8
B.Cu
  6
CONTINUOUS
100
AcDbLine
 10
122.4080279999999874
 20
-92.8472129999999964
 30
0
 11
122.5527859999999976
 21
-92.9919709999999924
 31
0
  0
LINE
  5
3C4
330
22
100
AcDbEntity
  8
B.Cu
  6
CONTINUOUS
100
AcDbLine
 10
122.5527859999999976
 20
-92.9919709999999924
 30
0
 11
122.7077489999999926
 21
-93.1045560000000023
 31
0
  0
LINE
  5
3C5
330
22
100
AcDbEntity
  8
B.Cu
  6
CONTINUOUS
100
AcDbLine
 10
122.7077489999999926
 20
-93.1045560000000023
 30
0
 11
122.7183899999999994
 21
-93.1122869999999949
 31
0
  0
LINE
  5
3C6
330
22
100
AcDbEntity
  8
B.Cu
  6
CONTINUOUS
100
AcDbLine
 10
122.7183899999999994
 20
-93.1122869999999949
 30
0
 11
122.8346069999999912
 21
-93.1715030000000013
 31
0
  0
LINE
  5
3C7
330
22
100
AcDbEntity
  8
B.Cu
  6
CONTINUOUS
100
AcDbLine
 10
122.8346069999999912
 20
-93.1715030000000013
 30
0
 11
122.9007759999999934
 21
-93.2052180000000021
 31
0
  0
LINE
  5
3C8
330
22
100
AcDbEntity
  8
B.Cu
  6
CONTINUOUS
100
AcDbLine
 10
122.9007759999999934
 20
-93.2052180000000021
 30
0
 11
122.9007779999999883
 21
-93.2052180000000021
 31
0
  0
LINE
  5
3C9
330
22
100
AcDbEntity
  8
B.Cu
  6
CONTINUOUS
100
AcDbLine
 10
122.9007779999999883
 20
-93.2052180000000021
 30
0
 11
122.9007809999999949
 21
-93.2052199999999971
 31
0
  0
LINE
  5
3CA
330
22
100
AcDbEntity
  8
B.Cu
  6
CONTINUOUS
100
AcDbLine
 10
122.9007809999999949
 20
-93.2052199999999971
 30
0
 11
123.0051369999999906
 21
-93.2391269999999963
 31
0
  0
LINE
  5
3CB
330
22
100
AcDbEntity
  8
B.Cu
  6
CONTINUOUS
100
AcDbLine
 10
123.0051369999999906
 20
-93.2391269999999963
 30
0
 11
123.0954649999999901
 21
-93.2684769999999901
 31
0
  0
LINE
  5
3CC
330
22
100
AcDbEntity
  8
B.Cu
  6
CONTINUOUS
100
AcDbLine
 10
123.0954649999999901
 20
-93.2684769999999901
 30
0
 11
123.1965569999999985
 21
-93.2844879999999961
 31
0
  0
LINE
  5
3CD
330
22
100
AcDbEntity
  8
B.Cu
  6
CONTINUOUS
100
AcDbLine
 10
123.1965569999999985
 20
-93.2844879999999961
 30
0
 11
123.2976479999999952
 21
-93.3004999999999995
 31
0
  0
LINE
  5
3CE
330
22
100
AcDbEntity
  8
B.Cu
  6
CONTINUOUS
100
AcDbLine
 10
123.2976479999999952
 20
-93.3004999999999995
 30
0
 11
123.2976489999999927
 21
-93.3004999999999995
 31
0
  0
LINE
  5
3CF
330
22
100
AcDbEntity
  8
B.Cu
  6
CONTINUOUS
100
AcDbLine
 10
123.2976489999999927
 20
-93.3004999999999995
 30
0
 11
123.5023509999999902
 21
-93.3004999999999995
 31
0
  0
LINE
  5
3D0
330
22
100
AcDbEntity
  8
B.Cu
  6
CONTINUOUS
100
AcDbLine
 10
123.5023509999999902
 20
-93.3004999999999995
 30
0
 11
123.5023519999999877
 21
-93.3004999999999995
 31
0
  0
LINE
  5
3D1
330
22
100
AcDbEntity
  8
B.Cu
  6
CONTINUOUS
100
AcDbLine
 10
123.5023519999999877
 20
-93.3004999999999995
 30
0
 11
123.7045339999999953
 21
-93.2684769999999901
 31
0
  0
LINE
  5
3D2
330
22
100
AcDbEntity
  8
B.Cu
  6
CONTINUOUS
100
AcDbLine
 10
123.7045339999999953
 20
-93.2684769999999901
 30
0
 11
123.899218999999988
 21
-93.2052199999999971
 31
0
  0
LINE
  5
3D3
330
22
100
AcDbEntity
  8
B.Cu
  6
CONTINUOUS
100
AcDbLine
 10
123.899218999999988
 20
-93.2052199999999971
 30
0
 11
124.0816099999999977
 21
-93.1122869999999949
 31
0
  0
LINE
  5
3D4
330
22
100
AcDbEntity
  8
B.Cu
  6
CONTINUOUS
100
AcDbLine
 10
124.0816099999999977
 20
-93.1122869999999949
 30
0
 11
124.1942139999999881
 21
-93.0304759999999931
 31
0
  0
LINE
  5
3D5
330
22
100
AcDbEntity
  8
B.Cu
  6
CONTINUOUS
100
AcDbLine
 10
124.1942139999999881
 20
-93.0304759999999931
 30
0
 11
124.2472129999999879
 21
-92.9919709999999924
 31
0
  0
LINE
  5
3D6
330
22
100
AcDbEntity
  8
B.Cu
  6
CONTINUOUS
100
AcDbLine
 10
124.2472129999999879
 20
-92.9919709999999924
 30
0
 11
124.2472149999999971
 21
-92.991968
 31
0
  0
LINE
  5
3D7
330
22
100
AcDbEntity
  8
B.Cu
  6
CONTINUOUS
100
AcDbLine
 10
124.2472149999999971
 20
-92.991968
 30
0
 11
124.2472190000000012
 21
-92.9919659999999908
 31
0
  0
LINE
  5
3D8
330
22
100
AcDbEntity
  8
B.Cu
  6
CONTINUOUS
100
AcDbLine
 10
124.2472190000000012
 20
-92.9919659999999908
 30
0
 11
124.282865000000001
 21
-92.956319999999991
 31
0
  0
LINE
  5
3D9
330
22
100
AcDbEntity
  8
B.Cu
  6
CONTINUOUS
100
AcDbLine
 10
124.282865000000001
 20
-92.956319999999991
 30
0
 11
124.3919659999999965
 21
-92.8472189999999955
 31
0
  0
LINE
  5
3DA
330
22
100
AcDbEntity
  8
B.Cu
  6
CONTINUOUS
100
AcDbLine
 10
124.3919659999999965
 20
-92.8472189999999955
 30
0
 11
124.3919679999999914
 21
-92.8472149999999914
 31
0
  0
LINE
  5
3DB
330
22
100
AcDbEntity
  8
B.Cu
  6
CONTINUOUS
100
AcDbLine
 10
124.3919679999999914
 20
-92.8472149999999914
 30
0
 11
124.3919709999999981
 21
-92.8472129999999964
 31
0
  0
LINE
  5
3DC
330
22
100
AcDbEntity
  8
B.Cu
  6
CONTINUOUS
100
AcDbLine
 10
124.3919709999999981
 20
-92.8472129999999964
 30
0
 11
124.4625989999999973
 21
-92.75
 31
0
  0
LINE
  5
3DD
330
22
100
AcDbEntity
  8
B.Cu
  6
CONTINUOUS
100
AcDbLine
 10
124.4625989999999973
 20
-92.75
 30
0
 11
124.5122870000000006
 21
-92.6816099999999921
 31
0
  0
LINE
  5
3DE
330
22
100
AcDbEntity
  8
B.Cu
  6
CONTINUOUS
100
AcDbLine
 10
124.5122870000000006
 20
-92.6816099999999921
 30
0
 11
124.6052199999999885
 21
-92.4992189999999965
 31
0
  0
LINE
  5
3DF
330
22
100
AcDbEntity
  8
B.Cu
  6
CONTINUOUS
100
AcDbLine
 10
124.6052199999999885
 20
-92.4992189999999965
 30
0
 11
124.6684769999999958
 21
-92.3045339999999896
 31
0
  0
LINE
  5
3E0
330
22
100
AcDbEntity
  8
B.Cu
  6
CONTINUOUS
100
AcDbLine
 10
124.6684769999999958
 20
-92.3045339999999896
 30
0
 11
124.700499999999991
 21
-92.1023519999999962
 31
0
  0
LINE
  5
3E1
330
22
100
AcDbEntity
  8
B.Cu
  6
CONTINUOUS
100
AcDbLine
 10
124.700499999999991
 20
-92.1023519999999962
 30
0
 11
124.700499999999991
 21
-91.8976479999999896
 31
0
  0
LINE
  5
3E2
330
22
100
AcDbEntity
  8
B.Cu
  6
CONTINUOUS
100
AcDbLine
 10
124.700499999999991
 20
-91.8976479999999896
 30
0
 11
124.6684769999999958
 21
-91.6954659999999961
 31
0
  0
LINE
  5
3E3
330
22
100
AcDbEntity
  8
B.Cu
  6
CONTINUOUS
100
AcDbLine
 10
124.6684769999999958
 20
-91.6954659999999961
 30
0
 11
124.6052199999999885
 21
-91.5007809999999893
 31
0
  0
LINE
  5
3E4
330
22
100
AcDbEntity
  8
B.Cu
  6
CONTINUOUS
100
AcDbLine
 10
124.6052199999999885
 20
-91.5007809999999893
 30
0
 11
124.6052179999999936
 21
-91.5007779999999968
 31
0
  0
LINE
  5
3E5
330
22
100
AcDbEntity
  8
B.Cu
  6
CONTINUOUS
100
AcDbLine
 10
124.6052179999999936
 20
-91.5007779999999968
 30
0
 11
124.6052179999999936
 21
-91.5007760000000019
 31
0
  0
LINE
  5
3E6
330
22
100
AcDbEntity
  8
B.Cu
  6
CONTINUOUS
100
AcDbLine
 10
124.6052179999999936
 20
-91.5007760000000019
 30
0
 11
124.5715029999999928
 21
-91.4346069999999997
 31
0
  0
LINE
  5
3E7
330
22
100
AcDbEntity
  8
B.Cu
  6
CONTINUOUS
100
AcDbLine
 10
124.5715029999999928
 20
-91.4346069999999997
 30
0
 11
124.5122870000000006
 21
-91.3183899999999937
 31
0
  0
LINE
  5
3E8
330
22
100
AcDbEntity
  8
B.Cu
  6
CONTINUOUS
100
AcDbLine
 10
124.5122870000000006
 20
-91.3183899999999937
 30
0
 11
124.5045559999999938
 21
-91.3077490000000012
 31
0
  0
LINE
  5
3E9
330
22
100
AcDbEntity
  8
B.Cu
  6
CONTINUOUS
100
AcDbLine
 10
124.5045559999999938
 20
-91.3077490000000012
 30
0
 11
124.3919709999999981
 21
-91.1527859999999919
 31
0
  0
LINE
  5
3EA
330
22
100
AcDbEntity
  8
B.Cu
  6
CONTINUOUS
100
AcDbLine
 10
124.3919709999999981
 20
-91.1527859999999919
 30
0
 11
124.2472129999999879
 21
-91.0080279999999959
 31
0
  0
LINE
  5
3EB
330
22
100
AcDbEntity
  8
B.Cu
  6
CONTINUOUS
100
AcDbLine
 10
124.2472129999999879
 20
-91.0080279999999959
 30
0
 11
124.0816129999999902
 21
-90.887715
 31
0
  0
LINE
  5
3EC
330
22
100
AcDbEntity
  8
B.Cu
  6
CONTINUOUS
100
AcDbLine
 10
124.0816129999999902
 20
-90.887715
 30
0
 11
124.0816119999999927
 21
-90.8877140000000026
 31
0
  0
LINE
  5
3ED
330
22
100
AcDbEntity
  8
B.Cu
  6
CONTINUOUS
100
AcDbLine
 10
124.0816119999999927
 20
-90.8877140000000026
 30
0
 11
124.0816099999999977
 21
-90.8877129999999909
 31
0
  0
LINE
  5
3EE
330
22
100
AcDbEntity
  8
B.Cu
  6
CONTINUOUS
100
AcDbLine
 10
124.0816099999999977
 20
-90.8877129999999909
 30
0
 11
124.0246530000000007
 21
-90.8586909999999932
 31
0
  0
LINE
  5
3EF
330
22
100
AcDbEntity
  8
B.Cu
  6
CONTINUOUS
100
AcDbLine
 10
124.0246530000000007
 20
-90.8586909999999932
 30
0
 11
123.8992229999999921
 21
-90.7947810000000004
 31
0
  0
LINE
  5
3F0
330
22
100
AcDbEntity
  8
B.Cu
  6
CONTINUOUS
100
AcDbLine
 10
123.8992229999999921
 20
-90.7947810000000004
 30
0
 11
123.7045339999999953
 21
-90.7315219999999982
 31
0
  0
LINE
  5
3F1
330
22
100
AcDbEntity
  8
B.Cu
  6
CONTINUOUS
100
AcDbLine
 10
123.7045339999999953
 20
-90.7315219999999982
 30
0
 11
123.5299949999999995
 21
-90.7038779999999889
 31
0
  0
LINE
  5
3F2
330
22
100
AcDbEntity
  8
B.Cu
  6
CONTINUOUS
100
AcDbLine
 10
123.5299949999999995
 20
-90.7038779999999889
 30
0
 11
123.5023519999999877
 21
-90.6995000000000005
 31
0
  0
LINE
  5
3F3
330
22
100
AcDbEntity
  8
B.Cu
  6
CONTINUOUS
100
AcDbLine
 10
123.5023519999999877
 20
-90.6995000000000005
 30
0
 11
123.2976479999999952
 21
-90.6995000000000005
 31
0
  0
LINE
  5
3F4
330
22
100
AcDbEntity
  8
B.Cu
  6
CONTINUOUS
100
AcDbLine
 10
123.2976479999999952
 20
-90.6995000000000005
 30
0
 11
123.2733289999999897
 21
-90.7033509999999978
 31
0
  0
LINE
  5
3F5
330
22
100
AcDbEntity
  8
B.Cu
  6
CONTINUOUS
100
AcDbLine
 10
159.7249999999999943
 20
-90.25
 30
0
 11
159.7249999999999943
 21
-90.7228439999999949
 31
0
  0
LINE
  5
3F6
330
22
100
AcDbEntity
  8
B.Cu
  6
CONTINUOUS
100
AcDbLine
 10
159.7249999999999943
 20
-90.7228439999999949
 30
0
 11
159.7314010000000053
 21
-90.7823719999999952
 31
0
  0
LINE
  5
3F7
330
22
100
AcDbEntity
  8
B.Cu
  6
CONTINUOUS
100
AcDbLine
 10
159.7314010000000053
 20
-90.7823719999999952
 30
0
 11
159.7314030000000002
 21
-90.7823789999999917
 31
0
  0
LINE
  5
3F8
330
22
100
AcDbEntity
  8
B.Cu
  6
CONTINUOUS
100
AcDbLine
 10
159.7314030000000002
 20
-90.7823789999999917
 30
0
 11
159.7816449999999975
 21
-90.9170859999999976
 31
0
  0
LINE
  5
3F9
330
22
100
AcDbEntity
  8
B.Cu
  6
CONTINUOUS
100
AcDbLine
 10
159.7816449999999975
 20
-90.9170859999999976
 30
0
 11
159.7816489999999874
 21
-90.9170929999999942
 31
0
  0
LINE
  5
3FA
330
22
100
AcDbEntity
  8
B.Cu
  6
CONTINUOUS
100
AcDbLine
 10
159.7816489999999874
 20
-90.9170929999999942
 30
0
 11
159.8678089999999941
 21
-91.0321869999999933
 31
0
  0
LINE
  5
3FB
330
22
100
AcDbEntity
  8
B.Cu
  6
CONTINUOUS
100
AcDbLine
 10
159.8678089999999941
 20
-91.0321869999999933
 30
0
 11
159.8678119999999865
 21
-91.0321899999999999
 31
0
  0
LINE
  5
3FC
330
22
100
AcDbEntity
  8
B.Cu
  6
CONTINUOUS
100
AcDbLine
 10
159.8678119999999865
 20
-91.0321899999999999
 30
0
 11
159.9829059999999856
 21
-91.1183499999999924
 31
0
  0
LINE
  5
3FD
330
22
100
AcDbEntity
  8
B.Cu
  6
CONTINUOUS
100
AcDbLine
 10
159.9829059999999856
 20
-91.1183499999999924
 30
0
 11
159.9829129999999964
 21
-91.1183539999999965
 31
0
  0
LINE
  5
3FE
330
22
100
AcDbEntity
  8
B.Cu
  6
CONTINUOUS
100
AcDbLine
 10
159.9829129999999964
 20
-91.1183539999999965
 30
0
 11
160.1176199999999881
 21
-91.1685959999999938
 31
0
  0
LINE
  5
3FF
330
22
100
AcDbEntity
  8
B.Cu
  6
CONTINUOUS
100
AcDbLine
 10
160.1176199999999881
 20
-91.1685959999999938
 30
0
 11
160.1176269999999988
 21
-91.1685980000000029
 31
0
  0
LINE
  5
400
330
22
100
AcDbEntity
  8
B.Cu
  6
CONTINUOUS
100
AcDbLine
 10
160.1176269999999988
 20
-91.1685980000000029
 30
0
 11
160.1771549999999991
 21
-91.1749989999999997
 31
0
  0
LINE
  5
401
330
22
100
AcDbEntity
  8
B.Cu
  6
CONTINUOUS
100
AcDbLine
 10
160.1771549999999991
 20
-91.1749989999999997
 30
0
 11
160.1771719999999846
 21
-91.1749999999999972
 31
0
  0
LINE
  5
402
330
22
100
AcDbEntity
  8
B.Cu
  6
CONTINUOUS
100
AcDbLine
 10
160.1771719999999846
 20
-91.1749999999999972
 30
0
 11
160.6500000000000057
 21
-91.1749999999999972
 31
0
  0
LINE
  5
403
330
22
100
AcDbEntity
  8
B.Cu
  6
CONTINUOUS
100
AcDbLine
 10
160.6500000000000057
 20
-91.1749999999999972
 30
0
 11
160.6500000000000057
 21
-90.6749999999999972
 31
0
  0
LINE
  5
404
330
22
100
AcDbEntity
  8
B.Cu
  6
CONTINUOUS
100
AcDbLine
 10
160.6500000000000057
 20
-90.6749999999999972
 30
0
 11
160.2249999999999943
 21
-90.6749999999999972
 31
0
  0
LINE
  5
405
330
22
100
AcDbEntity
  8
B.Cu
  6
CONTINUOUS
100
AcDbLine
 10
160.2249999999999943
 20
-90.6749999999999972
 30
0
 11
160.2249999999999943
 21
-90.25
 31
0
  0
LINE
  5
406
330
22
100
AcDbEntity
  8
B.Cu
  6
CONTINUOUS
100
AcDbLine
 10
160.2249999999999943
 20
-90.25
 30
0
 11
159.7249999999999943
 21
-90.25
 31
0
  0
LINE
  5
407
330
22
100
AcDbEntity
  8
B.Cu
  6
CONTINUOUS
100
AcDbLine
 10
161.5749999999999886
 20
-90.6749999999999972
 30
0
 11
161.1500000000000057
 21
-90.6749999999999972
 31
0
  0
LINE
  5
408
330
22
100
AcDbEntity
  8
B.Cu
  6
CONTINUOUS
100
AcDbLine
 10
161.1500000000000057
 20
-90.6749999999999972
 30
0
 11
161.1500000000000057
 21
-91.1749999999999972
 31
0
  0
LINE
  5
409
330
22
100
AcDbEntity
  8
B.Cu
  6
CONTINUOUS
100
AcDbLine
 10
161.1500000000000057
 20
-91.1749999999999972
 30
0
 11
161.6228279999999984
 21
-91.1749999999999972
 31
0
  0
LINE
  5
40A
330
22
100
AcDbEntity
  8
B.Cu
  6
CONTINUOUS
100
AcDbLine
 10
161.6228279999999984
 20
-91.1749999999999972
 30
0
 11
161.6228439999999864
 21
-91.1749989999999997
 31
0
  0
LINE
  5
40B
330
22
100
AcDbEntity
  8
B.Cu
  6
CONTINUOUS
100
AcDbLine
 10
161.6228439999999864
 20
-91.1749989999999997
 30
0
 11
161.6823719999999867
 21
-91.1685980000000029
 31
0
  0
LINE
  5
40C
330
22
100
AcDbEntity
  8
B.Cu
  6
CONTINUOUS
100
AcDbLine
 10
161.6823719999999867
 20
-91.1685980000000029
 30
0
 11
161.6823789999999974
 21
-91.1685959999999938
 31
0
  0
LINE
  5
40D
330
22
100
AcDbEntity
  8
B.Cu
  6
CONTINUOUS
100
AcDbLine
 10
161.6823789999999974
 20
-91.1685959999999938
 30
0
 11
161.8170859999999891
 21
-91.1183539999999965
 31
0
  0
LINE
  5
40E
330
22
100
AcDbEntity
  8
B.Cu
  6
CONTINUOUS
100
AcDbLine
 10
161.8170859999999891
 20
-91.1183539999999965
 30
0
 11
161.8170929999999998
 21
-91.1183499999999924
 31
0
  0
LINE
  5
40F
330
22
100
AcDbEntity
  8
B.Cu
  6
CONTINUOUS
100
AcDbLine
 10
161.8170929999999998
 20
-91.1183499999999924
 30
0
 11
161.932186999999999
 21
-91.0321899999999999
 31
0
  0
LINE
  5
410
330
22
100
AcDbEntity
  8
B.Cu
  6
CONTINUOUS
100
AcDbLine
 10
161.932186999999999
 20
-91.0321899999999999
 30
0
 11
161.9321899999999914
 21
-91.0321869999999933
 31
0
  0
LINE
  5
411
330
22
100
AcDbEntity
  8
B.Cu
  6
CONTINUOUS
100
AcDbLine
 10
161.9321899999999914
 20
-91.0321869999999933
 30
0
 11
162.0183499999999981
 21
-90.9170929999999942
 31
0
  0
LINE
  5
412
330
22
100
AcDbEntity
  8
B.Cu
  6
CONTINUOUS
100
AcDbLine
 10
162.0183499999999981
 20
-90.9170929999999942
 30
0
 11
162.018353999999988
 21
-90.9170859999999976
 31
0
  0
LINE
  5
413
330
22
100
AcDbEntity
  8
B.Cu
  6
CONTINUOUS
100
AcDbLine
 10
162.018353999999988
 20
-90.9170859999999976
 30
0
 11
162.0685959999999852
 21
-90.7823789999999917
 31
0
  0
LINE
  5
414
330
22
100
AcDbEntity
  8
B.Cu
  6
CONTINUOUS
100
AcDbLine
 10
162.0685959999999852
 20
-90.7823789999999917
 30
0
 11
162.0685979999999802
 21
-90.7823719999999952
 31
0
  0
LINE
  5
415
330
22
100
AcDbEntity
  8
B.Cu
  6
CONTINUOUS
100
AcDbLine
 10
162.0685979999999802
 20
-90.7823719999999952
 30
0
 11
162.0749989999999912
 21
-90.7228439999999949
 31
0
  0
LINE
  5
416
330
22
100
AcDbEntity
  8
B.Cu
  6
CONTINUOUS
100
AcDbLine
 10
162.0749989999999912
 20
-90.7228439999999949
 30
0
 11
162.0749999999999886
 21
-90.7228269999999952
 31
0
  0
LINE
  5
417
330
22
100
AcDbEntity
  8
B.Cu
  6
CONTINUOUS
100
AcDbLine
 10
162.0749999999999886
 20
-90.7228269999999952
 30
0
 11
162.0749999999999886
 21
-90.25
 31
0
  0
LINE
  5
418
330
22
100
AcDbEntity
  8
B.Cu
  6
CONTINUOUS
100
AcDbLine
 10
162.0749999999999886
 20
-90.25
 30
0
 11
161.5749999999999886
 21
-90.25
 31
0
  0
LINE
  5
419
330
22
100
AcDbEntity
  8
B.Cu
  6
CONTINUOUS
100
AcDbLine
 10
161.5749999999999886
 20
-90.25
 30
0
 11
161.5749999999999886
 21
-90.6749999999999972
 31
0
  0
LINE
  5
41A
330
22
100
AcDbEntity
  8
B.Cu
  6
CONTINUOUS
100
AcDbLine
 10
162.7249999999999943
 20
-90.25
 30
0
 11
162.7249999999999943
 21
-90.7228439999999949
 31
0
  0
LINE
  5
41B
330
22
100
AcDbEntity
  8
B.Cu
  6
CONTINUOUS
100
AcDbLine
 10
162.7249999999999943
 20
-90.7228439999999949
 30
0
 11
162.7314010000000053
 21
-90.7823719999999952
 31
0
  0
LINE
  5
41C
330
22
100
AcDbEntity
  8
B.Cu
  6
CONTINUOUS
100
AcDbLine
 10
162.7314010000000053
 20
-90.7823719999999952
 30
0
 11
162.7314030000000002
 21
-90.7823789999999917
 31
0
  0
LINE
  5
41D
330
22
100
AcDbEntity
  8
B.Cu
  6
CONTINUOUS
100
AcDbLine
 10
162.7314030000000002
 20
-90.7823789999999917
 30
0
 11
162.7816449999999975
 21
-90.9170859999999976
 31
0
  0
LINE
  5
41E
330
22
100
AcDbEntity
  8
B.Cu
  6
CONTINUOUS
100
AcDbLine
 10
162.7816449999999975
 20
-90.9170859999999976
 30
0
 11
162.7816489999999874
 21
-90.9170929999999942
 31
0
  0
LINE
  5
41F
330
22
100
AcDbEntity
  8
B.Cu
  6
CONTINUOUS
100
AcDbLine
 10
162.7816489999999874
 20
-90.9170929999999942
 30
0
 11
162.8678089999999941
 21
-91.0321869999999933
 31
0
  0
LINE
  5
420
330
22
100
AcDbEntity
  8
B.Cu
  6
CONTINUOUS
100
AcDbLine
 10
162.8678089999999941
 20
-91.0321869999999933
 30
0
 11
162.8678119999999865
 21
-91.0321899999999999
 31
0
  0
LINE
  5
421
330
22
100
AcDbEntity
  8
B.Cu
  6
CONTINUOUS
100
AcDbLine
 10
162.8678119999999865
 20
-91.0321899999999999
 30
0
 11
162.9829059999999856
 21
-91.1183499999999924
 31
0
  0
LINE
  5
422
330
22
100
AcDbEntity
  8
B.Cu
  6
CONTINUOUS
100
AcDbLine
 10
162.9829059999999856
 20
-91.1183499999999924
 30
0
 11
162.9829129999999964
 21
-91.1183539999999965
 31
0
  0
LINE
  5
423
330
22
100
AcDbEntity
  8
B.Cu
  6
CONTINUOUS
100
AcDbLine
 10
162.9829129999999964
 20
-91.1183539999999965
 30
0
 11
163.1176199999999881
 21
-91.1685959999999938
 31
0
  0
LINE
  5
424
330
22
100
AcDbEntity
  8
B.Cu
  6
CONTINUOUS
100
AcDbLine
 10
163.1176199999999881
 20
-91.1685959999999938
 30
0
 11
163.1176269999999988
 21
-91.1685980000000029
 31
0
  0
LINE
  5
425
330
22
100
AcDbEntity
  8
B.Cu
  6
CONTINUOUS
100
AcDbLine
 10
163.1176269999999988
 20
-91.1685980000000029
 30
0
 11
163.1771549999999991
 21
-91.1749989999999997
 31
0
  0
LINE
  5
426
330
22
100
AcDbEntity
  8
B.Cu
  6
CONTINUOUS
100
AcDbLine
 10
163.1771549999999991
 20
-91.1749989999999997
 30
0
 11
163.1771719999999846
 21
-91.1749999999999972
 31
0
  0
LINE
  5
427
330
22
100
AcDbEntity
  8
B.Cu
  6
CONTINUOUS
100
AcDbLine
 10
163.1771719999999846
 20
-91.1749999999999972
 30
0
 11
163.6500000000000057
 21
-91.1749999999999972
 31
0
  0
LINE
  5
428
330
22
100
AcDbEntity
  8
B.Cu
  6
CONTINUOUS
100
AcDbLine
 10
163.6500000000000057
 20
-91.1749999999999972
 30
0
 11
163.6500000000000057
 21
-90.6749999999999972
 31
0
  0
LINE
  5
429
330
22
100
AcDbEntity
  8
B.Cu
  6
CONTINUOUS
100
AcDbLine
 10
163.6500000000000057
 20
-90.6749999999999972
 30
0
 11
163.2249999999999943
 21
-90.6749999999999972
 31
0
  0
LINE
  5
42A
330
22
100
AcDbEntity
  8
B.Cu
  6
CONTINUOUS
100
AcDbLine
 10
163.2249999999999943
 20
-90.6749999999999972
 30
0
 11
163.2249999999999943
 21
-90.25
 31
0
  0
LINE
  5
42B
330
22
100
AcDbEntity
  8
B.Cu
  6
CONTINUOUS
100
AcDbLine
 10
163.2249999999999943
 20
-90.25
 30
0
 11
162.7249999999999943
 21
-90.25
 31
0
  0
LINE
  5
42C
330
22
100
AcDbEntity
  8
B.Cu
  6
CONTINUOUS
100
AcDbLine
 10
164.5749999999999886
 20
-90.6749999999999972
 30
0
 11
164.1500000000000057
 21
-90.6749999999999972
 31
0
  0
LINE
  5
42D
330
22
100
AcDbEntity
  8
B.Cu
  6
CONTINUOUS
100
AcDbLine
 10
164.1500000000000057
 20
-90.6749999999999972
 30
0
 11
164.1500000000000057
 21
-91.1749999999999972
 31
0
  0
LINE
  5
42E
330
22
100
AcDbEntity
  8
B.Cu
  6
CONTINUOUS
100
AcDbLine
 10
164.1500000000000057
 20
-91.1749999999999972
 30
0
 11
164.6228279999999984
 21
-91.1749999999999972
 31
0
  0
LINE
  5
42F
330
22
100
AcDbEntity
  8
B.Cu
  6
CONTINUOUS
100
AcDbLine
 10
164.6228279999999984
 20
-91.1749999999999972
 30
0
 11
164.6228439999999864
 21
-91.1749989999999997
 31
0
  0
LINE
  5
430
330
22
100
AcDbEntity
  8
B.Cu
  6
CONTINUOUS
100
AcDbLine
 10
164.6228439999999864
 20
-91.1749989999999997
 30
0
 11
164.6823719999999867
 21
-91.1685980000000029
 31
0
  0
LINE
  5
431
330
22
100
AcDbEntity
  8
B.Cu
  6
CONTINUOUS
100
AcDbLine
 10
164.6823719999999867
 20
-91.1685980000000029
 30
0
 11
164.6823789999999974
 21
-91.1685959999999938
 31
0
  0
LINE
  5
432
330
22
100
AcDbEntity
  8
B.Cu
  6
CONTINUOUS
100
AcDbLine
 10
164.6823789999999974
 20
-91.1685959999999938
 30
0
 11
164.8170859999999891
 21
-91.1183539999999965
 31
0
  0
LINE
  5
433
330
22
100
AcDbEntity
  8
B.Cu
  6
CONTINUOUS
100
AcDbLine
 10
164.8170859999999891
 20
-91.1183539999999965
 30
0
 11
164.8170929999999998
 21
-91.1183499999999924
 31
0
  0
LINE
  5
434
330
22
100
AcDbEntity
  8
B.Cu
  6
CONTINUOUS
100
AcDbLine
 10
164.8170929999999998
 20
-91.1183499999999924
 30
0
 11
164.932186999999999
 21
-91.0321899999999999
 31
0
  0
LINE
  5
435
330
22
100
AcDbEntity
  8
B.Cu
  6
CONTINUOUS
100
AcDbLine
 10
164.932186999999999
 20
-91.0321899999999999
 30
0
 11
164.9321899999999914
 21
-91.0321869999999933
 31
0
  0
LINE
  5
436
330
22
100
AcDbEntity
  8
B.Cu
  6
CONTINUOUS
100
AcDbLine
 10
164.9321899999999914
 20
-91.0321869999999933
 30
0
 11
165.0183499999999981
 21
-90.9170929999999942
 31
0
  0
LINE
  5
437
330
22
100
AcDbEntity
  8
B.Cu
  6
CONTINUOUS
100
AcDbLine
 10
165.0183499999999981
 20
-90.9170929999999942
 30
0
 11
165.018353999999988
 21
-90.9170859999999976
 31
0
  0
LINE
  5
438
330
22
100
AcDbEntity
  8
B.Cu
  6
CONTINUOUS
100
AcDbLine
 10
165.018353999999988
 20
-90.9170859999999976
 30
0
 11
165.0685959999999852
 21
-90.7823789999999917
 31
0
  0
LINE
  5
439
330
22
100
AcDbEntity
  8
B.Cu
  6
CONTINUOUS
100
AcDbLine
 10
165.0685959999999852
 20
-90.7823789999999917
 30
0
 11
165.0685979999999802
 21
-90.7823719999999952
 31
0
  0
LINE
  5
43A
330
22
100
AcDbEntity
  8
B.Cu
  6
CONTINUOUS
100
AcDbLine
 10
165.0685979999999802
 20
-90.7823719999999952
 30
0
 11
165.0749989999999912
 21
-90.7228439999999949
 31
0
  0
LINE
  5
43B
330
22
100
AcDbEntity
  8
B.Cu
  6
CONTINUOUS
100
AcDbLine
 10
165.0749989999999912
 20
-90.7228439999999949
 30
0
 11
165.0749999999999886
 21
-90.7228269999999952
 31
0
  0
LINE
  5
43C
330
22
100
AcDbEntity
  8
B.Cu
  6
CONTINUOUS
100
AcDbLine
 10
165.0749999999999886
 20
-90.7228269999999952
 30
0
 11
165.0749999999999886
 21
-90.25
 31
0
  0
LINE
  5
43D
330
22
100
AcDbEntity
  8
B.Cu
  6
CONTINUOUS
100
AcDbLine
 10
165.0749999999999886
 20
-90.25
 30
0
 11
164.5749999999999886
 21
-90.25
 31
0
  0
LINE
  5
43E
330
22
100
AcDbEntity
  8
B.Cu
  6
CONTINUOUS
100
AcDbLine
 10
164.5749999999999886
 20
-90.25
 30
0
 11
164.5749999999999886
 21
-90.6749999999999972
 31
0
  0
LINE
  5
43F
330
22
100
AcDbEntity
  8
B.Cu
  6
CONTINUOUS
100
AcDbLine
 10
165.7249999999999943
 20
-90.25
 30
0
 11
165.7249999999999943
 21
-90.7228439999999949
 31
0
  0
LINE
  5
440
330
22
100
AcDbEntity
  8
B.Cu
  6
CONTINUOUS
100
AcDbLine
 10
165.7249999999999943
 20
-90.7228439999999949
 30
0
 11
165.7314010000000053
 21
-90.7823719999999952
 31
0
  0
LINE
  5
441
330
22
100
AcDbEntity
  8
B.Cu
  6
CONTINUOUS
100
AcDbLine
 10
165.7314010000000053
 20
-90.7823719999999952
 30
0
 11
165.7314030000000002
 21
-90.7823789999999917
 31
0
  0
LINE
  5
442
330
22
100
AcDbEntity
  8
B.Cu
  6
CONTINUOUS
100
AcDbLine
 10
165.7314030000000002
 20
-90.7823789999999917
 30
0
 11
165.7816449999999975
 21
-90.9170859999999976
 31
0
  0
LINE
  5
443
330
22
100
AcDbEntity
  8
B.Cu
  6
CONTINUOUS
100
AcDbLine
 10
165.7816449999999975
 20
-90.9170859999999976
 30
0
 11
165.7816489999999874
 21
-90.9170929999999942
 31
0
  0
LINE
  5
444
330
22
100
AcDbEntity
  8
B.Cu
  6
CONTINUOUS
100
AcDbLine
 10
165.7816489999999874
 20
-90.9170929999999942
 30
0
 11
165.8678089999999941
 21
-91.0321869999999933
 31
0
  0
LINE
  5
445
330
22
100
AcDbEntity
  8
B.Cu
  6
CONTINUOUS
100
AcDbLine
 10
165.8678089999999941
 20
-91.0321869999999933
 30
0
 11
165.8678119999999865
 21
-91.0321899999999999
 31
0
  0
LINE
  5
446
330
22
100
AcDbEntity
  8
B.Cu
  6
CONTINUOUS
100
AcDbLine
 10
165.8678119999999865
 20
-91.0321899999999999
 30
0
 11
165.9829059999999856
 21
-91.1183499999999924
 31
0
  0
LINE
  5
447
330
22
100
AcDbEntity
  8
B.Cu
  6
CONTINUOUS
100
AcDbLine
 10
165.9829059999999856
 20
-91.1183499999999924
 30
0
 11
165.9829129999999964
 21
-91.1183539999999965
 31
0
  0
LINE
  5
448
330
22
100
AcDbEntity
  8
B.Cu
  6
CONTINUOUS
100
AcDbLine
 10
165.9829129999999964
 20
-91.1183539999999965
 30
0
 11
166.1176199999999881
 21
-91.1685959999999938
 31
0
  0
LINE
  5
449
330
22
100
AcDbEntity
  8
B.Cu
  6
CONTINUOUS
100
AcDbLine
 10
166.1176199999999881
 20
-91.1685959999999938
 30
0
 11
166.1176269999999988
 21
-91.1685980000000029
 31
0
  0
LINE
  5
44A
330
22
100
AcDbEntity
  8
B.Cu
  6
CONTINUOUS
100
AcDbLine
 10
166.1176269999999988
 20
-91.1685980000000029
 30
0
 11
166.1771549999999991
 21
-91.1749989999999997
 31
0
  0
LINE
  5
44B
330
22
100
AcDbEntity
  8
B.Cu
  6
CONTINUOUS
100
AcDbLine
 10
166.1771549999999991
 20
-91.1749989999999997
 30
0
 11
166.1771719999999846
 21
-91.1749999999999972
 31
0
  0
LINE
  5
44C
330
22
100
AcDbEntity
  8
B.Cu
  6
CONTINUOUS
100
AcDbLine
 10
166.1771719999999846
 20
-91.1749999999999972
 30
0
 11
166.6500000000000057
 21
-91.1749999999999972
 31
0
  0
LINE
  5
44D
330
22
100
AcDbEntity
  8
B.Cu
  6
CONTINUOUS
100
AcDbLine
 10
166.6500000000000057
 20
-91.1749999999999972
 30
0
 11
166.6500000000000057
 21
-90.6749999999999972
 31
0
  0
LINE
  5
44E
330
22
100
AcDbEntity
  8
B.Cu
  6
CONTINUOUS
100
AcDbLine
 10
166.6500000000000057
 20
-90.6749999999999972
 30
0
 11
166.2249999999999943
 21
-90.6749999999999972
 31
0
  0
LINE
  5
44F
330
22
100
AcDbEntity
  8
B.Cu
  6
CONTINUOUS
100
AcDbLine
 10
166.2249999999999943
 20
-90.6749999999999972
 30
0
 11
166.2249999999999943
 21
-90.25
 31
0
  0
LINE
  5
450
330
22
100
AcDbEntity
  8
B.Cu
  6
CONTINUOUS
100
AcDbLine
 10
166.2249999999999943
 20
-90.25
 30
0
 11
165.7249999999999943
 21
-90.25
 31
0
  0
LINE
  5
451
330
22
100
AcDbEntity
  8
B.Cu
  6
CONTINUOUS
100
AcDbLine
 10
167.5749999999999886
 20
-90.6749999999999972
 30
0
 11
167.1500000000000057
 21
-90.6749999999999972
 31
0
  0
LINE
  5
452
330
22
100
AcDbEntity
  8
B.Cu
  6
CONTINUOUS
100
AcDbLine
 10
167.1500000000000057
 20
-90.6749999999999972
 30
0
 11
167.1500000000000057
 21
-91.1749999999999972
 31
0
  0
LINE
  5
453
330
22
100
AcDbEntity
  8
B.Cu
  6
CONTINUOUS
100
AcDbLine
 10
167.1500000000000057
 20
-91.1749999999999972
 30
0
 11
167.6228279999999984
 21
-91.1749999999999972
 31
0
  0
LINE
  5
454
330
22
100
AcDbEntity
  8
B.Cu
  6
CONTINUOUS
100
AcDbLine
 10
167.6228279999999984
 20
-91.1749999999999972
 30
0
 11
167.6228439999999864
 21
-91.1749989999999997
 31
0
  0
LINE
  5
455
330
22
100
AcDbEntity
  8
B.Cu
  6
CONTINUOUS
100
AcDbLine
 10
167.6228439999999864
 20
-91.1749989999999997
 30
0
 11
167.6823719999999867
 21
-91.1685980000000029
 31
0
  0
LINE
  5
456
330
22
100
AcDbEntity
  8
B.Cu
  6
CONTINUOUS
100
AcDbLine
 10
167.6823719999999867
 20
-91.1685980000000029
 30
0
 11
167.6823789999999974
 21
-91.1685959999999938
 31
0
  0
LINE
  5
457
330
22
100
AcDbEntity
  8
B.Cu
  6
CONTINUOUS
100
AcDbLine
 10
167.6823789999999974
 20
-91.1685959999999938
 30
0
 11
167.8170859999999891
 21
-91.1183539999999965
 31
0
  0
LINE
  5
458
330
22
100
AcDbEntity
  8
B.Cu
  6
CONTINUOUS
100
AcDbLine
 10
167.8170859999999891
 20
-91.1183539999999965
 30
0
 11
167.8170929999999998
 21
-91.1183499999999924
 31
0
  0
LINE
  5
459
330
22
100
AcDbEntity
  8
B.Cu
  6
CONTINUOUS
100
AcDbLine
 10
167.8170929999999998
 20
-91.1183499999999924
 30
0
 11
167.932186999999999
 21
-91.0321899999999999
 31
0
  0
LINE
  5
45A
330
22
100
AcDbEntity
  8
B.Cu
  6
CONTINUOUS
100
AcDbLine
 10
167.932186999999999
 20
-91.0321899999999999
 30
0
 11
167.9321899999999914
 21
-91.0321869999999933
 31
0
  0
LINE
  5
45B
330
22
100
AcDbEntity
  8
B.Cu
  6
CONTINUOUS
100
AcDbLine
 10
167.9321899999999914
 20
-91.0321869999999933
 30
0
 11
168.0183499999999981
 21
-90.9170929999999942
 31
0
  0
LINE
  5
45C
330
22
100
AcDbEntity
  8
B.Cu
  6
CONTINUOUS
100
AcDbLine
 10
168.0183499999999981
 20
-90.9170929999999942
 30
0
 11
168.018353999999988
 21
-90.9170859999999976
 31
0
  0
LINE
  5
45D
330
22
100
AcDbEntity
  8
B.Cu
  6
CONTINUOUS
100
AcDbLine
 10
168.018353999999988
 20
-90.9170859999999976
 30
0
 11
168.0685959999999852
 21
-90.7823789999999917
 31
0
  0
LINE
  5
45E
330
22
100
AcDbEntity
  8
B.Cu
  6
CONTINUOUS
100
AcDbLine
 10
168.0685959999999852
 20
-90.7823789999999917
 30
0
 11
168.0685979999999802
 21
-90.7823719999999952
 31
0
  0
LINE
  5
45F
330
22
100
AcDbEntity
  8
B.Cu
  6
CONTINUOUS
100
AcDbLine
 10
168.0685979999999802
 20
-90.7823719999999952
 30
0
 11
168.0749989999999912
 21
-90.7228439999999949
 31
0
  0
LINE
  5
460
330
22
100
AcDbEntity
  8
B.Cu
  6
CONTINUOUS
100
AcDbLine
 10
168.0749989999999912
 20
-90.7228439999999949
 30
0
 11
168.0749999999999886
 21
-90.7228269999999952
 31
0
  0
LINE
  5
461
330
22
100
AcDbEntity
  8
B.Cu
  6
CONTINUOUS
100
AcDbLine
 10
168.0749999999999886
 20
-90.7228269999999952
 30
0
 11
168.0749999999999886
 21
-90.25
 31
0
  0
LINE
  5
462
330
22
100
AcDbEntity
  8
B.Cu
  6
CONTINUOUS
100
AcDbLine
 10
168.0749999999999886
 20
-90.25
 30
0
 11
167.5749999999999886
 21
-90.25
 31
0
  0
LINE
  5
463
330
22
100
AcDbEntity
  8
B.Cu
  6
CONTINUOUS
100
AcDbLine
 10
167.5749999999999886
 20
-90.25
 30
0
 11
167.5749999999999886
 21
-90.6749999999999972
 31
0
  0
LINE
  5
464
330
22
100
AcDbEntity
  8
B.Cu
  6
CONTINUOUS
100
AcDbLine
 10
160.7465689999999938
 20
-84.834147999999999
 30
0
 11
160.6247339999999895
 21
-84.8534449999999936
 31
0
  0
LINE
  5
465
330
22
100
AcDbEntity
  8
B.Cu
  6
CONTINUOUS
100
AcDbLine
 10
160.6247339999999895
 20
-84.8534449999999936
 30
0
 11
160.4487670000000037
 21
-84.910618999999997
 31
0
  0
LINE
  5
466
330
22
100
AcDbEntity
  8
B.Cu
  6
CONTINUOUS
100
AcDbLine
 10
160.4487670000000037
 20
-84.910618999999997
 30
0
 11
160.4487639999999828
 21
-84.9106199999999944
 31
0
  0
LINE
  5
467
330
22
100
AcDbEntity
  8
B.Cu
  6
CONTINUOUS
100
AcDbLine
 10
160.4487639999999828
 20
-84.9106199999999944
 30
0
 11
160.2839029999999809
 21
-84.9946219999999926
 31
0
  0
LINE
  5
468
330
22
100
AcDbEntity
  8
B.Cu
  6
CONTINUOUS
100
AcDbLine
 10
160.2839029999999809
 20
-84.9946219999999926
 30
0
 11
160.1984989999999982
 21
-85.0566719999999918
 31
0
  0
LINE
  5
469
330
22
100
AcDbEntity
  8
B.Cu
  6
CONTINUOUS
100
AcDbLine
 10
160.1984989999999982
 20
-85.0566719999999918
 30
0
 11
160.1342129999999884
 21
-85.1033789999999897
 31
0
  0
LINE
  5
46A
330
22
100
AcDbEntity
  8
B.Cu
  6
CONTINUOUS
100
AcDbLine
 10
160.1342129999999884
 20
-85.1033789999999897
 30
0
 11
160.1342109999999934
 21
-85.1033809999999988
 31
0
  0
LINE
  5
46B
330
22
100
AcDbEntity
  8
B.Cu
  6
CONTINUOUS
100
AcDbLine
 10
160.1342109999999934
 20
-85.1033809999999988
 30
0
 11
160.1342099999999959
 21
-85.1033809999999988
 31
0
  0
LINE
  5
46C
330
22
100
AcDbEntity
  8
B.Cu
  6
CONTINUOUS
100
AcDbLine
 10
160.1342099999999959
 20
-85.1033809999999988
 30
0
 11
160.0033809999999903
 21
-85.2342099999999903
 31
0
  0
LINE
  5
46D
330
22
100
AcDbEntity
  8
B.Cu
  6
CONTINUOUS
100
AcDbLine
 10
160.0033809999999903
 20
-85.2342099999999903
 30
0
 11
160.0033809999999903
 21
-85.2342110000000019
 31
0
  0
LINE
  5
46E
330
22
100
AcDbEntity
  8
B.Cu
  6
CONTINUOUS
100
AcDbLine
 10
160.0033809999999903
 20
-85.2342110000000019
 30
0
 11
160.0033789999999954
 21
-85.2342129999999969
 31
0
  0
LINE
  5
46F
330
22
100
AcDbEntity
  8
B.Cu
  6
CONTINUOUS
100
AcDbLine
 10
160.0033789999999954
 20
-85.2342129999999969
 30
0
 11
160.0007939999999849
 21
-85.2377709999999951
 31
0
  0
LINE
  5
470
330
22
100
AcDbEntity
  8
B.Cu
  6
CONTINUOUS
100
AcDbLine
 10
160.0007939999999849
 20
-85.2377709999999951
 30
0
 11
159.8946219999999983
 21
-85.3839029999999894
 31
0
  0
LINE
  5
471
330
22
100
AcDbEntity
  8
B.Cu
  6
CONTINUOUS
100
AcDbLine
 10
159.8946219999999983
 20
-85.3839029999999894
 30
0
 11
159.8106200000000001
 21
-85.5487639999999914
 31
0
  0
LINE
  5
472
330
22
100
AcDbEntity
  8
B.Cu
  6
CONTINUOUS
100
AcDbLine
 10
159.8106200000000001
 20
-85.5487639999999914
 30
0
 11
159.8106190000000026
 21
-85.548766999999998
 31
0
  0
LINE
  5
473
330
22
100
AcDbEntity
  8
B.Cu
  6
CONTINUOUS
100
AcDbLine
 10
159.8106190000000026
 20
-85.548766999999998
 30
0
 11
159.7534449999999993
 21
-85.724733999999998
 31
0
  0
LINE
  5
474
330
22
100
AcDbEntity
  8
B.Cu
  6
CONTINUOUS
100
AcDbLine
 10
159.7534449999999993
 20
-85.724733999999998
 30
0
 11
159.7245000000000061
 21
-85.9074859999999916
 31
0
  0
LINE
  5
475
330
22
100
AcDbEntity
  8
B.Cu
  6
CONTINUOUS
100
AcDbLine
 10
159.7245000000000061
 20
-85.9074859999999916
 30
0
 11
159.7245000000000061
 21
-86.0925129999999967
 31
0
  0
LINE
  5
476
330
22
100
AcDbEntity
  8
B.Cu
  6
CONTINUOUS
100
AcDbLine
 10
159.7245000000000061
 20
-86.0925129999999967
 30
0
 11
159.7534449999999993
 21
-86.2752649999999903
 31
0
  0
LINE
  5
477
330
22
100
AcDbEntity
  8
B.Cu
  6
CONTINUOUS
100
AcDbLine
 10
159.7534449999999993
 20
-86.2752649999999903
 30
0
 11
159.8106190000000026
 21
-86.4512319999999903
 31
0
  0
LINE
  5
478
330
22
100
AcDbEntity
  8
B.Cu
  6
CONTINUOUS
100
AcDbLine
 10
159.8106190000000026
 20
-86.4512319999999903
 30
0
 11
159.8106200000000001
 21
-86.4512349999999969
 31
0
  0
LINE
  5
479
330
22
100
AcDbEntity
  8
B.Cu
  6
CONTINUOUS
100
AcDbLine
 10
159.8106200000000001
 20
-86.4512349999999969
 30
0
 11
159.8849209999999914
 21
-86.5970559999999949
 31
0
  0
LINE
  5
47A
330
22
100
AcDbEntity
  8
B.Cu
  6
CONTINUOUS
100
AcDbLine
 10
159.8849209999999914
 20
-86.5970559999999949
 30
0
 11
159.8946219999999983
 21
-86.6160959999999989
 31
0
  0
LINE
  5
47B
330
22
100
AcDbEntity
  8
B.Cu
  6
CONTINUOUS
100
AcDbLine
 10
159.8946219999999983
 20
-86.6160959999999989
 30
0
 11
160.0033789999999954
 21
-86.7657870000000031
 31
0
  0
LINE
  5
47C
330
22
100
AcDbEntity
  8
B.Cu
  6
CONTINUOUS
100
AcDbLine
 10
160.0033789999999954
 20
-86.7657870000000031
 30
0
 11
160.1342129999999884
 21
-86.8966209999999961
 31
0
  0
LINE
  5
47D
330
22
100
AcDbEntity
  8
B.Cu
  6
CONTINUOUS
100
AcDbLine
 10
160.1342129999999884
 20
-86.8966209999999961
 30
0
 11
160.1384209999999939
 21
-86.8996779999999944
 31
0
  0
LINE
  5
47E
330
22
100
AcDbEntity
  8
B.Cu
  6
CONTINUOUS
100
AcDbLine
 10
160.1384209999999939
 20
-86.8996779999999944
 30
0
 11
160.1384319999999946
 21
-86.8996860000000027
 31
0
  0
LINE
  5
47F
330
22
100
AcDbEntity
  8
B.Cu
  6
CONTINUOUS
100
AcDbLine
 10
160.1384319999999946
 20
-86.8996860000000027
 30
0
 11
160.1810940000000016
 21
-86.955018999999993
 31
0
  0
LINE
  5
480
330
22
100
AcDbEntity
  8
B.Cu
  6
CONTINUOUS
100
AcDbLine
 10
160.1810940000000016
 20
-86.955018999999993
 30
0
 11
160.1870689999999797
 21
-87.0246329999999944
 31
0
  0
LINE
  5
481
330
22
100
AcDbEntity
  8
B.Cu
  6
CONTINUOUS
100
AcDbLine
 10
160.1870689999999797
 20
-87.0246329999999944
 30
0
 11
160.1544590000000028
 21
-87.086426000000003
 31
0
  0
LINE
  5
482
330
22
100
AcDbEntity
  8
B.Cu
  6
CONTINUOUS
100
AcDbLine
 10
160.1544590000000028
 20
-87.086426000000003
 30
0
 11
160.1384319999999946
 21
-87.1003139999999973
 31
0
  0
LINE
  5
483
330
22
100
AcDbEntity
  8
B.Cu
  6
CONTINUOUS
100
AcDbLine
 10
160.1384319999999946
 20
-87.1003139999999973
 30
0
 11
160.1342099999999959
 21
-87.1033809999999988
 31
0
  0
LINE
  5
484
330
22
100
AcDbEntity
  8
B.Cu
  6
CONTINUOUS
100
AcDbLine
 10
160.1342099999999959
 20
-87.1033809999999988
 30
0
 11
160.0033809999999903
 21
-87.2342099999999903
 31
0
  0
LINE
  5
485
330
22
100
AcDbEntity
  8
B.Cu
  6
CONTINUOUS
100
AcDbLine
 10
160.0033809999999903
 20
-87.2342099999999903
 30
0
 11
160.0033809999999903
 21
-87.2342110000000019
 31
0
  0
LINE
  5
486
330
22
100
AcDbEntity
  8
B.Cu
  6
CONTINUOUS
100
AcDbLine
 10
160.0033809999999903
 20
-87.2342110000000019
 30
0
 11
160.0033789999999954
 21
-87.2342129999999969
 31
0
  0
LINE
  5
487
330
22
100
AcDbEntity
  8
B.Cu
  6
CONTINUOUS
100
AcDbLine
 10
160.0033789999999954
 20
-87.2342129999999969
 30
0
 11
159.9662249999999801
 21
-87.2853509999999915
 31
0
  0
LINE
  5
488
330
22
100
AcDbEntity
  8
B.Cu
  6
CONTINUOUS
100
AcDbLine
 10
159.9662249999999801
 20
-87.2853509999999915
 30
0
 11
159.8946219999999983
 21
-87.3839029999999894
 31
0
  0
LINE
  5
489
330
22
100
AcDbEntity
  8
B.Cu
  6
CONTINUOUS
100
AcDbLine
 10
159.8946219999999983
 20
-87.3839029999999894
 30
0
 11
159.8106200000000001
 21
-87.5487639999999914
 31
0
  0
LINE
  5
48A
330
22
100
AcDbEntity
  8
B.Cu
  6
CONTINUOUS
100
AcDbLine
 10
159.8106200000000001
 20
-87.5487639999999914
 30
0
 11
159.8106190000000026
 21
-87.548766999999998
 31
0
  0
LINE
  5
48B
330
22
100
AcDbEntity
  8
B.Cu
  6
CONTINUOUS
100
AcDbLine
 10
159.8106190000000026
 20
-87.548766999999998
 30
0
 11
159.7534449999999993
 21
-87.724733999999998
 31
0
  0
LINE
  5
48C
330
22
100
AcDbEntity
  8
B.Cu
  6
CONTINUOUS
100
AcDbLine
 10
159.7534449999999993
 20
-87.724733999999998
 30
0
 11
159.7342109999999877
 21
-87.8461750000000023
 31
0
  0
LINE
  5
48D
330
22
100
AcDbEntity
  8
B.Cu
  6
CONTINUOUS
100
AcDbLine
 10
159.7342109999999877
 20
-87.8461750000000023
 30
0
 11
159.7245000000000061
 21
-87.9074859999999916
 31
0
  0
LINE
  5
48E
330
22
100
AcDbEntity
  8
B.Cu
  6
CONTINUOUS
100
AcDbLine
 10
159.7245000000000061
 20
-87.9074859999999916
 30
0
 11
159.7245000000000061
 21
-88.0925139999999942
 31
0
  0
LINE
  5
48F
330
22
100
AcDbEntity
  8
B.Cu
  6
CONTINUOUS
100
AcDbLine
 10
159.7245000000000061
 20
-88.0925139999999942
 30
0
 11
159.7268219999999985
 21
-88.1071730000000031
 31
0
  0
LINE
  5
490
330
22
100
AcDbEntity
  8
B.Cu
  6
CONTINUOUS
100
AcDbLine
 10
159.7268219999999985
 20
-88.1071730000000031
 30
0
 11
159.7534449999999993
 21
-88.2752649999999903
 31
0
  0
LINE
  5
491
330
22
100
AcDbEntity
  8
B.Cu
  6
CONTINUOUS
100
AcDbLine
 10
159.7534449999999993
 20
-88.2752649999999903
 30
0
 11
159.8106190000000026
 21
-88.4512319999999903
 31
0
  0
LINE
  5
492
330
22
100
AcDbEntity
  8
B.Cu
  6
CONTINUOUS
100
AcDbLine
 10
159.8106190000000026
 20
-88.4512319999999903
 30
0
 11
159.8106200000000001
 21
-88.4512349999999969
 31
0
  0
LINE
  5
493
330
22
100
AcDbEntity
  8
B.Cu
  6
CONTINUOUS
100
AcDbLine
 10
159.8106200000000001
 20
-88.4512349999999969
 30
0
 11
159.8762429999999881
 21
-88.580024999999992
 31
0
  0
LINE
  5
494
330
22
100
AcDbEntity
  8
B.Cu
  6
CONTINUOUS
100
AcDbLine
 10
159.8762429999999881
 20
-88.580024999999992
 30
0
 11
159.8946219999999983
 21
-88.6160959999999989
 31
0
  0
LINE
  5
495
330
22
100
AcDbEntity
  8
B.Cu
  6
CONTINUOUS
100
AcDbLine
 10
159.8946219999999983
 20
-88.6160959999999989
 30
0
 11
159.9788399999999911
 21
-88.7320119999999974
 31
0
  0
LINE
  5
496
330
22
100
AcDbEntity
  8
B.Cu
  6
CONTINUOUS
100
AcDbLine
 10
159.9788399999999911
 20
-88.7320119999999974
 30
0
 11
160.0023199999999974
 21
-88.7978169999999949
 31
0
  0
LINE
  5
497
330
22
100
AcDbEntity
  8
B.Cu
  6
CONTINUOUS
100
AcDbLine
 10
160.0023199999999974
 20
-88.7978169999999949
 30
0
 11
159.9864949999999908
 21
-88.8658709999999985
 31
0
  0
LINE
  5
498
330
22
100
AcDbEntity
  8
B.Cu
  6
CONTINUOUS
100
AcDbLine
 10
159.9864949999999908
 20
-88.8658709999999985
 30
0
 11
159.9528329999999983
 21
-88.9041639999999944
 31
0
  0
LINE
  5
499
330
22
100
AcDbEntity
  8
B.Cu
  6
CONTINUOUS
100
AcDbLine
 10
159.9528329999999983
 20
-88.9041639999999944
 30
0
 11
159.8678089999999941
 21
-88.9678129999999925
 31
0
  0
LINE
  5
49A
330
22
100
AcDbEntity
  8
B.Cu
  6
CONTINUOUS
100
AcDbLine
 10
159.8678089999999941
 20
-88.9678129999999925
 30
0
 11
159.7816489999999874
 21
-89.0829059999999942
 31
0
  0
LINE
  5
49B
330
22
100
AcDbEntity
  8
B.Cu
  6
CONTINUOUS
100
AcDbLine
 10
159.7816489999999874
 20
-89.0829059999999942
 30
0
 11
159.7816449999999975
 21
-89.0829129999999907
 31
0
  0
LINE
  5
49C
330
22
100
AcDbEntity
  8
B.Cu
  6
CONTINUOUS
100
AcDbLine
 10
159.7816449999999975
 20
-89.0829129999999907
 30
0
 11
159.7314030000000002
 21
-89.2176199999999966
 31
0
  0
LINE
  5
49D
330
22
100
AcDbEntity
  8
B.Cu
  6
CONTINUOUS
100
AcDbLine
 10
159.7314030000000002
 20
-89.2176199999999966
 30
0
 11
159.7314010000000053
 21
-89.2176269999999931
 31
0
  0
LINE
  5
49E
330
22
100
AcDbEntity
  8
B.Cu
  6
CONTINUOUS
100
AcDbLine
 10
159.7314010000000053
 20
-89.2176269999999931
 30
0
 11
159.7249999999999943
 21
-89.2771549999999934
 31
0
  0
LINE
  5
49F
330
22
100
AcDbEntity
  8
B.Cu
  6
CONTINUOUS
100
AcDbLine
 10
159.7249999999999943
 20
-89.2771549999999934
 30
0
 11
159.7249999999999943
 21
-89.75
 31
0
  0
LINE
  5
4A0
330
22
100
AcDbEntity
  8
B.Cu
  6
CONTINUOUS
100
AcDbLine
 10
159.7249999999999943
 20
-89.75
 30
0
 11
160.2249999999999943
 21
-89.75
 31
0
  0
LINE
  5
4A1
330
22
100
AcDbEntity
  8
B.Cu
  6
CONTINUOUS
100
AcDbLine
 10
160.2249999999999943
 20
-89.75
 30
0
 11
160.2249999999999943
 21
-89.3250000000000028
 31
0
  0
LINE
  5
4A2
330
22
100
AcDbEntity
  8
B.Cu
  6
CONTINUOUS
100
AcDbLine
 10
160.2249999999999943
 20
-89.3250000000000028
 30
0
 11
161.5749999999999886
 21
-89.3250000000000028
 31
0
  0
LINE
  5
4A3
330
22
100
AcDbEntity
  8
B.Cu
  6
CONTINUOUS
100
AcDbLine
 10
161.5749999999999886
 20
-89.3250000000000028
 30
0
 11
161.5749999999999886
 21
-89.75
 31
0
  0
LINE
  5
4A4
330
22
100
AcDbEntity
  8
B.Cu
  6
CONTINUOUS
100
AcDbLine
 10
161.5749999999999886
 20
-89.75
 30
0
 11
162.0749999999999886
 21
-89.75
 31
0
  0
LINE
  5
4A5
330
22
100
AcDbEntity
  8
B.Cu
  6
CONTINUOUS
100
AcDbLine
 10
162.0749999999999886
 20
-89.75
 30
0
 11
162.0749999999999886
 21
-89.2771719999999931
 31
0
  0
LINE
  5
4A6
330
22
100
AcDbEntity
  8
B.Cu
  6
CONTINUOUS
100
AcDbLine
 10
162.0749999999999886
 20
-89.2771719999999931
 30
0
 11
162.0749989999999912
 21
-89.2771549999999934
 31
0
  0
LINE
  5
4A7
330
22
100
AcDbEntity
  8
B.Cu
  6
CONTINUOUS
100
AcDbLine
 10
162.0749989999999912
 20
-89.2771549999999934
 30
0
 11
162.0685979999999802
 21
-89.2176269999999931
 31
0
  0
LINE
  5
4A8
330
22
100
AcDbEntity
  8
B.Cu
  6
CONTINUOUS
100
AcDbLine
 10
162.0685979999999802
 20
-89.2176269999999931
 30
0
 11
162.0685959999999852
 21
-89.2176199999999966
 31
0
  0
LINE
  5
4A9
330
22
100
AcDbEntity
  8
B.Cu
  6
CONTINUOUS
100
AcDbLine
 10
162.0685959999999852
 20
-89.2176199999999966
 30
0
 11
162.018353999999988
 21
-89.0829129999999907
 31
0
  0
LINE
  5
4AA
330
22
100
AcDbEntity
  8
B.Cu
  6
CONTINUOUS
100
AcDbLine
 10
162.018353999999988
 20
-89.0829129999999907
 30
0
 11
162.0183499999999981
 21
-89.0829059999999942
 31
0
  0
LINE
  5
4AB
330
22
100
AcDbEntity
  8
B.Cu
  6
CONTINUOUS
100
AcDbLine
 10
162.0183499999999981
 20
-89.0829059999999942
 30
0
 11
161.9321899999999914
 21
-88.967811999999995
 31
0
  0
LINE
  5
4AC
330
22
100
AcDbEntity
  8
B.Cu
  6
CONTINUOUS
100
AcDbLine
 10
161.9321899999999914
 20
-88.967811999999995
 30
0
 11
161.8471659999999872
 21
-88.9041619999999995
 31
0
  0
LINE
  5
4AD
330
22
100
AcDbEntity
  8
B.Cu
  6
CONTINUOUS
100
AcDbLine
 10
161.8471659999999872
 20
-88.9041619999999995
 30
0
 11
161.8052959999999985
 21
-88.8482279999999918
 31
0
  0
LINE
  5
4AE
330
22
100
AcDbEntity
  8
B.Cu
  6
CONTINUOUS
100
AcDbLine
 10
161.8052959999999985
 20
-88.8482279999999918
 30
0
 11
161.800311999999991
 21
-88.7785360000000026
 31
0
  0
LINE
  5
4AF
330
22
100
AcDbEntity
  8
B.Cu
  6
CONTINUOUS
100
AcDbLine
 10
161.800311999999991
 20
-88.7785360000000026
 30
0
 11
161.8211569999999995
 21
-88.7320149999999899
 31
0
  0
LINE
  5
4B0
330
22
100
AcDbEntity
  8
B.Cu
  6
CONTINUOUS
100
AcDbLine
 10
161.8211569999999995
 20
-88.7320149999999899
 30
0
 11
161.9053779999999847
 21
-88.6160959999999989
 31
0
  0
LINE
  5
4B1
330
22
100
AcDbEntity
  8
B.Cu
  6
CONTINUOUS
100
AcDbLine
 10
161.9053779999999847
 20
-88.6160959999999989
 30
0
 11
161.9893789999999854
 21
-88.4512349999999969
 31
0
  0
LINE
  5
4B2
330
22
100
AcDbEntity
  8
B.Cu
  6
CONTINUOUS
100
AcDbLine
 10
161.9893789999999854
 20
-88.4512349999999969
 30
0
 11
162.0465549999999837
 21
-88.2752639999999928
 31
0
  0
LINE
  5
4B3
330
22
100
AcDbEntity
  8
B.Cu
  6
CONTINUOUS
100
AcDbLine
 10
162.0465549999999837
 20
-88.2752639999999928
 30
0
 11
162.0755000000000052
 21
-88.0925139999999942
 31
0
  0
LINE
  5
4B4
330
22
100
AcDbEntity
  8
B.Cu
  6
CONTINUOUS
100
AcDbLine
 10
162.0755000000000052
 20
-88.0925139999999942
 30
0
 11
162.0755000000000052
 21
-87.9074859999999916
 31
0
  0
LINE
  5
4B5
330
22
100
AcDbEntity
  8
B.Cu
  6
CONTINUOUS
100
AcDbLine
 10
162.0755000000000052
 20
-87.9074859999999916
 30
0
 11
162.0465549999999837
 21
-87.7247359999999929
 31
0
  0
LINE
  5
4B6
330
22
100
AcDbEntity
  8
B.Cu
  6
CONTINUOUS
100
AcDbLine
 10
162.0465549999999837
 20
-87.7247359999999929
 30
0
 11
162.0125149999999792
 21
-87.619969999999995
 31
0
  0
LINE
  5
4B7
330
22
100
AcDbEntity
  8
B.Cu
  6
CONTINUOUS
100
AcDbLine
 10
162.0125149999999792
 20
-87.619969999999995
 30
0
 11
161.9893799999999828
 21
-87.548766999999998
 31
0
  0
LINE
  5
4B8
330
22
100
AcDbEntity
  8
B.Cu
  6
CONTINUOUS
100
AcDbLine
 10
161.9893799999999828
 20
-87.548766999999998
 30
0
 11
161.9893789999999854
 21
-87.5487639999999914
 31
0
  0
LINE
  5
4B9
330
22
100
AcDbEntity
  8
B.Cu
  6
CONTINUOUS
100
AcDbLine
 10
161.9893789999999854
 20
-87.5487639999999914
 30
0
 11
161.9155370000000005
 21
-87.4038419999999974
 31
0
  0
LINE
  5
4BA
330
22
100
AcDbEntity
  8
B.Cu
  6
CONTINUOUS
100
AcDbLine
 10
161.9155370000000005
 20
-87.4038419999999974
 30
0
 11
161.9053779999999847
 21
-87.3839040000000011
 31
0
  0
LINE
  5
4BB
330
22
100
AcDbEntity
  8
B.Cu
  6
CONTINUOUS
100
AcDbLine
 10
161.9053779999999847
 20
-87.3839040000000011
 30
0
 11
161.7966209999999876
 21
-87.2342129999999969
 31
0
  0
LINE
  5
4BC
330
22
100
AcDbEntity
  8
B.Cu
  6
CONTINUOUS
100
AcDbLine
 10
161.7966209999999876
 20
-87.2342129999999969
 30
0
 11
161.6657869999999946
 21
-87.1033789999999897
 31
0
  0
LINE
  5
4BD
330
22
100
AcDbEntity
  8
B.Cu
  6
CONTINUOUS
100
AcDbLine
 10
161.6657869999999946
 20
-87.1033789999999897
 30
0
 11
161.6615759999999966
 21
-87.1003189999999989
 31
0
  0
LINE
  5
4BE
330
22
100
AcDbEntity
  8
B.Cu
  6
CONTINUOUS
100
AcDbLine
 10
161.6615759999999966
 20
-87.1003189999999989
 30
0
 11
161.6189090000000022
 21
-87.0449940000000026
 31
0
  0
LINE
  5
4BF
330
22
100
AcDbEntity
  8
B.Cu
  6
CONTINUOUS
100
AcDbLine
 10
161.6189090000000022
 20
-87.0449940000000026
 30
0
 11
161.6129259999999874
 21
-86.9753809999999987
 31
0
  0
LINE
  5
4C0
330
22
100
AcDbEntity
  8
B.Cu
  6
CONTINUOUS
100
AcDbLine
 10
161.6129259999999874
 20
-86.9753809999999987
 30
0
 11
161.645528999999982
 21
-86.9135849999999976
 31
0
  0
LINE
  5
4C1
330
22
100
AcDbEntity
  8
B.Cu
  6
CONTINUOUS
100
AcDbLine
 10
161.645528999999982
 20
-86.9135849999999976
 30
0
 11
161.6615699999999833
 21
-86.8996839999999935
 31
0
  0
LINE
  5
4C2
330
22
100
AcDbEntity
  8
B.Cu
  6
CONTINUOUS
100
AcDbLine
 10
161.6615699999999833
 20
-86.8996839999999935
 30
0
 11
161.6657869999999946
 21
-86.8966209999999961
 31
0
  0
LINE
  5
4C3
330
22
100
AcDbEntity
  8
B.Cu
  6
CONTINUOUS
100
AcDbLine
 10
161.6657869999999946
 20
-86.8966209999999961
 30
0
 11
161.7966209999999876
 21
-86.7657870000000031
 31
0
  0
LINE
  5
4C4
330
22
100
AcDbEntity
  8
B.Cu
  6
CONTINUOUS
100
AcDbLine
 10
161.7966209999999876
 20
-86.7657870000000031
 30
0
 11
161.9053779999999847
 21
-86.6160959999999989
 31
0
  0
LINE
  5
4C5
330
22
100
AcDbEntity
  8
B.Cu
  6
CONTINUOUS
100
AcDbLine
 10
161.9053779999999847
 20
-86.6160959999999989
 30
0
 11
161.9893789999999854
 21
-86.4512349999999969
 31
0
  0
LINE
  5
4C6
330
22
100
AcDbEntity
  8
B.Cu
  6
CONTINUOUS
100
AcDbLine
 10
161.9893789999999854
 20
-86.4512349999999969
 30
0
 11
162.0465549999999837
 21
-86.2752639999999928
 31
0
  0
LINE
  5
4C7
330
22
100
AcDbEntity
  8
B.Cu
  6
CONTINUOUS
100
AcDbLine
 10
162.0465549999999837
 20
-86.2752639999999928
 30
0
 11
162.0755000000000052
 21
-86.0925139999999942
 31
0
  0
LINE
  5
4C8
330
22
100
AcDbEntity
  8
B.Cu
  6
CONTINUOUS
100
AcDbLine
 10
162.0755000000000052
 20
-86.0925139999999942
 30
0
 11
162.0755000000000052
 21
-85.9074859999999916
 31
0
  0
LINE
  5
4C9
330
22
100
AcDbEntity
  8
B.Cu
  6
CONTINUOUS
100
AcDbLine
 10
162.0755000000000052
 20
-85.9074859999999916
 30
0
 11
162.0465549999999837
 21
-85.7247359999999929
 31
0
  0
LINE
  5
4CA
330
22
100
AcDbEntity
  8
B.Cu
  6
CONTINUOUS
100
AcDbLine
 10
162.0465549999999837
 20
-85.7247359999999929
 30
0
 11
161.9893789999999854
 21
-85.5487650000000031
 31
0
  0
LINE
  5
4CB
330
22
100
AcDbEntity
  8
B.Cu
  6
CONTINUOUS
100
AcDbLine
 10
161.9893789999999854
 20
-85.5487650000000031
 30
0
 11
161.9893789999999854
 21
-85.5487639999999914
 31
0
  0
LINE
  5
4CC
330
22
100
AcDbEntity
  8
B.Cu
  6
CONTINUOUS
100
AcDbLine
 10
161.9893789999999854
 20
-85.5487639999999914
 30
0
 11
161.9053769999999872
 21
-85.3839029999999894
 31
0
  0
LINE
  5
4CD
330
22
100
AcDbEntity
  8
B.Cu
  6
CONTINUOUS
100
AcDbLine
 10
161.9053769999999872
 20
-85.3839029999999894
 30
0
 11
161.7966209999999876
 21
-85.2342129999999969
 31
0
  0
LINE
  5
4CE
330
22
100
AcDbEntity
  8
B.Cu
  6
CONTINUOUS
100
AcDbLine
 10
161.7966209999999876
 20
-85.2342129999999969
 30
0
 11
161.6657869999999946
 21
-85.1033789999999897
 31
0
  0
LINE
  5
4CF
330
22
100
AcDbEntity
  8
B.Cu
  6
CONTINUOUS
100
AcDbLine
 10
161.6657869999999946
 20
-85.1033789999999897
 30
0
 11
161.5160960000000046
 21
-84.9946219999999926
 31
0
  0
LINE
  5
4D0
330
22
100
AcDbEntity
  8
B.Cu
  6
CONTINUOUS
100
AcDbLine
 10
161.5160960000000046
 20
-84.9946219999999926
 30
0
 11
161.3512350000000026
 21
-84.9106199999999944
 31
0
  0
LINE
  5
4D1
330
22
100
AcDbEntity
  8
B.Cu
  6
CONTINUOUS
100
AcDbLine
 10
161.3512350000000026
 20
-84.9106199999999944
 30
0
 11
161.3512319999999818
 21
-84.910618999999997
 31
0
  0
LINE
  5
4D2
330
22
100
AcDbEntity
  8
B.Cu
  6
CONTINUOUS
100
AcDbLine
 10
161.3512319999999818
 20
-84.910618999999997
 30
0
 11
161.175264999999996
 21
-84.8534449999999936
 31
0
  0
LINE
  5
4D3
330
22
100
AcDbEntity
  8
B.Cu
  6
CONTINUOUS
100
AcDbLine
 10
161.175264999999996
 20
-84.8534449999999936
 30
0
 11
161.0838889999999992
 21
-84.8389719999999983
 31
0
  0
LINE
  5
4D4
330
22
100
AcDbEntity
  8
B.Cu
  6
CONTINUOUS
100
AcDbLine
 10
161.0838889999999992
 20
-84.8389719999999983
 30
0
 11
160.9925139999999999
 21
-84.8245000000000005
 31
0
  0
LINE
  5
4D5
330
22
100
AcDbEntity
  8
B.Cu
  6
CONTINUOUS
100
AcDbLine
 10
160.9925139999999999
 20
-84.8245000000000005
 30
0
 11
160.8074859999999831
 21
-84.8245000000000005
 31
0
  0
LINE
  5
4D6
330
22
100
AcDbEntity
  8
B.Cu
  6
CONTINUOUS
100
AcDbLine
 10
160.8074859999999831
 20
-84.8245000000000005
 30
0
 11
160.7465689999999938
 21
-84.834147999999999
 31
0
  0
LINE
  5
4D7
330
22
100
AcDbEntity
  8
B.Cu
  6
CONTINUOUS
100
AcDbLine
 10
145.2494999999999834
 20
-88.4984219999999908
 30
0
 11
145.2802899999999795
 21
-88.6928259999999966
 31
0
  0
LINE
  5
4D8
330
22
100
AcDbEntity
  8
B.Cu
  6
CONTINUOUS
100
AcDbLine
 10
145.2802899999999795
 20
-88.6928259999999966
 30
0
 11
145.341116999999997
 21
-88.8800289999999933
 31
0
  0
LINE
  5
4D9
330
22
100
AcDbEntity
  8
B.Cu
  6
CONTINUOUS
100
AcDbLine
 10
145.341116999999997
 20
-88.8800289999999933
 30
0
 11
145.4049859999999796
 21
-89.0053779999999932
 31
0
  0
LINE
  5
4DA
330
22
100
AcDbEntity
  8
B.Cu
  6
CONTINUOUS
100
AcDbLine
 10
145.4049859999999796
 20
-89.0053779999999932
 30
0
 11
145.4304759999999987
 21
-89.0554049999999933
 31
0
  0
LINE
  5
4DB
330
22
100
AcDbEntity
  8
B.Cu
  6
CONTINUOUS
100
AcDbLine
 10
145.4304759999999987
 20
-89.0554049999999933
 30
0
 11
145.5461719999999843
 21
-89.2146460000000019
 31
0
  0
LINE
  5
4DC
330
22
100
AcDbEntity
  8
B.Cu
  6
CONTINUOUS
100
AcDbLine
 10
145.5461719999999843
 20
-89.2146460000000019
 30
0
 11
145.6853539999999896
 21
-89.3538279999999929
 31
0
  0
LINE
  5
4DD
330
22
100
AcDbEntity
  8
B.Cu
  6
CONTINUOUS
100
AcDbLine
 10
145.6853539999999896
 20
-89.3538279999999929
 30
0
 11
145.8445949999999982
 21
-89.4695239999999927
 31
0
  0
LINE
  5
4DE
330
22
100
AcDbEntity
  8
B.Cu
  6
CONTINUOUS
100
AcDbLine
 10
145.8445949999999982
 20
-89.4695239999999927
 30
0
 11
145.9274549999999806
 21
-89.5117429999999956
 31
0
  0
LINE
  5
4DF
330
22
100
AcDbEntity
  8
B.Cu
  6
CONTINUOUS
100
AcDbLine
 10
145.9274549999999806
 20
-89.5117429999999956
 30
0
 11
146.0199700000000007
 21
-89.558881999999997
 31
0
  0
LINE
  5
4E0
330
22
100
AcDbEntity
  8
B.Cu
  6
CONTINUOUS
100
AcDbLine
 10
146.0199700000000007
 20
-89.558881999999997
 30
0
 11
146.0199719999999957
 21
-89.558881999999997
 31
0
  0
LINE
  5
4E1
330
22
100
AcDbEntity
  8
B.Cu
  6
CONTINUOUS
100
AcDbLine
 10
146.0199719999999957
 20
-89.558881999999997
 30
0
 11
146.0199749999999881
 21
-89.5588839999999919
 31
0
  0
LINE
  5
4E2
330
22
100
AcDbEntity
  8
B.Cu
  6
CONTINUOUS
100
AcDbLine
 10
146.0199749999999881
 20
-89.5588839999999919
 30
0
 11
146.120317
 21
-89.5914870000000008
 31
0
  0
LINE
  5
4E3
330
22
100
AcDbEntity
  8
B.Cu
  6
CONTINUOUS
100
AcDbLine
 10
146.120317
 20
-89.5914870000000008
 30
0
 11
146.2071729999999832
 21
-89.6197090000000003
 31
0
  0
LINE
  5
4E4
330
22
100
AcDbEntity
  8
B.Cu
  6
CONTINUOUS
100
AcDbLine
 10
146.2071729999999832
 20
-89.6197090000000003
 30
0
 11
146.4015780000000007
 21
-89.6504999999999939
 31
0
  0
LINE
  5
4E5
330
22
100
AcDbEntity
  8
B.Cu
  6
CONTINUOUS
100
AcDbLine
 10
146.4015780000000007
 20
-89.6504999999999939
 30
0
 11
146.401582999999988
 21
-89.6504999999999939
 31
0
  0
LINE
  5
4E6
330
22
100
AcDbEntity
  8
B.Cu
  6
CONTINUOUS
100
AcDbLine
 10
146.401582999999988
 20
-89.6504999999999939
 30
0
 11
146.5984219999999993
 21
-89.6504999999999939
 31
0
  0
LINE
  5
4E7
330
22
100
AcDbEntity
  8
B.Cu
  6
CONTINUOUS
100
AcDbLine
 10
146.5984219999999993
 20
-89.6504999999999939
 30
0
 11
146.7928259999999909
 21
-89.6197090000000003
 31
0
  0
LINE
  5
4E8
330
22
100
AcDbEntity
  8
B.Cu
  6
CONTINUOUS
100
AcDbLine
 10
146.7928259999999909
 20
-89.6197090000000003
 30
0
 11
146.9800249999999835
 21
-89.5588839999999919
 31
0
  0
LINE
  5
4E9
330
22
100
AcDbEntity
  8
B.Cu
  6
CONTINUOUS
100
AcDbLine
 10
146.9800249999999835
 20
-89.5588839999999919
 30
0
 11
147.1554050000000018
 21
-89.4695239999999927
 31
0
  0
LINE
  5
4EA
330
22
100
AcDbEntity
  8
B.Cu
  6
CONTINUOUS
100
AcDbLine
 10
147.1554050000000018
 20
-89.4695239999999927
 30
0
 11
147.314645999999982
 21
-89.3538279999999929
 31
0
  0
LINE
  5
4EB
330
22
100
AcDbEntity
  8
B.Cu
  6
CONTINUOUS
100
AcDbLine
 10
147.314645999999982
 20
-89.3538279999999929
 30
0
 11
147.4538279999999872
 21
-89.2146460000000019
 31
0
  0
LINE
  5
4EC
330
22
100
AcDbEntity
  8
B.Cu
  6
CONTINUOUS
100
AcDbLine
 10
147.4538279999999872
 20
-89.2146460000000019
 30
0
 11
147.5695240000000013
 21
-89.0554049999999933
 31
0
  0
LINE
  5
4ED
330
22
100
AcDbEntity
  8
B.Cu
  6
CONTINUOUS
100
AcDbLine
 10
147.5695240000000013
 20
-89.0554049999999933
 30
0
 11
147.6588840000000005
 21
-88.8800249999999892
 31
0
  0
LINE
  5
4EE
330
22
100
AcDbEntity
  8
B.Cu
  6
CONTINUOUS
100
AcDbLine
 10
147.6588840000000005
 20
-88.8800249999999892
 30
0
 11
147.7197089999999946
 21
-88.6928259999999966
 31
0
  0
LINE
  5
4EF
330
22
100
AcDbEntity
  8
B.Cu
  6
CONTINUOUS
100
AcDbLine
 10
147.7197089999999946
 20
-88.6928259999999966
 30
0
 11
147.7309599999999818
 21
-88.6217889999999926
 31
0
  0
LINE
  5
4F0
330
22
100
AcDbEntity
  8
B.Cu
  6
CONTINUOUS
100
AcDbLine
 10
147.7309599999999818
 20
-88.6217889999999926
 30
0
 11
147.7504999999999882
 21
-88.4984219999999908
 31
0
  0
LINE
  5
4F1
330
22
100
AcDbEntity
  8
B.Cu
  6
CONTINUOUS
100
AcDbLine
 10
147.7504999999999882
 20
-88.4984219999999908
 30
0
 11
147.7504999999999882
 21
-88.3015850000000029
 31
0
  0
LINE
  5
4F2
330
22
100
AcDbEntity
  8
B.Cu
  6
CONTINUOUS
100
AcDbLine
 10
147.7504999999999882
 20
-88.3015850000000029
 30
0
 11
147.7504989999999907
 21
-88.3015769999999947
 31
0
  0
LINE
  5
4F3
330
22
100
AcDbEntity
  8
B.Cu
  6
CONTINUOUS
100
AcDbLine
 10
147.7504989999999907
 20
-88.3015769999999947
 30
0
 11
147.7413630000000069
 21
-88.2438959999999923
 31
0
  0
LINE
  5
4F4
330
22
100
AcDbEntity
  8
B.Cu
  6
CONTINUOUS
100
AcDbLine
 10
147.7413630000000069
 20
-88.2438959999999923
 30
0
 11
147.7437579999999855
 21
-88.2253579999999999
 31
0
  0
LINE
  5
4F5
330
22
100
AcDbEntity
  8
B.Cu
  6
CONTINUOUS
100
AcDbLine
 10
147.7437579999999855
 20
-88.2253579999999999
 30
0
 11
147.7410979999999938
 21
-88.2068529999999953
 31
0
  0
LINE
  5
4F6
330
22
100
AcDbEntity
  8
B.Cu
  6
CONTINUOUS
100
AcDbLine
 10
147.7410979999999938
 20
-88.2068529999999953
 30
0
 11
147.7481429999999989
 21
-88.1914249999999953
 31
0
  0
LINE
  5
4F7
330
22
100
AcDbEntity
  8
B.Cu
  6
CONTINUOUS
100
AcDbLine
 10
147.7481429999999989
 20
-88.1914249999999953
 30
0
 11
147.7503169999999955
 21
-88.1746049999999997
 31
0
  0
LINE
  5
4F8
330
22
100
AcDbEntity
  8
B.Cu
  6
CONTINUOUS
100
AcDbLine
 10
147.7503169999999955
 20
-88.1746049999999997
 30
0
 11
147.7623559999999827
 21
-88.1603020000000015
 31
0
  0
LINE
  5
4F9
330
22
100
AcDbEntity
  8
B.Cu
  6
CONTINUOUS
100
AcDbLine
 10
147.7623559999999827
 20
-88.1603020000000015
 30
0
 11
147.7701229999999839
 21
-88.1432969999999898
 31
0
  0
LINE
  5
4FA
330
22
100
AcDbEntity
  8
B.Cu
  6
CONTINUOUS
100
AcDbLine
 10
147.7701229999999839
 20
-88.1432969999999898
 30
0
 11
147.7843900000000019
 21
-88.1341269999999923
 31
0
  0
LINE
  5
4FB
330
22
100
AcDbEntity
  8
B.Cu
  6
CONTINUOUS
100
AcDbLine
 10
147.7843900000000019
 20
-88.1341269999999923
 30
0
 11
147.7953129999999931
 21
-88.1211529999999925
 31
0
  0
LINE
  5
4FC
330
22
100
AcDbEntity
  8
B.Cu
  6
CONTINUOUS
100
AcDbLine
 10
147.7953129999999931
 20
-88.1211529999999925
 30
0
 11
147.8131730000000061
 21
-88.1156299999999959
 31
0
  0
LINE
  5
4FD
330
22
100
AcDbEntity
  8
B.Cu
  6
CONTINUOUS
100
AcDbLine
 10
147.8131730000000061
 20
-88.1156299999999959
 30
0
 11
147.8289010000000019
 21
-88.1055229999999909
 31
0
  0
LINE
  5
4FE
330
22
100
AcDbEntity
  8
B.Cu
  6
CONTINUOUS
100
AcDbLine
 10
147.8289010000000019
 20
-88.1055229999999909
 30
0
 11
147.8606020000000001
 21
-88.1009639999999905
 31
0
  0
LINE
  5
4FF
330
22
100
AcDbEntity
  8
B.Cu
  6
CONTINUOUS
100
AcDbLine
 10
147.8606020000000001
 20
-88.1009639999999905
 30
0
 11
147.8620640000000037
 21
-88.1005129999999923
 31
0
  0
LINE
  5
500
330
22
100
AcDbEntity
  8
B.Cu
  6
CONTINUOUS
100
AcDbLine
 10
147.8620640000000037
 20
-88.1005129999999923
 30
0
 11
147.8638359999999921
 21
-88.1004999999999967
 31
0
  0
LINE
  5
501
330
22
100
AcDbEntity
  8
B.Cu
  6
CONTINUOUS
100
AcDbLine
 10
147.8638359999999921
 20
-88.1004999999999967
 30
0
 11
147.9746839999999963
 21
-88.1004999999999967
 31
0
  0
LINE
  5
502
330
22
100
AcDbEntity
  8
B.Cu
  6
CONTINUOUS
100
AcDbLine
 10
147.9746839999999963
 20
-88.1004999999999967
 30
0
 11
148.0221359999999891
 21
-88.1099389999999971
 31
0
  0
LINE
  5
503
330
22
100
AcDbEntity
  8
B.Cu
  6
CONTINUOUS
100
AcDbLine
 10
148.0221359999999891
 20
-88.1099389999999971
 30
0
 11
148.16649799999999
 21
-88.1697350000000029
 31
0
  0
LINE
  5
504
330
22
100
AcDbEntity
  8
B.Cu
  6
CONTINUOUS
100
AcDbLine
 10
148.16649799999999
 20
-88.1697350000000029
 30
0
 11
148.1665030000000058
 21
-88.1697369999999978
 31
0
  0
LINE
  5
505
330
22
100
AcDbEntity
  8
B.Cu
  6
CONTINUOUS
100
AcDbLine
 10
148.1665030000000058
 20
-88.1697369999999978
 30
0
 11
148.310686000000004
 21
-88.1984169999999921
 31
0
  0
LINE
  5
506
330
22
100
AcDbEntity
  8
B.Cu
  6
CONTINUOUS
100
AcDbLine
 10
148.310686000000004
 20
-88.1984169999999921
 30
0
 11
148.3211529999999811
 21
-88.2004989999999935
 31
0
  0
LINE
  5
507
330
22
100
AcDbEntity
  8
B.Cu
  6
CONTINUOUS
100
AcDbLine
 10
148.3211529999999811
 20
-88.2004989999999935
 30
0
 11
148.321156000000002
 21
-88.200499999999991
 31
0
  0
LINE
  5
508
330
22
100
AcDbEntity
  8
B.Cu
  6
CONTINUOUS
100
AcDbLine
 10
148.321156000000002
 20
-88.200499999999991
 30
0
 11
148.3211579999999969
 21
-88.200499999999991
 31
0
  0
LINE
  5
509
330
22
100
AcDbEntity
  8
B.Cu
  6
CONTINUOUS
100
AcDbLine
 10
148.3211579999999969
 20
-88.200499999999991
 30
0
 11
148.478843999999981
 21
-88.200499999999991
 31
0
  0
LINE
  5
50A
330
22
100
AcDbEntity
  8
B.Cu
  6
CONTINUOUS
100
AcDbLine
 10
148.478843999999981
 20
-88.200499999999991
 30
0
 11
148.4788450000000068
 21
-88.2004989999999935
 31
0
  0
LINE
  5
50B
330
22
100
AcDbEntity
  8
B.Cu
  6
CONTINUOUS
100
AcDbLine
 10
148.4788450000000068
 20
-88.2004989999999935
 30
0
 11
148.6334970000000055
 21
-88.1697369999999978
 31
0
  0
LINE
  5
50C
330
22
100
AcDbEntity
  8
B.Cu
  6
CONTINUOUS
100
AcDbLine
 10
148.6334970000000055
 20
-88.1697369999999978
 30
0
 11
148.7791789999999992
 21
-88.1093939999999947
 31
0
  0
LINE
  5
50D
330
22
100
AcDbEntity
  8
B.Cu
  6
CONTINUOUS
100
AcDbLine
 10
148.7791789999999992
 20
-88.1093939999999947
 30
0
 11
148.9102890000000059
 21
-88.0217889999999983
 31
0
  0
LINE
  5
50E
330
22
100
AcDbEntity
  8
B.Cu
  6
CONTINUOUS
100
AcDbLine
 10
148.9102890000000059
 20
-88.0217889999999983
 30
0
 11
149.0109249999999861
 21
-87.9211529999999897
 31
0
  0
LINE
  5
50F
330
22
100
AcDbEntity
  8
B.Cu
  6
CONTINUOUS
100
AcDbLine
 10
149.0109249999999861
 20
-87.9211529999999897
 30
0
 11
149.0217889999999841
 21
-87.9102889999999917
 31
0
  0
LINE
  5
510
330
22
100
AcDbEntity
  8
B.Cu
  6
CONTINUOUS
100
AcDbLine
 10
149.0217889999999841
 20
-87.9102889999999917
 30
0
 11
149.0719009999999969
 21
-87.8352919999999955
 31
0
  0
LINE
  5
511
330
22
100
AcDbEntity
  8
B.Cu
  6
CONTINUOUS
100
AcDbLine
 10
149.0719009999999969
 20
-87.8352919999999955
 30
0
 11
149.1093899999999906
 21
-87.7791849999999982
 31
0
  0
LINE
  5
512
330
22
100
AcDbEntity
  8
B.Cu
  6
CONTINUOUS
100
AcDbLine
 10
149.1093899999999906
 20
-87.7791849999999982
 30
0
 11
149.1093899999999906
 21
-87.7791840000000008
 31
0
  0
LINE
  5
513
330
22
100
AcDbEntity
  8
B.Cu
  6
CONTINUOUS
100
AcDbLine
 10
149.1093899999999906
 20
-87.7791840000000008
 30
0
 11
149.1093939999999805
 21
-87.7791789999999992
 31
0
  0
LINE
  5
514
330
22
100
AcDbEntity
  8
B.Cu
  6
CONTINUOUS
100
AcDbLine
 10
149.1093939999999805
 20
-87.7791789999999992
 30
0
 11
149.1697369999999978
 21
-87.6334969999999913
 31
0
  0
LINE
  5
515
330
22
100
AcDbEntity
  8
B.Cu
  6
CONTINUOUS
100
AcDbLine
 10
149.1697369999999978
 20
-87.6334969999999913
 30
0
 11
149.2005000000000052
 21
-87.4788420000000002
 31
0
  0
LINE
  5
516
330
22
100
AcDbEntity
  8
B.Cu
  6
CONTINUOUS
100
AcDbLine
 10
149.2005000000000052
 20
-87.4788420000000002
 30
0
 11
149.2005000000000052
 21
-87.3211579999999969
 31
0
  0
LINE
  5
517
330
22
100
AcDbEntity
  8
B.Cu
  6
CONTINUOUS
100
AcDbLine
 10
149.2005000000000052
 20
-87.3211579999999969
 30
0
 11
149.2005000000000052
 21
-87.3211549999999903
 31
0
  0
LINE
  5
518
330
22
100
AcDbEntity
  8
B.Cu
  6
CONTINUOUS
100
AcDbLine
 10
149.2005000000000052
 20
-87.3211549999999903
 30
0
 11
149.2004989999999793
 21
-87.3211529999999954
 31
0
  0
LINE
  5
519
330
22
100
AcDbEntity
  8
B.Cu
  6
CONTINUOUS
100
AcDbLine
 10
149.2004989999999793
 20
-87.3211529999999954
 30
0
 11
149.1845789999999852
 21
-87.2411170000000027
 31
0
  0
LINE
  5
51A
330
22
100
AcDbEntity
  8
B.Cu
  6
CONTINUOUS
100
AcDbLine
 10
149.1845789999999852
 20
-87.2411170000000027
 30
0
 11
149.1697369999999978
 21
-87.1665029999999916
 31
0
  0
LINE
  5
51B
330
22
100
AcDbEntity
  8
B.Cu
  6
CONTINUOUS
100
AcDbLine
 10
149.1697369999999978
 20
-87.1665029999999916
 30
0
 11
149.1435909999999865
 21
-87.1033809999999988
 31
0
  0
LINE
  5
51C
330
22
100
AcDbEntity
  8
B.Cu
  6
CONTINUOUS
100
AcDbLine
 10
149.1435909999999865
 20
-87.1033809999999988
 30
0
 11
149.1093970000000013
 21
-87.020826999999997
 31
0
  0
LINE
  5
51D
330
22
100
AcDbEntity
  8
B.Cu
  6
CONTINUOUS
100
AcDbLine
 10
149.1093970000000013
 20
-87.020826999999997
 30
0
 11
149.1093899999999906
 21
-87.0208140000000014
 31
0
  0
LINE
  5
51E
330
22
100
AcDbEntity
  8
B.Cu
  6
CONTINUOUS
100
AcDbLine
 10
149.1093899999999906
 20
-87.0208140000000014
 30
0
 11
149.0217889999999841
 21
-86.8897109999999913
 31
0
  0
LINE
  5
51F
330
22
100
AcDbEntity
  8
B.Cu
  6
CONTINUOUS
100
AcDbLine
 10
149.0217889999999841
 20
-86.8897109999999913
 30
0
 11
149.0217859999999916
 21
-86.8897070000000014
 31
0
  0
LINE
  5
520
330
22
100
AcDbEntity
  8
B.Cu
  6
CONTINUOUS
100
AcDbLine
 10
149.0217859999999916
 20
-86.8897070000000014
 30
0
 11
148.9102919999999983
 21
-86.7782129999999938
 31
0
  0
LINE
  5
521
330
22
100
AcDbEntity
  8
B.Cu
  6
CONTINUOUS
100
AcDbLine
 10
148.9102919999999983
 20
-86.7782129999999938
 30
0
 11
148.91028799999998
 21
-86.7782100000000014
 31
0
  0
LINE
  5
522
330
22
100
AcDbEntity
  8
B.Cu
  6
CONTINUOUS
100
AcDbLine
 10
148.91028799999998
 20
-86.7782100000000014
 30
0
 11
148.779184999999984
 21
-86.6906089999999949
 31
0
  0
LINE
  5
523
330
22
100
AcDbEntity
  8
B.Cu
  6
CONTINUOUS
100
AcDbLine
 10
148.779184999999984
 20
-86.6906089999999949
 30
0
 11
148.7791719999999884
 21
-86.6906019999999984
 31
0
  0
LINE
  5
524
330
22
100
AcDbEntity
  8
B.Cu
  6
CONTINUOUS
100
AcDbLine
 10
148.7791719999999884
 20
-86.6906019999999984
 30
0
 11
148.6335009999999954
 21
-86.6302639999999968
 31
0
  0
LINE
  5
525
330
22
100
AcDbEntity
  8
B.Cu
  6
CONTINUOUS
100
AcDbLine
 10
148.6335009999999954
 20
-86.6302639999999968
 30
0
 11
148.6334889999999973
 21
-86.6302609999999902
 31
0
  0
LINE
  5
526
330
22
100
AcDbEntity
  8
B.Cu
  6
CONTINUOUS
100
AcDbLine
 10
148.6334889999999973
 20
-86.6302609999999902
 30
0
 11
148.4788450000000068
 21
-86.5994999999999919
 31
0
  0
LINE
  5
527
330
22
100
AcDbEntity
  8
B.Cu
  6
CONTINUOUS
100
AcDbLine
 10
148.4788450000000068
 20
-86.5994999999999919
 30
0
 11
148.478841999999986
 21
-86.5994999999999919
 31
0
  0
LINE
  5
528
330
22
100
AcDbEntity
  8
B.Cu
  6
CONTINUOUS
100
AcDbLine
 10
148.478841999999986
 20
-86.5994999999999919
 30
0
 11
148.3211579999999969
 21
-86.5994999999999919
 31
0
  0
LINE
  5
529
330
22
100
AcDbEntity
  8
B.Cu
  6
CONTINUOUS
100
AcDbLine
 10
148.3211579999999969
 20
-86.5994999999999919
 30
0
 11
148.3211550000000045
 21
-86.5994999999999919
 31
0
  0
LINE
  5
52A
330
22
100
AcDbEntity
  8
B.Cu
  6
CONTINUOUS
100
AcDbLine
 10
148.3211550000000045
 20
-86.5994999999999919
 30
0
 11
148.1665099999999882
 21
-86.6302609999999902
 31
0
  0
LINE
  5
52B
330
22
100
AcDbEntity
  8
B.Cu
  6
CONTINUOUS
100
AcDbLine
 10
148.1665099999999882
 20
-86.6302609999999902
 30
0
 11
148.16649799999999
 21
-86.6302639999999968
 31
0
  0
LINE
  5
52C
330
22
100
AcDbEntity
  8
B.Cu
  6
CONTINUOUS
100
AcDbLine
 10
148.16649799999999
 20
-86.6302639999999968
 30
0
 11
148.0221359999999891
 21
-86.690061
 31
0
  0
LINE
  5
52D
330
22
100
AcDbEntity
  8
B.Cu
  6
CONTINUOUS
100
AcDbLine
 10
148.0221359999999891
 20
-86.690061
 30
0
 11
147.9746839999999963
 21
-86.6995000000000005
 31
0
  0
LINE
  5
52E
330
22
100
AcDbEntity
  8
B.Cu
  6
CONTINUOUS
100
AcDbLine
 10
147.9746839999999963
 20
-86.6995000000000005
 30
0
 11
147.4310040000000015
 21
-86.6995000000000005
 31
0
  0
LINE
  5
52F
330
22
100
AcDbEntity
  8
B.Cu
  6
CONTINUOUS
100
AcDbLine
 10
147.4310040000000015
 20
-86.6995000000000005
 30
0
 11
147.2956769999999835
 21
-86.7264179999999953
 31
0
  0
LINE
  5
530
330
22
100
AcDbEntity
  8
B.Cu
  6
CONTINUOUS
100
AcDbLine
 10
147.2956769999999835
 20
-86.7264179999999953
 30
0
 11
147.2956669999999804
 21
-86.726421000000002
 31
0
  0
LINE
  5
531
330
22
100
AcDbEntity
  8
B.Cu
  6
CONTINUOUS
100
AcDbLine
 10
147.2956669999999804
 20
-86.726421000000002
 30
0
 11
147.1681920000000048
 21
-86.7792219999999901
 31
0
  0
LINE
  5
532
330
22
100
AcDbEntity
  8
B.Cu
  6
CONTINUOUS
100
AcDbLine
 10
147.1681920000000048
 20
-86.7792219999999901
 30
0
 11
147.0534539999999879
 21
-86.8558869999999956
 31
0
  0
LINE
  5
533
330
22
100
AcDbEntity
  8
B.Cu
  6
CONTINUOUS
100
AcDbLine
 10
147.0534539999999879
 20
-86.8558869999999956
 30
0
 11
146.7824459999999931
 21
-87.1268949999999904
 31
0
  0
LINE
  5
534
330
22
100
AcDbEntity
  8
B.Cu
  6
CONTINUOUS
100
AcDbLine
 10
146.7824459999999931
 20
-87.1268949999999904
 30
0
 11
146.7211230000000057
 21
-87.1603799999999893
 31
0
  0
LINE
  5
535
330
22
100
AcDbEntity
  8
B.Cu
  6
CONTINUOUS
100
AcDbLine
 10
146.7211230000000057
 20
-87.1603799999999893
 30
0
 11
146.6753669999999943
 21
-87.1616870000000006
 31
0
  0
LINE
  5
536
330
22
100
AcDbEntity
  8
B.Cu
  6
CONTINUOUS
100
AcDbLine
 10
146.6753669999999943
 20
-87.1616870000000006
 30
0
 11
146.5984219999999993
 21
-87.1494999999999891
 31
0
  0
LINE
  5
537
330
22
100
AcDbEntity
  8
B.Cu
  6
CONTINUOUS
100
AcDbLine
 10
146.5984219999999993
 20
-87.1494999999999891
 30
0
 11
146.5984169999999835
 21
-87.1494999999999891
 31
0
  0
LINE
  5
538
330
22
100
AcDbEntity
  8
B.Cu
  6
CONTINUOUS
100
AcDbLine
 10
146.5984169999999835
 20
-87.1494999999999891
 30
0
 11
146.401582999999988
 21
-87.1494999999999891
 31
0
  0
LINE
  5
539
330
22
100
AcDbEntity
  8
B.Cu
  6
CONTINUOUS
100
AcDbLine
 10
146.401582999999988
 20
-87.1494999999999891
 30
0
 11
146.4015780000000007
 21
-87.1494999999999891
 31
0
  0
LINE
  5
53A
330
22
100
AcDbEntity
  8
B.Cu
  6
CONTINUOUS
100
AcDbLine
 10
146.4015780000000007
 20
-87.1494999999999891
 30
0
 11
146.2071729999999832
 21
-87.1802899999999994
 31
0
  0
LINE
  5
53B
330
22
100
AcDbEntity
  8
B.Cu
  6
CONTINUOUS
100
AcDbLine
 10
146.2071729999999832
 20
-87.1802899999999994
 30
0
 11
146.0199700000000007
 21
-87.2411170000000027
 31
0
  0
LINE
  5
53C
330
22
100
AcDbEntity
  8
B.Cu
  6
CONTINUOUS
100
AcDbLine
 10
146.0199700000000007
 20
-87.2411170000000027
 30
0
 11
145.8445940000000007
 21
-87.3304759999999902
 31
0
  0
LINE
  5
53D
330
22
100
AcDbEntity
  8
B.Cu
  6
CONTINUOUS
100
AcDbLine
 10
145.8445940000000007
 20
-87.3304759999999902
 30
0
 11
145.7766859999999838
 21
-87.3798149999999936
 31
0
  0
LINE
  5
53E
330
22
100
AcDbEntity
  8
B.Cu
  6
CONTINUOUS
100
AcDbLine
 10
145.7766859999999838
 20
-87.3798149999999936
 30
0
 11
145.6853539999999896
 21
-87.44617199999999
 31
0
  0
LINE
  5
53F
330
22
100
AcDbEntity
  8
B.Cu
  6
CONTINUOUS
100
AcDbLine
 10
145.6853539999999896
 20
-87.44617199999999
 30
0
 11
145.6853519999999946
 21
-87.4461739999999992
 31
0
  0
LINE
  5
540
330
22
100
AcDbEntity
  8
B.Cu
  6
CONTINUOUS
100
AcDbLine
 10
145.6853519999999946
 20
-87.4461739999999992
 30
0
 11
145.6853509999999972
 21
-87.4461739999999992
 31
0
  0
LINE
  5
541
330
22
100
AcDbEntity
  8
B.Cu
  6
CONTINUOUS
100
AcDbLine
 10
145.6853509999999972
 20
-87.4461739999999992
 30
0
 11
145.5461739999999793
 21
-87.5853510000000028
 31
0
  0
LINE
  5
542
330
22
100
AcDbEntity
  8
B.Cu
  6
CONTINUOUS
100
AcDbLine
 10
145.5461739999999793
 20
-87.5853510000000028
 30
0
 11
145.5461739999999793
 21
-87.5853520000000003
 31
0
  0
LINE
  5
543
330
22
100
AcDbEntity
  8
B.Cu
  6
CONTINUOUS
100
AcDbLine
 10
145.5461739999999793
 20
-87.5853520000000003
 30
0
 11
145.5461719999999843
 21
-87.5853539999999953
 31
0
  0
LINE
  5
544
330
22
100
AcDbEntity
  8
B.Cu
  6
CONTINUOUS
100
AcDbLine
 10
145.5461719999999843
 20
-87.5853539999999953
 30
0
 11
145.5204090000000008
 21
-87.6208139999999958
 31
0
  0
LINE
  5
545
330
22
100
AcDbEntity
  8
B.Cu
  6
CONTINUOUS
100
AcDbLine
 10
145.5204090000000008
 20
-87.6208139999999958
 30
0
 11
145.4304759999999987
 21
-87.7445939999999922
 31
0
  0
LINE
  5
546
330
22
100
AcDbEntity
  8
B.Cu
  6
CONTINUOUS
100
AcDbLine
 10
145.4304759999999987
 20
-87.7445939999999922
 30
0
 11
145.341116999999997
 21
-87.9199699999999922
 31
0
  0
LINE
  5
547
330
22
100
AcDbEntity
  8
B.Cu
  6
CONTINUOUS
100
AcDbLine
 10
145.341116999999997
 20
-87.9199699999999922
 30
0
 11
145.2802899999999795
 21
-88.1071730000000031
 31
0
  0
LINE
  5
548
330
22
100
AcDbEntity
  8
B.Cu
  6
CONTINUOUS
100
AcDbLine
 10
145.2802899999999795
 20
-88.1071730000000031
 30
0
 11
145.2494999999999834
 21
-88.3015769999999947
 31
0
  0
LINE
  5
549
330
22
100
AcDbEntity
  8
B.Cu
  6
CONTINUOUS
100
AcDbLine
 10
145.2494999999999834
 20
-88.3015769999999947
 30
0
 11
145.2494999999999834
 21
-88.4984219999999908
 31
0
  0
LINE
  5
54A
330
22
100
AcDbEntity
  8
B.Cu
  6
CONTINUOUS
100
AcDbLine
 10
151.0995000000000061
 20
-88.0788459999999986
 30
0
 11
151.1302609999999902
 21
-88.2334889999999916
 31
0
  0
LINE
  5
54B
330
22
100
AcDbEntity
  8
B.Cu
  6
CONTINUOUS
100
AcDbLine
 10
151.1302609999999902
 20
-88.2334889999999916
 30
0
 11
151.1302639999999826
 21
-88.2335009999999897
 31
0
  0
LINE
  5
54C
330
22
100
AcDbEntity
  8
B.Cu
  6
CONTINUOUS
100
AcDbLine
 10
151.1302639999999826
 20
-88.2335009999999897
 30
0
 11
151.1906019999999842
 21
-88.379171999999997
 31
0
  0
LINE
  5
54D
330
22
100
AcDbEntity
  8
B.Cu
  6
CONTINUOUS
100
AcDbLine
 10
151.1906019999999842
 20
-88.379171999999997
 30
0
 11
151.1906089999999949
 21
-88.3791849999999926
 31
0
  0
LINE
  5
54E
330
22
100
AcDbEntity
  8
B.Cu
  6
CONTINUOUS
100
AcDbLine
 10
151.1906089999999949
 20
-88.3791849999999926
 30
0
 11
151.2782100000000014
 21
-88.5102880000000027
 31
0
  0
LINE
  5
54F
330
22
100
AcDbEntity
  8
B.Cu
  6
CONTINUOUS
100
AcDbLine
 10
151.2782100000000014
 20
-88.5102880000000027
 30
0
 11
151.2782129999999938
 21
-88.5102919999999926
 31
0
  0
LINE
  5
550
330
22
100
AcDbEntity
  8
B.Cu
  6
CONTINUOUS
100
AcDbLine
 10
151.2782129999999938
 20
-88.5102919999999926
 30
0
 11
151.3897069999999871
 21
-88.6217860000000002
 31
0
  0
LINE
  5
551
330
22
100
AcDbEntity
  8
B.Cu
  6
CONTINUOUS
100
AcDbLine
 10
151.3897069999999871
 20
-88.6217860000000002
 30
0
 11
151.3897110000000055
 21
-88.6217889999999926
 31
0
  0
LINE
  5
552
330
22
100
AcDbEntity
  8
B.Cu
  6
CONTINUOUS
100
AcDbLine
 10
151.3897110000000055
 20
-88.6217889999999926
 30
0
 11
151.5208140000000014
 21
-88.7093899999999991
 31
0
  0
LINE
  5
553
330
22
100
AcDbEntity
  8
B.Cu
  6
CONTINUOUS
100
AcDbLine
 10
151.5208140000000014
 20
-88.7093899999999991
 30
0
 11
151.520826999999997
 21
-88.7093969999999956
 31
0
  0
LINE
  5
554
330
22
100
AcDbEntity
  8
B.Cu
  6
CONTINUOUS
100
AcDbLine
 10
151.520826999999997
 20
-88.7093969999999956
 30
0
 11
151.6319019999999966
 21
-88.7554049999999961
 31
0
  0
LINE
  5
555
330
22
100
AcDbEntity
  8
B.Cu
  6
CONTINUOUS
100
AcDbLine
 10
151.6319019999999966
 20
-88.7554049999999961
 30
0
 11
151.6665030000000058
 21
-88.7697369999999921
 31
0
  0
LINE
  5
556
330
22
100
AcDbEntity
  8
B.Cu
  6
CONTINUOUS
100
AcDbLine
 10
151.6665030000000058
 20
-88.7697369999999921
 30
0
 11
151.8076700000000017
 21
-88.7978169999999949
 31
0
  0
LINE
  5
557
330
22
100
AcDbEntity
  8
B.Cu
  6
CONTINUOUS
100
AcDbLine
 10
151.8076700000000017
 20
-88.7978169999999949
 30
0
 11
151.8211529999999811
 21
-88.8004990000000021
 31
0
  0
LINE
  5
558
330
22
100
AcDbEntity
  8
B.Cu
  6
CONTINUOUS
100
AcDbLine
 10
151.8211529999999811
 20
-88.8004990000000021
 30
0
 11
151.821156000000002
 21
-88.8004999999999995
 31
0
  0
LINE
  5
559
330
22
100
AcDbEntity
  8
B.Cu
  6
CONTINUOUS
100
AcDbLine
 10
151.821156000000002
 20
-88.8004999999999995
 30
0
 11
151.8211579999999969
 21
-88.8004999999999995
 31
0
  0
LINE
  5
55A
330
22
100
AcDbEntity
  8
B.Cu
  6
CONTINUOUS
100
AcDbLine
 10
151.8211579999999969
 20
-88.8004999999999995
 30
0
 11
151.9310069999999939
 21
-88.8004999999999995
 31
0
  0
LINE
  5
55B
330
22
100
AcDbEntity
  8
B.Cu
  6
CONTINUOUS
100
AcDbLine
 10
151.9310069999999939
 20
-88.8004999999999995
 30
0
 11
153.8000590000000045
 21
-88.8004999999999995
 31
0
  0
LINE
  5
55C
330
22
100
AcDbEntity
  8
B.Cu
  6
CONTINUOUS
100
AcDbLine
 10
153.8000590000000045
 20
-88.8004999999999995
 30
0
 11
153.8670979999999986
 21
-88.8201849999999951
 31
0
  0
LINE
  5
55D
330
22
100
AcDbEntity
  8
B.Cu
  6
CONTINUOUS
100
AcDbLine
 10
153.8670979999999986
 20
-88.8201849999999951
 30
0
 11
153.9003749999999968
 21
-88.8516120000000029
 31
0
  0
LINE
  5
55E
330
22
100
AcDbEntity
  8
B.Cu
  6
CONTINUOUS
100
AcDbLine
 10
153.9003749999999968
 20
-88.8516120000000029
 30
0
 11
153.94617199999999
 21
-88.9146459999999905
 31
0
  0
LINE
  5
55F
330
22
100
AcDbEntity
  8
B.Cu
  6
CONTINUOUS
100
AcDbLine
 10
153.94617199999999
 20
-88.9146459999999905
 30
0
 11
154.0853539999999953
 21
-89.0538279999999958
 31
0
  0
LINE
  5
560
330
22
100
AcDbEntity
  8
B.Cu
  6
CONTINUOUS
100
AcDbLine
 10
154.0853539999999953
 20
-89.0538279999999958
 30
0
 11
154.2445950000000039
 21
-89.1695239999999956
 31
0
  0
LINE
  5
561
330
22
100
AcDbEntity
  8
B.Cu
  6
CONTINUOUS
100
AcDbLine
 10
154.2445950000000039
 20
-89.1695239999999956
 30
0
 11
154.2563240000000064
 21
-89.1754999999999995
 31
0
  0
LINE
  5
562
330
22
100
AcDbEntity
  8
B.Cu
  6
CONTINUOUS
100
AcDbLine
 10
154.2563240000000064
 20
-89.1754999999999995
 30
0
 11
154.4199700000000064
 21
-89.2588819999999998
 31
0
  0
LINE
  5
563
330
22
100
AcDbEntity
  8
B.Cu
  6
CONTINUOUS
100
AcDbLine
 10
154.4199700000000064
 20
-89.2588819999999998
 30
0
 11
154.4199720000000013
 21
-89.2588819999999998
 31
0
  0
LINE
  5
564
330
22
100
AcDbEntity
  8
B.Cu
  6
CONTINUOUS
100
AcDbLine
 10
154.4199720000000013
 20
-89.2588819999999998
 30
0
 11
154.4199749999999938
 21
-89.2588839999999948
 31
0
  0
LINE
  5
565
330
22
100
AcDbEntity
  8
B.Cu
  6
CONTINUOUS
100
AcDbLine
 10
154.4199749999999938
 20
-89.2588839999999948
 30
0
 11
154.5203170000000057
 21
-89.2914869999999894
 31
0
  0
LINE
  5
566
330
22
100
AcDbEntity
  8
B.Cu
  6
CONTINUOUS
100
AcDbLine
 10
154.5203170000000057
 20
-89.2914869999999894
 30
0
 11
154.6071729999999889
 21
-89.3197089999999889
 31
0
  0
LINE
  5
567
330
22
100
AcDbEntity
  8
B.Cu
  6
CONTINUOUS
100
AcDbLine
 10
154.6071729999999889
 20
-89.3197089999999889
 30
0
 11
154.8015780000000063
 21
-89.3504999999999967
 31
0
  0
LINE
  5
568
330
22
100
AcDbEntity
  8
B.Cu
  6
CONTINUOUS
100
AcDbLine
 10
154.8015780000000063
 20
-89.3504999999999967
 30
0
 11
154.8015829999999937
 21
-89.3504999999999967
 31
0
  0
LINE
  5
569
330
22
100
AcDbEntity
  8
B.Cu
  6
CONTINUOUS
100
AcDbLine
 10
154.8015829999999937
 20
-89.3504999999999967
 30
0
 11
154.998422000000005
 21
-89.3504999999999967
 31
0
  0
LINE
  5
56A
330
22
100
AcDbEntity
  8
B.Cu
  6
CONTINUOUS
100
AcDbLine
 10
154.998422000000005
 20
-89.3504999999999967
 30
0
 11
155.1928259999999966
 21
-89.3197089999999889
 31
0
  0
LINE
  5
56B
330
22
100
AcDbEntity
  8
B.Cu
  6
CONTINUOUS
100
AcDbLine
 10
155.1928259999999966
 20
-89.3197089999999889
 30
0
 11
155.3800249999999892
 21
-89.2588839999999948
 31
0
  0
LINE
  5
56C
330
22
100
AcDbEntity
  8
B.Cu
  6
CONTINUOUS
100
AcDbLine
 10
155.3800249999999892
 20
-89.2588839999999948
 30
0
 11
155.5554049999999791
 21
-89.1695239999999956
 31
0
  0
LINE
  5
56D
330
22
100
AcDbEntity
  8
B.Cu
  6
CONTINUOUS
100
AcDbLine
 10
155.5554049999999791
 20
-89.1695239999999956
 30
0
 11
155.7146459999999877
 21
-89.0538279999999958
 31
0
  0
LINE
  5
56E
330
22
100
AcDbEntity
  8
B.Cu
  6
CONTINUOUS
100
AcDbLine
 10
155.7146459999999877
 20
-89.0538279999999958
 30
0
 11
155.8538279999999929
 21
-88.9146459999999905
 31
0
  0
LINE
  5
56F
330
22
100
AcDbEntity
  8
B.Cu
  6
CONTINUOUS
100
AcDbLine
 10
155.8538279999999929
 20
-88.9146459999999905
 30
0
 11
155.9695240000000069
 21
-88.7554049999999961
 31
0
  0
LINE
  5
570
330
22
100
AcDbEntity
  8
B.Cu
  6
CONTINUOUS
100
AcDbLine
 10
155.9695240000000069
 20
-88.7554049999999961
 30
0
 11
156.0588840000000062
 21
-88.580024999999992
 31
0
  0
LINE
  5
571
330
22
100
AcDbEntity
  8
B.Cu
  6
CONTINUOUS
100
AcDbLine
 10
156.0588840000000062
 20
-88.580024999999992
 30
0
 11
156.1197090000000003
 21
-88.3928259999999995
 31
0
  0
LINE
  5
572
330
22
100
AcDbEntity
  8
B.Cu
  6
CONTINUOUS
100
AcDbLine
 10
156.1197090000000003
 20
-88.3928259999999995
 30
0
 11
156.1504999999999939
 21
-88.1984219999999937
 31
0
  0
LINE
  5
573
330
22
100
AcDbEntity
  8
B.Cu
  6
CONTINUOUS
100
AcDbLine
 10
156.1504999999999939
 20
-88.1984219999999937
 30
0
 11
156.1504999999999939
 21
-88.0015769999999975
 31
0
  0
LINE
  5
574
330
22
100
AcDbEntity
  8
B.Cu
  6
CONTINUOUS
100
AcDbLine
 10
156.1504999999999939
 20
-88.0015769999999975
 30
0
 11
156.1197090000000003
 21
-87.8071729999999917
 31
0
  0
LINE
  5
575
330
22
100
AcDbEntity
  8
B.Cu
  6
CONTINUOUS
100
AcDbLine
 10
156.1197090000000003
 20
-87.8071729999999917
 30
0
 11
156.0632789999999943
 21
-87.6335009999999954
 31
0
  0
LINE
  5
576
330
22
100
AcDbEntity
  8
B.Cu
  6
CONTINUOUS
100
AcDbLine
 10
156.0632789999999943
 20
-87.6335009999999954
 30
0
 11
156.0588840000000062
 21
-87.6199749999999966
 31
0
  0
LINE
  5
577
330
22
100
AcDbEntity
  8
B.Cu
  6
CONTINUOUS
100
AcDbLine
 10
156.0588840000000062
 20
-87.6199749999999966
 30
0
 11
156.0588819999999828
 21
-87.61997199999999
 31
0
  0
LINE
  5
578
330
22
100
AcDbEntity
  8
B.Cu
  6
CONTINUOUS
100
AcDbLine
 10
156.0588819999999828
 20
-87.61997199999999
 30
0
 11
156.0588819999999828
 21
-87.619969999999995
 31
0
  0
LINE
  5
579
330
22
100
AcDbEntity
  8
B.Cu
  6
CONTINUOUS
100
AcDbLine
 10
156.0588819999999828
 20
-87.619969999999995
 30
0
 11
156.0117429999999956
 21
-87.5274549999999891
 31
0
  0
LINE
  5
57A
330
22
100
AcDbEntity
  8
B.Cu
  6
CONTINUOUS
100
AcDbLine
 10
156.0117429999999956
 20
-87.5274549999999891
 30
0
 11
155.9695240000000069
 21
-87.4445949999999925
 31
0
  0
LINE
  5
57B
330
22
100
AcDbEntity
  8
B.Cu
  6
CONTINUOUS
100
AcDbLine
 10
155.9695240000000069
 20
-87.4445949999999925
 30
0
 11
155.8538279999999929
 21
-87.2853539999999981
 31
0
  0
LINE
  5
57C
330
22
100
AcDbEntity
  8
B.Cu
  6
CONTINUOUS
100
AcDbLine
 10
155.8538279999999929
 20
-87.2853539999999981
 30
0
 11
155.7146459999999877
 21
-87.1461719999999929
 31
0
  0
LINE
  5
57D
330
22
100
AcDbEntity
  8
B.Cu
  6
CONTINUOUS
100
AcDbLine
 10
155.7146459999999877
 20
-87.1461719999999929
 30
0
 11
155.5554049999999791
 21
-87.0304759999999931
 31
0
  0
LINE
  5
57E
330
22
100
AcDbEntity
  8
B.Cu
  6
CONTINUOUS
100
AcDbLine
 10
155.5554049999999791
 20
-87.0304759999999931
 30
0
 11
155.3800289999999791
 21
-86.9411169999999913
 31
0
  0
LINE
  5
57F
330
22
100
AcDbEntity
  8
B.Cu
  6
CONTINUOUS
100
AcDbLine
 10
155.3800289999999791
 20
-86.9411169999999913
 30
0
 11
155.1928259999999966
 21
-86.8802900000000022
 31
0
  0
LINE
  5
580
330
22
100
AcDbEntity
  8
B.Cu
  6
CONTINUOUS
100
AcDbLine
 10
155.1928259999999966
 20
-86.8802900000000022
 30
0
 11
154.998422000000005
 21
-86.8494999999999919
 31
0
  0
LINE
  5
581
330
22
100
AcDbEntity
  8
B.Cu
  6
CONTINUOUS
100
AcDbLine
 10
154.998422000000005
 20
-86.8494999999999919
 30
0
 11
154.9984169999999892
 21
-86.8494999999999919
 31
0
  0
LINE
  5
582
330
22
100
AcDbEntity
  8
B.Cu
  6
CONTINUOUS
100
AcDbLine
 10
154.9984169999999892
 20
-86.8494999999999919
 30
0
 11
154.8015829999999937
 21
-86.8494999999999919
 31
0
  0
LINE
  5
583
330
22
100
AcDbEntity
  8
B.Cu
  6
CONTINUOUS
100
AcDbLine
 10
154.8015829999999937
 20
-86.8494999999999919
 30
0
 11
154.8015780000000063
 21
-86.8494999999999919
 31
0
  0
LINE
  5
584
330
22
100
AcDbEntity
  8
B.Cu
  6
CONTINUOUS
100
AcDbLine
 10
154.8015780000000063
 20
-86.8494999999999919
 30
0
 11
154.6071729999999889
 21
-86.8802900000000022
 31
0
  0
LINE
  5
585
330
22
100
AcDbEntity
  8
B.Cu
  6
CONTINUOUS
100
AcDbLine
 10
154.6071729999999889
 20
-86.8802900000000022
 30
0
 11
154.4199700000000064
 21
-86.9411169999999913
 31
0
  0
LINE
  5
586
330
22
100
AcDbEntity
  8
B.Cu
  6
CONTINUOUS
100
AcDbLine
 10
154.4199700000000064
 20
-86.9411169999999913
 30
0
 11
154.2445940000000064
 21
-87.0304759999999931
 31
0
  0
LINE
  5
587
330
22
100
AcDbEntity
  8
B.Cu
  6
CONTINUOUS
100
AcDbLine
 10
154.2445940000000064
 20
-87.0304759999999931
 30
0
 11
154.1675869999999975
 21
-87.086426000000003
 31
0
  0
LINE
  5
588
330
22
100
AcDbEntity
  8
B.Cu
  6
CONTINUOUS
100
AcDbLine
 10
154.1675869999999975
 20
-87.086426000000003
 30
0
 11
154.0853539999999953
 21
-87.1461719999999929
 31
0
  0
LINE
  5
589
330
22
100
AcDbEntity
  8
B.Cu
  6
CONTINUOUS
100
AcDbLine
 10
154.0853539999999953
 20
-87.1461719999999929
 30
0
 11
154.0853520000000003
 21
-87.146174000000002
 31
0
  0
LINE
  5
58A
330
22
100
AcDbEntity
  8
B.Cu
  6
CONTINUOUS
100
AcDbLine
 10
154.0853520000000003
 20
-87.146174000000002
 30
0
 11
154.0853510000000028
 21
-87.146174000000002
 31
0
  0
LINE
  5
58B
330
22
100
AcDbEntity
  8
B.Cu
  6
CONTINUOUS
100
AcDbLine
 10
154.0853510000000028
 20
-87.146174000000002
 30
0
 11
153.946173999999985
 21
-87.2853509999999915
 31
0
  0
LINE
  5
58C
330
22
100
AcDbEntity
  8
B.Cu
  6
CONTINUOUS
100
AcDbLine
 10
153.946173999999985
 20
-87.2853509999999915
 30
0
 11
153.946173999999985
 21
-87.2853519999999889
 31
0
  0
LINE
  5
58D
330
22
100
AcDbEntity
  8
B.Cu
  6
CONTINUOUS
100
AcDbLine
 10
153.946173999999985
 20
-87.2853519999999889
 30
0
 11
153.94617199999999
 21
-87.2853539999999981
 31
0
  0
LINE
  5
58E
330
22
100
AcDbEntity
  8
B.Cu
  6
CONTINUOUS
100
AcDbLine
 10
153.94617199999999
 20
-87.2853539999999981
 30
0
 11
153.920158999999984
 21
-87.3211579999999969
 31
0
  0
LINE
  5
58F
330
22
100
AcDbEntity
  8
B.Cu
  6
CONTINUOUS
100
AcDbLine
 10
153.920158999999984
 20
-87.3211579999999969
 30
0
 11
153.9003769999999918
 21
-87.3483859999999908
 31
0
  0
LINE
  5
590
330
22
100
AcDbEntity
  8
B.Cu
  6
CONTINUOUS
100
AcDbLine
 10
153.9003769999999918
 20
-87.3483859999999908
 30
0
 11
153.8450469999999939
 21
-87.3910509999999903
 31
0
  0
LINE
  5
591
330
22
100
AcDbEntity
  8
B.Cu
  6
CONTINUOUS
100
AcDbLine
 10
153.8450469999999939
 20
-87.3910509999999903
 30
0
 11
153.8000590000000045
 21
-87.3994999999999891
 31
0
  0
LINE
  5
592
330
22
100
AcDbEntity
  8
B.Cu
  6
CONTINUOUS
100
AcDbLine
 10
153.8000590000000045
 20
-87.3994999999999891
 30
0
 11
152.4797659999999837
 21
-87.3994999999999891
 31
0
  0
LINE
  5
593
330
22
100
AcDbEntity
  8
B.Cu
  6
CONTINUOUS
100
AcDbLine
 10
152.4797659999999837
 20
-87.3994999999999891
 30
0
 11
152.4127269999999896
 21
-87.3798149999999936
 31
0
  0
LINE
  5
594
330
22
100
AcDbEntity
  8
B.Cu
  6
CONTINUOUS
100
AcDbLine
 10
152.4127269999999896
 20
-87.3798149999999936
 30
0
 11
152.4108750000000043
 21
-87.3786020000000008
 31
0
  0
LINE
  5
595
330
22
100
AcDbEntity
  8
B.Cu
  6
CONTINUOUS
100
AcDbLine
 10
152.4108750000000043
 20
-87.3786020000000008
 30
0
 11
152.279184999999984
 21
-87.2906089999999892
 31
0
  0
LINE
  5
596
330
22
100
AcDbEntity
  8
B.Cu
  6
CONTINUOUS
100
AcDbLine
 10
152.279184999999984
 20
-87.2906089999999892
 30
0
 11
152.2791719999999884
 21
-87.2906019999999927
 31
0
  0
LINE
  5
597
330
22
100
AcDbEntity
  8
B.Cu
  6
CONTINUOUS
100
AcDbLine
 10
152.2791719999999884
 20
-87.2906019999999927
 30
0
 11
152.1335009999999954
 21
-87.2302639999999911
 31
0
  0
LINE
  5
598
330
22
100
AcDbEntity
  8
B.Cu
  6
CONTINUOUS
100
AcDbLine
 10
152.1335009999999954
 20
-87.2302639999999911
 30
0
 11
152.1334889999999973
 21
-87.2302609999999987
 31
0
  0
LINE
  5
599
330
22
100
AcDbEntity
  8
B.Cu
  6
CONTINUOUS
100
AcDbLine
 10
152.1334889999999973
 20
-87.2302609999999987
 30
0
 11
151.9788450000000068
 21
-87.1995000000000005
 31
0
  0
LINE
  5
59A
330
22
100
AcDbEntity
  8
B.Cu
  6
CONTINUOUS
100
AcDbLine
 10
151.9788450000000068
 20
-87.1995000000000005
 30
0
 11
151.978841999999986
 21
-87.1995000000000005
 31
0
  0
LINE
  5
59B
330
22
100
AcDbEntity
  8
B.Cu
  6
CONTINUOUS
100
AcDbLine
 10
151.978841999999986
 20
-87.1995000000000005
 30
0
 11
151.8211579999999969
 21
-87.1995000000000005
 31
0
  0
LINE
  5
59C
330
22
100
AcDbEntity
  8
B.Cu
  6
CONTINUOUS
100
AcDbLine
 10
151.8211579999999969
 20
-87.1995000000000005
 30
0
 11
151.8211550000000045
 21
-87.1995000000000005
 31
0
  0
LINE
  5
59D
330
22
100
AcDbEntity
  8
B.Cu
  6
CONTINUOUS
100
AcDbLine
 10
151.8211550000000045
 20
-87.1995000000000005
 30
0
 11
151.6665099999999882
 21
-87.2302609999999987
 31
0
  0
LINE
  5
59E
330
22
100
AcDbEntity
  8
B.Cu
  6
CONTINUOUS
100
AcDbLine
 10
151.6665099999999882
 20
-87.2302609999999987
 30
0
 11
151.66649799999999
 21
-87.2302639999999911
 31
0
  0
LINE
  5
59F
330
22
100
AcDbEntity
  8
B.Cu
  6
CONTINUOUS
100
AcDbLine
 10
151.66649799999999
 20
-87.2302639999999911
 30
0
 11
151.520826999999997
 21
-87.2906019999999927
 31
0
  0
LINE
  5
5A0
330
22
100
AcDbEntity
  8
B.Cu
  6
CONTINUOUS
100
AcDbLine
 10
151.520826999999997
 20
-87.2906019999999927
 30
0
 11
151.5208140000000014
 21
-87.2906089999999892
 31
0
  0
LINE
  5
5A1
330
22
100
AcDbEntity
  8
B.Cu
  6
CONTINUOUS
100
AcDbLine
 10
151.5208140000000014
 20
-87.2906089999999892
 30
0
 11
151.3897110000000055
 21
-87.3782099999999957
 31
0
  0
LINE
  5
5A2
330
22
100
AcDbEntity
  8
B.Cu
  6
CONTINUOUS
100
AcDbLine
 10
151.3897110000000055
 20
-87.3782099999999957
 30
0
 11
151.3897069999999871
 21
-87.3782130000000024
 31
0
  0
LINE
  5
5A3
330
22
100
AcDbEntity
  8
B.Cu
  6
CONTINUOUS
100
AcDbLine
 10
151.3897069999999871
 20
-87.3782130000000024
 30
0
 11
151.2782129999999938
 21
-87.4897069999999957
 31
0
  0
LINE
  5
5A4
330
22
100
AcDbEntity
  8
B.Cu
  6
CONTINUOUS
100
AcDbLine
 10
151.2782129999999938
 20
-87.4897069999999957
 30
0
 11
151.2782100000000014
 21
-87.4897109999999998
 31
0
  0
LINE
  5
5A5
330
22
100
AcDbEntity
  8
B.Cu
  6
CONTINUOUS
100
AcDbLine
 10
151.2782100000000014
 20
-87.4897109999999998
 30
0
 11
151.1906089999999949
 21
-87.6208139999999958
 31
0
  0
LINE
  5
5A6
330
22
100
AcDbEntity
  8
B.Cu
  6
CONTINUOUS
100
AcDbLine
 10
151.1906089999999949
 20
-87.6208139999999958
 30
0
 11
151.1906019999999842
 21
-87.6208269999999914
 31
0
  0
LINE
  5
5A7
330
22
100
AcDbEntity
  8
B.Cu
  6
CONTINUOUS
100
AcDbLine
 10
151.1906019999999842
 20
-87.6208269999999914
 30
0
 11
151.1302639999999826
 21
-87.7664979999999986
 31
0
  0
LINE
  5
5A8
330
22
100
AcDbEntity
  8
B.Cu
  6
CONTINUOUS
100
AcDbLine
 10
151.1302639999999826
 20
-87.7664979999999986
 30
0
 11
151.1302609999999902
 21
-87.7665099999999967
 31
0
  0
LINE
  5
5A9
330
22
100
AcDbEntity
  8
B.Cu
  6
CONTINUOUS
100
AcDbLine
 10
151.1302609999999902
 20
-87.7665099999999967
 30
0
 11
151.0995000000000061
 21
-87.9211529999999897
 31
0
  0
LINE
  5
5AA
330
22
100
AcDbEntity
  8
B.Cu
  6
CONTINUOUS
100
AcDbLine
 10
151.0995000000000061
 20
-87.9211529999999897
 30
0
 11
151.0995000000000061
 21
-88.0788459999999986
 31
0
  0
LINE
  5
5AB
330
22
100
AcDbEntity
  8
B.Cu
  6
CONTINUOUS
100
AcDbLine
 10
162.7245000000000061
 20
-88.0925139999999942
 30
0
 11
162.7268219999999985
 21
-88.1071730000000031
 31
0
  0
LINE
  5
5AC
330
22
100
AcDbEntity
  8
B.Cu
  6
CONTINUOUS
100
AcDbLine
 10
162.7268219999999985
 20
-88.1071730000000031
 30
0
 11
162.7534449999999993
 21
-88.2752649999999903
 31
0
  0
LINE
  5
5AD
330
22
100
AcDbEntity
  8
B.Cu
  6
CONTINUOUS
100
AcDbLine
 10
162.7534449999999993
 20
-88.2752649999999903
 30
0
 11
162.8106190000000026
 21
-88.4512319999999903
 31
0
  0
LINE
  5
5AE
330
22
100
AcDbEntity
  8
B.Cu
  6
CONTINUOUS
100
AcDbLine
 10
162.8106190000000026
 20
-88.4512319999999903
 30
0
 11
162.8106200000000001
 21
-88.4512349999999969
 31
0
  0
LINE
  5
5AF
330
22
100
AcDbEntity
  8
B.Cu
  6
CONTINUOUS
100
AcDbLine
 10
162.8106200000000001
 20
-88.4512349999999969
 30
0
 11
162.8762429999999881
 21
-88.580024999999992
 31
0
  0
LINE
  5
5B0
330
22
100
AcDbEntity
  8
B.Cu
  6
CONTINUOUS
100
AcDbLine
 10
162.8762429999999881
 20
-88.580024999999992
 30
0
 11
162.8946219999999983
 21
-88.6160959999999989
 31
0
  0
LINE
  5
5B1
330
22
100
AcDbEntity
  8
B.Cu
  6
CONTINUOUS
100
AcDbLine
 10
162.8946219999999983
 20
-88.6160959999999989
 30
0
 11
162.9788399999999911
 21
-88.7320119999999974
 31
0
  0
LINE
  5
5B2
330
22
100
AcDbEntity
  8
B.Cu
  6
CONTINUOUS
100
AcDbLine
 10
162.9788399999999911
 20
-88.7320119999999974
 30
0
 11
163.0023199999999974
 21
-88.7978169999999949
 31
0
  0
LINE
  5
5B3
330
22
100
AcDbEntity
  8
B.Cu
  6
CONTINUOUS
100
AcDbLine
 10
163.0023199999999974
 20
-88.7978169999999949
 30
0
 11
162.9864949999999908
 21
-88.8658709999999985
 31
0
  0
LINE
  5
5B4
330
22
100
AcDbEntity
  8
B.Cu
  6
CONTINUOUS
100
AcDbLine
 10
162.9864949999999908
 20
-88.8658709999999985
 30
0
 11
162.9528329999999983
 21
-88.9041639999999944
 31
0
  0
LINE
  5
5B5
330
22
100
AcDbEntity
  8
B.Cu
  6
CONTINUOUS
100
AcDbLine
 10
162.9528329999999983
 20
-88.9041639999999944
 30
0
 11
162.8678089999999941
 21
-88.9678129999999925
 31
0
  0
LINE
  5
5B6
330
22
100
AcDbEntity
  8
B.Cu
  6
CONTINUOUS
100
AcDbLine
 10
162.8678089999999941
 20
-88.9678129999999925
 30
0
 11
162.7816489999999874
 21
-89.0829059999999942
 31
0
  0
LINE
  5
5B7
330
22
100
AcDbEntity
  8
B.Cu
  6
CONTINUOUS
100
AcDbLine
 10
162.7816489999999874
 20
-89.0829059999999942
 30
0
 11
162.7816449999999975
 21
-89.0829129999999907
 31
0
  0
LINE
  5
5B8
330
22
100
AcDbEntity
  8
B.Cu
  6
CONTINUOUS
100
AcDbLine
 10
162.7816449999999975
 20
-89.0829129999999907
 30
0
 11
162.7314030000000002
 21
-89.2176199999999966
 31
0
  0
LINE
  5
5B9
330
22
100
AcDbEntity
  8
B.Cu
  6
CONTINUOUS
100
AcDbLine
 10
162.7314030000000002
 20
-89.2176199999999966
 30
0
 11
162.7314010000000053
 21
-89.2176269999999931
 31
0
  0
LINE
  5
5BA
330
22
100
AcDbEntity
  8
B.Cu
  6
CONTINUOUS
100
AcDbLine
 10
162.7314010000000053
 20
-89.2176269999999931
 30
0
 11
162.7249999999999943
 21
-89.2771549999999934
 31
0
  0
LINE
  5
5BB
330
22
100
AcDbEntity
  8
B.Cu
  6
CONTINUOUS
100
AcDbLine
 10
162.7249999999999943
 20
-89.2771549999999934
 30
0
 11
162.7249999999999943
 21
-89.75
 31
0
  0
LINE
  5
5BC
330
22
100
AcDbEntity
  8
B.Cu
  6
CONTINUOUS
100
AcDbLine
 10
162.7249999999999943
 20
-89.75
 30
0
 11
163.2249999999999943
 21
-89.75
 31
0
  0
LINE
  5
5BD
330
22
100
AcDbEntity
  8
B.Cu
  6
CONTINUOUS
100
AcDbLine
 10
163.2249999999999943
 20
-89.75
 30
0
 11
163.2249999999999943
 21
-89.3250000000000028
 31
0
  0
LINE
  5
5BE
330
22
100
AcDbEntity
  8
B.Cu
  6
CONTINUOUS
100
AcDbLine
 10
163.2249999999999943
 20
-89.3250000000000028
 30
0
 11
164.5749999999999886
 21
-89.3250000000000028
 31
0
  0
LINE
  5
5BF
330
22
100
AcDbEntity
  8
B.Cu
  6
CONTINUOUS
100
AcDbLine
 10
164.5749999999999886
 20
-89.3250000000000028
 30
0
 11
164.5749999999999886
 21
-89.75
 31
0
  0
LINE
  5
5C0
330
22
100
AcDbEntity
  8
B.Cu
  6
CONTINUOUS
100
AcDbLine
 10
164.5749999999999886
 20
-89.75
 30
0
 11
165.0749999999999886
 21
-89.75
 31
0
  0
LINE
  5
5C1
330
22
100
AcDbEntity
  8
B.Cu
  6
CONTINUOUS
100
AcDbLine
 10
165.0749999999999886
 20
-89.75
 30
0
 11
165.0749999999999886
 21
-89.2771719999999931
 31
0
  0
LINE
  5
5C2
330
22
100
AcDbEntity
  8
B.Cu
  6
CONTINUOUS
100
AcDbLine
 10
165.0749999999999886
 20
-89.2771719999999931
 30
0
 11
165.0749989999999912
 21
-89.2771549999999934
 31
0
  0
LINE
  5
5C3
330
22
100
AcDbEntity
  8
B.Cu
  6
CONTINUOUS
100
AcDbLine
 10
165.0749989999999912
 20
-89.2771549999999934
 30
0
 11
165.0685979999999802
 21
-89.2176269999999931
 31
0
  0
LINE
  5
5C4
330
22
100
AcDbEntity
  8
B.Cu
  6
CONTINUOUS
100
AcDbLine
 10
165.0685979999999802
 20
-89.2176269999999931
 30
0
 11
165.0685959999999852
 21
-89.2176199999999966
 31
0
  0
LINE
  5
5C5
330
22
100
AcDbEntity
  8
B.Cu
  6
CONTINUOUS
100
AcDbLine
 10
165.0685959999999852
 20
-89.2176199999999966
 30
0
 11
165.018353999999988
 21
-89.0829129999999907
 31
0
  0
LINE
  5
5C6
330
22
100
AcDbEntity
  8
B.Cu
  6
CONTINUOUS
100
AcDbLine
 10
165.018353999999988
 20
-89.0829129999999907
 30
0
 11
165.0183499999999981
 21
-89.0829059999999942
 31
0
  0
LINE
  5
5C7
330
22
100
AcDbEntity
  8
B.Cu
  6
CONTINUOUS
100
AcDbLine
 10
165.0183499999999981
 20
-89.0829059999999942
 30
0
 11
164.9321899999999914
 21
-88.967811999999995
 31
0
  0
LINE
  5
5C8
330
22
100
AcDbEntity
  8
B.Cu
  6
CONTINUOUS
100
AcDbLine
 10
164.9321899999999914
 20
-88.967811999999995
 30
0
 11
164.8471659999999872
 21
-88.9041619999999995
 31
0
  0
LINE
  5
5C9
330
22
100
AcDbEntity
  8
B.Cu
  6
CONTINUOUS
100
AcDbLine
 10
164.8471659999999872
 20
-88.9041619999999995
 30
0
 11
164.8052959999999985
 21
-88.8482279999999918
 31
0
  0
LINE
  5
5CA
330
22
100
AcDbEntity
  8
B.Cu
  6
CONTINUOUS
100
AcDbLine
 10
164.8052959999999985
 20
-88.8482279999999918
 30
0
 11
164.800311999999991
 21
-88.7785360000000026
 31
0
  0
LINE
  5
5CB
330
22
100
AcDbEntity
  8
B.Cu
  6
CONTINUOUS
100
AcDbLine
 10
164.800311999999991
 20
-88.7785360000000026
 30
0
 11
164.8211569999999995
 21
-88.7320149999999899
 31
0
  0
LINE
  5
5CC
330
22
100
AcDbEntity
  8
B.Cu
  6
CONTINUOUS
100
AcDbLine
 10
164.8211569999999995
 20
-88.7320149999999899
 30
0
 11
164.9053779999999847
 21
-88.6160959999999989
 31
0
  0
LINE
  5
5CD
330
22
100
AcDbEntity
  8
B.Cu
  6
CONTINUOUS
100
AcDbLine
 10
164.9053779999999847
 20
-88.6160959999999989
 30
0
 11
164.9893789999999854
 21
-88.4512349999999969
 31
0
  0
LINE
  5
5CE
330
22
100
AcDbEntity
  8
B.Cu
  6
CONTINUOUS
100
AcDbLine
 10
164.9893789999999854
 20
-88.4512349999999969
 30
0
 11
165.0465549999999837
 21
-88.2752639999999928
 31
0
  0
LINE
  5
5CF
330
22
100
AcDbEntity
  8
B.Cu
  6
CONTINUOUS
100
AcDbLine
 10
165.0465549999999837
 20
-88.2752639999999928
 30
0
 11
165.0755000000000052
 21
-88.0925139999999942
 31
0
  0
LINE
  5
5D0
330
22
100
AcDbEntity
  8
B.Cu
  6
CONTINUOUS
100
AcDbLine
 10
165.0755000000000052
 20
-88.0925139999999942
 30
0
 11
165.0755000000000052
 21
-87.9074859999999916
 31
0
  0
LINE
  5
5D1
330
22
100
AcDbEntity
  8
B.Cu
  6
CONTINUOUS
100
AcDbLine
 10
165.0755000000000052
 20
-87.9074859999999916
 30
0
 11
165.0465549999999837
 21
-87.7247359999999929
 31
0
  0
LINE
  5
5D2
330
22
100
AcDbEntity
  8
B.Cu
  6
CONTINUOUS
100
AcDbLine
 10
165.0465549999999837
 20
-87.7247359999999929
 30
0
 11
165.0125149999999792
 21
-87.619969999999995
 31
0
  0
LINE
  5
5D3
330
22
100
AcDbEntity
  8
B.Cu
  6
CONTINUOUS
100
AcDbLine
 10
165.0125149999999792
 20
-87.619969999999995
 30
0
 11
164.9893799999999828
 21
-87.548766999999998
 31
0
  0
LINE
  5
5D4
330
22
100
AcDbEntity
  8
B.Cu
  6
CONTINUOUS
100
AcDbLine
 10
164.9893799999999828
 20
-87.548766999999998
 30
0
 11
164.9893789999999854
 21
-87.5487639999999914
 31
0
  0
LINE
  5
5D5
330
22
100
AcDbEntity
  8
B.Cu
  6
CONTINUOUS
100
AcDbLine
 10
164.9893789999999854
 20
-87.5487639999999914
 30
0
 11
164.9155370000000005
 21
-87.4038419999999974
 31
0
  0
LINE
  5
5D6
330
22
100
AcDbEntity
  8
B.Cu
  6
CONTINUOUS
100
AcDbLine
 10
164.9155370000000005
 20
-87.4038419999999974
 30
0
 11
164.9053779999999847
 21
-87.3839040000000011
 31
0
  0
LINE
  5
5D7
330
22
100
AcDbEntity
  8
B.Cu
  6
CONTINUOUS
100
AcDbLine
 10
164.9053779999999847
 20
-87.3839040000000011
 30
0
 11
164.7966209999999876
 21
-87.2342129999999969
 31
0
  0
LINE
  5
5D8
330
22
100
AcDbEntity
  8
B.Cu
  6
CONTINUOUS
100
AcDbLine
 10
164.7966209999999876
 20
-87.2342129999999969
 30
0
 11
164.6657869999999946
 21
-87.1033789999999897
 31
0
  0
LINE
  5
5D9
330
22
100
AcDbEntity
  8
B.Cu
  6
CONTINUOUS
100
AcDbLine
 10
164.6657869999999946
 20
-87.1033789999999897
 30
0
 11
164.5160960000000046
 21
-86.9946219999999926
 31
0
  0
LINE
  5
5DA
330
22
100
AcDbEntity
  8
B.Cu
  6
CONTINUOUS
100
AcDbLine
 10
164.5160960000000046
 20
-86.9946219999999926
 30
0
 11
164.5128679999999974
 21
-86.9929769999999962
 31
0
  0
LINE
  5
5DB
330
22
100
AcDbEntity
  8
B.Cu
  6
CONTINUOUS
100
AcDbLine
 10
164.5128679999999974
 20
-86.9929769999999962
 30
0
 11
164.3512350000000026
 21
-86.9106199999999944
 31
0
  0
LINE
  5
5DC
330
22
100
AcDbEntity
  8
B.Cu
  6
CONTINUOUS
100
AcDbLine
 10
164.3512350000000026
 20
-86.9106199999999944
 30
0
 11
164.3512319999999818
 21
-86.910618999999997
 31
0
  0
LINE
  5
5DD
330
22
100
AcDbEntity
  8
B.Cu
  6
CONTINUOUS
100
AcDbLine
 10
164.3512319999999818
 20
-86.910618999999997
 30
0
 11
164.175264999999996
 21
-86.8534449999999936
 31
0
  0
LINE
  5
5DE
330
22
100
AcDbEntity
  8
B.Cu
  6
CONTINUOUS
100
AcDbLine
 10
164.175264999999996
 20
-86.8534449999999936
 30
0
 11
164.0838889999999992
 21
-86.8389719999999983
 31
0
  0
LINE
  5
5DF
330
22
100
AcDbEntity
  8
B.Cu
  6
CONTINUOUS
100
AcDbLine
 10
164.0838889999999992
 20
-86.8389719999999983
 30
0
 11
163.9925139999999999
 21
-86.8245000000000005
 31
0
  0
LINE
  5
5E0
330
22
100
AcDbEntity
  8
B.Cu
  6
CONTINUOUS
100
AcDbLine
 10
163.9925139999999999
 20
-86.8245000000000005
 30
0
 11
163.8074859999999831
 21
-86.8245000000000005
 31
0
  0
LINE
  5
5E1
330
22
100
AcDbEntity
  8
B.Cu
  6
CONTINUOUS
100
AcDbLine
 10
163.8074859999999831
 20
-86.8245000000000005
 30
0
 11
163.7465689999999938
 21
-86.834147999999999
 31
0
  0
LINE
  5
5E2
330
22
100
AcDbEntity
  8
B.Cu
  6
CONTINUOUS
100
AcDbLine
 10
163.7465689999999938
 20
-86.834147999999999
 30
0
 11
163.6247339999999895
 21
-86.8534449999999936
 31
0
  0
LINE
  5
5E3
330
22
100
AcDbEntity
  8
B.Cu
  6
CONTINUOUS
100
AcDbLine
 10
163.6247339999999895
 20
-86.8534449999999936
 30
0
 11
163.4487670000000037
 21
-86.910618999999997
 31
0
  0
LINE
  5
5E4
330
22
100
AcDbEntity
  8
B.Cu
  6
CONTINUOUS
100
AcDbLine
 10
163.4487670000000037
 20
-86.910618999999997
 30
0
 11
163.4487639999999828
 21
-86.9106199999999944
 31
0
  0
LINE
  5
5E5
330
22
100
AcDbEntity
  8
B.Cu
  6
CONTINUOUS
100
AcDbLine
 10
163.4487639999999828
 20
-86.9106199999999944
 30
0
 11
163.2839029999999809
 21
-86.9946219999999926
 31
0
  0
LINE
  5
5E6
330
22
100
AcDbEntity
  8
B.Cu
  6
CONTINUOUS
100
AcDbLine
 10
163.2839029999999809
 20
-86.9946219999999926
 30
0
 11
163.2425969999999893
 21
-87.0246329999999944
 31
0
  0
LINE
  5
5E7
330
22
100
AcDbEntity
  8
B.Cu
  6
CONTINUOUS
100
AcDbLine
 10
163.2425969999999893
 20
-87.0246329999999944
 30
0
 11
163.1342129999999884
 21
-87.1033789999999897
 31
0
  0
LINE
  5
5E8
330
22
100
AcDbEntity
  8
B.Cu
  6
CONTINUOUS
100
AcDbLine
 10
163.1342129999999884
 20
-87.1033789999999897
 30
0
 11
163.1342109999999934
 21
-87.1033809999999988
 31
0
  0
LINE
  5
5E9
330
22
100
AcDbEntity
  8
B.Cu
  6
CONTINUOUS
100
AcDbLine
 10
163.1342109999999934
 20
-87.1033809999999988
 30
0
 11
163.1342099999999959
 21
-87.1033809999999988
 31
0
  0
LINE
  5
5EA
330
22
100
AcDbEntity
  8
B.Cu
  6
CONTINUOUS
100
AcDbLine
 10
163.1342099999999959
 20
-87.1033809999999988
 30
0
 11
163.0033809999999903
 21
-87.2342099999999903
 31
0
  0
LINE
  5
5EB
330
22
100
AcDbEntity
  8
B.Cu
  6
CONTINUOUS
100
AcDbLine
 10
163.0033809999999903
 20
-87.2342099999999903
 30
0
 11
163.0033809999999903
 21
-87.2342110000000019
 31
0
  0
LINE
  5
5EC
330
22
100
AcDbEntity
  8
B.Cu
  6
CONTINUOUS
100
AcDbLine
 10
163.0033809999999903
 20
-87.2342110000000019
 30
0
 11
163.0033789999999954
 21
-87.2342129999999969
 31
0
  0
LINE
  5
5ED
330
22
100
AcDbEntity
  8
B.Cu
  6
CONTINUOUS
100
AcDbLine
 10
163.0033789999999954
 20
-87.2342129999999969
 30
0
 11
162.9662249999999801
 21
-87.2853509999999915
 31
0
  0
LINE
  5
5EE
330
22
100
AcDbEntity
  8
B.Cu
  6
CONTINUOUS
100
AcDbLine
 10
162.9662249999999801
 20
-87.2853509999999915
 30
0
 11
162.8946219999999983
 21
-87.3839029999999894
 31
0
  0
LINE
  5
5EF
330
22
100
AcDbEntity
  8
B.Cu
  6
CONTINUOUS
100
AcDbLine
 10
162.8946219999999983
 20
-87.3839029999999894
 30
0
 11
162.8106200000000001
 21
-87.5487639999999914
 31
0
  0
LINE
  5
5F0
330
22
100
AcDbEntity
  8
B.Cu
  6
CONTINUOUS
100
AcDbLine
 10
162.8106200000000001
 20
-87.5487639999999914
 30
0
 11
162.8106190000000026
 21
-87.548766999999998
 31
0
  0
LINE
  5
5F1
330
22
100
AcDbEntity
  8
B.Cu
  6
CONTINUOUS
100
AcDbLine
 10
162.8106190000000026
 20
-87.548766999999998
 30
0
 11
162.7534449999999993
 21
-87.724733999999998
 31
0
  0
LINE
  5
5F2
330
22
100
AcDbEntity
  8
B.Cu
  6
CONTINUOUS
100
AcDbLine
 10
162.7534449999999993
 20
-87.724733999999998
 30
0
 11
162.7342109999999877
 21
-87.8461750000000023
 31
0
  0
LINE
  5
5F3
330
22
100
AcDbEntity
  8
B.Cu
  6
CONTINUOUS
100
AcDbLine
 10
162.7342109999999877
 20
-87.8461750000000023
 30
0
 11
162.7245000000000061
 21
-87.9074859999999916
 31
0
  0
LINE
  5
5F4
330
22
100
AcDbEntity
  8
B.Cu
  6
CONTINUOUS
100
AcDbLine
 10
162.7245000000000061
 20
-87.9074859999999916
 30
0
 11
162.7245000000000061
 21
-88.0925139999999942
 31
0
  0
LINE
  5
5F5
330
22
100
AcDbEntity
  8
B.Cu
  6
CONTINUOUS
100
AcDbLine
 10
165.7245000000000061
 20
-88.0925139999999942
 30
0
 11
165.7268219999999985
 21
-88.1071730000000031
 31
0
  0
LINE
  5
5F6
330
22
100
AcDbEntity
  8
B.Cu
  6
CONTINUOUS
100
AcDbLine
 10
165.7268219999999985
 20
-88.1071730000000031
 30
0
 11
165.7534449999999993
 21
-88.2752649999999903
 31
0
  0
LINE
  5
5F7
330
22
100
AcDbEntity
  8
B.Cu
  6
CONTINUOUS
100
AcDbLine
 10
165.7534449999999993
 20
-88.2752649999999903
 30
0
 11
165.8106190000000026
 21
-88.4512319999999903
 31
0
  0
LINE
  5
5F8
330
22
100
AcDbEntity
  8
B.Cu
  6
CONTINUOUS
100
AcDbLine
 10
165.8106190000000026
 20
-88.4512319999999903
 30
0
 11
165.8106200000000001
 21
-88.4512349999999969
 31
0
  0
LINE
  5
5F9
330
22
100
AcDbEntity
  8
B.Cu
  6
CONTINUOUS
100
AcDbLine
 10
165.8106200000000001
 20
-88.4512349999999969
 30
0
 11
165.8762429999999881
 21
-88.580024999999992
 31
0
  0
LINE
  5
5FA
330
22
100
AcDbEntity
  8
B.Cu
  6
CONTINUOUS
100
AcDbLine
 10
165.8762429999999881
 20
-88.580024999999992
 30
0
 11
165.8946219999999983
 21
-88.6160959999999989
 31
0
  0
LINE
  5
5FB
330
22
100
AcDbEntity
  8
B.Cu
  6
CONTINUOUS
100
AcDbLine
 10
165.8946219999999983
 20
-88.6160959999999989
 30
0
 11
165.9788399999999911
 21
-88.7320119999999974
 31
0
  0
LINE
  5
5FC
330
22
100
AcDbEntity
  8
B.Cu
  6
CONTINUOUS
100
AcDbLine
 10
165.9788399999999911
 20
-88.7320119999999974
 30
0
 11
166.0023199999999974
 21
-88.7978169999999949
 31
0
  0
LINE
  5
5FD
330
22
100
AcDbEntity
  8
B.Cu
  6
CONTINUOUS
100
AcDbLine
 10
166.0023199999999974
 20
-88.7978169999999949
 30
0
 11
165.9864949999999908
 21
-88.8658709999999985
 31
0
  0
LINE
  5
5FE
330
22
100
AcDbEntity
  8
B.Cu
  6
CONTINUOUS
100
AcDbLine
 10
165.9864949999999908
 20
-88.8658709999999985
 30
0
 11
165.9528329999999983
 21
-88.9041639999999944
 31
0
  0
LINE
  5
5FF
330
22
100
AcDbEntity
  8
B.Cu
  6
CONTINUOUS
100
AcDbLine
 10
165.9528329999999983
 20
-88.9041639999999944
 30
0
 11
165.8678089999999941
 21
-88.9678129999999925
 31
0
  0
LINE
  5
600
330
22
100
AcDbEntity
  8
B.Cu
  6
CONTINUOUS
100
AcDbLine
 10
165.8678089999999941
 20
-88.9678129999999925
 30
0
 11
165.7816489999999874
 21
-89.0829059999999942
 31
0
  0
LINE
  5
601
330
22
100
AcDbEntity
  8
B.Cu
  6
CONTINUOUS
100
AcDbLine
 10
165.7816489999999874
 20
-89.0829059999999942
 30
0
 11
165.7816449999999975
 21
-89.0829129999999907
 31
0
  0
LINE
  5
602
330
22
100
AcDbEntity
  8
B.Cu
  6
CONTINUOUS
100
AcDbLine
 10
165.7816449999999975
 20
-89.0829129999999907
 30
0
 11
165.7314030000000002
 21
-89.2176199999999966
 31
0
  0
LINE
  5
603
330
22
100
AcDbEntity
  8
B.Cu
  6
CONTINUOUS
100
AcDbLine
 10
165.7314030000000002
 20
-89.2176199999999966
 30
0
 11
165.7314010000000053
 21
-89.2176269999999931
 31
0
  0
LINE
  5
604
330
22
100
AcDbEntity
  8
B.Cu
  6
CONTINUOUS
100
AcDbLine
 10
165.7314010000000053
 20
-89.2176269999999931
 30
0
 11
165.7249999999999943
 21
-89.2771549999999934
 31
0
  0
LINE
  5
605
330
22
100
AcDbEntity
  8
B.Cu
  6
CONTINUOUS
100
AcDbLine
 10
165.7249999999999943
 20
-89.2771549999999934
 30
0
 11
165.7249999999999943
 21
-89.75
 31
0
  0
LINE
  5
606
330
22
100
AcDbEntity
  8
B.Cu
  6
CONTINUOUS
100
AcDbLine
 10
165.7249999999999943
 20
-89.75
 30
0
 11
166.2249999999999943
 21
-89.75
 31
0
  0
LINE
  5
607
330
22
100
AcDbEntity
  8
B.Cu
  6
CONTINUOUS
100
AcDbLine
 10
166.2249999999999943
 20
-89.75
 30
0
 11
166.2249999999999943
 21
-89.3250000000000028
 31
0
  0
LINE
  5
608
330
22
100
AcDbEntity
  8
B.Cu
  6
CONTINUOUS
100
AcDbLine
 10
166.2249999999999943
 20
-89.3250000000000028
 30
0
 11
167.5749999999999886
 21
-89.3250000000000028
 31
0
  0
LINE
  5
609
330
22
100
AcDbEntity
  8
B.Cu
  6
CONTINUOUS
100
AcDbLine
 10
167.5749999999999886
 20
-89.3250000000000028
 30
0
 11
167.5749999999999886
 21
-89.75
 31
0
  0
LINE
  5
60A
330
22
100
AcDbEntity
  8
B.Cu
  6
CONTINUOUS
100
AcDbLine
 10
167.5749999999999886
 20
-89.75
 30
0
 11
168.0749999999999886
 21
-89.75
 31
0
  0
LINE
  5
60B
330
22
100
AcDbEntity
  8
B.Cu
  6
CONTINUOUS
100
AcDbLine
 10
168.0749999999999886
 20
-89.75
 30
0
 11
168.0749999999999886
 21
-89.2771719999999931
 31
0
  0
LINE
  5
60C
330
22
100
AcDbEntity
  8
B.Cu
  6
CONTINUOUS
100
AcDbLine
 10
168.0749999999999886
 20
-89.2771719999999931
 30
0
 11
168.0749989999999912
 21
-89.2771549999999934
 31
0
  0
LINE
  5
60D
330
22
100
AcDbEntity
  8
B.Cu
  6
CONTINUOUS
100
AcDbLine
 10
168.0749989999999912
 20
-89.2771549999999934
 30
0
 11
168.0685979999999802
 21
-89.2176269999999931
 31
0
  0
LINE
  5
60E
330
22
100
AcDbEntity
  8
B.Cu
  6
CONTINUOUS
100
AcDbLine
 10
168.0685979999999802
 20
-89.2176269999999931
 30
0
 11
168.0685959999999852
 21
-89.2176199999999966
 31
0
  0
LINE
  5
60F
330
22
100
AcDbEntity
  8
B.Cu
  6
CONTINUOUS
100
AcDbLine
 10
168.0685959999999852
 20
-89.2176199999999966
 30
0
 11
168.018353999999988
 21
-89.0829129999999907
 31
0
  0
LINE
  5
610
330
22
100
AcDbEntity
  8
B.Cu
  6
CONTINUOUS
100
AcDbLine
 10
168.018353999999988
 20
-89.0829129999999907
 30
0
 11
168.0183499999999981
 21
-89.0829059999999942
 31
0
  0
LINE
  5
611
330
22
100
AcDbEntity
  8
B.Cu
  6
CONTINUOUS
100
AcDbLine
 10
168.0183499999999981
 20
-89.0829059999999942
 30
0
 11
167.9321899999999914
 21
-88.967811999999995
 31
0
  0
LINE
  5
612
330
22
100
AcDbEntity
  8
B.Cu
  6
CONTINUOUS
100
AcDbLine
 10
167.9321899999999914
 20
-88.967811999999995
 30
0
 11
167.8471659999999872
 21
-88.9041619999999995
 31
0
  0
LINE
  5
613
330
22
100
AcDbEntity
  8
B.Cu
  6
CONTINUOUS
100
AcDbLine
 10
167.8471659999999872
 20
-88.9041619999999995
 30
0
 11
167.8052959999999985
 21
-88.8482279999999918
 31
0
  0
LINE
  5
614
330
22
100
AcDbEntity
  8
B.Cu
  6
CONTINUOUS
100
AcDbLine
 10
167.8052959999999985
 20
-88.8482279999999918
 30
0
 11
167.800311999999991
 21
-88.7785360000000026
 31
0
  0
LINE
  5
615
330
22
100
AcDbEntity
  8
B.Cu
  6
CONTINUOUS
100
AcDbLine
 10
167.800311999999991
 20
-88.7785360000000026
 30
0
 11
167.8211569999999995
 21
-88.7320149999999899
 31
0
  0
LINE
  5
616
330
22
100
AcDbEntity
  8
B.Cu
  6
CONTINUOUS
100
AcDbLine
 10
167.8211569999999995
 20
-88.7320149999999899
 30
0
 11
167.9053779999999847
 21
-88.6160959999999989
 31
0
  0
LINE
  5
617
330
22
100
AcDbEntity
  8
B.Cu
  6
CONTINUOUS
100
AcDbLine
 10
167.9053779999999847
 20
-88.6160959999999989
 30
0
 11
167.9893789999999854
 21
-88.4512349999999969
 31
0
  0
LINE
  5
618
330
22
100
AcDbEntity
  8
B.Cu
  6
CONTINUOUS
100
AcDbLine
 10
167.9893789999999854
 20
-88.4512349999999969
 30
0
 11
168.0465549999999837
 21
-88.2752639999999928
 31
0
  0
LINE
  5
619
330
22
100
AcDbEntity
  8
B.Cu
  6
CONTINUOUS
100
AcDbLine
 10
168.0465549999999837
 20
-88.2752639999999928
 30
0
 11
168.0755000000000052
 21
-88.0925139999999942
 31
0
  0
LINE
  5
61A
330
22
100
AcDbEntity
  8
B.Cu
  6
CONTINUOUS
100
AcDbLine
 10
168.0755000000000052
 20
-88.0925139999999942
 30
0
 11
168.0755000000000052
 21
-87.9074859999999916
 31
0
  0
LINE
  5
61B
330
22
100
AcDbEntity
  8
B.Cu
  6
CONTINUOUS
100
AcDbLine
 10
168.0755000000000052
 20
-87.9074859999999916
 30
0
 11
168.0465549999999837
 21
-87.7247359999999929
 31
0
  0
LINE
  5
61C
330
22
100
AcDbEntity
  8
B.Cu
  6
CONTINUOUS
100
AcDbLine
 10
168.0465549999999837
 20
-87.7247359999999929
 30
0
 11
168.0125149999999792
 21
-87.619969999999995
 31
0
  0
LINE
  5
61D
330
22
100
AcDbEntity
  8
B.Cu
  6
CONTINUOUS
100
AcDbLine
 10
168.0125149999999792
 20
-87.619969999999995
 30
0
 11
167.9893799999999828
 21
-87.548766999999998
 31
0
  0
LINE
  5
61E
330
22
100
AcDbEntity
  8
B.Cu
  6
CONTINUOUS
100
AcDbLine
 10
167.9893799999999828
 20
-87.548766999999998
 30
0
 11
167.9893789999999854
 21
-87.5487639999999914
 31
0
  0
LINE
  5
61F
330
22
100
AcDbEntity
  8
B.Cu
  6
CONTINUOUS
100
AcDbLine
 10
167.9893789999999854
 20
-87.5487639999999914
 30
0
 11
167.9155370000000005
 21
-87.4038419999999974
 31
0
  0
LINE
  5
620
330
22
100
AcDbEntity
  8
B.Cu
  6
CONTINUOUS
100
AcDbLine
 10
167.9155370000000005
 20
-87.4038419999999974
 30
0
 11
167.9053779999999847
 21
-87.3839040000000011
 31
0
  0
LINE
  5
621
330
22
100
AcDbEntity
  8
B.Cu
  6
CONTINUOUS
100
AcDbLine
 10
167.9053779999999847
 20
-87.3839040000000011
 30
0
 11
167.7966209999999876
 21
-87.2342129999999969
 31
0
  0
LINE
  5
622
330
22
100
AcDbEntity
  8
B.Cu
  6
CONTINUOUS
100
AcDbLine
 10
167.7966209999999876
 20
-87.2342129999999969
 30
0
 11
167.6657869999999946
 21
-87.1033789999999897
 31
0
  0
LINE
  5
623
330
22
100
AcDbEntity
  8
B.Cu
  6
CONTINUOUS
100
AcDbLine
 10
167.6657869999999946
 20
-87.1033789999999897
 30
0
 11
167.5160960000000046
 21
-86.9946219999999926
 31
0
  0
LINE
  5
624
330
22
100
AcDbEntity
  8
B.Cu
  6
CONTINUOUS
100
AcDbLine
 10
167.5160960000000046
 20
-86.9946219999999926
 30
0
 11
167.5128679999999974
 21
-86.9929769999999962
 31
0
  0
LINE
  5
625
330
22
100
AcDbEntity
  8
B.Cu
  6
CONTINUOUS
100
AcDbLine
 10
167.5128679999999974
 20
-86.9929769999999962
 30
0
 11
167.3512350000000026
 21
-86.9106199999999944
 31
0
  0
LINE
  5
626
330
22
100
AcDbEntity
  8
B.Cu
  6
CONTINUOUS
100
AcDbLine
 10
167.3512350000000026
 20
-86.9106199999999944
 30
0
 11
167.3512319999999818
 21
-86.910618999999997
 31
0
  0
LINE
  5
627
330
22
100
AcDbEntity
  8
B.Cu
  6
CONTINUOUS
100
AcDbLine
 10
167.3512319999999818
 20
-86.910618999999997
 30
0
 11
167.175264999999996
 21
-86.8534449999999936
 31
0
  0
LINE
  5
628
330
22
100
AcDbEntity
  8
B.Cu
  6
CONTINUOUS
100
AcDbLine
 10
167.175264999999996
 20
-86.8534449999999936
 30
0
 11
167.0838889999999992
 21
-86.8389719999999983
 31
0
  0
LINE
  5
629
330
22
100
AcDbEntity
  8
B.Cu
  6
CONTINUOUS
100
AcDbLine
 10
167.0838889999999992
 20
-86.8389719999999983
 30
0
 11
166.9925139999999999
 21
-86.8245000000000005
 31
0
  0
LINE
  5
62A
330
22
100
AcDbEntity
  8
B.Cu
  6
CONTINUOUS
100
AcDbLine
 10
166.9925139999999999
 20
-86.8245000000000005
 30
0
 11
166.8074859999999831
 21
-86.8245000000000005
 31
0
  0
LINE
  5
62B
330
22
100
AcDbEntity
  8
B.Cu
  6
CONTINUOUS
100
AcDbLine
 10
166.8074859999999831
 20
-86.8245000000000005
 30
0
 11
166.7465689999999938
 21
-86.834147999999999
 31
0
  0
LINE
  5
62C
330
22
100
AcDbEntity
  8
B.Cu
  6
CONTINUOUS
100
AcDbLine
 10
166.7465689999999938
 20
-86.834147999999999
 30
0
 11
166.6247339999999895
 21
-86.8534449999999936
 31
0
  0
LINE
  5
62D
330
22
100
AcDbEntity
  8
B.Cu
  6
CONTINUOUS
100
AcDbLine
 10
166.6247339999999895
 20
-86.8534449999999936
 30
0
 11
166.4487670000000037
 21
-86.910618999999997
 31
0
  0
LINE
  5
62E
330
22
100
AcDbEntity
  8
B.Cu
  6
CONTINUOUS
100
AcDbLine
 10
166.4487670000000037
 20
-86.910618999999997
 30
0
 11
166.4487639999999828
 21
-86.9106199999999944
 31
0
  0
LINE
  5
62F
330
22
100
AcDbEntity
  8
B.Cu
  6
CONTINUOUS
100
AcDbLine
 10
166.4487639999999828
 20
-86.9106199999999944
 30
0
 11
166.2839029999999809
 21
-86.9946219999999926
 31
0
  0
LINE
  5
630
330
22
100
AcDbEntity
  8
B.Cu
  6
CONTINUOUS
100
AcDbLine
 10
166.2839029999999809
 20
-86.9946219999999926
 30
0
 11
166.2425969999999893
 21
-87.0246329999999944
 31
0
  0
LINE
  5
631
330
22
100
AcDbEntity
  8
B.Cu
  6
CONTINUOUS
100
AcDbLine
 10
166.2425969999999893
 20
-87.0246329999999944
 30
0
 11
166.1342129999999884
 21
-87.1033789999999897
 31
0
  0
LINE
  5
632
330
22
100
AcDbEntity
  8
B.Cu
  6
CONTINUOUS
100
AcDbLine
 10
166.1342129999999884
 20
-87.1033789999999897
 30
0
 11
166.1342109999999934
 21
-87.1033809999999988
 31
0
  0
LINE
  5
633
330
22
100
AcDbEntity
  8
B.Cu
  6
CONTINUOUS
100
AcDbLine
 10
166.1342109999999934
 20
-87.1033809999999988
 30
0
 11
166.1342099999999959
 21
-87.1033809999999988
 31
0
  0
LINE
  5
634
330
22
100
AcDbEntity
  8
B.Cu
  6
CONTINUOUS
100
AcDbLine
 10
166.1342099999999959
 20
-87.1033809999999988
 30
0
 11
166.0033809999999903
 21
-87.2342099999999903
 31
0
  0
LINE
  5
635
330
22
100
AcDbEntity
  8
B.Cu
  6
CONTINUOUS
100
AcDbLine
 10
166.0033809999999903
 20
-87.2342099999999903
 30
0
 11
166.0033809999999903
 21
-87.2342110000000019
 31
0
  0
LINE
  5
636
330
22
100
AcDbEntity
  8
B.Cu
  6
CONTINUOUS
100
AcDbLine
 10
166.0033809999999903
 20
-87.2342110000000019
 30
0
 11
166.0033789999999954
 21
-87.2342129999999969
 31
0
  0
LINE
  5
637
330
22
100
AcDbEntity
  8
B.Cu
  6
CONTINUOUS
100
AcDbLine
 10
166.0033789999999954
 20
-87.2342129999999969
 30
0
 11
165.9662249999999801
 21
-87.2853509999999915
 31
0
  0
LINE
  5
638
330
22
100
AcDbEntity
  8
B.Cu
  6
CONTINUOUS
100
AcDbLine
 10
165.9662249999999801
 20
-87.2853509999999915
 30
0
 11
165.8946219999999983
 21
-87.3839029999999894
 31
0
  0
LINE
  5
639
330
22
100
AcDbEntity
  8
B.Cu
  6
CONTINUOUS
100
AcDbLine
 10
165.8946219999999983
 20
-87.3839029999999894
 30
0
 11
165.8106200000000001
 21
-87.5487639999999914
 31
0
  0
LINE
  5
63A
330
22
100
AcDbEntity
  8
B.Cu
  6
CONTINUOUS
100
AcDbLine
 10
165.8106200000000001
 20
-87.5487639999999914
 30
0
 11
165.8106190000000026
 21
-87.548766999999998
 31
0
  0
LINE
  5
63B
330
22
100
AcDbEntity
  8
B.Cu
  6
CONTINUOUS
100
AcDbLine
 10
165.8106190000000026
 20
-87.548766999999998
 30
0
 11
165.7534449999999993
 21
-87.724733999999998
 31
0
  0
LINE
  5
63C
330
22
100
AcDbEntity
  8
B.Cu
  6
CONTINUOUS
100
AcDbLine
 10
165.7534449999999993
 20
-87.724733999999998
 30
0
 11
165.7342109999999877
 21
-87.8461750000000023
 31
0
  0
LINE
  5
63D
330
22
100
AcDbEntity
  8
B.Cu
  6
CONTINUOUS
100
AcDbLine
 10
165.7342109999999877
 20
-87.8461750000000023
 30
0
 11
165.7245000000000061
 21
-87.9074859999999916
 31
0
  0
LINE
  5
63E
330
22
100
AcDbEntity
  8
B.Cu
  6
CONTINUOUS
100
AcDbLine
 10
165.7245000000000061
 20
-87.9074859999999916
 30
0
 11
165.7245000000000061
 21
-88.0925139999999942
 31
0
  0
LINE
  5
63F
330
22
100
AcDbEntity
  8
B.Cu
  6
CONTINUOUS
100
AcDbLine
 10
127.7494999999999976
 20
-85.0984219999999993
 30
0
 11
127.7802899999999937
 21
-85.2928259999999909
 31
0
  0
LINE
  5
640
330
22
100
AcDbEntity
  8
B.Cu
  6
CONTINUOUS
100
AcDbLine
 10
127.7802899999999937
 20
-85.2928259999999909
 30
0
 11
127.841116999999997
 21
-85.4800290000000018
 31
0
  0
LINE
  5
641
330
22
100
AcDbEntity
  8
B.Cu
  6
CONTINUOUS
100
AcDbLine
 10
127.841116999999997
 20
-85.4800290000000018
 30
0
 11
127.9304759999999987
 21
-85.6554050000000018
 31
0
  0
LINE
  5
642
330
22
100
AcDbEntity
  8
B.Cu
  6
CONTINUOUS
100
AcDbLine
 10
127.9304759999999987
 20
-85.6554050000000018
 30
0
 11
128.0461719999999843
 21
-85.8146459999999962
 31
0
  0
LINE
  5
643
330
22
100
AcDbEntity
  8
B.Cu
  6
CONTINUOUS
100
AcDbLine
 10
128.0461719999999843
 20
-85.8146459999999962
 30
0
 11
128.1853539999999896
 21
-85.9538280000000015
 31
0
  0
LINE
  5
644
330
22
100
AcDbEntity
  8
B.Cu
  6
CONTINUOUS
100
AcDbLine
 10
128.1853539999999896
 20
-85.9538280000000015
 30
0
 11
128.3445949999999982
 21
-86.0695240000000013
 31
0
  0
LINE
  5
645
330
22
100
AcDbEntity
  8
B.Cu
  6
CONTINUOUS
100
AcDbLine
 10
128.3445949999999982
 20
-86.0695240000000013
 30
0
 11
128.3897139999999979
 21
-86.0925129999999967
 31
0
  0
LINE
  5
646
330
22
100
AcDbEntity
  8
B.Cu
  6
CONTINUOUS
100
AcDbLine
 10
128.3897139999999979
 20
-86.0925129999999967
 30
0
 11
128.5199700000000007
 21
-86.1588819999999913
 31
0
  0
LINE
  5
647
330
22
100
AcDbEntity
  8
B.Cu
  6
CONTINUOUS
100
AcDbLine
 10
128.5199700000000007
 20
-86.1588819999999913
 30
0
 11
128.5199719999999957
 21
-86.1588819999999913
 31
0
  0
LINE
  5
648
330
22
100
AcDbEntity
  8
B.Cu
  6
CONTINUOUS
100
AcDbLine
 10
128.5199719999999957
 20
-86.1588819999999913
 30
0
 11
128.5199749999999881
 21
-86.1588840000000005
 31
0
  0
LINE
  5
649
330
22
100
AcDbEntity
  8
B.Cu
  6
CONTINUOUS
100
AcDbLine
 10
128.5199749999999881
 20
-86.1588840000000005
 30
0
 11
128.620317
 21
-86.1914869999999951
 31
0
  0
LINE
  5
64A
330
22
100
AcDbEntity
  8
B.Cu
  6
CONTINUOUS
100
AcDbLine
 10
128.620317
 20
-86.1914869999999951
 30
0
 11
128.7071729999999832
 21
-86.2197089999999946
 31
0
  0
LINE
  5
64B
330
22
100
AcDbEntity
  8
B.Cu
  6
CONTINUOUS
100
AcDbLine
 10
128.7071729999999832
 20
-86.2197089999999946
 30
0
 11
128.9015780000000007
 21
-86.2505000000000024
 31
0
  0
LINE
  5
64C
330
22
100
AcDbEntity
  8
B.Cu
  6
CONTINUOUS
100
AcDbLine
 10
128.9015780000000007
 20
-86.2505000000000024
 30
0
 11
128.901582999999988
 21
-86.2505000000000024
 31
0
  0
LINE
  5
64D
330
22
100
AcDbEntity
  8
B.Cu
  6
CONTINUOUS
100
AcDbLine
 10
128.901582999999988
 20
-86.2505000000000024
 30
0
 11
129.0984139999999911
 21
-86.2505000000000024
 31
0
  0
LINE
  5
64E
330
22
100
AcDbEntity
  8
B.Cu
  6
CONTINUOUS
100
AcDbLine
 10
129.0984139999999911
 20
-86.2505000000000024
 30
0
 11
129.0984169999999835
 21
-86.2505000000000024
 31
0
  0
LINE
  5
64F
330
22
100
AcDbEntity
  8
B.Cu
  6
CONTINUOUS
100
AcDbLine
 10
129.0984169999999835
 20
-86.2505000000000024
 30
0
 11
129.1753689999999892
 21
-86.2383109999999959
 31
0
  0
LINE
  5
650
330
22
100
AcDbEntity
  8
B.Cu
  6
CONTINUOUS
100
AcDbLine
 10
129.1753689999999892
 20
-86.2383109999999959
 30
0
 11
129.2446589999999844
 21
-86.2472649999999987
 31
0
  0
LINE
  5
651
330
22
100
AcDbEntity
  8
B.Cu
  6
CONTINUOUS
100
AcDbLine
 10
129.2446589999999844
 20
-86.2472649999999987
 30
0
 11
129.2824459999999931
 21
-86.2731029999999919
 31
0
  0
LINE
  5
652
330
22
100
AcDbEntity
  8
B.Cu
  6
CONTINUOUS
100
AcDbLine
 10
129.2824459999999931
 20
-86.2731029999999919
 30
0
 11
129.5881809999999916
 21
-86.5788379999999904
 31
0
  0
LINE
  5
653
330
22
100
AcDbEntity
  8
B.Cu
  6
CONTINUOUS
100
AcDbLine
 10
129.5881809999999916
 20
-86.5788379999999904
 30
0
 11
129.6028839999999889
 21
-86.605764999999991
 31
0
  0
LINE
  5
654
330
22
100
AcDbEntity
  8
B.Cu
  6
CONTINUOUS
100
AcDbLine
 10
129.6028839999999889
 20
-86.605764999999991
 30
0
 11
129.6194769999999892
 21
-86.6315839999999895
 31
0
  0
LINE
  5
655
330
22
100
AcDbEntity
  8
B.Cu
  6
CONTINUOUS
100
AcDbLine
 10
129.6194769999999892
 20
-86.6315839999999895
 30
0
 11
129.6203679999999849
 21
-86.6377839999999964
 31
0
  0
LINE
  5
656
330
22
100
AcDbEntity
  8
B.Cu
  6
CONTINUOUS
100
AcDbLine
 10
129.6203679999999849
 20
-86.6377839999999964
 30
0
 11
129.6216660000000047
 21
-86.640160999999992
 31
0
  0
LINE
  5
657
330
22
100
AcDbEntity
  8
B.Cu
  6
CONTINUOUS
100
AcDbLine
 10
129.6216660000000047
 20
-86.640160999999992
 30
0
 11
129.6244999999999834
 21
-86.6665189999999939
 31
0
  0
LINE
  5
658
330
22
100
AcDbEntity
  8
B.Cu
  6
CONTINUOUS
100
AcDbLine
 10
129.6244999999999834
 20
-86.6665189999999939
 30
0
 11
129.6244999999999834
 21
-86.8996839999999935
 31
0
  0
LINE
  5
659
330
22
100
AcDbEntity
  8
B.Cu
  6
CONTINUOUS
100
AcDbLine
 10
129.6244999999999834
 20
-86.8996839999999935
 30
0
 11
129.6150609999999972
 21
-86.9471360000000004
 31
0
  0
LINE
  5
65A
330
22
100
AcDbEntity
  8
B.Cu
  6
CONTINUOUS
100
AcDbLine
 10
129.6150609999999972
 20
-86.9471360000000004
 30
0
 11
129.555263999999994
 21
-87.0914980000000014
 31
0
  0
LINE
  5
65B
330
22
100
AcDbEntity
  8
B.Cu
  6
CONTINUOUS
100
AcDbLine
 10
129.555263999999994
 20
-87.0914980000000014
 30
0
 11
129.5552610000000016
 21
-87.0915099999999995
 31
0
  0
LINE
  5
65C
330
22
100
AcDbEntity
  8
B.Cu
  6
CONTINUOUS
100
AcDbLine
 10
129.5552610000000016
 20
-87.0915099999999995
 30
0
 11
129.5244999999999891
 21
-87.2461529999999925
 31
0
  0
LINE
  5
65D
330
22
100
AcDbEntity
  8
B.Cu
  6
CONTINUOUS
100
AcDbLine
 10
129.5244999999999891
 20
-87.2461529999999925
 30
0
 11
129.5244999999999891
 21
-87.4038460000000015
 31
0
  0
LINE
  5
65E
330
22
100
AcDbEntity
  8
B.Cu
  6
CONTINUOUS
100
AcDbLine
 10
129.5244999999999891
 20
-87.4038460000000015
 30
0
 11
129.5552610000000016
 21
-87.5584889999999945
 31
0
  0
LINE
  5
65F
330
22
100
AcDbEntity
  8
B.Cu
  6
CONTINUOUS
100
AcDbLine
 10
129.5552610000000016
 20
-87.5584889999999945
 30
0
 11
129.555263999999994
 21
-87.5585009999999926
 31
0
  0
LINE
  5
660
330
22
100
AcDbEntity
  8
B.Cu
  6
CONTINUOUS
100
AcDbLine
 10
129.555263999999994
 20
-87.5585009999999926
 30
0
 11
129.6156019999999955
 21
-87.7041719999999998
 31
0
  0
LINE
  5
661
330
22
100
AcDbEntity
  8
B.Cu
  6
CONTINUOUS
100
AcDbLine
 10
129.6156019999999955
 20
-87.7041719999999998
 30
0
 11
129.6156090000000063
 21
-87.7041849999999954
 31
0
  0
LINE
  5
662
330
22
100
AcDbEntity
  8
B.Cu
  6
CONTINUOUS
100
AcDbLine
 10
129.6156090000000063
 20
-87.7041849999999954
 30
0
 11
129.7032099999999843
 21
-87.8352879999999914
 31
0
  0
LINE
  5
663
330
22
100
AcDbEntity
  8
B.Cu
  6
CONTINUOUS
100
AcDbLine
 10
129.7032099999999843
 20
-87.8352879999999914
 30
0
 11
129.7032130000000052
 21
-87.8352919999999955
 31
0
  0
LINE
  5
664
330
22
100
AcDbEntity
  8
B.Cu
  6
CONTINUOUS
100
AcDbLine
 10
129.7032130000000052
 20
-87.8352919999999955
 30
0
 11
129.8147069999999985
 21
-87.946786000000003
 31
0
  0
LINE
  5
665
330
22
100
AcDbEntity
  8
B.Cu
  6
CONTINUOUS
100
AcDbLine
 10
129.8147069999999985
 20
-87.946786000000003
 30
0
 11
129.8147109999999884
 21
-87.9467889999999954
 31
0
  0
LINE
  5
666
330
22
100
AcDbEntity
  8
B.Cu
  6
CONTINUOUS
100
AcDbLine
 10
129.8147109999999884
 20
-87.9467889999999954
 30
0
 11
129.9458139999999844
 21
-88.0343900000000019
 31
0
  0
LINE
  5
667
330
22
100
AcDbEntity
  8
B.Cu
  6
CONTINUOUS
100
AcDbLine
 10
129.9458139999999844
 20
-88.0343900000000019
 30
0
 11
129.94582699999998
 21
-88.0343969999999985
 31
0
  0
LINE
  5
668
330
22
100
AcDbEntity
  8
B.Cu
  6
CONTINUOUS
100
AcDbLine
 10
129.94582699999998
 20
-88.0343969999999985
 30
0
 11
130.0531379999999899
 21
-88.0788459999999986
 31
0
  0
LINE
  5
669
330
22
100
AcDbEntity
  8
B.Cu
  6
CONTINUOUS
100
AcDbLine
 10
130.0531379999999899
 20
-88.0788459999999986
 30
0
 11
130.0915029999999888
 21
-88.094736999999995
 31
0
  0
LINE
  5
66A
330
22
100
AcDbEntity
  8
B.Cu
  6
CONTINUOUS
100
AcDbLine
 10
130.0915029999999888
 20
-88.094736999999995
 30
0
 11
130.2461529999999925
 21
-88.1254989999999907
 31
0
  0
LINE
  5
66B
330
22
100
AcDbEntity
  8
B.Cu
  6
CONTINUOUS
100
AcDbLine
 10
130.2461529999999925
 20
-88.1254989999999907
 30
0
 11
130.2461559999999849
 21
-88.1255000000000024
 31
0
  0
LINE
  5
66C
330
22
100
AcDbEntity
  8
B.Cu
  6
CONTINUOUS
100
AcDbLine
 10
130.2461559999999849
 20
-88.1255000000000024
 30
0
 11
130.2461580000000083
 21
-88.1255000000000024
 31
0
  0
LINE
  5
66D
330
22
100
AcDbEntity
  8
B.Cu
  6
CONTINUOUS
100
AcDbLine
 10
130.2461580000000083
 20
-88.1255000000000024
 30
0
 11
130.4038439999999923
 21
-88.1255000000000024
 31
0
  0
LINE
  5
66E
330
22
100
AcDbEntity
  8
B.Cu
  6
CONTINUOUS
100
AcDbLine
 10
130.4038439999999923
 20
-88.1255000000000024
 30
0
 11
130.4038449999999898
 21
-88.1254989999999907
 31
0
  0
LINE
  5
66F
330
22
100
AcDbEntity
  8
B.Cu
  6
CONTINUOUS
100
AcDbLine
 10
130.4038449999999898
 20
-88.1254989999999907
 30
0
 11
130.5584969999999885
 21
-88.094736999999995
 31
0
  0
LINE
  5
670
330
22
100
AcDbEntity
  8
B.Cu
  6
CONTINUOUS
100
AcDbLine
 10
130.5584969999999885
 20
-88.094736999999995
 30
0
 11
130.7041789999999821
 21
-88.0343939999999918
 31
0
  0
LINE
  5
671
330
22
100
AcDbEntity
  8
B.Cu
  6
CONTINUOUS
100
AcDbLine
 10
130.7041789999999821
 20
-88.0343939999999918
 30
0
 11
130.8352889999999888
 21
-87.9467889999999954
 31
0
  0
LINE
  5
672
330
22
100
AcDbEntity
  8
B.Cu
  6
CONTINUOUS
100
AcDbLine
 10
130.8352889999999888
 20
-87.9467889999999954
 30
0
 11
130.9467889999999954
 21
-87.8352890000000031
 31
0
  0
LINE
  5
673
330
22
100
AcDbEntity
  8
B.Cu
  6
CONTINUOUS
100
AcDbLine
 10
130.9467889999999954
 20
-87.8352890000000031
 30
0
 11
131.0343939999999918
 21
-87.7041789999999963
 31
0
  0
LINE
  5
674
330
22
100
AcDbEntity
  8
B.Cu
  6
CONTINUOUS
100
AcDbLine
 10
131.0343939999999918
 20
-87.7041789999999963
 30
0
 11
131.0947369999999808
 21
-87.5584970000000027
 31
0
  0
LINE
  5
675
330
22
100
AcDbEntity
  8
B.Cu
  6
CONTINUOUS
100
AcDbLine
 10
131.0947369999999808
 20
-87.5584970000000027
 30
0
 11
131.1254999999999882
 21
-87.4038419999999974
 31
0
  0
LINE
  5
676
330
22
100
AcDbEntity
  8
B.Cu
  6
CONTINUOUS
100
AcDbLine
 10
131.1254999999999882
 20
-87.4038419999999974
 30
0
 11
131.1254999999999882
 21
-87.2461579999999941
 31
0
  0
LINE
  5
677
330
22
100
AcDbEntity
  8
B.Cu
  6
CONTINUOUS
100
AcDbLine
 10
131.1254999999999882
 20
-87.2461579999999941
 30
0
 11
131.1254999999999882
 21
-87.2461550000000017
 31
0
  0
LINE
  5
678
330
22
100
AcDbEntity
  8
B.Cu
  6
CONTINUOUS
100
AcDbLine
 10
131.1254999999999882
 20
-87.2461550000000017
 30
0
 11
131.1254989999999907
 21
-87.2461529999999925
 31
0
  0
LINE
  5
679
330
22
100
AcDbEntity
  8
B.Cu
  6
CONTINUOUS
100
AcDbLine
 10
131.1254989999999907
 20
-87.2461529999999925
 30
0
 11
131.1123979999999847
 21
-87.1802899999999994
 31
0
  0
LINE
  5
67A
330
22
100
AcDbEntity
  8
B.Cu
  6
CONTINUOUS
100
AcDbLine
 10
131.1123979999999847
 20
-87.1802899999999994
 30
0
 11
131.0947369999999808
 21
-87.091503000000003
 31
0
  0
LINE
  5
67B
330
22
100
AcDbEntity
  8
B.Cu
  6
CONTINUOUS
100
AcDbLine
 10
131.0947369999999808
 20
-87.091503000000003
 30
0
 11
131.0774140000000045
 21
-87.04968199999999
 31
0
  0
LINE
  5
67C
330
22
100
AcDbEntity
  8
B.Cu
  6
CONTINUOUS
100
AcDbLine
 10
131.0774140000000045
 20
-87.04968199999999
 30
0
 11
131.0349389999999801
 21
-86.9471360000000004
 31
0
  0
LINE
  5
67D
330
22
100
AcDbEntity
  8
B.Cu
  6
CONTINUOUS
100
AcDbLine
 10
131.0349389999999801
 20
-86.9471360000000004
 30
0
 11
131.0254999999999939
 21
-86.8996839999999935
 31
0
  0
LINE
  5
67E
330
22
100
AcDbEntity
  8
B.Cu
  6
CONTINUOUS
100
AcDbLine
 10
131.0254999999999939
 20
-86.8996839999999935
 30
0
 11
131.0254999999999939
 21
-86.2560039999999901
 31
0
  0
LINE
  5
67F
330
22
100
AcDbEntity
  8
B.Cu
  6
CONTINUOUS
100
AcDbLine
 10
131.0254999999999939
 20
-86.2560039999999901
 30
0
 11
130.9985810000000015
 21
-86.1206770000000006
 31
0
  0
LINE
  5
680
330
22
100
AcDbEntity
  8
B.Cu
  6
CONTINUOUS
100
AcDbLine
 10
130.9985810000000015
 20
-86.1206770000000006
 30
0
 11
130.998580000000004
 21
-86.1206760000000031
 31
0
  0
LINE
  5
681
330
22
100
AcDbEntity
  8
B.Cu
  6
CONTINUOUS
100
AcDbLine
 10
130.998580000000004
 20
-86.1206760000000031
 30
0
 11
130.998580000000004
 21
-86.120671999999999
 31
0
  0
LINE
  5
682
330
22
100
AcDbEntity
  8
B.Cu
  6
CONTINUOUS
100
AcDbLine
 10
130.998580000000004
 20
-86.120671999999999
 30
0
 11
130.9773940000000039
 21
-86.0695240000000013
 31
0
  0
LINE
  5
683
330
22
100
AcDbEntity
  8
B.Cu
  6
CONTINUOUS
100
AcDbLine
 10
130.9773940000000039
 20
-86.0695240000000013
 30
0
 11
130.9457759999999951
 21
-85.9931909999999959
 31
0
  0
LINE
  5
684
330
22
100
AcDbEntity
  8
B.Cu
  6
CONTINUOUS
100
AcDbLine
 10
130.9457759999999951
 20
-85.9931909999999959
 30
0
 11
130.9312860000000001
 21
-85.9715049999999934
 31
0
  0
LINE
  5
685
330
22
100
AcDbEntity
  8
B.Cu
  6
CONTINUOUS
100
AcDbLine
 10
130.9312860000000001
 20
-85.9715049999999934
 30
0
 11
130.9312860000000001
 21
-85.9715039999999959
 31
0
  0
LINE
  5
686
330
22
100
AcDbEntity
  8
B.Cu
  6
CONTINUOUS
100
AcDbLine
 10
130.9312860000000001
 20
-85.9715039999999959
 30
0
 11
130.9194760000000031
 21
-85.9538299999999964
 31
0
  0
LINE
  5
687
330
22
100
AcDbEntity
  8
B.Cu
  6
CONTINUOUS
100
AcDbLine
 10
130.9194760000000031
 20
-85.9538299999999964
 30
0
 11
130.9194750000000056
 21
-85.9538280000000015
 31
0
  0
LINE
  5
688
330
22
100
AcDbEntity
  8
B.Cu
  6
CONTINUOUS
100
AcDbLine
 10
130.9194750000000056
 20
-85.9538280000000015
 30
0
 11
130.8885099999999966
 21
-85.9074859999999916
 31
0
  0
LINE
  5
689
330
22
100
AcDbEntity
  8
B.Cu
  6
CONTINUOUS
100
AcDbLine
 10
130.8885099999999966
 20
-85.9074859999999916
 30
0
 11
130.8691139999999962
 21
-85.8784569999999974
 31
0
  0
LINE
  5
68A
330
22
100
AcDbEntity
  8
B.Cu
  6
CONTINUOUS
100
AcDbLine
 10
130.8691139999999962
 20
-85.8784569999999974
 30
0
 11
130.8691120000000012
 21
-85.8784539999999907
 31
0
  0
LINE
  5
68B
330
22
100
AcDbEntity
  8
B.Cu
  6
CONTINUOUS
100
AcDbLine
 10
130.8691120000000012
 20
-85.8784539999999907
 30
0
 11
130.8691110000000037
 21
-85.8784529999999933
 31
0
  0
LINE
  5
68C
330
22
100
AcDbEntity
  8
B.Cu
  6
CONTINUOUS
100
AcDbLine
 10
130.8691110000000037
 20
-85.8784529999999933
 30
0
 11
130.2731029999999919
 21
-85.2824459999999931
 31
0
  0
LINE
  5
68D
330
22
100
AcDbEntity
  8
B.Cu
  6
CONTINUOUS
100
AcDbLine
 10
130.2731029999999919
 20
-85.2824459999999931
 30
0
 11
130.2396180000000072
 21
-85.2211229999999915
 31
0
  0
LINE
  5
68E
330
22
100
AcDbEntity
  8
B.Cu
  6
CONTINUOUS
100
AcDbLine
 10
130.2396180000000072
 20
-85.2211229999999915
 30
0
 11
130.2383109999999817
 21
-85.1753719999999959
 31
0
  0
LINE
  5
68F
330
22
100
AcDbEntity
  8
B.Cu
  6
CONTINUOUS
100
AcDbLine
 10
130.2383109999999817
 20
-85.1753719999999959
 30
0
 11
130.2504999999999882
 21
-85.0984169999999978
 31
0
  0
LINE
  5
690
330
22
100
AcDbEntity
  8
B.Cu
  6
CONTINUOUS
100
AcDbLine
 10
130.2504999999999882
 20
-85.0984169999999978
 30
0
 11
130.2504999999999882
 21
-84.9015830000000022
 31
0
  0
LINE
  5
691
330
22
100
AcDbEntity
  8
B.Cu
  6
CONTINUOUS
100
AcDbLine
 10
130.2504999999999882
 20
-84.9015830000000022
 30
0
 11
130.2504999999999882
 21
-84.9015770000000032
 31
0
  0
LINE
  5
692
330
22
100
AcDbEntity
  8
B.Cu
  6
CONTINUOUS
100
AcDbLine
 10
130.2504999999999882
 20
-84.9015770000000032
 30
0
 11
130.2197089999999946
 21
-84.7071729999999974
 31
0
  0
LINE
  5
693
330
22
100
AcDbEntity
  8
B.Cu
  6
CONTINUOUS
100
AcDbLine
 10
130.2197089999999946
 20
-84.7071729999999974
 30
0
 11
130.1871129999999823
 21
-84.6068549999999959
 31
0
  0
LINE
  5
694
330
22
100
AcDbEntity
  8
B.Cu
  6
CONTINUOUS
100
AcDbLine
 10
130.1871129999999823
 20
-84.6068549999999959
 30
0
 11
130.1588840000000005
 21
-84.5199750000000023
 31
0
  0
LINE
  5
695
330
22
100
AcDbEntity
  8
B.Cu
  6
CONTINUOUS
100
AcDbLine
 10
130.1588840000000005
 20
-84.5199750000000023
 30
0
 11
130.1588820000000055
 21
-84.5199719999999957
 31
0
  0
LINE
  5
696
330
22
100
AcDbEntity
  8
B.Cu
  6
CONTINUOUS
100
AcDbLine
 10
130.1588820000000055
 20
-84.5199719999999957
 30
0
 11
130.1588820000000055
 21
-84.5199700000000007
 31
0
  0
LINE
  5
697
330
22
100
AcDbEntity
  8
B.Cu
  6
CONTINUOUS
100
AcDbLine
 10
130.1588820000000055
 20
-84.5199700000000007
 30
0
 11
130.0748729999999966
 21
-84.3550929999999966
 31
0
  0
LINE
  5
698
330
22
100
AcDbEntity
  8
B.Cu
  6
CONTINUOUS
100
AcDbLine
 10
130.0748729999999966
 20
-84.3550929999999966
 30
0
 11
130.0695240000000013
 21
-84.3445949999999982
 31
0
  0
LINE
  5
699
330
22
100
AcDbEntity
  8
B.Cu
  6
CONTINUOUS
100
AcDbLine
 10
130.0695240000000013
 20
-84.3445949999999982
 30
0
 11
129.9538279999999872
 21
-84.1853539999999896
 31
0
  0
LINE
  5
69A
330
22
100
AcDbEntity
  8
B.Cu
  6
CONTINUOUS
100
AcDbLine
 10
129.9538279999999872
 20
-84.1853539999999896
 30
0
 11
129.814645999999982
 21
-84.0461719999999985
 31
0
  0
LINE
  5
69B
330
22
100
AcDbEntity
  8
B.Cu
  6
CONTINUOUS
100
AcDbLine
 10
129.814645999999982
 20
-84.0461719999999985
 30
0
 11
129.6554050000000018
 21
-83.9304759999999987
 31
0
  0
LINE
  5
69C
330
22
100
AcDbEntity
  8
B.Cu
  6
CONTINUOUS
100
AcDbLine
 10
129.6554050000000018
 20
-83.9304759999999987
 30
0
 11
129.4800290000000018
 21
-83.841116999999997
 31
0
  0
LINE
  5
69D
330
22
100
AcDbEntity
  8
B.Cu
  6
CONTINUOUS
100
AcDbLine
 10
129.4800290000000018
 20
-83.841116999999997
 30
0
 11
129.2928259999999909
 21
-83.7802899999999937
 31
0
  0
LINE
  5
69E
330
22
100
AcDbEntity
  8
B.Cu
  6
CONTINUOUS
100
AcDbLine
 10
129.2928259999999909
 20
-83.7802899999999937
 30
0
 11
129.0984219999999993
 21
-83.7494999999999976
 31
0
  0
LINE
  5
69F
330
22
100
AcDbEntity
  8
B.Cu
  6
CONTINUOUS
100
AcDbLine
 10
129.0984219999999993
 20
-83.7494999999999976
 30
0
 11
129.0984169999999835
 21
-83.7494999999999976
 31
0
  0
LINE
  5
6A0
330
22
100
AcDbEntity
  8
B.Cu
  6
CONTINUOUS
100
AcDbLine
 10
129.0984169999999835
 20
-83.7494999999999976
 30
0
 11
128.901582999999988
 21
-83.7494999999999976
 31
0
  0
LINE
  5
6A1
330
22
100
AcDbEntity
  8
B.Cu
  6
CONTINUOUS
100
AcDbLine
 10
128.901582999999988
 20
-83.7494999999999976
 30
0
 11
128.9015780000000007
 21
-83.7494999999999976
 31
0
  0
LINE
  5
6A2
330
22
100
AcDbEntity
  8
B.Cu
  6
CONTINUOUS
100
AcDbLine
 10
128.9015780000000007
 20
-83.7494999999999976
 30
0
 11
128.7071729999999832
 21
-83.7802899999999937
 31
0
  0
LINE
  5
6A3
330
22
100
AcDbEntity
  8
B.Cu
  6
CONTINUOUS
100
AcDbLine
 10
128.7071729999999832
 20
-83.7802899999999937
 30
0
 11
128.5199700000000007
 21
-83.841116999999997
 31
0
  0
LINE
  5
6A4
330
22
100
AcDbEntity
  8
B.Cu
  6
CONTINUOUS
100
AcDbLine
 10
128.5199700000000007
 20
-83.841116999999997
 30
0
 11
128.3445940000000007
 21
-83.9304759999999987
 31
0
  0
LINE
  5
6A5
330
22
100
AcDbEntity
  8
B.Cu
  6
CONTINUOUS
100
AcDbLine
 10
128.3445940000000007
 20
-83.9304759999999987
 30
0
 11
128.2537409999999909
 21
-83.9964849999999927
 31
0
  0
LINE
  5
6A6
330
22
100
AcDbEntity
  8
B.Cu
  6
CONTINUOUS
100
AcDbLine
 10
128.2537409999999909
 20
-83.9964849999999927
 30
0
 11
128.1853539999999896
 21
-84.0461719999999985
 31
0
  0
LINE
  5
6A7
330
22
100
AcDbEntity
  8
B.Cu
  6
CONTINUOUS
100
AcDbLine
 10
128.1853539999999896
 20
-84.0461719999999985
 30
0
 11
128.1853519999999946
 21
-84.0461739999999935
 31
0
  0
LINE
  5
6A8
330
22
100
AcDbEntity
  8
B.Cu
  6
CONTINUOUS
100
AcDbLine
 10
128.1853519999999946
 20
-84.0461739999999935
 30
0
 11
128.1853509999999972
 21
-84.0461739999999935
 31
0
  0
LINE
  5
6A9
330
22
100
AcDbEntity
  8
B.Cu
  6
CONTINUOUS
100
AcDbLine
 10
128.1853509999999972
 20
-84.0461739999999935
 30
0
 11
128.0461740000000077
 21
-84.1853509999999972
 31
0
  0
LINE
  5
6AA
330
22
100
AcDbEntity
  8
B.Cu
  6
CONTINUOUS
100
AcDbLine
 10
128.0461740000000077
 20
-84.1853509999999972
 30
0
 11
128.0461740000000077
 21
-84.1853519999999946
 31
0
  0
LINE
  5
6AB
330
22
100
AcDbEntity
  8
B.Cu
  6
CONTINUOUS
100
AcDbLine
 10
128.0461740000000077
 20
-84.1853519999999946
 30
0
 11
128.0461719999999843
 21
-84.1853539999999896
 31
0
  0
LINE
  5
6AC
330
22
100
AcDbEntity
  8
B.Cu
  6
CONTINUOUS
100
AcDbLine
 10
128.0461719999999843
 20
-84.1853539999999896
 30
0
 11
128.043313999999981
 21
-84.1892879999999906
 31
0
  0
LINE
  5
6AD
330
22
100
AcDbEntity
  8
B.Cu
  6
CONTINUOUS
100
AcDbLine
 10
128.043313999999981
 20
-84.1892879999999906
 30
0
 11
127.9304759999999987
 21
-84.3445940000000007
 31
0
  0
LINE
  5
6AE
330
22
100
AcDbEntity
  8
B.Cu
  6
CONTINUOUS
100
AcDbLine
 10
127.9304759999999987
 20
-84.3445940000000007
 30
0
 11
127.841116999999997
 21
-84.5199700000000007
 31
0
  0
LINE
  5
6AF
330
22
100
AcDbEntity
  8
B.Cu
  6
CONTINUOUS
100
AcDbLine
 10
127.841116999999997
 20
-84.5199700000000007
 30
0
 11
127.7802899999999937
 21
-84.7071729999999974
 31
0
  0
LINE
  5
6B0
330
22
100
AcDbEntity
  8
B.Cu
  6
CONTINUOUS
100
AcDbLine
 10
127.7802899999999937
 20
-84.7071729999999974
 30
0
 11
127.7494999999999976
 21
-84.9015770000000032
 31
0
  0
LINE
  5
6B1
330
22
100
AcDbEntity
  8
B.Cu
  6
CONTINUOUS
100
AcDbLine
 10
127.7494999999999976
 20
-84.9015770000000032
 30
0
 11
127.7494999999999976
 21
-85.0984219999999993
 31
0
  0
LINE
  5
6B2
330
22
100
AcDbEntity
  8
B.Cu
  6
CONTINUOUS
100
AcDbLine
 10
114.4902579999999972
 20
-83.2654709999999909
 30
0
 11
114.4928869999999961
 21
-83.2820699999999903
 31
0
  0
LINE
  5
6B3
330
22
100
AcDbEntity
  8
B.Cu
  6
CONTINUOUS
100
AcDbLine
 10
114.4928869999999961
 20
-83.2820699999999903
 30
0
 11
114.5235109999999992
 21
-83.4754229999999922
 31
0
  0
LINE
  5
6B4
330
22
100
AcDbEntity
  8
B.Cu
  6
CONTINUOUS
100
AcDbLine
 10
114.5235109999999992
 20
-83.4754229999999922
 30
0
 11
114.5892020000000002
 21
-83.6775980000000033
 31
0
  0
LINE
  5
6B5
330
22
100
AcDbEntity
  8
B.Cu
  6
CONTINUOUS
100
AcDbLine
 10
114.5892020000000002
 20
-83.6775980000000033
 30
0
 11
114.6857089999999886
 21
-83.8670039999999943
 31
0
  0
LINE
  5
6B6
330
22
100
AcDbEntity
  8
B.Cu
  6
CONTINUOUS
100
AcDbLine
 10
114.6857089999999886
 20
-83.8670039999999943
 30
0
 11
114.8106480000000005
 21
-84.038969999999992
 31
0
  0
LINE
  5
6B7
330
22
100
AcDbEntity
  8
B.Cu
  6
CONTINUOUS
100
AcDbLine
 10
114.8106480000000005
 20
-84.038969999999992
 30
0
 11
114.9241880000000009
 21
-84.1525099999999924
 31
0
  0
LINE
  5
6B8
330
22
100
AcDbEntity
  8
B.Cu
  6
CONTINUOUS
100
AcDbLine
 10
114.9241880000000009
 20
-84.1525099999999924
 30
0
 11
114.9576729999999998
 21
-84.2138329999999939
 31
0
  0
LINE
  5
6B9
330
22
100
AcDbEntity
  8
B.Cu
  6
CONTINUOUS
100
AcDbLine
 10
114.9576729999999998
 20
-84.2138329999999939
 30
0
 11
114.9526889999999923
 21
-84.2835249999999974
 31
0
  0
LINE
  5
6BA
330
22
100
AcDbEntity
  8
B.Cu
  6
CONTINUOUS
100
AcDbLine
 10
114.9526889999999923
 20
-84.2835249999999974
 30
0
 11
114.9108169999999944
 21
-84.3394579999999934
 31
0
  0
LINE
  5
6BB
330
22
100
AcDbEntity
  8
B.Cu
  6
CONTINUOUS
100
AcDbLine
 10
114.9108169999999944
 20
-84.3394579999999934
 30
0
 11
114.879840999999999
 21
-84.3563729999999907
 31
0
  0
LINE
  5
6BC
330
22
100
AcDbEntity
  8
B.Cu
  6
CONTINUOUS
100
AcDbLine
 10
114.879840999999999
 20
-84.3563729999999907
 30
0
 11
114.7484269999999924
 21
-84.4053869999999904
 31
0
  0
LINE
  5
6BD
330
22
100
AcDbEntity
  8
B.Cu
  6
CONTINUOUS
100
AcDbLine
 10
114.7484269999999924
 20
-84.4053869999999904
 30
0
 11
114.7484219999999908
 21
-84.405389999999997
 31
0
  0
LINE
  5
6BE
330
22
100
AcDbEntity
  8
B.Cu
  6
CONTINUOUS
100
AcDbLine
 10
114.7484219999999908
 20
-84.405389999999997
 30
0
 11
114.6332129999999978
 21
-84.4916359999999997
 31
0
  0
LINE
  5
6BF
330
22
100
AcDbEntity
  8
B.Cu
  6
CONTINUOUS
100
AcDbLine
 10
114.6332129999999978
 20
-84.4916359999999997
 30
0
 11
114.6332099999999912
 21
-84.4916389999999922
 31
0
  0
LINE
  5
6C0
330
22
100
AcDbEntity
  8
B.Cu
  6
CONTINUOUS
100
AcDbLine
 10
114.6332099999999912
 20
-84.4916389999999922
 30
0
 11
114.5469639999999885
 21
-84.6068479999999994
 31
0
  0
LINE
  5
6C1
330
22
100
AcDbEntity
  8
B.Cu
  6
CONTINUOUS
100
AcDbLine
 10
114.5469639999999885
 20
-84.6068479999999994
 30
0
 11
114.5469599999999986
 21
-84.6068549999999959
 31
0
  0
LINE
  5
6C2
330
22
100
AcDbEntity
  8
B.Cu
  6
CONTINUOUS
100
AcDbLine
 10
114.5469599999999986
 20
-84.6068549999999959
 30
0
 11
114.4966659999999905
 21
-84.741700999999992
 31
0
  0
LINE
  5
6C3
330
22
100
AcDbEntity
  8
B.Cu
  6
CONTINUOUS
100
AcDbLine
 10
114.4966659999999905
 20
-84.741700999999992
 30
0
 11
114.4902589999999947
 21
-84.8012999999999977
 31
0
  0
LINE
  5
6C4
330
22
100
AcDbEntity
  8
B.Cu
  6
CONTINUOUS
100
AcDbLine
 10
114.4902589999999947
 20
-84.8012999999999977
 30
0
 11
114.4902589999999947
 21
-84.8013069999999942
 31
0
  0
LINE
  5
6C5
330
22
100
AcDbEntity
  8
B.Cu
  6
CONTINUOUS
100
AcDbLine
 10
114.4902589999999947
 20
-84.8013069999999942
 30
0
 11
114.4902579999999972
 21
-84.8013189999999923
 31
0
  0
LINE
  5
6C6
330
22
100
AcDbEntity
  8
B.Cu
  6
CONTINUOUS
100
AcDbLine
 10
114.4902579999999972
 20
-84.8013189999999923
 30
0
 11
114.4902579999999972
 21
-86.597054
 31
0
  0
LINE
  5
6C7
330
22
100
AcDbEntity
  8
B.Cu
  6
CONTINUOUS
100
AcDbLine
 10
114.4902579999999972
 20
-86.597054
 30
0
 11
114.4902589999999947
 21
-86.597059999999999
 31
0
  0
LINE
  5
6C8
330
22
100
AcDbEntity
  8
B.Cu
  6
CONTINUOUS
100
AcDbLine
 10
114.4902589999999947
 20
-86.597059999999999
 30
0
 11
114.4966659999999905
 21
-86.6566669999999988
 31
0
  0
LINE
  5
6C9
330
22
100
AcDbEntity
  8
B.Cu
  6
CONTINUOUS
100
AcDbLine
 10
114.4966659999999905
 20
-86.6566669999999988
 30
0
 11
114.5469599999999986
 21
-86.7915119999999973
 31
0
  0
LINE
  5
6CA
330
22
100
AcDbEntity
  8
B.Cu
  6
CONTINUOUS
100
AcDbLine
 10
114.5469599999999986
 20
-86.7915119999999973
 30
0
 11
114.5469639999999885
 21
-86.7915189999999939
 31
0
  0
LINE
  5
6CB
330
22
100
AcDbEntity
  8
B.Cu
  6
CONTINUOUS
100
AcDbLine
 10
114.5469639999999885
 20
-86.7915189999999939
 30
0
 11
114.6332099999999912
 21
-86.9067280000000011
 31
0
  0
LINE
  5
6CC
330
22
100
AcDbEntity
  8
B.Cu
  6
CONTINUOUS
100
AcDbLine
 10
114.6332099999999912
 20
-86.9067280000000011
 30
0
 11
114.6332129999999978
 21
-86.9067309999999935
 31
0
  0
LINE
  5
6CD
330
22
100
AcDbEntity
  8
B.Cu
  6
CONTINUOUS
100
AcDbLine
 10
114.6332129999999978
 20
-86.9067309999999935
 30
0
 11
114.7484219999999908
 21
-86.9929769999999962
 31
0
  0
LINE
  5
6CE
330
22
100
AcDbEntity
  8
B.Cu
  6
CONTINUOUS
100
AcDbLine
 10
114.7484219999999908
 20
-86.9929769999999962
 30
0
 11
114.7484290000000016
 21
-86.9929810000000003
 31
0
  0
LINE
  5
6CF
330
22
100
AcDbEntity
  8
B.Cu
  6
CONTINUOUS
100
AcDbLine
 10
114.7484290000000016
 20
-86.9929810000000003
 30
0
 11
114.8832749999999976
 21
-87.0432749999999942
 31
0
  0
LINE
  5
6D0
330
22
100
AcDbEntity
  8
B.Cu
  6
CONTINUOUS
100
AcDbLine
 10
114.8832749999999976
 20
-87.0432749999999942
 30
0
 11
114.8832740000000001
 21
-87.0432749999999942
 31
0
  0
LINE
  5
6D1
330
22
100
AcDbEntity
  8
B.Cu
  6
CONTINUOUS
100
AcDbLine
 10
114.8832740000000001
 20
-87.0432749999999942
 30
0
 11
114.8902019999999879
 21
-87.0440189999999916
 31
0
  0
LINE
  5
6D2
330
22
100
AcDbEntity
  8
B.Cu
  6
CONTINUOUS
100
AcDbLine
 10
114.8902019999999879
 20
-87.0440189999999916
 30
0
 11
114.9428849999999898
 21
-87.0496839999999992
 31
0
  0
LINE
  5
6D3
330
22
100
AcDbEntity
  8
B.Cu
  6
CONTINUOUS
100
AcDbLine
 10
114.9428849999999898
 20
-87.0496839999999992
 30
0
 11
116.7386300000000006
 21
-87.0496830000000017
 31
0
  0
LINE
  5
6D4
330
22
100
AcDbEntity
  8
B.Cu
  6
CONTINUOUS
100
AcDbLine
 10
116.7386300000000006
 20
-87.0496830000000017
 30
0
 11
116.7982409999999902
 21
-87.0432749999999942
 31
0
  0
LINE
  5
6D5
330
22
100
AcDbEntity
  8
B.Cu
  6
CONTINUOUS
100
AcDbLine
 10
116.7982409999999902
 20
-87.0432749999999942
 30
0
 11
116.9330889999999954
 21
-86.9929800000000029
 31
0
  0
LINE
  5
6D6
330
22
100
AcDbEntity
  8
B.Cu
  6
CONTINUOUS
100
AcDbLine
 10
116.9330889999999954
 20
-86.9929800000000029
 30
0
 11
117.0483040000000017
 21
-86.906729999999996
 31
0
  0
LINE
  5
6D7
330
22
100
AcDbEntity
  8
B.Cu
  6
CONTINUOUS
100
AcDbLine
 10
117.0483040000000017
 20
-86.906729999999996
 30
0
 11
117.1345539999999943
 21
-86.7915149999999898
 31
0
  0
LINE
  5
6D8
330
22
100
AcDbEntity
  8
B.Cu
  6
CONTINUOUS
100
AcDbLine
 10
117.1345539999999943
 20
-86.7915149999999898
 30
0
 11
117.1848489999999998
 21
-86.6566669999999988
 31
0
  0
LINE
  5
6D9
330
22
100
AcDbEntity
  8
B.Cu
  6
CONTINUOUS
100
AcDbLine
 10
117.1848489999999998
 20
-86.6566669999999988
 30
0
 11
117.1912579999999906
 21
-86.5970569999999924
 31
0
  0
LINE
  5
6DA
330
22
100
AcDbEntity
  8
B.Cu
  6
CONTINUOUS
100
AcDbLine
 10
117.1912579999999906
 20
-86.5970569999999924
 30
0
 11
117.1912569999999931
 21
-84.9015770000000032
 31
0
  0
LINE
  5
6DB
330
22
100
AcDbEntity
  8
B.Cu
  6
CONTINUOUS
100
AcDbLine
 10
117.1912569999999931
 20
-84.9015770000000032
 30
0
 11
117.1912569999999931
 21
-84.8013119999999958
 31
0
  0
LINE
  5
6DC
330
22
100
AcDbEntity
  8
B.Cu
  6
CONTINUOUS
100
AcDbLine
 10
117.1912569999999931
 20
-84.8013119999999958
 30
0
 11
117.1848489999999998
 21
-84.741700999999992
 31
0
  0
LINE
  5
6DD
330
22
100
AcDbEntity
  8
B.Cu
  6
CONTINUOUS
100
AcDbLine
 10
117.1848489999999998
 20
-84.741700999999992
 30
0
 11
117.1719709999999992
 21
-84.7071739999999949
 31
0
  0
LINE
  5
6DE
330
22
100
AcDbEntity
  8
B.Cu
  6
CONTINUOUS
100
AcDbLine
 10
117.1719709999999992
 20
-84.7071739999999949
 30
0
 11
117.1345549999999918
 21
-84.6068549999999959
 31
0
  0
LINE
  5
6DF
330
22
100
AcDbEntity
  8
B.Cu
  6
CONTINUOUS
100
AcDbLine
 10
117.1345549999999918
 20
-84.6068549999999959
 30
0
 11
117.1345509999999877
 21
-84.6068479999999994
 31
0
  0
LINE
  5
6E0
330
22
100
AcDbEntity
  8
B.Cu
  6
CONTINUOUS
100
AcDbLine
 10
117.1345509999999877
 20
-84.6068479999999994
 30
0
 11
117.0483049999999992
 21
-84.4916389999999922
 31
0
  0
LINE
  5
6E1
330
22
100
AcDbEntity
  8
B.Cu
  6
CONTINUOUS
100
AcDbLine
 10
117.0483049999999992
 20
-84.4916389999999922
 30
0
 11
117.0483019999999925
 21
-84.4916359999999997
 31
0
  0
LINE
  5
6E2
330
22
100
AcDbEntity
  8
B.Cu
  6
CONTINUOUS
100
AcDbLine
 10
117.0483019999999925
 20
-84.4916359999999997
 30
0
 11
116.9330929999999995
 21
-84.405389999999997
 31
0
  0
LINE
  5
6E3
330
22
100
AcDbEntity
  8
B.Cu
  6
CONTINUOUS
100
AcDbLine
 10
116.9330929999999995
 20
-84.405389999999997
 30
0
 11
116.9330859999999888
 21
-84.4053859999999929
 31
0
  0
LINE
  5
6E4
330
22
100
AcDbEntity
  8
B.Cu
  6
CONTINUOUS
100
AcDbLine
 10
116.9330859999999888
 20
-84.4053859999999929
 30
0
 11
116.8016749999999888
 21
-84.3563729999999907
 31
0
  0
LINE
  5
6E5
330
22
100
AcDbEntity
  8
B.Cu
  6
CONTINUOUS
100
AcDbLine
 10
116.8016749999999888
 20
-84.3563729999999907
 30
0
 11
116.7457409999999953
 21
-84.3145019999999903
 31
0
  0
LINE
  5
6E6
330
22
100
AcDbEntity
  8
B.Cu
  6
CONTINUOUS
100
AcDbLine
 10
116.7457409999999953
 20
-84.3145019999999903
 30
0
 11
116.7213239999999956
 21
-84.2490370000000013
 31
0
  0
LINE
  5
6E7
330
22
100
AcDbEntity
  8
B.Cu
  6
CONTINUOUS
100
AcDbLine
 10
116.7213239999999956
 20
-84.2490370000000013
 30
0
 11
116.7361760000000004
 21
-84.1807639999999964
 31
0
  0
LINE
  5
6E8
330
22
100
AcDbEntity
  8
B.Cu
  6
CONTINUOUS
100
AcDbLine
 10
116.7361760000000004
 20
-84.1807639999999964
 30
0
 11
116.7573209999999904
 21
-84.1525159999999914
 31
0
  0
LINE
  5
6E9
330
22
100
AcDbEntity
  8
B.Cu
  6
CONTINUOUS
100
AcDbLine
 10
116.7573209999999904
 20
-84.1525159999999914
 30
0
 11
116.8708619999999883
 21
-84.038975999999991
 31
0
  0
LINE
  5
6EA
330
22
100
AcDbEntity
  8
B.Cu
  6
CONTINUOUS
100
AcDbLine
 10
116.8708619999999883
 20
-84.038975999999991
 30
0
 11
116.9958089999999942
 21
-83.8669999999999902
 31
0
  0
LINE
  5
6EB
330
22
100
AcDbEntity
  8
B.Cu
  6
CONTINUOUS
100
AcDbLine
 10
116.9958089999999942
 20
-83.8669999999999902
 30
0
 11
117.0923149999999993
 21
-83.6775959999999941
 31
0
  0
LINE
  5
6EC
330
22
100
AcDbEntity
  8
B.Cu
  6
CONTINUOUS
100
AcDbLine
 10
117.0923149999999993
 20
-83.6775959999999941
 30
0
 11
117.1580039999999912
 21
-83.4754269999999963
 31
0
  0
LINE
  5
6ED
330
22
100
AcDbEntity
  8
B.Cu
  6
CONTINUOUS
100
AcDbLine
 10
117.1580039999999912
 20
-83.4754269999999963
 30
0
 11
117.1912579999999906
 21
-83.2654709999999909
 31
0
  0
LINE
  5
6EE
330
22
100
AcDbEntity
  8
B.Cu
  6
CONTINUOUS
100
AcDbLine
 10
117.1912579999999906
 20
-83.2654709999999909
 30
0
 11
117.1912579999999906
 21
-83.0528970000000015
 31
0
  0
LINE
  5
6EF
330
22
100
AcDbEntity
  8
B.Cu
  6
CONTINUOUS
100
AcDbLine
 10
117.1912579999999906
 20
-83.0528970000000015
 30
0
 11
117.1580039999999912
 21
-82.8429409999999962
 31
0
  0
LINE
  5
6F0
330
22
100
AcDbEntity
  8
B.Cu
  6
CONTINUOUS
100
AcDbLine
 10
117.1580039999999912
 20
-82.8429409999999962
 30
0
 11
117.0923149999999993
 21
-82.6407719999999983
 31
0
  0
LINE
  5
6F1
330
22
100
AcDbEntity
  8
B.Cu
  6
CONTINUOUS
100
AcDbLine
 10
117.0923149999999993
 20
-82.6407719999999983
 30
0
 11
116.9958089999999942
 21
-82.4513680000000022
 31
0
  0
LINE
  5
6F2
330
22
100
AcDbEntity
  8
B.Cu
  6
CONTINUOUS
100
AcDbLine
 10
116.9958089999999942
 20
-82.4513680000000022
 30
0
 11
116.9958069999999992
 21
-82.4513649999999956
 31
0
  0
LINE
  5
6F3
330
22
100
AcDbEntity
  8
B.Cu
  6
CONTINUOUS
100
AcDbLine
 10
116.9958069999999992
 20
-82.4513649999999956
 30
0
 11
116.9958060000000017
 21
-82.4513630000000006
 31
0
  0
LINE
  5
6F4
330
22
100
AcDbEntity
  8
B.Cu
  6
CONTINUOUS
100
AcDbLine
 10
116.9958060000000017
 20
-82.4513630000000006
 30
0
 11
116.8708669999999898
 21
-82.279397000000003
 31
0
  0
LINE
  5
6F5
330
22
100
AcDbEntity
  8
B.Cu
  6
CONTINUOUS
100
AcDbLine
 10
116.8708669999999898
 20
-82.279397000000003
 30
0
 11
116.7205439999999896
 21
-82.1290740000000028
 31
0
  0
LINE
  5
6F6
330
22
100
AcDbEntity
  8
B.Cu
  6
CONTINUOUS
100
AcDbLine
 10
116.7205439999999896
 20
-82.1290740000000028
 30
0
 11
116.548577999999992
 21
-82.0041349999999909
 31
0
  0
LINE
  5
6F7
330
22
100
AcDbEntity
  8
B.Cu
  6
CONTINUOUS
100
AcDbLine
 10
116.548577999999992
 20
-82.0041349999999909
 30
0
 11
116.3591720000000009
 21
-81.9076280000000025
 31
0
  0
LINE
  5
6F8
330
22
100
AcDbEntity
  8
B.Cu
  6
CONTINUOUS
100
AcDbLine
 10
116.3591720000000009
 20
-81.9076280000000025
 30
0
 11
116.3591709999999892
 21
-81.9076269999999909
 31
0
  0
LINE
  5
6F9
330
22
100
AcDbEntity
  8
B.Cu
  6
CONTINUOUS
100
AcDbLine
 10
116.3591709999999892
 20
-81.9076269999999909
 30
0
 11
116.3591699999999918
 21
-81.9076269999999909
 31
0
  0
LINE
  5
6FA
330
22
100
AcDbEntity
  8
B.Cu
  6
CONTINUOUS
100
AcDbLine
 10
116.3591699999999918
 20
-81.9076269999999909
 30
0
 11
116.157000999999994
 21
-81.841937999999999
 31
0
  0
LINE
  5
6FB
330
22
100
AcDbEntity
  8
B.Cu
  6
CONTINUOUS
100
AcDbLine
 10
116.157000999999994
 20
-81.841937999999999
 30
0
 11
116.156998999999999
 21
-81.8419370000000015
 31
0
  0
LINE
  5
6FC
330
22
100
AcDbEntity
  8
B.Cu
  6
CONTINUOUS
100
AcDbLine
 10
116.156998999999999
 20
-81.8419370000000015
 30
0
 11
116.1569980000000015
 21
-81.8419370000000015
 31
0
  0
LINE
  5
6FD
330
22
100
AcDbEntity
  8
B.Cu
  6
CONTINUOUS
100
AcDbLine
 10
116.1569980000000015
 20
-81.8419370000000015
 30
0
 11
115.9957149999999899
 21
-81.8163919999999933
 31
0
  0
LINE
  5
6FE
330
22
100
AcDbEntity
  8
B.Cu
  6
CONTINUOUS
100
AcDbLine
 10
115.9957149999999899
 20
-81.8163919999999933
 30
0
 11
115.9470449999999886
 21
-81.8086839999999995
 31
0
  0
LINE
  5
6FF
330
22
100
AcDbEntity
  8
B.Cu
  6
CONTINUOUS
100
AcDbLine
 10
115.9470449999999886
 20
-81.8086839999999995
 30
0
 11
115.7344709999999992
 21
-81.8086839999999995
 31
0
  0
LINE
  5
700
330
22
100
AcDbEntity
  8
B.Cu
  6
CONTINUOUS
100
AcDbLine
 10
115.7344709999999992
 20
-81.8086839999999995
 30
0
 11
115.6858000000000004
 21
-81.8163919999999933
 31
0
  0
LINE
  5
701
330
22
100
AcDbEntity
  8
B.Cu
  6
CONTINUOUS
100
AcDbLine
 10
115.6858000000000004
 20
-81.8163919999999933
 30
0
 11
115.5245180000000005
 21
-81.8419370000000015
 31
0
  0
LINE
  5
702
330
22
100
AcDbEntity
  8
B.Cu
  6
CONTINUOUS
100
AcDbLine
 10
115.5245180000000005
 20
-81.8419370000000015
 30
0
 11
115.4678519999999935
 21
-81.8603489999999994
 31
0
  0
LINE
  5
703
330
22
100
AcDbEntity
  8
B.Cu
  6
CONTINUOUS
100
AcDbLine
 10
115.4678519999999935
 20
-81.8603489999999994
 30
0
 11
115.3281909999999897
 21
-81.9057279999999963
 31
0
  0
LINE
  5
704
330
22
100
AcDbEntity
  8
B.Cu
  6
CONTINUOUS
100
AcDbLine
 10
115.3281909999999897
 20
-81.9057279999999963
 30
0
 11
115.3223429999999894
 21
-81.9076280000000025
 31
0
  0
LINE
  5
705
330
22
100
AcDbEntity
  8
B.Cu
  6
CONTINUOUS
100
AcDbLine
 10
115.3223429999999894
 20
-81.9076280000000025
 30
0
 11
115.1329369999999983
 21
-82.0041349999999909
 31
0
  0
LINE
  5
706
330
22
100
AcDbEntity
  8
B.Cu
  6
CONTINUOUS
100
AcDbLine
 10
115.1329369999999983
 20
-82.0041349999999909
 30
0
 11
114.9609710000000007
 21
-82.1290740000000028
 31
0
  0
LINE
  5
707
330
22
100
AcDbEntity
  8
B.Cu
  6
CONTINUOUS
100
AcDbLine
 10
114.9609710000000007
 20
-82.1290740000000028
 30
0
 11
114.8106480000000005
 21
-82.279397000000003
 31
0
  0
LINE
  5
708
330
22
100
AcDbEntity
  8
B.Cu
  6
CONTINUOUS
100
AcDbLine
 10
114.8106480000000005
 20
-82.279397000000003
 30
0
 11
114.6857089999999886
 21
-82.4513630000000006
 31
0
  0
LINE
  5
709
330
22
100
AcDbEntity
  8
B.Cu
  6
CONTINUOUS
100
AcDbLine
 10
114.6857089999999886
 20
-82.4513630000000006
 30
0
 11
114.5892020000000002
 21
-82.6407689999999917
 31
0
  0
LINE
  5
70A
330
22
100
AcDbEntity
  8
B.Cu
  6
CONTINUOUS
100
AcDbLine
 10
114.5892020000000002
 20
-82.6407689999999917
 30
0
 11
114.5892009999999885
 21
-82.6407710000000009
 31
0
  0
LINE
  5
70B
330
22
100
AcDbEntity
  8
B.Cu
  6
CONTINUOUS
100
AcDbLine
 10
114.5892009999999885
 20
-82.6407710000000009
 30
0
 11
114.5892009999999885
 21
-82.6407719999999983
 31
0
  0
LINE
  5
70C
330
22
100
AcDbEntity
  8
B.Cu
  6
CONTINUOUS
100
AcDbLine
 10
114.5892009999999885
 20
-82.6407719999999983
 30
0
 11
114.5807879999999983
 21
-82.6666639999999973
 31
0
  0
LINE
  5
70D
330
22
100
AcDbEntity
  8
B.Cu
  6
CONTINUOUS
100
AcDbLine
 10
114.5807879999999983
 20
-82.6666639999999973
 30
0
 11
114.5235109999999992
 21
-82.8429440000000028
 31
0
  0
LINE
  5
70E
330
22
100
AcDbEntity
  8
B.Cu
  6
CONTINUOUS
100
AcDbLine
 10
114.5235109999999992
 20
-82.8429440000000028
 30
0
 11
114.5018509999999878
 21
-82.9797039999999981
 31
0
  0
LINE
  5
70F
330
22
100
AcDbEntity
  8
B.Cu
  6
CONTINUOUS
100
AcDbLine
 10
114.5018509999999878
 20
-82.9797039999999981
 30
0
 11
114.4902579999999972
 21
-83.0528970000000015
 31
0
  0
LINE
  5
710
330
22
100
AcDbEntity
  8
B.Cu
  6
CONTINUOUS
100
AcDbLine
 10
114.4902579999999972
 20
-83.0528970000000015
 30
0
 11
114.4902579999999972
 21
-83.2654709999999909
 31
0
  0
LINE
  5
711
330
22
100
AcDbEntity
  8
B.Cu
  6
CONTINUOUS
100
AcDbLine
 10
164.3447960000000023
 20
-81.6537099999999896
 30
0
 11
164.3398149999999873
 21
-81.6557729999999964
 31
0
  0
LINE
  5
712
330
22
100
AcDbEntity
  8
B.Cu
  6
CONTINUOUS
100
AcDbLine
 10
164.3398149999999873
 20
-81.6557729999999964
 30
0
 11
164.3344409999999982
 21
-81.6561549999999983
 31
0
  0
LINE
  5
713
330
22
100
AcDbEntity
  8
B.Cu
  6
CONTINUOUS
100
AcDbLine
 10
164.3344409999999982
 20
-81.6561549999999983
 30
0
 11
164.3069769999999892
 21
-81.6666639999999973
 31
0
  0
LINE
  5
714
330
22
100
AcDbEntity
  8
B.Cu
  6
CONTINUOUS
100
AcDbLine
 10
164.3069769999999892
 20
-81.6666639999999973
 30
0
 11
164.3000729999999976
 21
-81.6701149999999956
 31
0
  0
LINE
  5
715
330
22
100
AcDbEntity
  8
B.Cu
  6
CONTINUOUS
100
AcDbLine
 10
164.3000729999999976
 20
-81.6701149999999956
 30
0
 11
164.2604670000000056
 21
-81.6537099999999896
 31
0
  0
LINE
  5
716
330
22
100
AcDbEntity
  8
B.Cu
  6
CONTINUOUS
100
AcDbLine
 10
164.2604670000000056
 20
-81.6537099999999896
 30
0
 11
164.2019389999999817
 21
-81.6537099999999896
 31
0
  0
LINE
  5
717
330
22
100
AcDbEntity
  8
B.Cu
  6
CONTINUOUS
100
AcDbLine
 10
164.2019389999999817
 20
-81.6537099999999896
 30
0
 11
164.1478669999999909
 21
-81.6761079999999993
 31
0
  0
LINE
  5
718
330
22
100
AcDbEntity
  8
B.Cu
  6
CONTINUOUS
100
AcDbLine
 10
164.1478669999999909
 20
-81.6761079999999993
 30
0
 11
164.1064829999999972
 21
-81.7174919999999929
 31
0
  0
LINE
  5
719
330
22
100
AcDbEntity
  8
B.Cu
  6
CONTINUOUS
100
AcDbLine
 10
164.1064829999999972
 20
-81.7174919999999929
 30
0
 11
164.0840849999999875
 21
-81.7715639999999979
 31
0
  0
LINE
  5
71A
330
22
100
AcDbEntity
  8
B.Cu
  6
CONTINUOUS
100
AcDbLine
 10
164.0840849999999875
 20
-81.7715639999999979
 30
0
 11
164.0812029999999879
 21
-81.8008279999999957
 31
0
  0
LINE
  5
71B
330
22
100
AcDbEntity
  8
B.Cu
  6
CONTINUOUS
100
AcDbLine
 10
164.0812029999999879
 20
-81.8008279999999957
 30
0
 11
164.0812029999999879
 21
-83.015113999999997
 31
0
  0
LINE
  5
71C
330
22
100
AcDbEntity
  8
B.Cu
  6
CONTINUOUS
100
AcDbLine
 10
164.0812029999999879
 20
-83.015113999999997
 30
0
 11
164.0840849999999875
 21
-83.0443779999999947
 31
0
  0
LINE
  5
71D
330
22
100
AcDbEntity
  8
B.Cu
  6
CONTINUOUS
100
AcDbLine
 10
164.0840849999999875
 20
-83.0443779999999947
 30
0
 11
164.0861469999999827
 21
-83.0493560000000031
 31
0
  0
LINE
  5
71E
330
22
100
AcDbEntity
  8
B.Cu
  6
CONTINUOUS
100
AcDbLine
 10
164.0861469999999827
 20
-83.0493560000000031
 30
0
 11
164.0865289999999845
 21
-83.0547320000000013
 31
0
  0
LINE
  5
71F
330
22
100
AcDbEntity
  8
B.Cu
  6
CONTINUOUS
100
AcDbLine
 10
164.0865289999999845
 20
-83.0547320000000013
 30
0
 11
164.0970389999999952
 21
-83.0821959999999962
 31
0
  0
LINE
  5
720
330
22
100
AcDbEntity
  8
B.Cu
  6
CONTINUOUS
100
AcDbLine
 10
164.0970389999999952
 20
-83.0821959999999962
 30
0
 11
164.1684669999999926
 21
-83.2250530000000026
 31
0
  0
LINE
  5
721
330
22
100
AcDbEntity
  8
B.Cu
  6
CONTINUOUS
100
AcDbLine
 10
164.1684669999999926
 20
-83.2250530000000026
 30
0
 11
164.1763939999999877
 21
-83.237645999999998
 31
0
  0
LINE
  5
722
330
22
100
AcDbEntity
  8
B.Cu
  6
CONTINUOUS
100
AcDbLine
 10
164.1763939999999877
 20
-83.237645999999998
 30
0
 11
164.1779099999999971
 21
-83.2413059999999945
 31
0
  0
LINE
  5
723
330
22
100
AcDbEntity
  8
B.Cu
  6
CONTINUOUS
100
AcDbLine
 10
164.1779099999999971
 20
-83.2413059999999945
 30
0
 11
164.1812909999999874
 21
-83.2454249999999973
 31
0
  0
LINE
  5
724
330
22
100
AcDbEntity
  8
B.Cu
  6
CONTINUOUS
100
AcDbLine
 10
164.1812909999999874
 20
-83.2454249999999973
 30
0
 11
164.1841320000000053
 21
-83.2499389999999977
 31
0
  0
LINE
  5
725
330
22
100
AcDbEntity
  8
B.Cu
  6
CONTINUOUS
100
AcDbLine
 10
164.1841320000000053
 20
-83.2499389999999977
 30
0
 11
164.1871249999999804
 21
-83.2525349999999946
 31
0
  0
LINE
  5
726
330
22
100
AcDbEntity
  8
B.Cu
  6
CONTINUOUS
100
AcDbLine
 10
164.1871249999999804
 20
-83.2525349999999946
 30
0
 11
164.1965649999999926
 21
-83.2640370000000019
 31
0
  0
LINE
  5
727
330
22
100
AcDbEntity
  8
B.Cu
  6
CONTINUOUS
100
AcDbLine
 10
164.1965649999999926
 20
-83.2640370000000019
 30
0
 11
164.2679939999999874
 21
-83.3354659999999967
 31
0
  0
LINE
  5
728
330
22
100
AcDbEntity
  8
B.Cu
  6
CONTINUOUS
100
AcDbLine
 10
164.2679939999999874
 20
-83.3354659999999967
 30
0
 11
164.2794979999999896
 21
-83.3449069999999921
 31
0
  0
LINE
  5
729
330
22
100
AcDbEntity
  8
B.Cu
  6
CONTINUOUS
100
AcDbLine
 10
164.2794979999999896
 20
-83.3449069999999921
 30
0
 11
164.2820930000000033
 21
-83.3478989999999982
 31
0
  0
LINE
  5
72A
330
22
100
AcDbEntity
  8
B.Cu
  6
CONTINUOUS
100
AcDbLine
 10
164.2820930000000033
 20
-83.3478989999999982
 30
0
 11
164.2865950000000055
 21
-83.3507319999999936
 31
0
  0
LINE
  5
72B
330
22
100
AcDbEntity
  8
B.Cu
  6
CONTINUOUS
100
AcDbLine
 10
164.2865950000000055
 20
-83.3507319999999936
 30
0
 11
164.2865979999999979
 21
-83.3507340000000028
 31
0
  0
LINE
  5
72C
330
22
100
AcDbEntity
  8
B.Cu
  6
CONTINUOUS
100
AcDbLine
 10
164.2865979999999979
 20
-83.3507340000000028
 30
0
 11
164.2866019999999878
 21
-83.3507369999999952
 31
0
  0
LINE
  5
72D
330
22
100
AcDbEntity
  8
B.Cu
  6
CONTINUOUS
100
AcDbLine
 10
164.2866019999999878
 20
-83.3507369999999952
 30
0
 11
164.2907249999999806
 21
-83.3541209999999921
 31
0
  0
LINE
  5
72E
330
22
100
AcDbEntity
  8
B.Cu
  6
CONTINUOUS
100
AcDbLine
 10
164.2907249999999806
 20
-83.3541209999999921
 30
0
 11
164.2943860000000029
 21
-83.3556370000000015
 31
0
  0
LINE
  5
72F
330
22
100
AcDbEntity
  8
B.Cu
  6
CONTINUOUS
100
AcDbLine
 10
164.2943860000000029
 20
-83.3556370000000015
 30
0
 11
164.3069779999999867
 21
-83.3635639999999967
 31
0
  0
LINE
  5
730
330
22
100
AcDbEntity
  8
B.Cu
  6
CONTINUOUS
100
AcDbLine
 10
164.3069779999999867
 20
-83.3635639999999967
 30
0
 11
164.4498360000000048
 21
-83.4349919999999941
 31
0
  0
LINE
  5
731
330
22
100
AcDbEntity
  8
B.Cu
  6
CONTINUOUS
100
AcDbLine
 10
164.4498360000000048
 20
-83.4349919999999941
 30
0
 11
164.4772940000000006
 21
-83.4454999999999956
 31
0
  0
LINE
  5
732
330
22
100
AcDbEntity
  8
B.Cu
  6
CONTINUOUS
100
AcDbLine
 10
164.4772940000000006
 20
-83.4454999999999956
 30
0
 11
164.4772989999999879
 21
-83.4455019999999905
 31
0
  0
LINE
  5
733
330
22
100
AcDbEntity
  8
B.Cu
  6
CONTINUOUS
100
AcDbLine
 10
164.4772989999999879
 20
-83.4455019999999905
 30
0
 11
164.4773030000000063
 21
-83.4455019999999905
 31
0
  0
LINE
  5
734
330
22
100
AcDbEntity
  8
B.Cu
  6
CONTINUOUS
100
AcDbLine
 10
164.4773030000000063
 20
-83.4455019999999905
 30
0
 11
164.4773040000000037
 21
-83.4455019999999905
 31
0
  0
LINE
  5
735
330
22
100
AcDbEntity
  8
B.Cu
  6
CONTINUOUS
100
AcDbLine
 10
164.4773040000000037
 20
-83.4455019999999905
 30
0
 11
164.4826740000000029
 21
-83.4458829999999949
 31
0
  0
LINE
  5
736
330
22
100
AcDbEntity
  8
B.Cu
  6
CONTINUOUS
100
AcDbLine
 10
164.4826740000000029
 20
-83.4458829999999949
 30
0
 11
164.4876509999999996
 21
-83.44794499999999
 31
0
  0
LINE
  5
737
330
22
100
AcDbEntity
  8
B.Cu
  6
CONTINUOUS
100
AcDbLine
 10
164.4876509999999996
 20
-83.44794499999999
 30
0
 11
164.4876529999999946
 21
-83.4479460000000017
 31
0
  0
LINE
  5
738
330
22
100
AcDbEntity
  8
B.Cu
  6
CONTINUOUS
100
AcDbLine
 10
164.4876529999999946
 20
-83.4479460000000017
 30
0
 11
164.5169170000000065
 21
-83.4508280000000013
 31
0
  0
LINE
  5
739
330
22
100
AcDbEntity
  8
B.Cu
  6
CONTINUOUS
100
AcDbLine
 10
164.5169170000000065
 20
-83.4508280000000013
 30
0
 11
164.5169199999999989
 21
-83.4508280000000013
 31
0
  0
LINE
  5
73A
330
22
100
AcDbEntity
  8
B.Cu
  6
CONTINUOUS
100
AcDbLine
 10
164.5169199999999989
 20
-83.4508280000000013
 30
0
 11
164.7312009999999987
 21
-83.4508280000000013
 31
0
  0
LINE
  5
73B
330
22
100
AcDbEntity
  8
B.Cu
  6
CONTINUOUS
100
AcDbLine
 10
164.7312009999999987
 20
-83.4508280000000013
 30
0
 11
164.7312029999999936
 21
-83.4508280000000013
 31
0
  0
LINE
  5
73C
330
22
100
AcDbEntity
  8
B.Cu
  6
CONTINUOUS
100
AcDbLine
 10
164.7312029999999936
 20
-83.4508280000000013
 30
0
 11
164.7604670000000056
 21
-83.4479460000000017
 31
0
  0
LINE
  5
73D
330
22
100
AcDbEntity
  8
B.Cu
  6
CONTINUOUS
100
AcDbLine
 10
164.7604670000000056
 20
-83.4479460000000017
 30
0
 11
164.760468000000003
 21
-83.44794499999999
 31
0
  0
LINE
  5
73E
330
22
100
AcDbEntity
  8
B.Cu
  6
CONTINUOUS
100
AcDbLine
 10
164.760468000000003
 20
-83.44794499999999
 30
0
 11
164.7604709999999955
 21
-83.4479439999999926
 31
0
  0
LINE
  5
73F
330
22
100
AcDbEntity
  8
B.Cu
  6
CONTINUOUS
100
AcDbLine
 10
164.7604709999999955
 20
-83.4479439999999926
 30
0
 11
164.7654449999999997
 21
-83.4458829999999949
 31
0
  0
LINE
  5
740
330
22
100
AcDbEntity
  8
B.Cu
  6
CONTINUOUS
100
AcDbLine
 10
164.7654449999999997
 20
-83.4458829999999949
 30
0
 11
164.7708120000000065
 21
-83.4455019999999905
 31
0
  0
LINE
  5
741
330
22
100
AcDbEntity
  8
B.Cu
  6
CONTINUOUS
100
AcDbLine
 10
164.7708120000000065
 20
-83.4455019999999905
 30
0
 11
164.7708149999999989
 21
-83.4455019999999905
 31
0
  0
LINE
  5
742
330
22
100
AcDbEntity
  8
B.Cu
  6
CONTINUOUS
100
AcDbLine
 10
164.7708149999999989
 20
-83.4455019999999905
 30
0
 11
164.7708209999999838
 21
-83.4455019999999905
 31
0
  0
LINE
  5
743
330
22
100
AcDbEntity
  8
B.Cu
  6
CONTINUOUS
100
AcDbLine
 10
164.7708209999999838
 20
-83.4455019999999905
 30
0
 11
164.7982849999999928
 21
-83.4349919999999941
 31
0
  0
LINE
  5
744
330
22
100
AcDbEntity
  8
B.Cu
  6
CONTINUOUS
100
AcDbLine
 10
164.7982849999999928
 20
-83.4349919999999941
 30
0
 11
164.941141999999985
 21
-83.3635639999999967
 31
0
  0
LINE
  5
745
330
22
100
AcDbEntity
  8
B.Cu
  6
CONTINUOUS
100
AcDbLine
 10
164.941141999999985
 20
-83.3635639999999967
 30
0
 11
164.9660279999999943
 21
-83.3478989999999982
 31
0
  0
LINE
  5
746
330
22
100
AcDbEntity
  8
B.Cu
  6
CONTINUOUS
100
AcDbLine
 10
164.9660279999999943
 20
-83.3478989999999982
 30
0
 11
165.0043739999999843
 21
-83.3036839999999899
 31
0
  0
LINE
  5
747
330
22
100
AcDbEntity
  8
B.Cu
  6
CONTINUOUS
100
AcDbLine
 10
165.0043739999999843
 20
-83.3036839999999899
 30
0
 11
165.0228819999999814
 21
-83.2481619999999936
 31
0
  0
LINE
  5
748
330
22
100
AcDbEntity
  8
B.Cu
  6
CONTINUOUS
100
AcDbLine
 10
165.0228819999999814
 20
-83.2481619999999936
 30
0
 11
165.0223440000000039
 21
-83.240596999999994
 31
0
  0
LINE
  5
749
330
22
100
AcDbEntity
  8
B.Cu
  6
CONTINUOUS
100
AcDbLine
 10
165.0223440000000039
 20
-83.240596999999994
 30
0
 11
165.0187339999999949
 21
-83.1897829999999914
 31
0
  0
LINE
  5
74A
330
22
100
AcDbEntity
  8
B.Cu
  6
CONTINUOUS
100
AcDbLine
 10
165.0187339999999949
 20
-83.1897829999999914
 30
0
 11
165.0150079999999946
 21
-83.1823289999999957
 31
0
  0
LINE
  5
74B
330
22
100
AcDbEntity
  8
B.Cu
  6
CONTINUOUS
100
AcDbLine
 10
165.0150079999999946
 20
-83.1823289999999957
 30
0
 11
165.0150069999999971
 21
-83.1823279999999983
 31
0
  0
LINE
  5
74C
330
22
100
AcDbEntity
  8
B.Cu
  6
CONTINUOUS
100
AcDbLine
 10
165.0150069999999971
 20
-83.1823279999999983
 30
0
 11
164.9925599999999974
 21
-83.1374330000000015
 31
0
  0
LINE
  5
74D
330
22
100
AcDbEntity
  8
B.Cu
  6
CONTINUOUS
100
AcDbLine
 10
164.9925599999999974
 20
-83.1374330000000015
 30
0
 11
164.9483449999999891
 21
-83.0990859999999998
 31
0
  0
LINE
  5
74E
330
22
100
AcDbEntity
  8
B.Cu
  6
CONTINUOUS
100
AcDbLine
 10
164.9483449999999891
 20
-83.0990859999999998
 30
0
 11
164.8928219999999953
 21
-83.0805780000000027
 31
0
  0
LINE
  5
74F
330
22
100
AcDbEntity
  8
B.Cu
  6
CONTINUOUS
100
AcDbLine
 10
164.8928219999999953
 20
-83.0805780000000027
 30
0
 11
164.8344419999999957
 21
-83.0847259999999892
 31
0
  0
LINE
  5
750
330
22
100
AcDbEntity
  8
B.Cu
  6
CONTINUOUS
100
AcDbLine
 10
164.8344419999999957
 20
-83.0847259999999892
 30
0
 11
164.8069789999999841
 21
-83.0952359999999999
 31
0
  0
LINE
  5
751
330
22
100
AcDbEntity
  8
B.Cu
  6
CONTINUOUS
100
AcDbLine
 10
164.8069789999999841
 20
-83.0952359999999999
 30
0
 11
164.6957929999999806
 21
-83.15082799999999
 31
0
  0
LINE
  5
752
330
22
100
AcDbEntity
  8
B.Cu
  6
CONTINUOUS
100
AcDbLine
 10
164.6957929999999806
 20
-83.15082799999999
 30
0
 11
164.5523269999999911
 21
-83.15082799999999
 31
0
  0
LINE
  5
753
330
22
100
AcDbEntity
  8
B.Cu
  6
CONTINUOUS
100
AcDbLine
 10
164.5523269999999911
 20
-83.15082799999999
 30
0
 11
164.4629129999999861
 21
-83.1061210000000017
 31
0
  0
LINE
  5
754
330
22
100
AcDbEntity
  8
B.Cu
  6
CONTINUOUS
100
AcDbLine
 10
164.4629129999999861
 20
-83.1061210000000017
 30
0
 11
164.4259079999999926
 21
-83.069115999999994
 31
0
  0
LINE
  5
755
330
22
100
AcDbEntity
  8
B.Cu
  6
CONTINUOUS
100
AcDbLine
 10
164.4259079999999926
 20
-83.069115999999994
 30
0
 11
164.3812029999999993
 21
-82.9797039999999981
 31
0
  0
LINE
  5
756
330
22
100
AcDbEntity
  8
B.Cu
  6
CONTINUOUS
100
AcDbLine
 10
164.3812029999999993
 20
-82.9797039999999981
 30
0
 11
164.3812029999999993
 21
-82.9508280000000013
 31
0
  0
LINE
  5
757
330
22
100
AcDbEntity
  8
B.Cu
  6
CONTINUOUS
100
AcDbLine
 10
164.3812029999999993
 20
-82.9508280000000013
 30
0
 11
164.6597739999999988
 21
-82.9508280000000013
 31
0
  0
LINE
  5
758
330
22
100
AcDbEntity
  8
B.Cu
  6
CONTINUOUS
100
AcDbLine
 10
164.6597739999999988
 20
-82.9508280000000013
 30
0
 11
164.6890379999999823
 21
-82.9479460000000017
 31
0
  0
LINE
  5
759
330
22
100
AcDbEntity
  8
B.Cu
  6
CONTINUOUS
100
AcDbLine
 10
164.6890379999999823
 20
-82.9479460000000017
 30
0
 11
164.6940160000000049
 21
-82.9458829999999949
 31
0
  0
LINE
  5
75A
330
22
100
AcDbEntity
  8
B.Cu
  6
CONTINUOUS
100
AcDbLine
 10
164.6940160000000049
 20
-82.9458829999999949
 30
0
 11
164.6993919999999889
 21
-82.9455019999999905
 31
0
  0
LINE
  5
75B
330
22
100
AcDbEntity
  8
B.Cu
  6
CONTINUOUS
100
AcDbLine
 10
164.6993919999999889
 20
-82.9455019999999905
 30
0
 11
164.7268559999999979
 21
-82.9349919999999941
 31
0
  0
LINE
  5
75C
330
22
100
AcDbEntity
  8
B.Cu
  6
CONTINUOUS
100
AcDbLine
 10
164.7268559999999979
 20
-82.9349919999999941
 30
0
 11
164.8697129999999902
 21
-82.8635639999999967
 31
0
  0
LINE
  5
75D
330
22
100
AcDbEntity
  8
B.Cu
  6
CONTINUOUS
100
AcDbLine
 10
164.8697129999999902
 20
-82.8635639999999967
 30
0
 11
164.8823059999999998
 21
-82.8556359999999898
 31
0
  0
LINE
  5
75E
330
22
100
AcDbEntity
  8
B.Cu
  6
CONTINUOUS
100
AcDbLine
 10
164.8823059999999998
 20
-82.8556359999999898
 30
0
 11
164.8829120000000046
 21
-82.8553849999999983
 31
0
  0
LINE
  5
75F
330
22
100
AcDbEntity
  8
B.Cu
  6
CONTINUOUS
100
AcDbLine
 10
164.8829120000000046
 20
-82.8553849999999983
 30
0
 11
164.882916999999992
 21
-82.8553819999999916
 31
0
  0
LINE
  5
760
330
22
100
AcDbEntity
  8
B.Cu
  6
CONTINUOUS
100
AcDbLine
 10
164.882916999999992
 20
-82.8553819999999916
 30
0
 11
164.8859659999999963
 21
-82.8541209999999921
 31
0
  0
LINE
  5
761
330
22
100
AcDbEntity
  8
B.Cu
  6
CONTINUOUS
100
AcDbLine
 10
164.8859659999999963
 20
-82.8541209999999921
 30
0
 11
164.8897479999999973
 21
-82.8510149999999896
 31
0
  0
LINE
  5
762
330
22
100
AcDbEntity
  8
B.Cu
  6
CONTINUOUS
100
AcDbLine
 10
164.8897479999999973
 20
-82.8510149999999896
 30
0
 11
164.8897509999999897
 21
-82.8510119999999972
 31
0
  0
LINE
  5
763
330
22
100
AcDbEntity
  8
B.Cu
  6
CONTINUOUS
100
AcDbLine
 10
164.8897509999999897
 20
-82.8510119999999972
 30
0
 11
164.8900849999999991
 21
-82.8507389999999901
 31
0
  0
LINE
  5
764
330
22
100
AcDbEntity
  8
B.Cu
  6
CONTINUOUS
100
AcDbLine
 10
164.8900849999999991
 20
-82.8507389999999901
 30
0
 11
164.8945989999999995
 21
-82.8478989999999982
 31
0
  0
LINE
  5
765
330
22
100
AcDbEntity
  8
B.Cu
  6
CONTINUOUS
100
AcDbLine
 10
164.8945989999999995
 20
-82.8478989999999982
 30
0
 11
164.8946009999999944
 21
-82.8478949999999941
 31
0
  0
LINE
  5
766
330
22
100
AcDbEntity
  8
B.Cu
  6
CONTINUOUS
100
AcDbLine
 10
164.8946009999999944
 20
-82.8478949999999941
 30
0
 11
164.8946059999999818
 21
-82.8478899999999925
 31
0
  0
LINE
  5
767
330
22
100
AcDbEntity
  8
B.Cu
  6
CONTINUOUS
100
AcDbLine
 10
164.8946059999999818
 20
-82.8478899999999925
 30
0
 11
164.8971949999999822
 21
-82.8449049999999971
 31
0
  0
LINE
  5
768
330
22
100
AcDbEntity
  8
B.Cu
  6
CONTINUOUS
100
AcDbLine
 10
164.8971949999999822
 20
-82.8449049999999971
 30
0
 11
164.9086969999999894
 21
-82.8354659999999967
 31
0
  0
LINE
  5
769
330
22
100
AcDbEntity
  8
B.Cu
  6
CONTINUOUS
100
AcDbLine
 10
164.9086969999999894
 20
-82.8354659999999967
 30
0
 11
164.9801259999999843
 21
-82.7640370000000019
 31
0
  0
LINE
  5
76A
330
22
100
AcDbEntity
  8
B.Cu
  6
CONTINUOUS
100
AcDbLine
 10
164.9801259999999843
 20
-82.7640370000000019
 30
0
 11
164.9895669999999939
 21
-82.7525320000000022
 31
0
  0
LINE
  5
76B
330
22
100
AcDbEntity
  8
B.Cu
  6
CONTINUOUS
100
AcDbLine
 10
164.9895669999999939
 20
-82.7525320000000022
 30
0
 11
164.992559
 21
-82.7499380000000002
 31
0
  0
LINE
  5
76C
330
22
100
AcDbEntity
  8
B.Cu
  6
CONTINUOUS
100
AcDbLine
 10
164.992559
 20
-82.7499380000000002
 30
0
 11
164.995396999999997
 21
-82.7454279999999898
 31
0
  0
LINE
  5
76D
330
22
100
AcDbEntity
  8
B.Cu
  6
CONTINUOUS
100
AcDbLine
 10
164.995396999999997
 20
-82.7454279999999898
 30
0
 11
164.9987809999999797
 21
-82.7413059999999945
 31
0
  0
LINE
  5
76E
330
22
100
AcDbEntity
  8
B.Cu
  6
CONTINUOUS
100
AcDbLine
 10
164.9987809999999797
 20
-82.7413059999999945
 30
0
 11
165.0002969999999891
 21
-82.7376440000000031
 31
0
  0
LINE
  5
76F
330
22
100
AcDbEntity
  8
B.Cu
  6
CONTINUOUS
100
AcDbLine
 10
165.0002969999999891
 20
-82.7376440000000031
 30
0
 11
165.0082239999999842
 21
-82.7250530000000026
 31
0
  0
LINE
  5
770
330
22
100
AcDbEntity
  8
B.Cu
  6
CONTINUOUS
100
AcDbLine
 10
165.0082239999999842
 20
-82.7250530000000026
 30
0
 11
165.0796519999999816
 21
-82.5821949999999987
 31
0
  0
LINE
  5
771
330
22
100
AcDbEntity
  8
B.Cu
  6
CONTINUOUS
100
AcDbLine
 10
165.0796519999999816
 20
-82.5821949999999987
 30
0
 11
165.0901619999999923
 21
-82.5547320000000013
 31
0
  0
LINE
  5
772
330
22
100
AcDbEntity
  8
B.Cu
  6
CONTINUOUS
100
AcDbLine
 10
165.0901619999999923
 20
-82.5547320000000013
 30
0
 11
165.0905429999999967
 21
-82.5493560000000031
 31
0
  0
LINE
  5
773
330
22
100
AcDbEntity
  8
B.Cu
  6
CONTINUOUS
100
AcDbLine
 10
165.0905429999999967
 20
-82.5493560000000031
 30
0
 11
165.0926059999999893
 21
-82.5443779999999947
 31
0
  0
LINE
  5
774
330
22
100
AcDbEntity
  8
B.Cu
  6
CONTINUOUS
100
AcDbLine
 10
165.0926059999999893
 20
-82.5443779999999947
 30
0
 11
165.0954879999999889
 21
-82.515113999999997
 31
0
  0
LINE
  5
775
330
22
100
AcDbEntity
  8
B.Cu
  6
CONTINUOUS
100
AcDbLine
 10
165.0954879999999889
 20
-82.515113999999997
 30
0
 11
165.0954879999999889
 21
-82.0865419999999943
 31
0
  0
LINE
  5
776
330
22
100
AcDbEntity
  8
B.Cu
  6
CONTINUOUS
100
AcDbLine
 10
165.0954879999999889
 20
-82.0865419999999943
 30
0
 11
165.0926059999999893
 21
-82.0572779999999966
 31
0
  0
LINE
  5
777
330
22
100
AcDbEntity
  8
B.Cu
  6
CONTINUOUS
100
AcDbLine
 10
165.0926059999999893
 20
-82.0572779999999966
 30
0
 11
165.0905429999999967
 21
-82.0522989999999908
 31
0
  0
LINE
  5
778
330
22
100
AcDbEntity
  8
B.Cu
  6
CONTINUOUS
100
AcDbLine
 10
165.0905429999999967
 20
-82.0522989999999908
 30
0
 11
165.0901619999999923
 21
-82.04692399999999
 31
0
  0
LINE
  5
779
330
22
100
AcDbEntity
  8
B.Cu
  6
CONTINUOUS
100
AcDbLine
 10
165.0901619999999923
 20
-82.04692399999999
 30
0
 11
165.0796519999999816
 21
-82.0194609999999926
 31
0
  0
LINE
  5
77A
330
22
100
AcDbEntity
  8
B.Cu
  6
CONTINUOUS
100
AcDbLine
 10
165.0796519999999816
 20
-82.0194609999999926
 30
0
 11
165.0082239999999842
 21
-81.8766030000000029
 31
0
  0
LINE
  5
77B
330
22
100
AcDbEntity
  8
B.Cu
  6
CONTINUOUS
100
AcDbLine
 10
165.0082239999999842
 20
-81.8766030000000029
 30
0
 11
165.0002949999999942
 21
-81.8640079999999983
 31
0
  0
LINE
  5
77C
330
22
100
AcDbEntity
  8
B.Cu
  6
CONTINUOUS
100
AcDbLine
 10
165.0002949999999942
 20
-81.8640079999999983
 30
0
 11
164.9987799999999822
 21
-81.8603489999999994
 31
0
  0
LINE
  5
77D
330
22
100
AcDbEntity
  8
B.Cu
  6
CONTINUOUS
100
AcDbLine
 10
164.9987799999999822
 20
-81.8603489999999994
 30
0
 11
164.9953979999999945
 21
-81.8562280000000015
 31
0
  0
LINE
  5
77E
330
22
100
AcDbEntity
  8
B.Cu
  6
CONTINUOUS
100
AcDbLine
 10
164.9953979999999945
 20
-81.8562280000000015
 30
0
 11
164.992559
 21
-81.8517179999999911
 31
0
  0
LINE
  5
77F
330
22
100
AcDbEntity
  8
B.Cu
  6
CONTINUOUS
100
AcDbLine
 10
164.992559
 20
-81.8517179999999911
 30
0
 11
164.9895669999999939
 21
-81.8491229999999916
 31
0
  0
LINE
  5
780
330
22
100
AcDbEntity
  8
B.Cu
  6
CONTINUOUS
100
AcDbLine
 10
164.9895669999999939
 20
-81.8491229999999916
 30
0
 11
164.9801249999999868
 21
-81.837617999999992
 31
0
  0
LINE
  5
781
330
22
100
AcDbEntity
  8
B.Cu
  6
CONTINUOUS
100
AcDbLine
 10
164.9801249999999868
 20
-81.837617999999992
 30
0
 11
164.908695999999992
 21
-81.7661899999999946
 31
0
  0
LINE
  5
782
330
22
100
AcDbEntity
  8
B.Cu
  6
CONTINUOUS
100
AcDbLine
 10
164.908695999999992
 20
-81.7661899999999946
 30
0
 11
164.8971959999999797
 21
-81.7567519999999917
 31
0
  0
LINE
  5
783
330
22
100
AcDbEntity
  8
B.Cu
  6
CONTINUOUS
100
AcDbLine
 10
164.8971959999999797
 20
-81.7567519999999917
 30
0
 11
164.8945989999999995
 21
-81.7537579999999906
 31
0
  0
LINE
  5
784
330
22
100
AcDbEntity
  8
B.Cu
  6
CONTINUOUS
100
AcDbLine
 10
164.8945989999999995
 20
-81.7537579999999906
 30
0
 11
164.8900820000000067
 21
-81.750914999999992
 31
0
  0
LINE
  5
785
330
22
100
AcDbEntity
  8
B.Cu
  6
CONTINUOUS
100
AcDbLine
 10
164.8900820000000067
 20
-81.750914999999992
 30
0
 11
164.8859649999999988
 21
-81.7475359999999966
 31
0
  0
LINE
  5
786
330
22
100
AcDbEntity
  8
B.Cu
  6
CONTINUOUS
100
AcDbLine
 10
164.8859649999999988
 20
-81.7475359999999966
 30
0
 11
164.8823079999999948
 21
-81.7460209999999989
 31
0
  0
LINE
  5
787
330
22
100
AcDbEntity
  8
B.Cu
  6
CONTINUOUS
100
AcDbLine
 10
164.8823079999999948
 20
-81.7460209999999989
 30
0
 11
164.8697129999999902
 21
-81.7380929999999921
 31
0
  0
LINE
  5
788
330
22
100
AcDbEntity
  8
B.Cu
  6
CONTINUOUS
100
AcDbLine
 10
164.8697129999999902
 20
-81.7380929999999921
 30
0
 11
164.7268559999999979
 21
-81.6666639999999973
 31
0
  0
LINE
  5
789
330
22
100
AcDbEntity
  8
B.Cu
  6
CONTINUOUS
100
AcDbLine
 10
164.7268559999999979
 20
-81.6666639999999973
 30
0
 11
164.6993929999999864
 21
-81.6561549999999983
 31
0
  0
LINE
  5
78A
330
22
100
AcDbEntity
  8
B.Cu
  6
CONTINUOUS
100
AcDbLine
 10
164.6993929999999864
 20
-81.6561549999999983
 30
0
 11
164.6940179999999998
 21
-81.6557729999999964
 31
0
  0
LINE
  5
78B
330
22
100
AcDbEntity
  8
B.Cu
  6
CONTINUOUS
100
AcDbLine
 10
164.6940179999999998
 20
-81.6557729999999964
 30
0
 11
164.6890379999999823
 21
-81.6537099999999896
 31
0
  0
LINE
  5
78C
330
22
100
AcDbEntity
  8
B.Cu
  6
CONTINUOUS
100
AcDbLine
 10
164.6890379999999823
 20
-81.6537099999999896
 30
0
 11
164.665805000000006
 21
-81.6514219999999966
 31
0
  0
LINE
  5
78D
330
22
100
AcDbEntity
  8
B.Cu
  6
CONTINUOUS
100
AcDbLine
 10
164.665805000000006
 20
-81.6514219999999966
 30
0
 11
164.6597739999999988
 21
-81.65082799999999
 31
0
  0
LINE
  5
78E
330
22
100
AcDbEntity
  8
B.Cu
  6
CONTINUOUS
100
AcDbLine
 10
164.6597739999999988
 20
-81.65082799999999
 30
0
 11
164.3740599999999858
 21
-81.65082799999999
 31
0
  0
LINE
  5
78F
330
22
100
AcDbEntity
  8
B.Cu
  6
CONTINUOUS
100
AcDbLine
 10
164.3740599999999858
 20
-81.65082799999999
 30
0
 11
164.3447960000000023
 21
-81.6537099999999896
 31
0
  0
LINE
  5
790
330
22
100
AcDbEntity
  8
B.Cu
  6
CONTINUOUS
100
AcDbLine
 10
153.4803839999999866
 20
-81.655344999999997
 30
0
 11
153.4274920000000009
 21
-81.6803989999999942
 31
0
  0
LINE
  5
791
330
22
100
AcDbEntity
  8
B.Cu
  6
CONTINUOUS
100
AcDbLine
 10
153.4274920000000009
 20
-81.6803989999999942
 30
0
 11
153.3882119999999816
 21
-81.723787999999999
 31
0
  0
LINE
  5
792
330
22
100
AcDbEntity
  8
B.Cu
  6
CONTINUOUS
100
AcDbLine
 10
153.3882119999999816
 20
-81.723787999999999
 30
0
 11
153.3756559999999922
 21
-81.7503779999999978
 31
0
  0
LINE
  5
793
330
22
100
AcDbEntity
  8
B.Cu
  6
CONTINUOUS
100
AcDbLine
 10
153.3756559999999922
 20
-81.7503779999999978
 30
0
 11
153.1597739999999988
 21
-82.3548469999999924
 31
0
  0
LINE
  5
794
330
22
100
AcDbEntity
  8
B.Cu
  6
CONTINUOUS
100
AcDbLine
 10
153.1597739999999988
 20
-82.3548469999999924
 30
0
 11
152.9438920000000053
 21
-81.7503779999999978
 31
0
  0
LINE
  5
795
330
22
100
AcDbEntity
  8
B.Cu
  6
CONTINUOUS
100
AcDbLine
 10
152.9438920000000053
 20
-81.7503779999999978
 30
0
 11
152.9425499999999829
 21
-81.7475359999999966
 31
0
  0
LINE
  5
796
330
22
100
AcDbEntity
  8
B.Cu
  6
CONTINUOUS
100
AcDbLine
 10
152.9425499999999829
 20
-81.7475359999999966
 30
0
 11
152.9329050000000052
 21
-81.7271109999999936
 31
0
  0
LINE
  5
797
330
22
100
AcDbEntity
  8
B.Cu
  6
CONTINUOUS
100
AcDbLine
 10
152.9329050000000052
 20
-81.7271109999999936
 30
0
 11
152.931336999999985
 21
-81.7237899999999939
 31
0
  0
LINE
  5
798
330
22
100
AcDbEntity
  8
B.Cu
  6
CONTINUOUS
100
AcDbLine
 10
152.931336999999985
 20
-81.7237899999999939
 30
0
 11
152.93133499999999
 21
-81.7237870000000015
 31
0
  0
LINE
  5
799
330
22
100
AcDbEntity
  8
B.Cu
  6
CONTINUOUS
100
AcDbLine
 10
152.93133499999999
 20
-81.7237870000000015
 30
0
 11
152.8920559999999966
 21
-81.6803989999999942
 31
0
  0
LINE
  5
79A
330
22
100
AcDbEntity
  8
B.Cu
  6
CONTINUOUS
100
AcDbLine
 10
152.8920559999999966
 20
-81.6803989999999942
 30
0
 11
152.8391639999999825
 21
-81.655344999999997
 31
0
  0
LINE
  5
79B
330
22
100
AcDbEntity
  8
B.Cu
  6
CONTINUOUS
100
AcDbLine
 10
152.8391639999999825
 20
-81.655344999999997
 30
0
 11
152.7807090000000017
 21
-81.6524379999999894
 31
0
  0
LINE
  5
79C
330
22
100
AcDbEntity
  8
B.Cu
  6
CONTINUOUS
100
AcDbLine
 10
152.7807090000000017
 20
-81.6524379999999894
 30
0
 11
152.7255909999999801
 21
-81.6721229999999991
 31
0
  0
LINE
  5
79D
330
22
100
AcDbEntity
  8
B.Cu
  6
CONTINUOUS
100
AcDbLine
 10
152.7255909999999801
 20
-81.6721229999999991
 30
0
 11
152.6822019999999895
 21
-81.71140299999999
 31
0
  0
LINE
  5
79E
330
22
100
AcDbEntity
  8
B.Cu
  6
CONTINUOUS
100
AcDbLine
 10
152.6822019999999895
 20
-81.71140299999999
 30
0
 11
152.6571480000000065
 21
-81.76429499999999
 31
0
  0
LINE
  5
79F
330
22
100
AcDbEntity
  8
B.Cu
  6
CONTINUOUS
100
AcDbLine
 10
152.6571480000000065
 20
-81.76429499999999
 30
0
 11
152.6560869999999852
 21
-81.7856400000000008
 31
0
  0
LINE
  5
7A0
330
22
100
AcDbEntity
  8
B.Cu
  6
CONTINUOUS
100
AcDbLine
 10
152.6560869999999852
 20
-81.7856400000000008
 30
0
 11
152.6560560000000066
 21
-81.786248999999998
 31
0
  0
LINE
  5
7A1
330
22
100
AcDbEntity
  8
B.Cu
  6
CONTINUOUS
100
AcDbLine
 10
152.6560560000000066
 20
-81.786248999999998
 30
0
 11
152.6551029999999969
 21
-81.8054269999999946
 31
0
  0
LINE
  5
7A2
330
22
100
AcDbEntity
  8
B.Cu
  6
CONTINUOUS
100
AcDbLine
 10
152.6551029999999969
 20
-81.8054269999999946
 30
0
 11
152.6545019999999795
 21
-81.8175009999999929
 31
0
  0
LINE
  5
7A3
330
22
100
AcDbEntity
  8
B.Cu
  6
CONTINUOUS
100
AcDbLine
 10
152.6545019999999795
 20
-81.8175009999999929
 30
0
 11
152.6542409999999848
 21
-81.8227499999999992
 31
0
  0
LINE
  5
7A4
330
22
100
AcDbEntity
  8
B.Cu
  6
CONTINUOUS
100
AcDbLine
 10
152.6542409999999848
 20
-81.8227499999999992
 30
0
 11
152.6613700000000051
 21
-81.8512779999999935
 31
0
  0
LINE
  5
7A5
330
22
100
AcDbEntity
  8
B.Cu
  6
CONTINUOUS
100
AcDbLine
 10
152.6613700000000051
 20
-81.8512779999999935
 30
0
 11
152.7915009999999825
 21
-82.2156459999999925
 31
0
  0
LINE
  5
7A6
330
22
100
AcDbEntity
  8
B.Cu
  6
CONTINUOUS
100
AcDbLine
 10
152.7915009999999825
 20
-82.2156459999999925
 30
0
 11
152.9049320000000023
 21
-82.5332509999999928
 31
0
  0
LINE
  5
7A7
330
22
100
AcDbEntity
  8
B.Cu
  6
CONTINUOUS
100
AcDbLine
 10
152.9049320000000023
 20
-82.5332509999999928
 30
0
 11
152.9115939999999796
 21
-82.5519049999999908
 31
0
  0
LINE
  5
7A8
330
22
100
AcDbEntity
  8
B.Cu
  6
CONTINUOUS
100
AcDbLine
 10
152.9115939999999796
 20
-82.5519049999999908
 30
0
 11
153.0185129999999845
 21
-82.8512779999999935
 31
0
  0
LINE
  5
7A9
330
22
100
AcDbEntity
  8
B.Cu
  6
CONTINUOUS
100
AcDbLine
 10
153.0185129999999845
 20
-82.8512779999999935
 30
0
 11
153.0197139999999933
 21
-82.8538219999999939
 31
0
  0
LINE
  5
7AA
330
22
100
AcDbEntity
  8
B.Cu
  6
CONTINUOUS
100
AcDbLine
 10
153.0197139999999933
 20
-82.8538219999999939
 30
0
 11
153.0205019999999934
 21
-82.856537000000003
 31
0
  0
LINE
  5
7AB
330
22
100
AcDbEntity
  8
B.Cu
  6
CONTINUOUS
100
AcDbLine
 10
153.0205019999999934
 20
-82.856537000000003
 30
0
 11
153.1633599999999831
 21
-83.2136799999999965
 31
0
  0
LINE
  5
7AC
330
22
100
AcDbEntity
  8
B.Cu
  6
CONTINUOUS
100
AcDbLine
 10
153.1633599999999831
 20
-83.2136799999999965
 30
0
 11
153.1769039999999791
 21
-83.2397799999999961
 31
0
  0
LINE
  5
7AD
330
22
100
AcDbEntity
  8
B.Cu
  6
CONTINUOUS
100
AcDbLine
 10
153.1769039999999791
 20
-83.2397799999999961
 30
0
 11
153.177552999999989
 21
-83.240444999999994
 31
0
  0
LINE
  5
7AE
330
22
100
AcDbEntity
  8
B.Cu
  6
CONTINUOUS
100
AcDbLine
 10
153.177552999999989
 20
-83.240444999999994
 30
0
 11
153.1779099999999971
 21
-83.2413059999999945
 31
0
  0
LINE
  5
7AF
330
22
100
AcDbEntity
  8
B.Cu
  6
CONTINUOUS
100
AcDbLine
 10
153.1779099999999971
 20
-83.2413059999999945
 30
0
 11
153.1965649999999926
 21
-83.2640370000000019
 31
0
  0
LINE
  5
7B0
330
22
100
AcDbEntity
  8
B.Cu
  6
CONTINUOUS
100
AcDbLine
 10
153.1965649999999926
 20
-83.2640370000000019
 30
0
 11
153.2679939999999874
 21
-83.3354659999999967
 31
0
  0
LINE
  5
7B1
330
22
100
AcDbEntity
  8
B.Cu
  6
CONTINUOUS
100
AcDbLine
 10
153.2679939999999874
 20
-83.3354659999999967
 30
0
 11
153.2794979999999896
 21
-83.3449069999999921
 31
0
  0
LINE
  5
7B2
330
22
100
AcDbEntity
  8
B.Cu
  6
CONTINUOUS
100
AcDbLine
 10
153.2794979999999896
 20
-83.3449069999999921
 30
0
 11
153.2820930000000033
 21
-83.3478989999999982
 31
0
  0
LINE
  5
7B3
330
22
100
AcDbEntity
  8
B.Cu
  6
CONTINUOUS
100
AcDbLine
 10
153.2820930000000033
 20
-83.3478989999999982
 30
0
 11
153.2865950000000055
 21
-83.3507319999999936
 31
0
  0
LINE
  5
7B4
330
22
100
AcDbEntity
  8
B.Cu
  6
CONTINUOUS
100
AcDbLine
 10
153.2865950000000055
 20
-83.3507319999999936
 30
0
 11
153.2865979999999979
 21
-83.3507340000000028
 31
0
  0
LINE
  5
7B5
330
22
100
AcDbEntity
  8
B.Cu
  6
CONTINUOUS
100
AcDbLine
 10
153.2865979999999979
 20
-83.3507340000000028
 30
0
 11
153.2866019999999878
 21
-83.3507369999999952
 31
0
  0
LINE
  5
7B6
330
22
100
AcDbEntity
  8
B.Cu
  6
CONTINUOUS
100
AcDbLine
 10
153.2866019999999878
 20
-83.3507369999999952
 30
0
 11
153.2907249999999806
 21
-83.3541209999999921
 31
0
  0
LINE
  5
7B7
330
22
100
AcDbEntity
  8
B.Cu
  6
CONTINUOUS
100
AcDbLine
 10
153.2907249999999806
 20
-83.3541209999999921
 30
0
 11
153.2943860000000029
 21
-83.3556370000000015
 31
0
  0
LINE
  5
7B8
330
22
100
AcDbEntity
  8
B.Cu
  6
CONTINUOUS
100
AcDbLine
 10
153.2943860000000029
 20
-83.3556370000000015
 30
0
 11
153.3032829999999933
 21
-83.3612380000000002
 31
0
  0
LINE
  5
7B9
330
22
100
AcDbEntity
  8
B.Cu
  6
CONTINUOUS
100
AcDbLine
 10
153.3032829999999933
 20
-83.3612380000000002
 30
0
 11
153.3069779999999867
 21
-83.3635639999999967
 31
0
  0
LINE
  5
7BA
330
22
100
AcDbEntity
  8
B.Cu
  6
CONTINUOUS
100
AcDbLine
 10
153.3069779999999867
 20
-83.3635639999999967
 30
0
 11
153.4498360000000048
 21
-83.4349919999999941
 31
0
  0
LINE
  5
7BB
330
22
100
AcDbEntity
  8
B.Cu
  6
CONTINUOUS
100
AcDbLine
 10
153.4498360000000048
 20
-83.4349919999999941
 30
0
 11
153.4772989999999879
 21
-83.4455019999999905
 31
0
  0
LINE
  5
7BC
330
22
100
AcDbEntity
  8
B.Cu
  6
CONTINUOUS
100
AcDbLine
 10
153.4772989999999879
 20
-83.4455019999999905
 30
0
 11
153.5356789999999876
 21
-83.4496499999999912
 31
0
  0
LINE
  5
7BD
330
22
100
AcDbEntity
  8
B.Cu
  6
CONTINUOUS
100
AcDbLine
 10
153.5356789999999876
 20
-83.4496499999999912
 30
0
 11
153.5912019999999814
 21
-83.4311419999999941
 31
0
  0
LINE
  5
7BE
330
22
100
AcDbEntity
  8
B.Cu
  6
CONTINUOUS
100
AcDbLine
 10
153.5912019999999814
 20
-83.4311419999999941
 30
0
 11
153.6354169999999897
 21
-83.3927949999999925
 31
0
  0
LINE
  5
7BF
330
22
100
AcDbEntity
  8
B.Cu
  6
CONTINUOUS
100
AcDbLine
 10
153.6354169999999897
 20
-83.3927949999999925
 30
0
 11
153.6615909999999872
 21
-83.340446
 31
0
  0
LINE
  5
7C0
330
22
100
AcDbEntity
  8
B.Cu
  6
CONTINUOUS
100
AcDbLine
 10
153.6615909999999872
 20
-83.340446
 30
0
 11
153.6657390000000021
 21
-83.2820660000000004
 31
0
  0
LINE
  5
7C1
330
22
100
AcDbEntity
  8
B.Cu
  6
CONTINUOUS
100
AcDbLine
 10
153.6657390000000021
 20
-83.2820660000000004
 30
0
 11
153.647231000000005
 21
-83.2265439999999899
 31
0
  0
LINE
  5
7C2
330
22
100
AcDbEntity
  8
B.Cu
  6
CONTINUOUS
100
AcDbLine
 10
153.647231000000005
 20
-83.2265439999999899
 30
0
 11
153.6088849999999866
 21
-83.1823289999999957
 31
0
  0
LINE
  5
7C3
330
22
100
AcDbEntity
  8
B.Cu
  6
CONTINUOUS
100
AcDbLine
 10
153.6088849999999866
 20
-83.1823289999999957
 30
0
 11
153.5839990000000057
 21
-83.1666639999999973
 31
0
  0
LINE
  5
7C4
330
22
100
AcDbEntity
  8
B.Cu
  6
CONTINUOUS
100
AcDbLine
 10
153.5839990000000057
 20
-83.1666639999999973
 30
0
 11
153.4629129999999861
 21
-83.1061210000000017
 31
0
  0
LINE
  5
7C5
330
22
100
AcDbEntity
  8
B.Cu
  6
CONTINUOUS
100
AcDbLine
 10
153.4629129999999861
 20
-83.1061210000000017
 30
0
 11
153.4304679999999905
 21
-83.0736759999999919
 31
0
  0
LINE
  5
7C6
330
22
100
AcDbEntity
  8
B.Cu
  6
CONTINUOUS
100
AcDbLine
 10
153.4304679999999905
 20
-83.0736759999999919
 30
0
 11
153.363710999999995
 21
-82.9067829999999901
 31
0
  0
LINE
  5
7C7
330
22
100
AcDbEntity
  8
B.Cu
  6
CONTINUOUS
100
AcDbLine
 10
153.363710999999995
 20
-82.9067829999999901
 30
0
 11
153.3375519999999881
 21
-82.8413879999999949
 31
0
  0
LINE
  5
7C8
330
22
100
AcDbEntity
  8
B.Cu
  6
CONTINUOUS
100
AcDbLine
 10
153.3375519999999881
 20
-82.8413879999999949
 30
0
 11
153.3375509999999906
 21
-82.8413850000000025
 31
0
  0
LINE
  5
7C9
330
22
100
AcDbEntity
  8
B.Cu
  6
CONTINUOUS
100
AcDbLine
 10
153.3375509999999906
 20
-82.8413850000000025
 30
0
 11
153.3201259999999877
 21
-82.797820999999999
 31
0
  0
LINE
  5
7CA
330
22
100
AcDbEntity
  8
B.Cu
  6
CONTINUOUS
100
AcDbLine
 10
153.3201259999999877
 20
-82.797820999999999
 30
0
 11
153.3432709999999872
 21
-82.7330159999999921
 31
0
  0
LINE
  5
7CB
330
22
100
AcDbEntity
  8
B.Cu
  6
CONTINUOUS
100
AcDbLine
 10
153.3432709999999872
 20
-82.7330159999999921
 30
0
 11
153.6195510000000013
 21
-81.9594299999999976
 31
0
  0
LINE
  5
7CC
330
22
100
AcDbEntity
  8
B.Cu
  6
CONTINUOUS
100
AcDbLine
 10
153.6195510000000013
 20
-81.9594299999999976
 30
0
 11
153.6297209999999893
 21
-81.9309549999999973
 31
0
  0
LINE
  5
7CD
330
22
100
AcDbEntity
  8
B.Cu
  6
CONTINUOUS
100
AcDbLine
 10
153.6297209999999893
 20
-81.9309549999999973
 30
0
 11
153.6297229999999843
 21
-81.9309509999999932
 31
0
  0
LINE
  5
7CE
330
22
100
AcDbEntity
  8
B.Cu
  6
CONTINUOUS
100
AcDbLine
 10
153.6297229999999843
 20
-81.9309509999999932
 30
0
 11
153.6581779999999924
 21
-81.851278999999991
 31
0
  0
LINE
  5
7CF
330
22
100
AcDbEntity
  8
B.Cu
  6
CONTINUOUS
100
AcDbLine
 10
153.6581779999999924
 20
-81.851278999999991
 30
0
 11
153.6653069999999843
 21
-81.8227499999999992
 31
0
  0
LINE
  5
7D0
330
22
100
AcDbEntity
  8
B.Cu
  6
CONTINUOUS
100
AcDbLine
 10
153.6653069999999843
 20
-81.8227499999999992
 30
0
 11
153.662399999999991
 21
-81.76429499999999
 31
0
  0
LINE
  5
7D1
330
22
100
AcDbEntity
  8
B.Cu
  6
CONTINUOUS
100
AcDbLine
 10
153.662399999999991
 20
-81.76429499999999
 30
0
 11
153.6373459999999795
 21
-81.71140299999999
 31
0
  0
LINE
  5
7D2
330
22
100
AcDbEntity
  8
B.Cu
  6
CONTINUOUS
100
AcDbLine
 10
153.6373459999999795
 20
-81.71140299999999
 30
0
 11
153.593956999999989
 21
-81.6721229999999991
 31
0
  0
LINE
  5
7D3
330
22
100
AcDbEntity
  8
B.Cu
  6
CONTINUOUS
100
AcDbLine
 10
153.593956999999989
 20
-81.6721229999999991
 30
0
 11
153.5388389999999958
 21
-81.6524379999999894
 31
0
  0
LINE
  5
7D4
330
22
100
AcDbEntity
  8
B.Cu
  6
CONTINUOUS
100
AcDbLine
 10
153.5388389999999958
 20
-81.6524379999999894
 30
0
 11
153.4803839999999866
 21
-81.655344999999997
 31
0
  0
LINE
  5
7D5
330
22
100
AcDbEntity
  8
B.Cu
  6
CONTINUOUS
100
AcDbLine
 10
162.8740589999999884
 20
-81.4378039999999999
 30
0
 11
162.8667679999999791
 21
-81.4367189999999965
 31
0
  0
LINE
  5
7D6
330
22
100
AcDbEntity
  8
B.Cu
  6
CONTINUOUS
100
AcDbLine
 10
162.8667679999999791
 20
-81.4367189999999965
 30
0
 11
162.8376789999999801
 21
-81.4410209999999921
 31
0
  0
LINE
  5
7D7
330
22
100
AcDbEntity
  8
B.Cu
  6
CONTINUOUS
100
AcDbLine
 10
162.8376789999999801
 20
-81.4410209999999921
 30
0
 11
162.5519649999999956
 21
-81.5124500000000012
 31
0
  0
LINE
  5
7D8
330
22
100
AcDbEntity
  8
B.Cu
  6
CONTINUOUS
100
AcDbLine
 10
162.5519649999999956
 20
-81.5124500000000012
 30
0
 11
162.5347209999999905
 21
-81.5186099999999954
 31
0
  0
LINE
  5
7D9
330
22
100
AcDbEntity
  8
B.Cu
  6
CONTINUOUS
100
AcDbLine
 10
162.5347209999999905
 20
-81.5186099999999954
 30
0
 11
162.5310879999999827
 21
-81.519328999999999
 31
0
  0
LINE
  5
7DA
330
22
100
AcDbEntity
  8
B.Cu
  6
CONTINUOUS
100
AcDbLine
 10
162.5310879999999827
 20
-81.519328999999999
 30
0
 11
162.5277940000000001
 21
-81.5210849999999994
 31
0
  0
LINE
  5
7DB
330
22
100
AcDbEntity
  8
B.Cu
  6
CONTINUOUS
100
AcDbLine
 10
162.5277940000000001
 20
-81.5210849999999994
 30
0
 11
162.5242729999999938
 21
-81.5223429999999922
 31
0
  0
LINE
  5
7DC
330
22
100
AcDbEntity
  8
B.Cu
  6
CONTINUOUS
100
AcDbLine
 10
162.5242729999999938
 20
-81.5223429999999922
 30
0
 11
162.5212919999999883
 21
-81.5245510000000024
 31
0
  0
LINE
  5
7DD
330
22
100
AcDbEntity
  8
B.Cu
  6
CONTINUOUS
100
AcDbLine
 10
162.5212919999999883
 20
-81.5245510000000024
 30
0
 11
162.505139999999983
 21
-81.5331630000000018
 31
0
  0
LINE
  5
7DE
330
22
100
AcDbEntity
  8
B.Cu
  6
CONTINUOUS
100
AcDbLine
 10
162.505139999999983
 20
-81.5331630000000018
 30
0
 11
162.2908549999999934
 21
-81.6760209999999915
 31
0
  0
LINE
  5
7DF
330
22
100
AcDbEntity
  8
B.Cu
  6
CONTINUOUS
100
AcDbLine
 10
162.2908549999999934
 20
-81.6760209999999915
 30
0
 11
162.2681039999999939
 21
-81.6946509999999932
 31
0
  0
LINE
  5
7E0
330
22
100
AcDbEntity
  8
B.Cu
  6
CONTINUOUS
100
AcDbLine
 10
162.2681039999999939
 20
-81.6946509999999932
 30
0
 11
162.2680149999999912
 21
-81.694783000000001
 31
0
  0
LINE
  5
7E1
330
22
100
AcDbEntity
  8
B.Cu
  6
CONTINUOUS
100
AcDbLine
 10
162.2680149999999912
 20
-81.694783000000001
 30
0
 11
162.2678829999999834
 21
-81.6948719999999895
 31
0
  0
LINE
  5
7E2
330
22
100
AcDbEntity
  8
B.Cu
  6
CONTINUOUS
100
AcDbLine
 10
162.2678829999999834
 20
-81.6948719999999895
 30
0
 11
162.2492529999999817
 21
-81.7176230000000032
 31
0
  0
LINE
  5
7E3
330
22
100
AcDbEntity
  8
B.Cu
  6
CONTINUOUS
100
AcDbLine
 10
162.2492529999999817
 20
-81.7176230000000032
 30
0
 11
162.106394999999992
 21
-81.9319089999999903
 31
0
  0
LINE
  5
7E4
330
22
100
AcDbEntity
  8
B.Cu
  6
CONTINUOUS
100
AcDbLine
 10
162.106394999999992
 20
-81.9319089999999903
 30
0
 11
162.0925599999999918
 21
-81.9578559999999925
 31
0
  0
LINE
  5
7E5
330
22
100
AcDbEntity
  8
B.Cu
  6
CONTINUOUS
100
AcDbLine
 10
162.0925599999999918
 20
-81.9578559999999925
 30
0
 11
162.0897080000000017
 21
-81.9722719999999896
 31
0
  0
LINE
  5
7E6
330
22
100
AcDbEntity
  8
B.Cu
  6
CONTINUOUS
100
AcDbLine
 10
162.0897080000000017
 20
-81.9722719999999896
 30
0
 11
162.0840839999999901
 21
-81.9858499999999992
 31
0
  0
LINE
  5
7E7
330
22
100
AcDbEntity
  8
B.Cu
  6
CONTINUOUS
100
AcDbLine
 10
162.0840839999999901
 20
-81.9858499999999992
 30
0
 11
162.0812019999999904
 21
-82.015113999999997
 31
0
  0
LINE
  5
7E8
330
22
100
AcDbEntity
  8
B.Cu
  6
CONTINUOUS
100
AcDbLine
 10
162.0812019999999904
 20
-82.015113999999997
 30
0
 11
162.0812019999999904
 21
-82.3722569999999905
 31
0
  0
LINE
  5
7E9
330
22
100
AcDbEntity
  8
B.Cu
  6
CONTINUOUS
100
AcDbLine
 10
162.0812019999999904
 20
-82.3722569999999905
 30
0
 11
162.0840839999999901
 21
-82.4015210000000025
 31
0
  0
LINE
  5
7EA
330
22
100
AcDbEntity
  8
B.Cu
  6
CONTINUOUS
100
AcDbLine
 10
162.0840839999999901
 20
-82.4015210000000025
 30
0
 11
162.0861469999999827
 21
-82.4065009999999916
 31
0
  0
LINE
  5
7EB
330
22
100
AcDbEntity
  8
B.Cu
  6
CONTINUOUS
100
AcDbLine
 10
162.0861469999999827
 20
-82.4065009999999916
 30
0
 11
162.0865289999999845
 21
-82.4118759999999924
 31
0
  0
LINE
  5
7EC
330
22
100
AcDbEntity
  8
B.Cu
  6
CONTINUOUS
100
AcDbLine
 10
162.0865289999999845
 20
-82.4118759999999924
 30
0
 11
162.0970379999999977
 21
-82.4393389999999897
 31
0
  0
LINE
  5
7ED
330
22
100
AcDbEntity
  8
B.Cu
  6
CONTINUOUS
100
AcDbLine
 10
162.0970379999999977
 20
-82.4393389999999897
 30
0
 11
162.1684669999999926
 21
-82.5821959999999962
 31
0
  0
LINE
  5
7EE
330
22
100
AcDbEntity
  8
B.Cu
  6
CONTINUOUS
100
AcDbLine
 10
162.1684669999999926
 20
-82.5821959999999962
 30
0
 11
162.1715470000000039
 21
-82.5870899999999892
 31
0
  0
LINE
  5
7EF
330
22
100
AcDbEntity
  8
B.Cu
  6
CONTINUOUS
100
AcDbLine
 10
162.1715470000000039
 20
-82.5870899999999892
 30
0
 11
162.1723169999999925
 21
-82.5893980000000028
 31
0
  0
LINE
  5
7F0
330
22
100
AcDbEntity
  8
B.Cu
  6
CONTINUOUS
100
AcDbLine
 10
162.1723169999999925
 20
-82.5893980000000028
 30
0
 11
162.174808999999982
 21
-82.5922709999999967
 31
0
  0
LINE
  5
7F1
330
22
100
AcDbEntity
  8
B.Cu
  6
CONTINUOUS
100
AcDbLine
 10
162.174808999999982
 20
-82.5922709999999967
 30
0
 11
162.1841320000000053
 21
-82.6070819999999912
 31
0
  0
LINE
  5
7F2
330
22
100
AcDbEntity
  8
B.Cu
  6
CONTINUOUS
100
AcDbLine
 10
162.1841320000000053
 20
-82.6070819999999912
 30
0
 11
162.1983429999999942
 21
-82.6194059999999979
 31
0
  0
LINE
  5
7F3
330
22
100
AcDbEntity
  8
B.Cu
  6
CONTINUOUS
100
AcDbLine
 10
162.1983429999999942
 20
-82.6194059999999979
 30
0
 11
162.21066399999998
 21
-82.6336129999999969
 31
0
  0
LINE
  5
7F4
330
22
100
AcDbEntity
  8
B.Cu
  6
CONTINUOUS
100
AcDbLine
 10
162.21066399999998
 20
-82.6336129999999969
 30
0
 11
162.2254709999999989
 21
-82.6429339999999968
 31
0
  0
LINE
  5
7F5
330
22
100
AcDbEntity
  8
B.Cu
  6
CONTINUOUS
100
AcDbLine
 10
162.2254709999999989
 20
-82.6429339999999968
 30
0
 11
162.2283469999999852
 21
-82.6454279999999954
 31
0
  0
LINE
  5
7F6
330
22
100
AcDbEntity
  8
B.Cu
  6
CONTINUOUS
100
AcDbLine
 10
162.2283469999999852
 20
-82.6454279999999954
 30
0
 11
162.2306549999999845
 21
-82.6461970000000008
 31
0
  0
LINE
  5
7F7
330
22
100
AcDbEntity
  8
B.Cu
  6
CONTINUOUS
100
AcDbLine
 10
162.2306549999999845
 20
-82.6461970000000008
 30
0
 11
162.2355489999999918
 21
-82.6492779999999954
 31
0
  0
LINE
  5
7F8
330
22
100
AcDbEntity
  8
B.Cu
  6
CONTINUOUS
100
AcDbLine
 10
162.2355489999999918
 20
-82.6492779999999954
 30
0
 11
162.2930409999999881
 21
-82.678022999999996
 31
0
  0
LINE
  5
7F9
330
22
100
AcDbEntity
  8
B.Cu
  6
CONTINUOUS
100
AcDbLine
 10
162.2930409999999881
 20
-82.678022999999996
 30
0
 11
162.2678829999999834
 21
-82.6948719999999895
 31
0
  0
LINE
  5
7FA
330
22
100
AcDbEntity
  8
B.Cu
  6
CONTINUOUS
100
AcDbLine
 10
162.2678829999999834
 20
-82.6948719999999895
 30
0
 11
162.2354179999999815
 21
-82.7435710000000029
 31
0
  0
LINE
  5
7FB
330
22
100
AcDbEntity
  8
B.Cu
  6
CONTINUOUS
100
AcDbLine
 10
162.2354179999999815
 20
-82.7435710000000029
 30
0
 11
162.2240599999999802
 21
-82.8009849999999972
 31
0
  0
LINE
  5
7FC
330
22
100
AcDbEntity
  8
B.Cu
  6
CONTINUOUS
100
AcDbLine
 10
162.2240599999999802
 20
-82.8009849999999972
 30
0
 11
162.2355379999999911
 21
-82.8583749999999952
 31
0
  0
LINE
  5
7FD
330
22
100
AcDbEntity
  8
B.Cu
  6
CONTINUOUS
100
AcDbLine
 10
162.2355379999999911
 20
-82.8583749999999952
 30
0
 11
162.2681039999999939
 21
-82.9070049999999981
 31
0
  0
LINE
  5
7FE
330
22
100
AcDbEntity
  8
B.Cu
  6
CONTINUOUS
100
AcDbLine
 10
162.2681039999999939
 20
-82.9070049999999981
 30
0
 11
162.2908549999999934
 21
-82.9256349999999998
 31
0
  0
LINE
  5
7FF
330
22
100
AcDbEntity
  8
B.Cu
  6
CONTINUOUS
100
AcDbLine
 10
162.2908549999999934
 20
-82.9256349999999998
 30
0
 11
162.505139999999983
 21
-83.0684929999999895
 31
0
  0
LINE
  5
800
330
22
100
AcDbEntity
  8
B.Cu
  6
CONTINUOUS
100
AcDbLine
 10
162.505139999999983
 20
-83.0684929999999895
 30
0
 11
162.5212919999999883
 21
-83.0771039999999914
 31
0
  0
LINE
  5
801
330
22
100
AcDbEntity
  8
B.Cu
  6
CONTINUOUS
100
AcDbLine
 10
162.5212919999999883
 20
-83.0771039999999914
 30
0
 11
162.5242680000000064
 21
-83.079308999999995
 31
0
  0
LINE
  5
802
330
22
100
AcDbEntity
  8
B.Cu
  6
CONTINUOUS
100
AcDbLine
 10
162.5242680000000064
 20
-83.079308999999995
 30
0
 11
162.5242729999999938
 21
-83.0793129999999991
 31
0
  0
LINE
  5
803
330
22
100
AcDbEntity
  8
B.Cu
  6
CONTINUOUS
100
AcDbLine
 10
162.5242729999999938
 20
-83.0793129999999991
 30
0
 11
162.5277839999999969
 21
-83.0805659999999904
 31
0
  0
LINE
  5
804
330
22
100
AcDbEntity
  8
B.Cu
  6
CONTINUOUS
100
AcDbLine
 10
162.5277839999999969
 20
-83.0805659999999904
 30
0
 11
162.5277859999999919
 21
-83.0805670000000021
 31
0
  0
LINE
  5
805
330
22
100
AcDbEntity
  8
B.Cu
  6
CONTINUOUS
100
AcDbLine
 10
162.5277859999999919
 20
-83.0805670000000021
 30
0
 11
162.5277940000000001
 21
-83.0805699999999945
 31
0
  0
LINE
  5
806
330
22
100
AcDbEntity
  8
B.Cu
  6
CONTINUOUS
100
AcDbLine
 10
162.5277940000000001
 20
-83.0805699999999945
 30
0
 11
162.5310879999999827
 21
-83.0823269999999923
 31
0
  0
LINE
  5
807
330
22
100
AcDbEntity
  8
B.Cu
  6
CONTINUOUS
100
AcDbLine
 10
162.5310879999999827
 20
-83.0823269999999923
 30
0
 11
162.5347209999999905
 21
-83.0830449999999985
 31
0
  0
LINE
  5
808
330
22
100
AcDbEntity
  8
B.Cu
  6
CONTINUOUS
100
AcDbLine
 10
162.5347209999999905
 20
-83.0830449999999985
 30
0
 11
162.5433659999999918
 21
-83.0861340000000013
 31
0
  0
LINE
  5
809
330
22
100
AcDbEntity
  8
B.Cu
  6
CONTINUOUS
100
AcDbLine
 10
162.5433659999999918
 20
-83.0861340000000013
 30
0
 11
162.543374
 21
-83.0861359999999962
 31
0
  0
LINE
  5
80A
330
22
100
AcDbEntity
  8
B.Cu
  6
CONTINUOUS
100
AcDbLine
 10
162.543374
 20
-83.0861359999999962
 30
0
 11
162.5519649999999956
 21
-83.0892059999999901
 31
0
  0
LINE
  5
80B
330
22
100
AcDbEntity
  8
B.Cu
  6
CONTINUOUS
100
AcDbLine
 10
162.5519649999999956
 20
-83.0892059999999901
 30
0
 11
162.8376789999999801
 21
-83.1606349999999992
 31
0
  0
LINE
  5
80C
330
22
100
AcDbEntity
  8
B.Cu
  6
CONTINUOUS
100
AcDbLine
 10
162.8376789999999801
 20
-83.1606349999999992
 30
0
 11
162.8376810000000035
 21
-83.1606349999999992
 31
0
  0
LINE
  5
80D
330
22
100
AcDbEntity
  8
B.Cu
  6
CONTINUOUS
100
AcDbLine
 10
162.8376810000000035
 20
-83.1606349999999992
 30
0
 11
162.8376820000000009
 21
-83.1606349999999992
 31
0
  0
LINE
  5
80E
330
22
100
AcDbEntity
  8
B.Cu
  6
CONTINUOUS
100
AcDbLine
 10
162.8376820000000009
 20
-83.1606349999999992
 30
0
 11
162.8429610000000025
 21
-83.1614160000000027
 31
0
  0
LINE
  5
80F
330
22
100
AcDbEntity
  8
B.Cu
  6
CONTINUOUS
100
AcDbLine
 10
162.8429610000000025
 20
-83.1614160000000027
 30
0
 11
162.8455369999999789
 21
-83.1617969999999929
 31
0
  0
LINE
  5
810
330
22
100
AcDbEntity
  8
B.Cu
  6
CONTINUOUS
100
AcDbLine
 10
162.8455369999999789
 20
-83.1617969999999929
 30
0
 11
162.8667679999999791
 21
-83.1649369999999948
 31
0
  0
LINE
  5
811
330
22
100
AcDbEntity
  8
B.Cu
  6
CONTINUOUS
100
AcDbLine
 10
162.8667679999999791
 20
-83.1649369999999948
 30
0
 11
162.8667739999999924
 21
-83.1649349999999998
 31
0
  0
LINE
  5
812
330
22
100
AcDbEntity
  8
B.Cu
  6
CONTINUOUS
100
AcDbLine
 10
162.8667739999999924
 20
-83.1649349999999998
 30
0
 11
162.8667810000000031
 21
-83.1649340000000024
 31
0
  0
LINE
  5
813
330
22
100
AcDbEntity
  8
B.Cu
  6
CONTINUOUS
100
AcDbLine
 10
162.8667810000000031
 20
-83.1649340000000024
 30
0
 11
162.8740589999999884
 21
-83.163850999999994
 31
0
  0
LINE
  5
814
330
22
100
AcDbEntity
  8
B.Cu
  6
CONTINUOUS
100
AcDbLine
 10
162.8740589999999884
 20
-83.163850999999994
 30
0
 11
162.881337000000002
 21
-83.1649340000000024
 31
0
  0
LINE
  5
815
330
22
100
AcDbEntity
  8
B.Cu
  6
CONTINUOUS
100
AcDbLine
 10
162.881337000000002
 20
-83.1649340000000024
 30
0
 11
162.8813439999999844
 21
-83.1649349999999998
 31
0
  0
LINE
  5
816
330
22
100
AcDbEntity
  8
B.Cu
  6
CONTINUOUS
100
AcDbLine
 10
162.8813439999999844
 20
-83.1649349999999998
 30
0
 11
162.8813509999999951
 21
-83.1649369999999948
 31
0
  0
LINE
  5
817
330
22
100
AcDbEntity
  8
B.Cu
  6
CONTINUOUS
100
AcDbLine
 10
162.8813509999999951
 20
-83.1649369999999948
 30
0
 11
162.9104409999999916
 21
-83.1606349999999992
 31
0
  0
LINE
  5
818
330
22
100
AcDbEntity
  8
B.Cu
  6
CONTINUOUS
100
AcDbLine
 10
162.9104409999999916
 20
-83.1606349999999992
 30
0
 11
163.1961539999999786
 21
-83.0892059999999901
 31
0
  0
LINE
  5
819
330
22
100
AcDbEntity
  8
B.Cu
  6
CONTINUOUS
100
AcDbLine
 10
163.1961539999999786
 20
-83.0892059999999901
 30
0
 11
163.2133949999999913
 21
-83.083045999999996
 31
0
  0
LINE
  5
81A
330
22
100
AcDbEntity
  8
B.Cu
  6
CONTINUOUS
100
AcDbLine
 10
163.2133949999999913
 20
-83.083045999999996
 30
0
 11
163.2170309999999915
 21
-83.0823269999999923
 31
0
  0
LINE
  5
81B
330
22
100
AcDbEntity
  8
B.Cu
  6
CONTINUOUS
100
AcDbLine
 10
163.2170309999999915
 20
-83.0823269999999923
 30
0
 11
163.220326
 21
-83.0805699999999945
 31
0
  0
LINE
  5
81C
330
22
100
AcDbEntity
  8
B.Cu
  6
CONTINUOUS
100
AcDbLine
 10
163.220326
 20
-83.0805699999999945
 30
0
 11
163.223844999999983
 21
-83.0793129999999991
 31
0
  0
LINE
  5
81D
330
22
100
AcDbEntity
  8
B.Cu
  6
CONTINUOUS
100
AcDbLine
 10
163.223844999999983
 20
-83.0793129999999991
 30
0
 11
163.2238490000000013
 21
-83.079308999999995
 31
0
  0
LINE
  5
81E
330
22
100
AcDbEntity
  8
B.Cu
  6
CONTINUOUS
100
AcDbLine
 10
163.2238490000000013
 20
-83.079308999999995
 30
0
 11
163.2238529999999912
 21
-83.0793060000000025
 31
0
  0
LINE
  5
81F
330
22
100
AcDbEntity
  8
B.Cu
  6
CONTINUOUS
100
AcDbLine
 10
163.2238529999999912
 20
-83.0793060000000025
 30
0
 11
163.2268219999999985
 21
-83.0771060000000006
 31
0
  0
LINE
  5
820
330
22
100
AcDbEntity
  8
B.Cu
  6
CONTINUOUS
100
AcDbLine
 10
163.2268219999999985
 20
-83.0771060000000006
 30
0
 11
163.2349370000000022
 21
-83.072778999999997
 31
0
  0
LINE
  5
821
330
22
100
AcDbEntity
  8
B.Cu
  6
CONTINUOUS
100
AcDbLine
 10
163.2349370000000022
 20
-83.072778999999997
 30
0
 11
163.234944999999982
 21
-83.0727749999999929
 31
0
  0
LINE
  5
822
330
22
100
AcDbEntity
  8
B.Cu
  6
CONTINUOUS
100
AcDbLine
 10
163.234944999999982
 20
-83.0727749999999929
 30
0
 11
163.2429789999999912
 21
-83.0684929999999895
 31
0
  0
LINE
  5
823
330
22
100
AcDbEntity
  8
B.Cu
  6
CONTINUOUS
100
AcDbLine
 10
163.2429789999999912
 20
-83.0684929999999895
 30
0
 11
163.4572650000000067
 21
-82.9256349999999998
 31
0
  0
LINE
  5
824
330
22
100
AcDbEntity
  8
B.Cu
  6
CONTINUOUS
100
AcDbLine
 10
163.4572650000000067
 20
-82.9256349999999998
 30
0
 11
163.4800160000000062
 21
-82.9070049999999981
 31
0
  0
LINE
  5
825
330
22
100
AcDbEntity
  8
B.Cu
  6
CONTINUOUS
100
AcDbLine
 10
163.4800160000000062
 20
-82.9070049999999981
 30
0
 11
163.4800180000000012
 21
-82.907000999999994
 31
0
  0
LINE
  5
826
330
22
100
AcDbEntity
  8
B.Cu
  6
CONTINUOUS
100
AcDbLine
 10
163.4800180000000012
 20
-82.907000999999994
 30
0
 11
163.4800189999999986
 21
-82.906998999999999
 31
0
  0
LINE
  5
827
330
22
100
AcDbEntity
  8
B.Cu
  6
CONTINUOUS
100
AcDbLine
 10
163.4800189999999986
 20
-82.906998999999999
 30
0
 11
163.4801049999999805
 21
-82.9068699999999978
 31
0
  0
LINE
  5
828
330
22
100
AcDbEntity
  8
B.Cu
  6
CONTINUOUS
100
AcDbLine
 10
163.4801049999999805
 20
-82.9068699999999978
 30
0
 11
163.4802320000000009
 21
-82.9067859999999968
 31
0
  0
LINE
  5
829
330
22
100
AcDbEntity
  8
B.Cu
  6
CONTINUOUS
100
AcDbLine
 10
163.4802320000000009
 20
-82.9067859999999968
 30
0
 11
163.4802339999999958
 21
-82.9067840000000018
 31
0
  0
LINE
  5
82A
330
22
100
AcDbEntity
  8
B.Cu
  6
CONTINUOUS
100
AcDbLine
 10
163.4802339999999958
 20
-82.9067840000000018
 30
0
 11
163.4802369999999883
 21
-82.9067829999999901
 31
0
  0
LINE
  5
82B
330
22
100
AcDbEntity
  8
B.Cu
  6
CONTINUOUS
100
AcDbLine
 10
163.4802369999999883
 20
-82.9067829999999901
 30
0
 11
163.4988679999999874
 21
-82.8840330000000023
 31
0
  0
LINE
  5
82C
330
22
100
AcDbEntity
  8
B.Cu
  6
CONTINUOUS
100
AcDbLine
 10
163.4988679999999874
 20
-82.8840330000000023
 30
0
 11
163.6417249999999797
 21
-82.669747000000001
 31
0
  0
LINE
  5
82D
330
22
100
AcDbEntity
  8
B.Cu
  6
CONTINUOUS
100
AcDbLine
 10
163.6417249999999797
 20
-82.669747000000001
 30
0
 11
163.6503399999999999
 21
-82.6535870000000017
 31
0
  0
LINE
  5
82E
330
22
100
AcDbEntity
  8
B.Cu
  6
CONTINUOUS
100
AcDbLine
 10
163.6503399999999999
 20
-82.6535870000000017
 30
0
 11
163.6525450000000035
 21
-82.6506129999999928
 31
0
  0
LINE
  5
82F
330
22
100
AcDbEntity
  8
B.Cu
  6
CONTINUOUS
100
AcDbLine
 10
163.6525450000000035
 20
-82.6506129999999928
 30
0
 11
163.6537999999999897
 21
-82.6470989999999972
 31
0
  0
LINE
  5
830
330
22
100
AcDbEntity
  8
B.Cu
  6
CONTINUOUS
100
AcDbLine
 10
163.6537999999999897
 20
-82.6470989999999972
 30
0
 11
163.6555599999999799
 21
-82.6437990000000013
 31
0
  0
LINE
  5
831
330
22
100
AcDbEntity
  8
B.Cu
  6
CONTINUOUS
100
AcDbLine
 10
163.6555599999999799
 20
-82.6437990000000013
 30
0
 11
163.6555610000000058
 21
-82.6437919999999906
 31
0
  0
LINE
  5
832
330
22
100
AcDbEntity
  8
B.Cu
  6
CONTINUOUS
100
AcDbLine
 10
163.6555610000000058
 20
-82.6437919999999906
 30
0
 11
163.6555610000000058
 21
-82.6437889999999982
 31
0
  0
LINE
  5
833
330
22
100
AcDbEntity
  8
B.Cu
  6
CONTINUOUS
100
AcDbLine
 10
163.6555610000000058
 20
-82.6437889999999982
 30
0
 11
163.6562799999999811
 21
-82.6401570000000021
 31
0
  0
LINE
  5
834
330
22
100
AcDbEntity
  8
B.Cu
  6
CONTINUOUS
100
AcDbLine
 10
163.6562799999999811
 20
-82.6401570000000021
 30
0
 11
163.6624379999999803
 21
-82.6229220000000026
 31
0
  0
LINE
  5
835
330
22
100
AcDbEntity
  8
B.Cu
  6
CONTINUOUS
100
AcDbLine
 10
163.6624379999999803
 20
-82.6229220000000026
 30
0
 11
163.7338660000000061
 21
-82.3372079999999897
 31
0
  0
LINE
  5
836
330
22
100
AcDbEntity
  8
B.Cu
  6
CONTINUOUS
100
AcDbLine
 10
163.7338660000000061
 20
-82.3372079999999897
 30
0
 11
163.7381680000000017
 21
-82.3081189999999907
 31
0
  0
LINE
  5
837
330
22
100
AcDbEntity
  8
B.Cu
  6
CONTINUOUS
100
AcDbLine
 10
163.7381680000000017
 20
-82.3081189999999907
 30
0
 11
163.7370819999999867
 21
-82.3008279999999957
 31
0
  0
LINE
  5
838
330
22
100
AcDbEntity
  8
B.Cu
  6
CONTINUOUS
100
AcDbLine
 10
163.7370819999999867
 20
-82.3008279999999957
 30
0
 11
163.7381649999999809
 21
-82.2935499999999962
 31
0
  0
LINE
  5
839
330
22
100
AcDbEntity
  8
B.Cu
  6
CONTINUOUS
100
AcDbLine
 10
163.7381649999999809
 20
-82.2935499999999962
 30
0
 11
163.7381660000000068
 21
-82.2935429999999997
 31
0
  0
LINE
  5
83A
330
22
100
AcDbEntity
  8
B.Cu
  6
CONTINUOUS
100
AcDbLine
 10
163.7381660000000068
 20
-82.2935429999999997
 30
0
 11
163.7381680000000017
 21
-82.2935370000000006
 31
0
  0
LINE
  5
83B
330
22
100
AcDbEntity
  8
B.Cu
  6
CONTINUOUS
100
AcDbLine
 10
163.7381680000000017
 20
-82.2935370000000006
 30
0
 11
163.7338660000000061
 21
-82.2644480000000016
 31
0
  0
LINE
  5
83C
330
22
100
AcDbEntity
  8
B.Cu
  6
CONTINUOUS
100
AcDbLine
 10
163.7338660000000061
 20
-82.2644480000000016
 30
0
 11
163.704324999999983
 21
-82.1462839999999943
 31
0
  0
LINE
  5
83D
330
22
100
AcDbEntity
  8
B.Cu
  6
CONTINUOUS
100
AcDbLine
 10
163.704324999999983
 20
-82.1462839999999943
 30
0
 11
163.6624379999999803
 21
-81.9787340000000029
 31
0
  0
LINE
  5
83E
330
22
100
AcDbEntity
  8
B.Cu
  6
CONTINUOUS
100
AcDbLine
 10
163.6624379999999803
 20
-81.9787340000000029
 30
0
 11
163.6562799999999811
 21
-81.9614979999999917
 31
0
  0
LINE
  5
83F
330
22
100
AcDbEntity
  8
B.Cu
  6
CONTINUOUS
100
AcDbLine
 10
163.6562799999999811
 20
-81.9614979999999917
 30
0
 11
163.6555599999999799
 21
-81.95785699999999
 31
0
  0
LINE
  5
840
330
22
100
AcDbEntity
  8
B.Cu
  6
CONTINUOUS
100
AcDbLine
 10
163.6555599999999799
 20
-81.95785699999999
 30
0
 11
163.6537999999999897
 21
-81.9545559999999966
 31
0
  0
LINE
  5
841
330
22
100
AcDbEntity
  8
B.Cu
  6
CONTINUOUS
100
AcDbLine
 10
163.6537999999999897
 20
-81.9545559999999966
 30
0
 11
163.6525450000000035
 21
-81.9510429999999985
 31
0
  0
LINE
  5
842
330
22
100
AcDbEntity
  8
B.Cu
  6
CONTINUOUS
100
AcDbLine
 10
163.6525450000000035
 20
-81.9510429999999985
 30
0
 11
163.6503399999999999
 21
-81.9480679999999921
 31
0
  0
LINE
  5
843
330
22
100
AcDbEntity
  8
B.Cu
  6
CONTINUOUS
100
AcDbLine
 10
163.6503399999999999
 20
-81.9480679999999921
 30
0
 11
163.6417249999999797
 21
-81.931910000000002
 31
0
  0
LINE
  5
844
330
22
100
AcDbEntity
  8
B.Cu
  6
CONTINUOUS
100
AcDbLine
 10
163.6417249999999797
 20
-81.931910000000002
 30
0
 11
163.6417249999999797
 21
-81.9319089999999903
 31
0
  0
LINE
  5
845
330
22
100
AcDbEntity
  8
B.Cu
  6
CONTINUOUS
100
AcDbLine
 10
163.6417249999999797
 20
-81.9319089999999903
 30
0
 11
163.5991019999999878
 21
-81.8679739999999896
 31
0
  0
LINE
  5
846
330
22
100
AcDbEntity
  8
B.Cu
  6
CONTINUOUS
100
AcDbLine
 10
163.5991019999999878
 20
-81.8679739999999896
 30
0
 11
163.4988679999999874
 21
-81.7176230000000032
 31
0
  0
LINE
  5
847
330
22
100
AcDbEntity
  8
B.Cu
  6
CONTINUOUS
100
AcDbLine
 10
163.4988679999999874
 20
-81.7176230000000032
 30
0
 11
163.4802369999999883
 21
-81.6948730000000012
 31
0
  0
LINE
  5
848
330
22
100
AcDbEntity
  8
B.Cu
  6
CONTINUOUS
100
AcDbLine
 10
163.4802369999999883
 20
-81.6948730000000012
 30
0
 11
163.4801049999999805
 21
-81.694784999999996
 31
0
  0
LINE
  5
849
330
22
100
AcDbEntity
  8
B.Cu
  6
CONTINUOUS
100
AcDbLine
 10
163.4801049999999805
 20
-81.694784999999996
 30
0
 11
163.4800160000000062
 21
-81.6946509999999932
 31
0
  0
LINE
  5
84A
330
22
100
AcDbEntity
  8
B.Cu
  6
CONTINUOUS
100
AcDbLine
 10
163.4800160000000062
 20
-81.6946509999999932
 30
0
 11
163.4572650000000067
 21
-81.6760209999999915
 31
0
  0
LINE
  5
84B
330
22
100
AcDbEntity
  8
B.Cu
  6
CONTINUOUS
100
AcDbLine
 10
163.4572650000000067
 20
-81.6760209999999915
 30
0
 11
163.2429789999999912
 21
-81.5331630000000018
 31
0
  0
LINE
  5
84C
330
22
100
AcDbEntity
  8
B.Cu
  6
CONTINUOUS
100
AcDbLine
 10
163.2429789999999912
 20
-81.5331630000000018
 30
0
 11
163.2268219999999985
 21
-81.5245489999999933
 31
0
  0
LINE
  5
84D
330
22
100
AcDbEntity
  8
B.Cu
  6
CONTINUOUS
100
AcDbLine
 10
163.2268219999999985
 20
-81.5245489999999933
 30
0
 11
163.223844999999983
 21
-81.5223429999999922
 31
0
  0
LINE
  5
84E
330
22
100
AcDbEntity
  8
B.Cu
  6
CONTINUOUS
100
AcDbLine
 10
163.223844999999983
 20
-81.5223429999999922
 30
0
 11
163.220326
 21
-81.5210849999999994
 31
0
  0
LINE
  5
84F
330
22
100
AcDbEntity
  8
B.Cu
  6
CONTINUOUS
100
AcDbLine
 10
163.220326
 20
-81.5210849999999994
 30
0
 11
163.2170309999999915
 21
-81.519328999999999
 31
0
  0
LINE
  5
850
330
22
100
AcDbEntity
  8
B.Cu
  6
CONTINUOUS
100
AcDbLine
 10
163.2170309999999915
 20
-81.519328999999999
 30
0
 11
163.2133949999999913
 21
-81.5186089999999979
 31
0
  0
LINE
  5
851
330
22
100
AcDbEntity
  8
B.Cu
  6
CONTINUOUS
100
AcDbLine
 10
163.2133949999999913
 20
-81.5186089999999979
 30
0
 11
163.1961539999999786
 21
-81.5124500000000012
 31
0
  0
LINE
  5
852
330
22
100
AcDbEntity
  8
B.Cu
  6
CONTINUOUS
100
AcDbLine
 10
163.1961539999999786
 20
-81.5124500000000012
 30
0
 11
162.9104409999999916
 21
-81.4410209999999921
 31
0
  0
LINE
  5
853
330
22
100
AcDbEntity
  8
B.Cu
  6
CONTINUOUS
100
AcDbLine
 10
162.9104409999999916
 20
-81.4410209999999921
 30
0
 11
162.8813509999999951
 21
-81.4367189999999965
 31
0
  0
LINE
  5
854
330
22
100
AcDbEntity
  8
B.Cu
  6
CONTINUOUS
100
AcDbLine
 10
162.8813509999999951
 20
-81.4367189999999965
 30
0
 11
162.8740589999999884
 21
-81.4378039999999999
 31
0
  0
LINE
  5
855
330
22
100
AcDbEntity
  8
B.Cu
  6
CONTINUOUS
100
AcDbLine
 10
145.7907239999999831
 20
-81.1761079999999993
 30
0
 11
145.7493399999999895
 21
-81.2174919999999929
 31
0
  0
LINE
  5
856
330
22
100
AcDbEntity
  8
B.Cu
  6
CONTINUOUS
100
AcDbLine
 10
145.7493399999999895
 20
-81.2174919999999929
 30
0
 11
145.7269419999999798
 21
-81.271562000000003
 31
0
  0
LINE
  5
857
330
22
100
AcDbEntity
  8
B.Cu
  6
CONTINUOUS
100
AcDbLine
 10
145.7269419999999798
 20
-81.271562000000003
 30
0
 11
145.7269419999999798
 21
-81.2715659999999929
 31
0
  0
LINE
  5
858
330
22
100
AcDbEntity
  8
B.Cu
  6
CONTINUOUS
100
AcDbLine
 10
145.7269419999999798
 20
-81.2715659999999929
 30
0
 11
145.724394999999987
 21
-81.2974329999999981
 31
0
  0
LINE
  5
859
330
22
100
AcDbEntity
  8
B.Cu
  6
CONTINUOUS
100
AcDbLine
 10
145.724394999999987
 20
-81.2974329999999981
 30
0
 11
145.7240599999999802
 21
-81.3008279999999957
 31
0
  0
LINE
  5
85A
330
22
100
AcDbEntity
  8
B.Cu
  6
CONTINUOUS
100
AcDbLine
 10
145.7240599999999802
 20
-81.3008279999999957
 30
0
 11
145.7240599999999802
 21
-81.65082799999999
 31
0
  0
LINE
  5
85B
330
22
100
AcDbEntity
  8
B.Cu
  6
CONTINUOUS
100
AcDbLine
 10
145.7240599999999802
 20
-81.65082799999999
 30
0
 11
145.5169170000000065
 21
-81.65082799999999
 31
0
  0
LINE
  5
85C
330
22
100
AcDbEntity
  8
B.Cu
  6
CONTINUOUS
100
AcDbLine
 10
145.5169170000000065
 20
-81.65082799999999
 30
0
 11
145.4876529999999946
 21
-81.6537099999999896
 31
0
  0
LINE
  5
85D
330
22
100
AcDbEntity
  8
B.Cu
  6
CONTINUOUS
100
AcDbLine
 10
145.4876529999999946
 20
-81.6537099999999896
 30
0
 11
145.4335810000000038
 21
-81.6761079999999993
 31
0
  0
LINE
  5
85E
330
22
100
AcDbEntity
  8
B.Cu
  6
CONTINUOUS
100
AcDbLine
 10
145.4335810000000038
 20
-81.6761079999999993
 30
0
 11
145.3921969999999817
 21
-81.7174919999999929
 31
0
  0
LINE
  5
85F
330
22
100
AcDbEntity
  8
B.Cu
  6
CONTINUOUS
100
AcDbLine
 10
145.3921969999999817
 20
-81.7174919999999929
 30
0
 11
145.3697990000000004
 21
-81.7715630000000004
 31
0
  0
LINE
  5
860
330
22
100
AcDbEntity
  8
B.Cu
  6
CONTINUOUS
100
AcDbLine
 10
145.3697990000000004
 20
-81.7715630000000004
 30
0
 11
145.3697990000000004
 21
-81.7715649999999954
 31
0
  0
LINE
  5
861
330
22
100
AcDbEntity
  8
B.Cu
  6
CONTINUOUS
100
AcDbLine
 10
145.3697990000000004
 20
-81.7715649999999954
 30
0
 11
145.3697990000000004
 21
-81.8300919999999934
 31
0
  0
LINE
  5
862
330
22
100
AcDbEntity
  8
B.Cu
  6
CONTINUOUS
100
AcDbLine
 10
145.3697990000000004
 20
-81.8300919999999934
 30
0
 11
145.3921969999999817
 21
-81.8841639999999984
 31
0
  0
LINE
  5
863
330
22
100
AcDbEntity
  8
B.Cu
  6
CONTINUOUS
100
AcDbLine
 10
145.3921969999999817
 20
-81.8841639999999984
 30
0
 11
145.4335800000000063
 21
-81.9255469999999946
 31
0
  0
LINE
  5
864
330
22
100
AcDbEntity
  8
B.Cu
  6
CONTINUOUS
100
AcDbLine
 10
145.4335800000000063
 20
-81.9255469999999946
 30
0
 11
145.4335810000000038
 21
-81.925547999999992
 31
0
  0
LINE
  5
865
330
22
100
AcDbEntity
  8
B.Cu
  6
CONTINUOUS
100
AcDbLine
 10
145.4335810000000038
 20
-81.925547999999992
 30
0
 11
145.4489370000000008
 21
-81.9319089999999903
 31
0
  0
LINE
  5
866
330
22
100
AcDbEntity
  8
B.Cu
  6
CONTINUOUS
100
AcDbLine
 10
145.4489370000000008
 20
-81.9319089999999903
 30
0
 11
145.4876529999999946
 21
-81.9479460000000017
 31
0
  0
LINE
  5
867
330
22
100
AcDbEntity
  8
B.Cu
  6
CONTINUOUS
100
AcDbLine
 10
145.4876529999999946
 20
-81.9479460000000017
 30
0
 11
145.5169170000000065
 21
-81.9508280000000013
 31
0
  0
LINE
  5
868
330
22
100
AcDbEntity
  8
B.Cu
  6
CONTINUOUS
100
AcDbLine
 10
145.5169170000000065
 20
-81.9508280000000013
 30
0
 11
145.6000599999999849
 21
-81.9508280000000013
 31
0
  0
LINE
  5
869
330
22
100
AcDbEntity
  8
B.Cu
  6
CONTINUOUS
100
AcDbLine
 10
145.6000599999999849
 20
-81.9508280000000013
 30
0
 11
145.7240599999999802
 21
-81.9508280000000013
 31
0
  0
LINE
  5
86A
330
22
100
AcDbEntity
  8
B.Cu
  6
CONTINUOUS
100
AcDbLine
 10
145.7240599999999802
 20
-81.9508280000000013
 30
0
 11
145.7240599999999802
 21
-82.5511319999999955
 31
0
  0
LINE
  5
86B
330
22
100
AcDbEntity
  8
B.Cu
  6
CONTINUOUS
100
AcDbLine
 10
145.7240599999999802
 20
-82.5511319999999955
 30
0
 11
145.6908269999999845
 21
-82.6175959999999918
 31
0
  0
LINE
  5
86C
330
22
100
AcDbEntity
  8
B.Cu
  6
CONTINUOUS
100
AcDbLine
 10
145.6908269999999845
 20
-82.6175959999999918
 30
0
 11
145.6243639999999857
 21
-82.65082799999999
 31
0
  0
LINE
  5
86D
330
22
100
AcDbEntity
  8
B.Cu
  6
CONTINUOUS
100
AcDbLine
 10
145.6243639999999857
 20
-82.65082799999999
 30
0
 11
145.5169170000000065
 21
-82.65082799999999
 31
0
  0
LINE
  5
86E
330
22
100
AcDbEntity
  8
B.Cu
  6
CONTINUOUS
100
AcDbLine
 10
145.5169170000000065
 20
-82.65082799999999
 30
0
 11
145.4876529999999946
 21
-82.6537099999999896
 31
0
  0
LINE
  5
86F
330
22
100
AcDbEntity
  8
B.Cu
  6
CONTINUOUS
100
AcDbLine
 10
145.4876529999999946
 20
-82.6537099999999896
 30
0
 11
145.4335810000000038
 21
-82.6761079999999993
 31
0
  0
LINE
  5
870
330
22
100
AcDbEntity
  8
B.Cu
  6
CONTINUOUS
100
AcDbLine
 10
145.4335810000000038
 20
-82.6761079999999993
 30
0
 11
145.3921969999999817
 21
-82.7174919999999929
 31
0
  0
LINE
  5
871
330
22
100
AcDbEntity
  8
B.Cu
  6
CONTINUOUS
100
AcDbLine
 10
145.3921969999999817
 20
-82.7174919999999929
 30
0
 11
145.3697990000000004
 21
-82.7715639999999979
 31
0
  0
LINE
  5
872
330
22
100
AcDbEntity
  8
B.Cu
  6
CONTINUOUS
100
AcDbLine
 10
145.3697990000000004
 20
-82.7715639999999979
 30
0
 11
145.3697990000000004
 21
-82.8300919999999934
 31
0
  0
LINE
  5
873
330
22
100
AcDbEntity
  8
B.Cu
  6
CONTINUOUS
100
AcDbLine
 10
145.3697990000000004
 20
-82.8300919999999934
 30
0
 11
145.3921969999999817
 21
-82.8841639999999984
 31
0
  0
LINE
  5
874
330
22
100
AcDbEntity
  8
B.Cu
  6
CONTINUOUS
100
AcDbLine
 10
145.3921969999999817
 20
-82.8841639999999984
 30
0
 11
145.4335810000000038
 21
-82.925547999999992
 31
0
  0
LINE
  5
875
330
22
100
AcDbEntity
  8
B.Cu
  6
CONTINUOUS
100
AcDbLine
 10
145.4335810000000038
 20
-82.925547999999992
 30
0
 11
145.4876480000000072
 21
-82.9479439999999926
 31
0
  0
LINE
  5
876
330
22
100
AcDbEntity
  8
B.Cu
  6
CONTINUOUS
100
AcDbLine
 10
145.4876480000000072
 20
-82.9479439999999926
 30
0
 11
145.4876529999999946
 21
-82.9479460000000017
 31
0
  0
LINE
  5
877
330
22
100
AcDbEntity
  8
B.Cu
  6
CONTINUOUS
100
AcDbLine
 10
145.4876529999999946
 20
-82.9479460000000017
 30
0
 11
145.5169170000000065
 21
-82.9508280000000013
 31
0
  0
LINE
  5
878
330
22
100
AcDbEntity
  8
B.Cu
  6
CONTINUOUS
100
AcDbLine
 10
145.5169170000000065
 20
-82.9508280000000013
 30
0
 11
145.5169209999999964
 21
-82.9508280000000013
 31
0
  0
LINE
  5
879
330
22
100
AcDbEntity
  8
B.Cu
  6
CONTINUOUS
100
AcDbLine
 10
145.5169209999999964
 20
-82.9508280000000013
 30
0
 11
145.6597720000000038
 21
-82.9508280000000013
 31
0
  0
LINE
  5
87A
330
22
100
AcDbEntity
  8
B.Cu
  6
CONTINUOUS
100
AcDbLine
 10
145.6597720000000038
 20
-82.9508280000000013
 30
0
 11
145.6597739999999988
 21
-82.9508280000000013
 31
0
  0
LINE
  5
87B
330
22
100
AcDbEntity
  8
B.Cu
  6
CONTINUOUS
100
AcDbLine
 10
145.6597739999999988
 20
-82.9508280000000013
 30
0
 11
145.6890379999999823
 21
-82.9479460000000017
 31
0
  0
LINE
  5
87C
330
22
100
AcDbEntity
  8
B.Cu
  6
CONTINUOUS
100
AcDbLine
 10
145.6890379999999823
 20
-82.9479460000000017
 30
0
 11
145.6940160000000049
 21
-82.9458829999999949
 31
0
  0
LINE
  5
87D
330
22
100
AcDbEntity
  8
B.Cu
  6
CONTINUOUS
100
AcDbLine
 10
145.6940160000000049
 20
-82.9458829999999949
 30
0
 11
145.6993919999999889
 21
-82.9455019999999905
 31
0
  0
LINE
  5
87E
330
22
100
AcDbEntity
  8
B.Cu
  6
CONTINUOUS
100
AcDbLine
 10
145.6993919999999889
 20
-82.9455019999999905
 30
0
 11
145.7268559999999979
 21
-82.9349919999999941
 31
0
  0
LINE
  5
87F
330
22
100
AcDbEntity
  8
B.Cu
  6
CONTINUOUS
100
AcDbLine
 10
145.7268559999999979
 20
-82.9349919999999941
 30
0
 11
145.8697129999999902
 21
-82.8635639999999967
 31
0
  0
LINE
  5
880
330
22
100
AcDbEntity
  8
B.Cu
  6
CONTINUOUS
100
AcDbLine
 10
145.8697129999999902
 20
-82.8635639999999967
 30
0
 11
145.8703649999999925
 21
-82.863152999999997
 31
0
  0
LINE
  5
881
330
22
100
AcDbEntity
  8
B.Cu
  6
CONTINUOUS
100
AcDbLine
 10
145.8703649999999925
 20
-82.863152999999997
 30
0
 11
145.8703679999999849
 21
-82.863151000000002
 31
0
  0
LINE
  5
882
330
22
100
AcDbEntity
  8
B.Cu
  6
CONTINUOUS
100
AcDbLine
 10
145.8703679999999849
 20
-82.863151000000002
 30
0
 11
145.8746069999999975
 21
-82.8604830000000021
 31
0
  0
LINE
  5
883
330
22
100
AcDbEntity
  8
B.Cu
  6
CONTINUOUS
100
AcDbLine
 10
145.8746069999999975
 20
-82.8604830000000021
 30
0
 11
145.8769089999999835
 21
-82.8597149999999942
 31
0
  0
LINE
  5
884
330
22
100
AcDbEntity
  8
B.Cu
  6
CONTINUOUS
100
AcDbLine
 10
145.8769089999999835
 20
-82.8597149999999942
 30
0
 11
145.8769110000000069
 21
-82.8597149999999942
 31
0
  0
LINE
  5
885
330
22
100
AcDbEntity
  8
B.Cu
  6
CONTINUOUS
100
AcDbLine
 10
145.8769110000000069
 20
-82.8597149999999942
 30
0
 11
145.8769149999999968
 21
-82.8597139999999968
 31
0
  0
LINE
  5
886
330
22
100
AcDbEntity
  8
B.Cu
  6
CONTINUOUS
100
AcDbLine
 10
145.8769149999999968
 20
-82.8597139999999968
 30
0
 11
145.8769169999999917
 21
-82.8597109999999901
 31
0
  0
LINE
  5
887
330
22
100
AcDbEntity
  8
B.Cu
  6
CONTINUOUS
100
AcDbLine
 10
145.8769169999999917
 20
-82.8597109999999901
 30
0
 11
145.8769209999999816
 21
-82.8597079999999977
 31
0
  0
LINE
  5
888
330
22
100
AcDbEntity
  8
B.Cu
  6
CONTINUOUS
100
AcDbLine
 10
145.8769209999999816
 20
-82.8597079999999977
 30
0
 11
145.8797889999999882
 21
-82.8572209999999956
 31
0
  0
LINE
  5
889
330
22
100
AcDbEntity
  8
B.Cu
  6
CONTINUOUS
100
AcDbLine
 10
145.8797889999999882
 20
-82.8572209999999956
 30
0
 11
145.8878090000000043
 21
-82.8521719999999959
 31
0
  0
LINE
  5
88A
330
22
100
AcDbEntity
  8
B.Cu
  6
CONTINUOUS
100
AcDbLine
 10
145.8878090000000043
 20
-82.8521719999999959
 30
0
 11
145.8878169999999841
 21
-82.8521669999999943
 31
0
  0
LINE
  5
88B
330
22
100
AcDbEntity
  8
B.Cu
  6
CONTINUOUS
100
AcDbLine
 10
145.8878169999999841
 20
-82.8521669999999943
 30
0
 11
145.8945989999999995
 21
-82.8478989999999982
 31
0
  0
LINE
  5
88C
330
22
100
AcDbEntity
  8
B.Cu
  6
CONTINUOUS
100
AcDbLine
 10
145.8945989999999995
 20
-82.8478989999999982
 30
0
 11
145.9011480000000063
 21
-82.8403459999999967
 31
0
  0
LINE
  5
88D
330
22
100
AcDbEntity
  8
B.Cu
  6
CONTINUOUS
100
AcDbLine
 10
145.9011480000000063
 20
-82.8403459999999967
 30
0
 11
145.9011549999999886
 21
-82.8403380000000027
 31
0
  0
LINE
  5
88E
330
22
100
AcDbEntity
  8
B.Cu
  6
CONTINUOUS
100
AcDbLine
 10
145.9011549999999886
 20
-82.8403380000000027
 30
0
 11
145.9069209999999828
 21
-82.8336899999999901
 31
0
  0
LINE
  5
88F
330
22
100
AcDbEntity
  8
B.Cu
  6
CONTINUOUS
100
AcDbLine
 10
145.9069209999999828
 20
-82.8336899999999901
 30
0
 11
145.9135689999999954
 21
-82.8279239999999959
 31
0
  0
LINE
  5
890
330
22
100
AcDbEntity
  8
B.Cu
  6
CONTINUOUS
100
AcDbLine
 10
145.9135689999999954
 20
-82.8279239999999959
 30
0
 11
145.9135770000000036
 21
-82.8279169999999993
 31
0
  0
LINE
  5
891
330
22
100
AcDbEntity
  8
B.Cu
  6
CONTINUOUS
100
AcDbLine
 10
145.9135770000000036
 20
-82.8279169999999993
 30
0
 11
145.9211300000000051
 21
-82.8213679999999925
 31
0
  0
LINE
  5
892
330
22
100
AcDbEntity
  8
B.Cu
  6
CONTINUOUS
100
AcDbLine
 10
145.9211300000000051
 20
-82.8213679999999925
 30
0
 11
145.9304520000000025
 21
-82.8065579999999954
 31
0
  0
LINE
  5
893
330
22
100
AcDbEntity
  8
B.Cu
  6
CONTINUOUS
100
AcDbLine
 10
145.9304520000000025
 20
-82.8065579999999954
 30
0
 11
145.9329449999999895
 21
-82.8036839999999899
 31
0
  0
LINE
  5
894
330
22
100
AcDbEntity
  8
B.Cu
  6
CONTINUOUS
100
AcDbLine
 10
145.9329449999999895
 20
-82.8036839999999899
 30
0
 11
145.9337139999999806
 21
-82.8013759999999905
 31
0
  0
LINE
  5
895
330
22
100
AcDbEntity
  8
B.Cu
  6
CONTINUOUS
100
AcDbLine
 10
145.9337139999999806
 20
-82.8013759999999905
 30
0
 11
145.9367949999999894
 21
-82.7964819999999975
 31
0
  0
LINE
  5
896
330
22
100
AcDbEntity
  8
B.Cu
  6
CONTINUOUS
100
AcDbLine
 10
145.9367949999999894
 20
-82.7964819999999975
 30
0
 11
146.0082239999999842
 21
-82.6536239999999935
 31
0
  0
LINE
  5
897
330
22
100
AcDbEntity
  8
B.Cu
  6
CONTINUOUS
100
AcDbLine
 10
146.0082239999999842
 20
-82.6536239999999935
 30
0
 11
146.0187339999999949
 21
-82.6261609999999962
 31
0
  0
LINE
  5
898
330
22
100
AcDbEntity
  8
B.Cu
  6
CONTINUOUS
100
AcDbLine
 10
146.0187339999999949
 20
-82.6261609999999962
 30
0
 11
146.0187339999999949
 21
-82.626150999999993
 31
0
  0
LINE
  5
899
330
22
100
AcDbEntity
  8
B.Cu
  6
CONTINUOUS
100
AcDbLine
 10
146.0187339999999949
 20
-82.626150999999993
 30
0
 11
146.0187349999999924
 21
-82.6261459999999914
 31
0
  0
LINE
  5
89A
330
22
100
AcDbEntity
  8
B.Cu
  6
CONTINUOUS
100
AcDbLine
 10
146.0187349999999924
 20
-82.6261459999999914
 30
0
 11
146.0191159999999968
 21
-82.620783000000003
 31
0
  0
LINE
  5
89B
330
22
100
AcDbEntity
  8
B.Cu
  6
CONTINUOUS
100
AcDbLine
 10
146.0191159999999968
 20
-82.620783000000003
 30
0
 11
146.0211720000000071
 21
-82.6158190000000019
 31
0
  0
LINE
  5
89C
330
22
100
AcDbEntity
  8
B.Cu
  6
CONTINUOUS
100
AcDbLine
 10
146.0211720000000071
 20
-82.6158190000000019
 30
0
 11
146.021174000000002
 21
-82.6158130000000028
 31
0
  0
LINE
  5
89D
330
22
100
AcDbEntity
  8
B.Cu
  6
CONTINUOUS
100
AcDbLine
 10
146.021174000000002
 20
-82.6158130000000028
 30
0
 11
146.0211779999999919
 21
-82.6158059999999921
 31
0
  0
LINE
  5
89E
330
22
100
AcDbEntity
  8
B.Cu
  6
CONTINUOUS
100
AcDbLine
 10
146.0211779999999919
 20
-82.6158059999999921
 30
0
 11
146.0240599999999915
 21
-82.5865419999999943
 31
0
  0
LINE
  5
89F
330
22
100
AcDbEntity
  8
B.Cu
  6
CONTINUOUS
100
AcDbLine
 10
146.0240599999999915
 20
-82.5865419999999943
 30
0
 11
146.0240599999999915
 21
-82.0681479999999937
 31
0
  0
LINE
  5
8A0
330
22
100
AcDbEntity
  8
B.Cu
  6
CONTINUOUS
100
AcDbLine
 10
146.0240599999999915
 20
-82.0681479999999937
 30
0
 11
146.0240599999999915
 21
-81.9508280000000013
 31
0
  0
LINE
  5
8A1
330
22
100
AcDbEntity
  8
B.Cu
  6
CONTINUOUS
100
AcDbLine
 10
146.0240599999999915
 20
-81.9508280000000013
 30
0
 11
146.0883450000000039
 21
-81.9508280000000013
 31
0
  0
LINE
  5
8A2
330
22
100
AcDbEntity
  8
B.Cu
  6
CONTINUOUS
100
AcDbLine
 10
146.0883450000000039
 20
-81.9508280000000013
 30
0
 11
146.1025779999999941
 21
-81.9494260000000025
 31
0
  0
LINE
  5
8A3
330
22
100
AcDbEntity
  8
B.Cu
  6
CONTINUOUS
100
AcDbLine
 10
146.1025779999999941
 20
-81.9494260000000025
 30
0
 11
146.1025789999999915
 21
-81.9494260000000025
 31
0
  0
LINE
  5
8A4
330
22
100
AcDbEntity
  8
B.Cu
  6
CONTINUOUS
100
AcDbLine
 10
146.1025789999999915
 20
-81.9494260000000025
 30
0
 11
146.1176089999999874
 21
-81.9479460000000017
 31
0
  0
LINE
  5
8A5
330
22
100
AcDbEntity
  8
B.Cu
  6
CONTINUOUS
100
AcDbLine
 10
146.1176089999999874
 20
-81.9479460000000017
 30
0
 11
146.1716810000000066
 21
-81.925547999999992
 31
0
  0
LINE
  5
8A6
330
22
100
AcDbEntity
  8
B.Cu
  6
CONTINUOUS
100
AcDbLine
 10
146.1716810000000066
 20
-81.925547999999992
 30
0
 11
146.2130650000000003
 21
-81.8841639999999984
 31
0
  0
LINE
  5
8A7
330
22
100
AcDbEntity
  8
B.Cu
  6
CONTINUOUS
100
AcDbLine
 10
146.2130650000000003
 20
-81.8841639999999984
 30
0
 11
146.2179030000000068
 21
-81.8724830000000026
 31
0
  0
LINE
  5
8A8
330
22
100
AcDbEntity
  8
B.Cu
  6
CONTINUOUS
100
AcDbLine
 10
146.2179030000000068
 20
-81.8724830000000026
 30
0
 11
146.2179030000000068
 21
-81.8724819999999909
 31
0
  0
LINE
  5
8A9
330
22
100
AcDbEntity
  8
B.Cu
  6
CONTINUOUS
100
AcDbLine
 10
146.2179030000000068
 20
-81.8724819999999909
 30
0
 11
146.2323460000000068
 21
-81.837617999999992
 31
0
  0
LINE
  5
8AA
330
22
100
AcDbEntity
  8
B.Cu
  6
CONTINUOUS
100
AcDbLine
 10
146.2323460000000068
 20
-81.837617999999992
 30
0
 11
146.2354629999999815
 21
-81.8300919999999934
 31
0
  0
LINE
  5
8AB
330
22
100
AcDbEntity
  8
B.Cu
  6
CONTINUOUS
100
AcDbLine
 10
146.2354629999999815
 20
-81.8300919999999934
 30
0
 11
146.2354629999999815
 21
-81.7715639999999979
 31
0
  0
LINE
  5
8AC
330
22
100
AcDbEntity
  8
B.Cu
  6
CONTINUOUS
100
AcDbLine
 10
146.2354629999999815
 20
-81.7715639999999979
 30
0
 11
146.2304949999999906
 21
-81.759570999999994
 31
0
  0
LINE
  5
8AD
330
22
100
AcDbEntity
  8
B.Cu
  6
CONTINUOUS
100
AcDbLine
 10
146.2304949999999906
 20
-81.759570999999994
 30
0
 11
146.2248819999999796
 21
-81.7460209999999989
 31
0
  0
LINE
  5
8AE
330
22
100
AcDbEntity
  8
B.Cu
  6
CONTINUOUS
100
AcDbLine
 10
146.2248819999999796
 20
-81.7460209999999989
 30
0
 11
146.2130650000000003
 21
-81.7174919999999929
 31
0
  0
LINE
  5
8AF
330
22
100
AcDbEntity
  8
B.Cu
  6
CONTINUOUS
100
AcDbLine
 10
146.2130650000000003
 20
-81.7174919999999929
 30
0
 11
146.1716810000000066
 21
-81.6761079999999993
 31
0
  0
LINE
  5
8B0
330
22
100
AcDbEntity
  8
B.Cu
  6
CONTINUOUS
100
AcDbLine
 10
146.1716810000000066
 20
-81.6761079999999993
 30
0
 11
146.1176089999999874
 21
-81.6537099999999896
 31
0
  0
LINE
  5
8B1
330
22
100
AcDbEntity
  8
B.Cu
  6
CONTINUOUS
100
AcDbLine
 10
146.1176089999999874
 20
-81.6537099999999896
 30
0
 11
146.0883450000000039
 21
-81.65082799999999
 31
0
  0
LINE
  5
8B2
330
22
100
AcDbEntity
  8
B.Cu
  6
CONTINUOUS
100
AcDbLine
 10
146.0883450000000039
 20
-81.65082799999999
 30
0
 11
146.0240599999999915
 21
-81.65082799999999
 31
0
  0
LINE
  5
8B3
330
22
100
AcDbEntity
  8
B.Cu
  6
CONTINUOUS
100
AcDbLine
 10
146.0240599999999915
 20
-81.65082799999999
 30
0
 11
146.0240599999999915
 21
-81.3008279999999957
 31
0
  0
LINE
  5
8B4
330
22
100
AcDbEntity
  8
B.Cu
  6
CONTINUOUS
100
AcDbLine
 10
146.0240599999999915
 20
-81.3008279999999957
 30
0
 11
146.0211779999999919
 21
-81.2715639999999979
 31
0
  0
LINE
  5
8B5
330
22
100
AcDbEntity
  8
B.Cu
  6
CONTINUOUS
100
AcDbLine
 10
146.0211779999999919
 20
-81.2715639999999979
 30
0
 11
145.9987799999999822
 21
-81.2174919999999929
 31
0
  0
LINE
  5
8B6
330
22
100
AcDbEntity
  8
B.Cu
  6
CONTINUOUS
100
AcDbLine
 10
145.9987799999999822
 20
-81.2174919999999929
 30
0
 11
145.9573959999999886
 21
-81.1761079999999993
 31
0
  0
LINE
  5
8B7
330
22
100
AcDbEntity
  8
B.Cu
  6
CONTINUOUS
100
AcDbLine
 10
145.9573959999999886
 20
-81.1761079999999993
 30
0
 11
145.9033239999999978
 21
-81.1537099999999896
 31
0
  0
LINE
  5
8B8
330
22
100
AcDbEntity
  8
B.Cu
  6
CONTINUOUS
100
AcDbLine
 10
145.9033239999999978
 20
-81.1537099999999896
 30
0
 11
145.8447960000000023
 21
-81.1537099999999896
 31
0
  0
LINE
  5
8B9
330
22
100
AcDbEntity
  8
B.Cu
  6
CONTINUOUS
100
AcDbLine
 10
145.8447960000000023
 20
-81.1537099999999896
 30
0
 11
145.7907239999999831
 21
-81.1761079999999993
 31
0
  0
LINE
  5
8BA
330
22
100
AcDbEntity
  8
B.Cu
  6
CONTINUOUS
100
AcDbLine
 10
146.7733670000000075
 20
-81.6537099999999896
 30
0
 11
146.7683859999999925
 21
-81.6557729999999964
 31
0
  0
LINE
  5
8BB
330
22
100
AcDbEntity
  8
B.Cu
  6
CONTINUOUS
100
AcDbLine
 10
146.7683859999999925
 20
-81.6557729999999964
 30
0
 11
146.7630120000000034
 21
-81.6561549999999983
 31
0
  0
LINE
  5
8BC
330
22
100
AcDbEntity
  8
B.Cu
  6
CONTINUOUS
100
AcDbLine
 10
146.7630120000000034
 20
-81.6561549999999983
 30
0
 11
146.7355479999999943
 21
-81.6666639999999973
 31
0
  0
LINE
  5
8BD
330
22
100
AcDbEntity
  8
B.Cu
  6
CONTINUOUS
100
AcDbLine
 10
146.7355479999999943
 20
-81.6666639999999973
 30
0
 11
146.5926919999999996
 21
-81.7380929999999921
 31
0
  0
LINE
  5
8BE
330
22
100
AcDbEntity
  8
B.Cu
  6
CONTINUOUS
100
AcDbLine
 10
146.5926919999999996
 20
-81.7380929999999921
 30
0
 11
146.5877969999999948
 21
-81.7411729999999892
 31
0
  0
LINE
  5
8BF
330
22
100
AcDbEntity
  8
B.Cu
  6
CONTINUOUS
100
AcDbLine
 10
146.5877969999999948
 20
-81.7411729999999892
 30
0
 11
146.585489999999993
 21
-81.741942999999992
 31
0
  0
LINE
  5
8C0
330
22
100
AcDbEntity
  8
B.Cu
  6
CONTINUOUS
100
AcDbLine
 10
146.585489999999993
 20
-81.741942999999992
 30
0
 11
146.5826150000000041
 21
-81.7444349999999957
 31
0
  0
LINE
  5
8C1
330
22
100
AcDbEntity
  8
B.Cu
  6
CONTINUOUS
100
AcDbLine
 10
146.5826150000000041
 20
-81.7444349999999957
 30
0
 11
146.5678059999999903
 21
-81.7537579999999906
 31
0
  0
LINE
  5
8C2
330
22
100
AcDbEntity
  8
B.Cu
  6
CONTINUOUS
100
AcDbLine
 10
146.5678059999999903
 20
-81.7537579999999906
 30
0
 11
146.5554819999999836
 21
-81.7679669999999987
 31
0
  0
LINE
  5
8C3
330
22
100
AcDbEntity
  8
B.Cu
  6
CONTINUOUS
100
AcDbLine
 10
146.5554819999999836
 20
-81.7679669999999987
 30
0
 11
146.5412749999999846
 21
-81.7802889999999962
 31
0
  0
LINE
  5
8C4
330
22
100
AcDbEntity
  8
B.Cu
  6
CONTINUOUS
100
AcDbLine
 10
146.5412749999999846
 20
-81.7802889999999962
 30
0
 11
146.5319549999999822
 21
-81.7950939999999918
 31
0
  0
LINE
  5
8C5
330
22
100
AcDbEntity
  8
B.Cu
  6
CONTINUOUS
100
AcDbLine
 10
146.5319549999999822
 20
-81.7950939999999918
 30
0
 11
146.5294590000000028
 21
-81.7979729999999989
 31
0
  0
LINE
  5
8C6
330
22
100
AcDbEntity
  8
B.Cu
  6
CONTINUOUS
100
AcDbLine
 10
146.5294590000000028
 20
-81.7979729999999989
 30
0
 11
146.5286879999999883
 21
-81.8002839999999907
 31
0
  0
LINE
  5
8C7
330
22
100
AcDbEntity
  8
B.Cu
  6
CONTINUOUS
100
AcDbLine
 10
146.5286879999999883
 20
-81.8002839999999907
 30
0
 11
146.5256100000000004
 21
-81.8051749999999913
 31
0
  0
LINE
  5
8C8
330
22
100
AcDbEntity
  8
B.Cu
  6
CONTINUOUS
100
AcDbLine
 10
146.5256100000000004
 20
-81.8051749999999913
 30
0
 11
146.454182000000003
 21
-81.9480319999999978
 31
0
  0
LINE
  5
8C9
330
22
100
AcDbEntity
  8
B.Cu
  6
CONTINUOUS
100
AcDbLine
 10
146.454182000000003
 20
-81.9480319999999978
 30
0
 11
146.4436719999999923
 21
-81.9754959999999926
 31
0
  0
LINE
  5
8CA
330
22
100
AcDbEntity
  8
B.Cu
  6
CONTINUOUS
100
AcDbLine
 10
146.4436719999999923
 20
-81.9754959999999926
 30
0
 11
146.4432899999999904
 21
-81.9808709999999934
 31
0
  0
LINE
  5
8CB
330
22
100
AcDbEntity
  8
B.Cu
  6
CONTINUOUS
100
AcDbLine
 10
146.4432899999999904
 20
-81.9808709999999934
 30
0
 11
146.4412279999999953
 21
-81.9858499999999992
 31
0
  0
LINE
  5
8CC
330
22
100
AcDbEntity
  8
B.Cu
  6
CONTINUOUS
100
AcDbLine
 10
146.4412279999999953
 20
-81.9858499999999992
 30
0
 11
146.4383459999999957
 21
-82.015113999999997
 31
0
  0
LINE
  5
8CD
330
22
100
AcDbEntity
  8
B.Cu
  6
CONTINUOUS
100
AcDbLine
 10
146.4383459999999957
 20
-82.015113999999997
 30
0
 11
146.4383459999999957
 21
-82.8008279999999957
 31
0
  0
LINE
  5
8CE
330
22
100
AcDbEntity
  8
B.Cu
  6
CONTINUOUS
100
AcDbLine
 10
146.4383459999999957
 20
-82.8008279999999957
 30
0
 11
146.4410220000000038
 21
-82.8280029999999954
 31
0
  0
LINE
  5
8CF
330
22
100
AcDbEntity
  8
B.Cu
  6
CONTINUOUS
100
AcDbLine
 10
146.4410220000000038
 20
-82.8280029999999954
 30
0
 11
146.4412279999999953
 21
-82.8300919999999934
 31
0
  0
LINE
  5
8D0
330
22
100
AcDbEntity
  8
B.Cu
  6
CONTINUOUS
100
AcDbLine
 10
146.4412279999999953
 20
-82.8300919999999934
 30
0
 11
146.463626000000005
 21
-82.8841639999999984
 31
0
  0
LINE
  5
8D1
330
22
100
AcDbEntity
  8
B.Cu
  6
CONTINUOUS
100
AcDbLine
 10
146.463626000000005
 20
-82.8841639999999984
 30
0
 11
146.5050099999999986
 21
-82.925547999999992
 31
0
  0
LINE
  5
8D2
330
22
100
AcDbEntity
  8
B.Cu
  6
CONTINUOUS
100
AcDbLine
 10
146.5050099999999986
 20
-82.925547999999992
 30
0
 11
146.559077000000002
 21
-82.9479439999999926
 31
0
  0
LINE
  5
8D3
330
22
100
AcDbEntity
  8
B.Cu
  6
CONTINUOUS
100
AcDbLine
 10
146.559077000000002
 20
-82.9479439999999926
 30
0
 11
146.5590819999999894
 21
-82.9479460000000017
 31
0
  0
LINE
  5
8D4
330
22
100
AcDbEntity
  8
B.Cu
  6
CONTINUOUS
100
AcDbLine
 10
146.5590819999999894
 20
-82.9479460000000017
 30
0
 11
146.5590829999999869
 21
-82.9479460000000017
 31
0
  0
LINE
  5
8D5
330
22
100
AcDbEntity
  8
B.Cu
  6
CONTINUOUS
100
AcDbLine
 10
146.5590829999999869
 20
-82.9479460000000017
 30
0
 11
146.6176099999999849
 21
-82.9479460000000017
 31
0
  0
LINE
  5
8D6
330
22
100
AcDbEntity
  8
B.Cu
  6
CONTINUOUS
100
AcDbLine
 10
146.6176099999999849
 20
-82.9479460000000017
 30
0
 11
146.6572170000000028
 21
-82.9315390000000008
 31
0
  0
LINE
  5
8D7
330
22
100
AcDbEntity
  8
B.Cu
  6
CONTINUOUS
100
AcDbLine
 10
146.6572170000000028
 20
-82.9315390000000008
 30
0
 11
146.6641219999999919
 21
-82.9349919999999941
 31
0
  0
LINE
  5
8D8
330
22
100
AcDbEntity
  8
B.Cu
  6
CONTINUOUS
100
AcDbLine
 10
146.6641219999999919
 20
-82.9349919999999941
 30
0
 11
146.6915809999999851
 21
-82.9454999999999956
 31
0
  0
LINE
  5
8D9
330
22
100
AcDbEntity
  8
B.Cu
  6
CONTINUOUS
100
AcDbLine
 10
146.6915809999999851
 20
-82.9454999999999956
 30
0
 11
146.6915829999999801
 21
-82.945500999999993
 31
0
  0
LINE
  5
8DA
330
22
100
AcDbEntity
  8
B.Cu
  6
CONTINUOUS
100
AcDbLine
 10
146.6915829999999801
 20
-82.945500999999993
 30
0
 11
146.6915850000000034
 21
-82.9455019999999905
 31
0
  0
LINE
  5
8DB
330
22
100
AcDbEntity
  8
B.Cu
  6
CONTINUOUS
100
AcDbLine
 10
146.6915850000000034
 20
-82.9455019999999905
 30
0
 11
146.6915860000000009
 21
-82.9455019999999905
 31
0
  0
LINE
  5
8DC
330
22
100
AcDbEntity
  8
B.Cu
  6
CONTINUOUS
100
AcDbLine
 10
146.6915860000000009
 20
-82.9455019999999905
 30
0
 11
146.69695999999999
 21
-82.9458829999999949
 31
0
  0
LINE
  5
8DD
330
22
100
AcDbEntity
  8
B.Cu
  6
CONTINUOUS
100
AcDbLine
 10
146.69695999999999
 20
-82.9458829999999949
 30
0
 11
146.7019369999999867
 21
-82.94794499999999
 31
0
  0
LINE
  5
8DE
330
22
100
AcDbEntity
  8
B.Cu
  6
CONTINUOUS
100
AcDbLine
 10
146.7019369999999867
 20
-82.94794499999999
 30
0
 11
146.7019389999999817
 21
-82.9479460000000017
 31
0
  0
LINE
  5
8DF
330
22
100
AcDbEntity
  8
B.Cu
  6
CONTINUOUS
100
AcDbLine
 10
146.7019389999999817
 20
-82.9479460000000017
 30
0
 11
146.7312029999999936
 21
-82.9508280000000013
 31
0
  0
LINE
  5
8E0
330
22
100
AcDbEntity
  8
B.Cu
  6
CONTINUOUS
100
AcDbLine
 10
146.7312029999999936
 20
-82.9508280000000013
 30
0
 11
146.731205999999986
 21
-82.9508280000000013
 31
0
  0
LINE
  5
8E1
330
22
100
AcDbEntity
  8
B.Cu
  6
CONTINUOUS
100
AcDbLine
 10
146.731205999999986
 20
-82.9508280000000013
 30
0
 11
147.0883440000000064
 21
-82.9508280000000013
 31
0
  0
LINE
  5
8E2
330
22
100
AcDbEntity
  8
B.Cu
  6
CONTINUOUS
100
AcDbLine
 10
147.0883440000000064
 20
-82.9508280000000013
 30
0
 11
147.0883460000000014
 21
-82.9508280000000013
 31
0
  0
LINE
  5
8E3
330
22
100
AcDbEntity
  8
B.Cu
  6
CONTINUOUS
100
AcDbLine
 10
147.0883460000000014
 20
-82.9508280000000013
 30
0
 11
147.1176099999999849
 21
-82.9479460000000017
 31
0
  0
LINE
  5
8E4
330
22
100
AcDbEntity
  8
B.Cu
  6
CONTINUOUS
100
AcDbLine
 10
147.1176099999999849
 20
-82.9479460000000017
 30
0
 11
147.1225880000000075
 21
-82.9458829999999949
 31
0
  0
LINE
  5
8E5
330
22
100
AcDbEntity
  8
B.Cu
  6
CONTINUOUS
100
AcDbLine
 10
147.1225880000000075
 20
-82.9458829999999949
 30
0
 11
147.1279639999999915
 21
-82.9455019999999905
 31
0
  0
LINE
  5
8E6
330
22
100
AcDbEntity
  8
B.Cu
  6
CONTINUOUS
100
AcDbLine
 10
147.1279639999999915
 20
-82.9455019999999905
 30
0
 11
147.1554280000000006
 21
-82.9349919999999941
 31
0
  0
LINE
  5
8E7
330
22
100
AcDbEntity
  8
B.Cu
  6
CONTINUOUS
100
AcDbLine
 10
147.1554280000000006
 20
-82.9349919999999941
 30
0
 11
147.2982849999999928
 21
-82.8635639999999967
 31
0
  0
LINE
  5
8E8
330
22
100
AcDbEntity
  8
B.Cu
  6
CONTINUOUS
100
AcDbLine
 10
147.2982849999999928
 20
-82.8635639999999967
 30
0
 11
147.2989350000000002
 21
-82.8631539999999944
 31
0
  0
LINE
  5
8E9
330
22
100
AcDbEntity
  8
B.Cu
  6
CONTINUOUS
100
AcDbLine
 10
147.2989350000000002
 20
-82.8631539999999944
 30
0
 11
147.2989389999999901
 21
-82.863151000000002
 31
0
  0
LINE
  5
8EA
330
22
100
AcDbEntity
  8
B.Cu
  6
CONTINUOUS
100
AcDbLine
 10
147.2989389999999901
 20
-82.863151000000002
 30
0
 11
147.3031770000000051
 21
-82.8604839999999996
 31
0
  0
LINE
  5
8EB
330
22
100
AcDbEntity
  8
B.Cu
  6
CONTINUOUS
100
AcDbLine
 10
147.3031770000000051
 20
-82.8604839999999996
 30
0
 11
147.3054819999999836
 21
-82.8597149999999942
 31
0
  0
LINE
  5
8EC
330
22
100
AcDbEntity
  8
B.Cu
  6
CONTINUOUS
100
AcDbLine
 10
147.3054819999999836
 20
-82.8597149999999942
 30
0
 11
147.305484000000007
 21
-82.8597149999999942
 31
0
  0
LINE
  5
8ED
330
22
100
AcDbEntity
  8
B.Cu
  6
CONTINUOUS
100
AcDbLine
 10
147.305484000000007
 20
-82.8597149999999942
 30
0
 11
147.3054879999999969
 21
-82.8597139999999968
 31
0
  0
LINE
  5
8EE
330
22
100
AcDbEntity
  8
B.Cu
  6
CONTINUOUS
100
AcDbLine
 10
147.3054879999999969
 20
-82.8597139999999968
 30
0
 11
147.3054899999999918
 21
-82.8597109999999901
 31
0
  0
LINE
  5
8EF
330
22
100
AcDbEntity
  8
B.Cu
  6
CONTINUOUS
100
AcDbLine
 10
147.3054899999999918
 20
-82.8597109999999901
 30
0
 11
147.3054939999999817
 21
-82.8597079999999977
 31
0
  0
LINE
  5
8F0
330
22
100
AcDbEntity
  8
B.Cu
  6
CONTINUOUS
100
AcDbLine
 10
147.3054939999999817
 20
-82.8597079999999977
 30
0
 11
147.3083639999999832
 21
-82.8572190000000006
 31
0
  0
LINE
  5
8F1
330
22
100
AcDbEntity
  8
B.Cu
  6
CONTINUOUS
100
AcDbLine
 10
147.3083639999999832
 20
-82.8572190000000006
 30
0
 11
147.3163899999999842
 21
-82.8521669999999943
 31
0
  0
LINE
  5
8F2
330
22
100
AcDbEntity
  8
B.Cu
  6
CONTINUOUS
100
AcDbLine
 10
147.3163899999999842
 20
-82.8521669999999943
 30
0
 11
147.3163940000000025
 21
-82.8521640000000019
 31
0
  0
LINE
  5
8F3
330
22
100
AcDbEntity
  8
B.Cu
  6
CONTINUOUS
100
AcDbLine
 10
147.3163940000000025
 20
-82.8521640000000019
 30
0
 11
147.3231710000000021
 21
-82.8478989999999982
 31
0
  0
LINE
  5
8F4
330
22
100
AcDbEntity
  8
B.Cu
  6
CONTINUOUS
100
AcDbLine
 10
147.3231710000000021
 20
-82.8478989999999982
 30
0
 11
147.3297129999999981
 21
-82.8403539999999907
 31
0
  0
LINE
  5
8F5
330
22
100
AcDbEntity
  8
B.Cu
  6
CONTINUOUS
100
AcDbLine
 10
147.3297129999999981
 20
-82.8403539999999907
 30
0
 11
147.3297199999999805
 21
-82.8403459999999967
 31
0
  0
LINE
  5
8F6
330
22
100
AcDbEntity
  8
B.Cu
  6
CONTINUOUS
100
AcDbLine
 10
147.3297199999999805
 20
-82.8403459999999967
 30
0
 11
147.3354919999999879
 21
-82.8336910000000017
 31
0
  0
LINE
  5
8F7
330
22
100
AcDbEntity
  8
B.Cu
  6
CONTINUOUS
100
AcDbLine
 10
147.3354919999999879
 20
-82.8336910000000017
 30
0
 11
147.342140999999998
 21
-82.8279239999999959
 31
0
  0
LINE
  5
8F8
330
22
100
AcDbEntity
  8
B.Cu
  6
CONTINUOUS
100
AcDbLine
 10
147.342140999999998
 20
-82.8279239999999959
 30
0
 11
147.3421490000000063
 21
-82.8279169999999993
 31
0
  0
LINE
  5
8F9
330
22
100
AcDbEntity
  8
B.Cu
  6
CONTINUOUS
100
AcDbLine
 10
147.3421490000000063
 20
-82.8279169999999993
 30
0
 11
147.3497030000000052
 21
-82.8213669999999951
 31
0
  0
LINE
  5
8FA
330
22
100
AcDbEntity
  8
B.Cu
  6
CONTINUOUS
100
AcDbLine
 10
147.3497030000000052
 20
-82.8213669999999951
 30
0
 11
147.3590229999999792
 21
-82.8065589999999929
 31
0
  0
LINE
  5
8FB
330
22
100
AcDbEntity
  8
B.Cu
  6
CONTINUOUS
100
AcDbLine
 10
147.3590229999999792
 20
-82.8065589999999929
 30
0
 11
147.3615169999999921
 21
-82.8036839999999899
 31
0
  0
LINE
  5
8FC
330
22
100
AcDbEntity
  8
B.Cu
  6
CONTINUOUS
100
AcDbLine
 10
147.3615169999999921
 20
-82.8036839999999899
 30
0
 11
147.3622859999999832
 21
-82.8013739999999956
 31
0
  0
LINE
  5
8FD
330
22
100
AcDbEntity
  8
B.Cu
  6
CONTINUOUS
100
AcDbLine
 10
147.3622859999999832
 20
-82.8013739999999956
 30
0
 11
147.365366999999992
 21
-82.796481
 31
0
  0
LINE
  5
8FE
330
22
100
AcDbEntity
  8
B.Cu
  6
CONTINUOUS
100
AcDbLine
 10
147.365366999999992
 20
-82.796481
 30
0
 11
147.3663760000000025
 21
-82.7944629999999933
 31
0
  0
LINE
  5
8FF
330
22
100
AcDbEntity
  8
B.Cu
  6
CONTINUOUS
100
AcDbLine
 10
147.3663760000000025
 20
-82.7944629999999933
 30
0
 11
147.4367959999999869
 21
-82.6536229999999961
 31
0
  0
LINE
  5
900
330
22
100
AcDbEntity
  8
B.Cu
  6
CONTINUOUS
100
AcDbLine
 10
147.4367959999999869
 20
-82.6536229999999961
 30
0
 11
147.4473050000000001
 21
-82.6261599999999987
 31
0
  0
LINE
  5
901
330
22
100
AcDbEntity
  8
B.Cu
  6
CONTINUOUS
100
AcDbLine
 10
147.4473050000000001
 20
-82.6261599999999987
 30
0
 11
147.4475050000000067
 21
-82.6233339999999998
 31
0
  0
LINE
  5
902
330
22
100
AcDbEntity
  8
B.Cu
  6
CONTINUOUS
100
AcDbLine
 10
147.4475050000000067
 20
-82.6233339999999998
 30
0
 11
147.447591999999986
 21
-82.6221039999999931
 31
0
  0
LINE
  5
903
330
22
100
AcDbEntity
  8
B.Cu
  6
CONTINUOUS
100
AcDbLine
 10
147.447591999999986
 20
-82.6221039999999931
 30
0
 11
147.447591999999986
 21
-82.6221019999999982
 31
0
  0
LINE
  5
904
330
22
100
AcDbEntity
  8
B.Cu
  6
CONTINUOUS
100
AcDbLine
 10
147.447591999999986
 20
-82.6221019999999982
 30
0
 11
147.4476860000000045
 21
-82.6207840000000004
 31
0
  0
LINE
  5
905
330
22
100
AcDbEntity
  8
B.Cu
  6
CONTINUOUS
100
AcDbLine
 10
147.4476860000000045
 20
-82.6207840000000004
 30
0
 11
147.4493709999999851
 21
-82.6167179999999917
 31
0
  0
LINE
  5
906
330
22
100
AcDbEntity
  8
B.Cu
  6
CONTINUOUS
100
AcDbLine
 10
147.4493709999999851
 20
-82.6167179999999917
 30
0
 11
147.4493760000000009
 21
-82.6167030000000011
 31
0
  0
LINE
  5
907
330
22
100
AcDbEntity
  8
B.Cu
  6
CONTINUOUS
100
AcDbLine
 10
147.4493760000000009
 20
-82.6167030000000011
 30
0
 11
147.4497489999999971
 21
-82.6158059999999921
 31
0
  0
LINE
  5
908
330
22
100
AcDbEntity
  8
B.Cu
  6
CONTINUOUS
100
AcDbLine
 10
147.4497489999999971
 20
-82.6158059999999921
 30
0
 11
147.4526309999999967
 21
-82.5865419999999943
 31
0
  0
LINE
  5
909
330
22
100
AcDbEntity
  8
B.Cu
  6
CONTINUOUS
100
AcDbLine
 10
147.4526309999999967
 20
-82.5865419999999943
 30
0
 11
147.4526309999999967
 21
-82.4436850000000021
 31
0
  0
LINE
  5
90A
330
22
100
AcDbEntity
  8
B.Cu
  6
CONTINUOUS
100
AcDbLine
 10
147.4526309999999967
 20
-82.4436850000000021
 30
0
 11
147.4497489999999971
 21
-82.4144209999999902
 31
0
  0
LINE
  5
90B
330
22
100
AcDbEntity
  8
B.Cu
  6
CONTINUOUS
100
AcDbLine
 10
147.4497489999999971
 20
-82.4144209999999902
 30
0
 11
147.4476860000000045
 21
-82.4094419999999985
 31
0
  0
LINE
  5
90C
330
22
100
AcDbEntity
  8
B.Cu
  6
CONTINUOUS
100
AcDbLine
 10
147.4476860000000045
 20
-82.4094419999999985
 30
0
 11
147.4473050000000001
 21
-82.4040669999999977
 31
0
  0
LINE
  5
90D
330
22
100
AcDbEntity
  8
B.Cu
  6
CONTINUOUS
100
AcDbLine
 10
147.4473050000000001
 20
-82.4040669999999977
 30
0
 11
147.4367949999999894
 21
-82.3766040000000004
 31
0
  0
LINE
  5
90E
330
22
100
AcDbEntity
  8
B.Cu
  6
CONTINUOUS
100
AcDbLine
 10
147.4367949999999894
 20
-82.3766040000000004
 30
0
 11
147.365366999999992
 21
-82.2337459999999965
 31
0
  0
LINE
  5
90F
330
22
100
AcDbEntity
  8
B.Cu
  6
CONTINUOUS
100
AcDbLine
 10
147.365366999999992
 20
-82.2337459999999965
 30
0
 11
147.3649599999999964
 21
-82.2330999999999932
 31
0
  0
LINE
  5
910
330
22
100
AcDbEntity
  8
B.Cu
  6
CONTINUOUS
100
AcDbLine
 10
147.3649599999999964
 20
-82.2330999999999932
 30
0
 11
147.3649589999999989
 21
-82.2330979999999983
 31
0
  0
LINE
  5
911
330
22
100
AcDbEntity
  8
B.Cu
  6
CONTINUOUS
100
AcDbLine
 10
147.3649589999999989
 20
-82.2330979999999983
 30
0
 11
147.3622859999999832
 21
-82.2288519999999892
 31
0
  0
LINE
  5
912
330
22
100
AcDbEntity
  8
B.Cu
  6
CONTINUOUS
100
AcDbLine
 10
147.3622859999999832
 20
-82.2288519999999892
 30
0
 11
147.3615169999999921
 21
-82.2265439999999899
 31
0
  0
LINE
  5
913
330
22
100
AcDbEntity
  8
B.Cu
  6
CONTINUOUS
100
AcDbLine
 10
147.3615169999999921
 20
-82.2265439999999899
 30
0
 11
147.3615130000000022
 21
-82.22654
 31
0
  0
LINE
  5
914
330
22
100
AcDbEntity
  8
B.Cu
  6
CONTINUOUS
100
AcDbLine
 10
147.3615130000000022
 20
-82.22654
 30
0
 11
147.3615110000000072
 21
-82.2265379999999908
 31
0
  0
LINE
  5
915
330
22
100
AcDbEntity
  8
B.Cu
  6
CONTINUOUS
100
AcDbLine
 10
147.3615110000000072
 20
-82.2265379999999908
 30
0
 11
147.3590229999999792
 21
-82.2236679999999893
 31
0
  0
LINE
  5
916
330
22
100
AcDbEntity
  8
B.Cu
  6
CONTINUOUS
100
AcDbLine
 10
147.3590229999999792
 20
-82.2236679999999893
 30
0
 11
147.3497019999999793
 21
-82.2088609999999989
 31
0
  0
LINE
  5
917
330
22
100
AcDbEntity
  8
B.Cu
  6
CONTINUOUS
100
AcDbLine
 10
147.3497019999999793
 20
-82.2088609999999989
 30
0
 11
147.3354949999999803
 21
-82.1965399999999988
 31
0
  0
LINE
  5
918
330
22
100
AcDbEntity
  8
B.Cu
  6
CONTINUOUS
100
AcDbLine
 10
147.3354949999999803
 20
-82.1965399999999988
 30
0
 11
147.3274250000000052
 21
-82.1872350000000012
 31
0
  0
LINE
  5
919
330
22
100
AcDbEntity
  8
B.Cu
  6
CONTINUOUS
100
AcDbLine
 10
147.3274250000000052
 20
-82.1872350000000012
 30
0
 11
147.3231710000000021
 21
-82.1823289999999957
 31
0
  0
LINE
  5
91A
330
22
100
AcDbEntity
  8
B.Cu
  6
CONTINUOUS
100
AcDbLine
 10
147.3231710000000021
 20
-82.1823289999999957
 30
0
 11
147.319927000000007
 21
-82.1802869999999928
 31
0
  0
LINE
  5
91B
330
22
100
AcDbEntity
  8
B.Cu
  6
CONTINUOUS
100
AcDbLine
 10
147.319927000000007
 20
-82.1802869999999928
 30
0
 11
147.3083599999999933
 21
-82.1730060000000009
 31
0
  0
LINE
  5
91C
330
22
100
AcDbEntity
  8
B.Cu
  6
CONTINUOUS
100
AcDbLine
 10
147.3083599999999933
 20
-82.1730060000000009
 30
0
 11
147.3054869999999994
 21
-82.1705139999999972
 31
0
  0
LINE
  5
91D
330
22
100
AcDbEntity
  8
B.Cu
  6
CONTINUOUS
100
AcDbLine
 10
147.3054869999999994
 20
-82.1705139999999972
 30
0
 11
147.3031790000000001
 21
-82.1697439999999943
 31
0
  0
LINE
  5
91E
330
22
100
AcDbEntity
  8
B.Cu
  6
CONTINUOUS
100
AcDbLine
 10
147.3031790000000001
 20
-82.1697439999999943
 30
0
 11
147.2982849999999928
 21
-82.1666639999999973
 31
0
  0
LINE
  5
91F
330
22
100
AcDbEntity
  8
B.Cu
  6
CONTINUOUS
100
AcDbLine
 10
147.2982849999999928
 20
-82.1666639999999973
 30
0
 11
147.1554280000000006
 21
-82.0952359999999999
 31
0
  0
LINE
  5
920
330
22
100
AcDbEntity
  8
B.Cu
  6
CONTINUOUS
100
AcDbLine
 10
147.1554280000000006
 20
-82.0952359999999999
 30
0
 11
147.1279639999999915
 21
-82.0847259999999892
 31
0
  0
LINE
  5
921
330
22
100
AcDbEntity
  8
B.Cu
  6
CONTINUOUS
100
AcDbLine
 10
147.1279639999999915
 20
-82.0847259999999892
 30
0
 11
147.1225880000000075
 21
-82.0843440000000015
 31
0
  0
LINE
  5
922
330
22
100
AcDbEntity
  8
B.Cu
  6
CONTINUOUS
100
AcDbLine
 10
147.1225880000000075
 20
-82.0843440000000015
 30
0
 11
147.1176099999999849
 21
-82.0822819999999922
 31
0
  0
LINE
  5
923
330
22
100
AcDbEntity
  8
B.Cu
  6
CONTINUOUS
100
AcDbLine
 10
147.1176099999999849
 20
-82.0822819999999922
 30
0
 11
147.0883460000000014
 21
-82.0793999999999926
 31
0
  0
LINE
  5
924
330
22
100
AcDbEntity
  8
B.Cu
  6
CONTINUOUS
100
AcDbLine
 10
147.0883460000000014
 20
-82.0793999999999926
 30
0
 11
146.7666130000000067
 21
-82.0793999999999926
 31
0
  0
LINE
  5
925
330
22
100
AcDbEntity
  8
B.Cu
  6
CONTINUOUS
100
AcDbLine
 10
146.7666130000000067
 20
-82.0793999999999926
 30
0
 11
146.7383460000000071
 21
-82.0652659999999941
 31
0
  0
LINE
  5
926
330
22
100
AcDbEntity
  8
B.Cu
  6
CONTINUOUS
100
AcDbLine
 10
146.7383460000000071
 20
-82.0652659999999941
 30
0
 11
146.7383460000000071
 21
-82.0505229999999983
 31
0
  0
LINE
  5
927
330
22
100
AcDbEntity
  8
B.Cu
  6
CONTINUOUS
100
AcDbLine
 10
146.7383460000000071
 20
-82.0505229999999983
 30
0
 11
146.7715769999999793
 21
-81.9840599999999995
 31
0
  0
LINE
  5
928
330
22
100
AcDbEntity
  8
B.Cu
  6
CONTINUOUS
100
AcDbLine
 10
146.7715769999999793
 20
-81.9840599999999995
 30
0
 11
146.838041000000004
 21
-81.9508280000000013
 31
0
  0
LINE
  5
929
330
22
100
AcDbEntity
  8
B.Cu
  6
CONTINUOUS
100
AcDbLine
 10
146.838041000000004
 20
-81.9508280000000013
 30
0
 11
147.0529359999999883
 21
-81.9508280000000013
 31
0
  0
LINE
  5
92A
330
22
100
AcDbEntity
  8
B.Cu
  6
CONTINUOUS
100
AcDbLine
 10
147.0529359999999883
 20
-81.9508280000000013
 30
0
 11
147.1641199999999969
 21
-82.0064210000000031
 31
0
  0
LINE
  5
92B
330
22
100
AcDbEntity
  8
B.Cu
  6
CONTINUOUS
100
AcDbLine
 10
147.1641199999999969
 20
-82.0064210000000031
 30
0
 11
147.191584000000006
 21
-82.0169300000000021
 31
0
  0
LINE
  5
92C
330
22
100
AcDbEntity
  8
B.Cu
  6
CONTINUOUS
100
AcDbLine
 10
147.191584000000006
 20
-82.0169300000000021
 30
0
 11
147.2499640000000056
 21
-82.0210790000000003
 31
0
  0
LINE
  5
92D
330
22
100
AcDbEntity
  8
B.Cu
  6
CONTINUOUS
100
AcDbLine
 10
147.2499640000000056
 20
-82.0210790000000003
 30
0
 11
147.3054860000000019
 21
-82.0025720000000007
 31
0
  0
LINE
  5
92E
330
22
100
AcDbEntity
  8
B.Cu
  6
CONTINUOUS
100
AcDbLine
 10
147.3054860000000019
 20
-82.0025720000000007
 30
0
 11
147.3183379999999829
 21
-81.9914249999999925
 31
0
  0
LINE
  5
92F
330
22
100
AcDbEntity
  8
B.Cu
  6
CONTINUOUS
100
AcDbLine
 10
147.3183379999999829
 20
-81.9914249999999925
 30
0
 11
147.3184550000000002
 21
-81.9913229999999942
 31
0
  0
LINE
  5
930
330
22
100
AcDbEntity
  8
B.Cu
  6
CONTINUOUS
100
AcDbLine
 10
147.3184550000000002
 20
-81.9913229999999942
 30
0
 11
147.3497019999999793
 21
-81.964224999999999
 31
0
  0
LINE
  5
931
330
22
100
AcDbEntity
  8
B.Cu
  6
CONTINUOUS
100
AcDbLine
 10
147.3497019999999793
 20
-81.964224999999999
 30
0
 11
147.3758760000000052
 21
-81.9118759999999924
 31
0
  0
LINE
  5
932
330
22
100
AcDbEntity
  8
B.Cu
  6
CONTINUOUS
100
AcDbLine
 10
147.3758760000000052
 20
-81.9118759999999924
 30
0
 11
147.3800249999999892
 21
-81.8534959999999927
 31
0
  0
LINE
  5
933
330
22
100
AcDbEntity
  8
B.Cu
  6
CONTINUOUS
100
AcDbLine
 10
147.3800249999999892
 20
-81.8534959999999927
 30
0
 11
147.3800239999999917
 21
-81.8534949999999952
 31
0
  0
LINE
  5
934
330
22
100
AcDbEntity
  8
B.Cu
  6
CONTINUOUS
100
AcDbLine
 10
147.3800239999999917
 20
-81.8534949999999952
 30
0
 11
147.3800239999999917
 21
-81.8534939999999978
 31
0
  0
LINE
  5
935
330
22
100
AcDbEntity
  8
B.Cu
  6
CONTINUOUS
100
AcDbLine
 10
147.3800239999999917
 20
-81.8534939999999978
 30
0
 11
147.3615169999999921
 21
-81.7979729999999989
 31
0
  0
LINE
  5
936
330
22
100
AcDbEntity
  8
B.Cu
  6
CONTINUOUS
100
AcDbLine
 10
147.3615169999999921
 20
-81.7979729999999989
 30
0
 11
147.3231710000000021
 21
-81.7537579999999906
 31
0
  0
LINE
  5
937
330
22
100
AcDbEntity
  8
B.Cu
  6
CONTINUOUS
100
AcDbLine
 10
147.3231710000000021
 20
-81.7537579999999906
 30
0
 11
147.2982849999999928
 21
-81.7380929999999921
 31
0
  0
LINE
  5
938
330
22
100
AcDbEntity
  8
B.Cu
  6
CONTINUOUS
100
AcDbLine
 10
147.2982849999999928
 20
-81.7380929999999921
 30
0
 11
147.1554280000000006
 21
-81.6666639999999973
 31
0
  0
LINE
  5
939
330
22
100
AcDbEntity
  8
B.Cu
  6
CONTINUOUS
100
AcDbLine
 10
147.1554280000000006
 20
-81.6666639999999973
 30
0
 11
147.127964999999989
 21
-81.6561549999999983
 31
0
  0
LINE
  5
93A
330
22
100
AcDbEntity
  8
B.Cu
  6
CONTINUOUS
100
AcDbLine
 10
147.127964999999989
 20
-81.6561549999999983
 30
0
 11
147.1225900000000024
 21
-81.6557729999999964
 31
0
  0
LINE
  5
93B
330
22
100
AcDbEntity
  8
B.Cu
  6
CONTINUOUS
100
AcDbLine
 10
147.1225900000000024
 20
-81.6557729999999964
 30
0
 11
147.1176099999999849
 21
-81.6537099999999896
 31
0
  0
LINE
  5
93C
330
22
100
AcDbEntity
  8
B.Cu
  6
CONTINUOUS
100
AcDbLine
 10
147.1176099999999849
 20
-81.6537099999999896
 30
0
 11
147.0943769999999802
 21
-81.6514219999999966
 31
0
  0
LINE
  5
93D
330
22
100
AcDbEntity
  8
B.Cu
  6
CONTINUOUS
100
AcDbLine
 10
147.0943769999999802
 20
-81.6514219999999966
 30
0
 11
147.0883460000000014
 21
-81.65082799999999
 31
0
  0
LINE
  5
93E
330
22
100
AcDbEntity
  8
B.Cu
  6
CONTINUOUS
100
AcDbLine
 10
147.0883460000000014
 20
-81.65082799999999
 30
0
 11
146.802630999999991
 21
-81.65082799999999
 31
0
  0
LINE
  5
93F
330
22
100
AcDbEntity
  8
B.Cu
  6
CONTINUOUS
100
AcDbLine
 10
146.802630999999991
 20
-81.65082799999999
 30
0
 11
146.7733670000000075
 21
-81.6537099999999896
 31
0
  0
LINE
  5
940
330
22
100
AcDbEntity
  8
B.Cu
  6
CONTINUOUS
100
AcDbLine
 10
148.7019389999999817
 20
-81.6537099999999896
 30
0
 11
148.6969579999999951
 21
-81.6557729999999964
 31
0
  0
LINE
  5
941
330
22
100
AcDbEntity
  8
B.Cu
  6
CONTINUOUS
100
AcDbLine
 10
148.6969579999999951
 20
-81.6557729999999964
 30
0
 11
148.691584000000006
 21
-81.6561549999999983
 31
0
  0
LINE
  5
942
330
22
100
AcDbEntity
  8
B.Cu
  6
CONTINUOUS
100
AcDbLine
 10
148.691584000000006
 20
-81.6561549999999983
 30
0
 11
148.6641199999999969
 21
-81.6666639999999973
 31
0
  0
LINE
  5
943
330
22
100
AcDbEntity
  8
B.Cu
  6
CONTINUOUS
100
AcDbLine
 10
148.6641199999999969
 20
-81.6666639999999973
 30
0
 11
148.5212640000000022
 21
-81.7380929999999921
 31
0
  0
LINE
  5
944
330
22
100
AcDbEntity
  8
B.Cu
  6
CONTINUOUS
100
AcDbLine
 10
148.5212640000000022
 20
-81.7380929999999921
 30
0
 11
148.4963779999999929
 21
-81.7537579999999906
 31
0
  0
LINE
  5
945
330
22
100
AcDbEntity
  8
B.Cu
  6
CONTINUOUS
100
AcDbLine
 10
148.4963779999999929
 20
-81.7537579999999906
 30
0
 11
148.4580310000000054
 21
-81.7979729999999989
 31
0
  0
LINE
  5
946
330
22
100
AcDbEntity
  8
B.Cu
  6
CONTINUOUS
100
AcDbLine
 10
148.4580310000000054
 20
-81.7979729999999989
 30
0
 11
148.4395240000000058
 21
-81.8534959999999927
 31
0
  0
LINE
  5
947
330
22
100
AcDbEntity
  8
B.Cu
  6
CONTINUOUS
100
AcDbLine
 10
148.4395240000000058
 20
-81.8534959999999927
 30
0
 11
148.4432359999999846
 21
-81.9057279999999963
 31
0
  0
LINE
  5
948
330
22
100
AcDbEntity
  8
B.Cu
  6
CONTINUOUS
100
AcDbLine
 10
148.4432359999999846
 20
-81.9057279999999963
 30
0
 11
148.4436729999999898
 21
-81.9118759999999924
 31
0
  0
LINE
  5
949
330
22
100
AcDbEntity
  8
B.Cu
  6
CONTINUOUS
100
AcDbLine
 10
148.4436729999999898
 20
-81.9118759999999924
 30
0
 11
148.4436729999999898
 21
-81.9118769999999898
 31
0
  0
LINE
  5
94A
330
22
100
AcDbEntity
  8
B.Cu
  6
CONTINUOUS
100
AcDbLine
 10
148.4436729999999898
 20
-81.9118769999999898
 30
0
 11
148.4696909999999832
 21
-81.9639119999999934
 31
0
  0
LINE
  5
94B
330
22
100
AcDbEntity
  8
B.Cu
  6
CONTINUOUS
100
AcDbLine
 10
148.4696909999999832
 20
-81.9639119999999934
 30
0
 11
148.4698469999999872
 21
-81.964224999999999
 31
0
  0
LINE
  5
94C
330
22
100
AcDbEntity
  8
B.Cu
  6
CONTINUOUS
100
AcDbLine
 10
148.4698469999999872
 20
-81.964224999999999
 30
0
 11
148.5140619999999956
 21
-82.0025720000000007
 31
0
  0
LINE
  5
94D
330
22
100
AcDbEntity
  8
B.Cu
  6
CONTINUOUS
100
AcDbLine
 10
148.5140619999999956
 20
-82.0025720000000007
 30
0
 11
148.5695849999999893
 21
-82.0210790000000003
 31
0
  0
LINE
  5
94E
330
22
100
AcDbEntity
  8
B.Cu
  6
CONTINUOUS
100
AcDbLine
 10
148.5695849999999893
 20
-82.0210790000000003
 30
0
 11
148.627964999999989
 21
-82.0169300000000021
 31
0
  0
LINE
  5
94F
330
22
100
AcDbEntity
  8
B.Cu
  6
CONTINUOUS
100
AcDbLine
 10
148.627964999999989
 20
-82.0169300000000021
 30
0
 11
148.6554280000000006
 21
-82.0064210000000031
 31
0
  0
LINE
  5
950
330
22
100
AcDbEntity
  8
B.Cu
  6
CONTINUOUS
100
AcDbLine
 10
148.6554280000000006
 20
-82.0064210000000031
 30
0
 11
148.7108120000000042
 21
-81.9787290000000013
 31
0
  0
LINE
  5
951
330
22
100
AcDbEntity
  8
B.Cu
  6
CONTINUOUS
100
AcDbLine
 10
148.7108120000000042
 20
-81.9787290000000013
 30
0
 11
148.7666130000000067
 21
-81.9508280000000013
 31
0
  0
LINE
  5
952
330
22
100
AcDbEntity
  8
B.Cu
  6
CONTINUOUS
100
AcDbLine
 10
148.7666130000000067
 20
-81.9508280000000013
 30
0
 11
148.9815069999999935
 21
-81.9508280000000013
 31
0
  0
LINE
  5
953
330
22
100
AcDbEntity
  8
B.Cu
  6
CONTINUOUS
100
AcDbLine
 10
148.9815069999999935
 20
-81.9508280000000013
 30
0
 11
149.0709209999999985
 21
-81.9955349999999896
 31
0
  0
LINE
  5
954
330
22
100
AcDbEntity
  8
B.Cu
  6
CONTINUOUS
100
AcDbLine
 10
149.0709209999999985
 20
-81.9955349999999896
 30
0
 11
149.1079249999999945
 21
-82.0325389999999999
 31
0
  0
LINE
  5
955
330
22
100
AcDbEntity
  8
B.Cu
  6
CONTINUOUS
100
AcDbLine
 10
149.1079249999999945
 20
-82.0325389999999999
 30
0
 11
149.1169229999999857
 21
-82.0505349999999964
 31
0
  0
LINE
  5
956
330
22
100
AcDbEntity
  8
B.Cu
  6
CONTINUOUS
100
AcDbLine
 10
149.1169229999999857
 20
-82.0505349999999964
 30
0
 11
149.1202920000000063
 21
-82.0572719999999975
 31
0
  0
LINE
  5
957
330
22
100
AcDbEntity
  8
B.Cu
  6
CONTINUOUS
100
AcDbLine
 10
149.1202920000000063
 20
-82.0572719999999975
 30
0
 11
149.1202949999999987
 21
-82.0572779999999966
 31
0
  0
LINE
  5
958
330
22
100
AcDbEntity
  8
B.Cu
  6
CONTINUOUS
100
AcDbLine
 10
149.1202949999999987
 20
-82.0572779999999966
 30
0
 11
149.1205799999999897
 21
-82.0578479999999928
 31
0
  0
LINE
  5
959
330
22
100
AcDbEntity
  8
B.Cu
  6
CONTINUOUS
100
AcDbLine
 10
149.1205799999999897
 20
-82.0578479999999928
 30
0
 11
149.1252609999999947
 21
-82.0672100000000029
 31
0
  0
LINE
  5
95A
330
22
100
AcDbEntity
  8
B.Cu
  6
CONTINUOUS
100
AcDbLine
 10
149.1252609999999947
 20
-82.0672100000000029
 30
0
 11
149.1313559999999825
 21
-82.0793999999999926
 31
0
  0
LINE
  5
95B
330
22
100
AcDbEntity
  8
B.Cu
  6
CONTINUOUS
100
AcDbLine
 10
149.1313559999999825
 20
-82.0793999999999926
 30
0
 11
149.1315529999999967
 21
-82.0797939999999926
 31
0
  0
LINE
  5
95C
330
22
100
AcDbEntity
  8
B.Cu
  6
CONTINUOUS
100
AcDbLine
 10
149.1315529999999967
 20
-82.0797939999999926
 30
0
 11
149.1326959999999815
 21
-82.0820799999999906
 31
0
  0
LINE
  5
95D
330
22
100
AcDbEntity
  8
B.Cu
  6
CONTINUOUS
100
AcDbLine
 10
149.1326959999999815
 20
-82.0820799999999906
 30
0
 11
149.1327969999999823
 21
-82.0822819999999922
 31
0
  0
LINE
  5
95E
330
22
100
AcDbEntity
  8
B.Cu
  6
CONTINUOUS
100
AcDbLine
 10
149.1327969999999823
 20
-82.0822819999999922
 30
0
 11
149.1338499999999954
 21
-82.0843879999999899
 31
0
  0
LINE
  5
95F
330
22
100
AcDbEntity
  8
B.Cu
  6
CONTINUOUS
100
AcDbLine
 10
149.1338499999999954
 20
-82.0843879999999899
 30
0
 11
149.134018999999995
 21
-82.0847259999999892
 31
0
  0
LINE
  5
960
330
22
100
AcDbEntity
  8
B.Cu
  6
CONTINUOUS
100
AcDbLine
 10
149.134018999999995
 20
-82.0847259999999892
 30
0
 11
149.1349260000000072
 21
-82.0865399999999994
 31
0
  0
LINE
  5
961
330
22
100
AcDbEntity
  8
B.Cu
  6
CONTINUOUS
100
AcDbLine
 10
149.1349260000000072
 20
-82.0865399999999994
 30
0
 11
149.1349270000000047
 21
-82.0865419999999943
 31
0
  0
LINE
  5
962
330
22
100
AcDbEntity
  8
B.Cu
  6
CONTINUOUS
100
AcDbLine
 10
149.1349270000000047
 20
-82.0865419999999943
 30
0
 11
149.1394259999999861
 21
-82.0955399999999997
 31
0
  0
LINE
  5
963
330
22
100
AcDbEntity
  8
B.Cu
  6
CONTINUOUS
100
AcDbLine
 10
149.1394259999999861
 20
-82.0955399999999997
 30
0
 11
149.1395399999999825
 21
-82.09576899999999
 31
0
  0
LINE
  5
964
330
22
100
AcDbEntity
  8
B.Cu
  6
CONTINUOUS
100
AcDbLine
 10
149.1395399999999825
 20
-82.09576899999999
 30
0
 11
149.1526309999999853
 21
-82.1219509999999957
 31
0
  0
LINE
  5
965
330
22
100
AcDbEntity
  8
B.Cu
  6
CONTINUOUS
100
AcDbLine
 10
149.1526309999999853
 20
-82.1219509999999957
 30
0
 11
149.1526309999999853
 21
-82.4797039999999981
 31
0
  0
LINE
  5
966
330
22
100
AcDbEntity
  8
B.Cu
  6
CONTINUOUS
100
AcDbLine
 10
149.1526309999999853
 20
-82.4797039999999981
 30
0
 11
149.107923999999997
 21
-82.5691169999999914
 31
0
  0
LINE
  5
967
330
22
100
AcDbEntity
  8
B.Cu
  6
CONTINUOUS
100
AcDbLine
 10
149.107923999999997
 20
-82.5691169999999914
 30
0
 11
149.0709190000000035
 21
-82.6061219999999992
 31
0
  0
LINE
  5
968
330
22
100
AcDbEntity
  8
B.Cu
  6
CONTINUOUS
100
AcDbLine
 10
149.0709190000000035
 20
-82.6061219999999992
 30
0
 11
148.9815069999999935
 21
-82.65082799999999
 31
0
  0
LINE
  5
969
330
22
100
AcDbEntity
  8
B.Cu
  6
CONTINUOUS
100
AcDbLine
 10
148.9815069999999935
 20
-82.65082799999999
 30
0
 11
148.9522350000000017
 21
-82.65082799999999
 31
0
  0
LINE
  5
96A
330
22
100
AcDbEntity
  8
B.Cu
  6
CONTINUOUS
100
AcDbLine
 10
148.9522350000000017
 20
-82.65082799999999
 30
0
 11
148.7958849999999984
 21
-82.65082799999999
 31
0
  0
LINE
  5
96B
330
22
100
AcDbEntity
  8
B.Cu
  6
CONTINUOUS
100
AcDbLine
 10
148.7958849999999984
 20
-82.65082799999999
 30
0
 11
148.7666130000000067
 21
-82.65082799999999
 31
0
  0
LINE
  5
96C
330
22
100
AcDbEntity
  8
B.Cu
  6
CONTINUOUS
100
AcDbLine
 10
148.7666130000000067
 20
-82.65082799999999
 30
0
 11
148.6554280000000006
 21
-82.5952359999999999
 31
0
  0
LINE
  5
96D
330
22
100
AcDbEntity
  8
B.Cu
  6
CONTINUOUS
100
AcDbLine
 10
148.6554280000000006
 20
-82.5952359999999999
 30
0
 11
148.6279639999999915
 21
-82.5847259999999892
 31
0
  0
LINE
  5
96E
330
22
100
AcDbEntity
  8
B.Cu
  6
CONTINUOUS
100
AcDbLine
 10
148.6279639999999915
 20
-82.5847259999999892
 30
0
 11
148.5695839999999919
 21
-82.5805780000000027
 31
0
  0
LINE
  5
96F
330
22
100
AcDbEntity
  8
B.Cu
  6
CONTINUOUS
100
AcDbLine
 10
148.5695839999999919
 20
-82.5805780000000027
 30
0
 11
148.5140619999999956
 21
-82.5990859999999998
 31
0
  0
LINE
  5
970
330
22
100
AcDbEntity
  8
B.Cu
  6
CONTINUOUS
100
AcDbLine
 10
148.5140619999999956
 20
-82.5990859999999998
 30
0
 11
148.4972899999999925
 21
-82.6136319999999955
 31
0
  0
LINE
  5
971
330
22
100
AcDbEntity
  8
B.Cu
  6
CONTINUOUS
100
AcDbLine
 10
148.4972899999999925
 20
-82.6136319999999955
 30
0
 11
148.4806260000000009
 21
-82.6280849999999987
 31
0
  0
LINE
  5
972
330
22
100
AcDbEntity
  8
B.Cu
  6
CONTINUOUS
100
AcDbLine
 10
148.4806260000000009
 20
-82.6280849999999987
 30
0
 11
148.475578999999982
 21
-82.6324619999999896
 31
0
  0
LINE
  5
973
330
22
100
AcDbEntity
  8
B.Cu
  6
CONTINUOUS
100
AcDbLine
 10
148.475578999999982
 20
-82.6324619999999896
 30
0
 11
148.4698469999999872
 21
-82.6374330000000015
 31
0
  0
LINE
  5
974
330
22
100
AcDbEntity
  8
B.Cu
  6
CONTINUOUS
100
AcDbLine
 10
148.4698469999999872
 20
-82.6374330000000015
 30
0
 11
148.4436719999999923
 21
-82.6897819999999939
 31
0
  0
LINE
  5
975
330
22
100
AcDbEntity
  8
B.Cu
  6
CONTINUOUS
100
AcDbLine
 10
148.4436719999999923
 20
-82.6897819999999939
 30
0
 11
148.4395240000000058
 21
-82.7481619999999936
 31
0
  0
LINE
  5
976
330
22
100
AcDbEntity
  8
B.Cu
  6
CONTINUOUS
100
AcDbLine
 10
148.4395240000000058
 20
-82.7481619999999936
 30
0
 11
148.4580320000000029
 21
-82.8036839999999899
 31
0
  0
LINE
  5
977
330
22
100
AcDbEntity
  8
B.Cu
  6
CONTINUOUS
100
AcDbLine
 10
148.4580320000000029
 20
-82.8036839999999899
 30
0
 11
148.4963789999999904
 21
-82.8478989999999982
 31
0
  0
LINE
  5
978
330
22
100
AcDbEntity
  8
B.Cu
  6
CONTINUOUS
100
AcDbLine
 10
148.4963789999999904
 20
-82.8478989999999982
 30
0
 11
148.5111859999999808
 21
-82.8572199999999981
 31
0
  0
LINE
  5
979
330
22
100
AcDbEntity
  8
B.Cu
  6
CONTINUOUS
100
AcDbLine
 10
148.5111859999999808
 20
-82.8572199999999981
 30
0
 11
148.5212640000000022
 21
-82.8635639999999967
 31
0
  0
LINE
  5
97A
330
22
100
AcDbEntity
  8
B.Cu
  6
CONTINUOUS
100
AcDbLine
 10
148.5212640000000022
 20
-82.8635639999999967
 30
0
 11
148.5212750000000028
 21
-82.8635689999999983
 31
0
  0
LINE
  5
97B
330
22
100
AcDbEntity
  8
B.Cu
  6
CONTINUOUS
100
AcDbLine
 10
148.5212750000000028
 20
-82.8635689999999983
 30
0
 11
148.6641219999999919
 21
-82.9349919999999941
 31
0
  0
LINE
  5
97C
330
22
100
AcDbEntity
  8
B.Cu
  6
CONTINUOUS
100
AcDbLine
 10
148.6641219999999919
 20
-82.9349919999999941
 30
0
 11
148.6915799999999876
 21
-82.9454999999999956
 31
0
  0
LINE
  5
97D
330
22
100
AcDbEntity
  8
B.Cu
  6
CONTINUOUS
100
AcDbLine
 10
148.6915799999999876
 20
-82.9454999999999956
 30
0
 11
148.6915850000000034
 21
-82.9455019999999905
 31
0
  0
LINE
  5
97E
330
22
100
AcDbEntity
  8
B.Cu
  6
CONTINUOUS
100
AcDbLine
 10
148.6915850000000034
 20
-82.9455019999999905
 30
0
 11
148.6915889999999933
 21
-82.9455019999999905
 31
0
  0
LINE
  5
97F
330
22
100
AcDbEntity
  8
B.Cu
  6
CONTINUOUS
100
AcDbLine
 10
148.6915889999999933
 20
-82.9455019999999905
 30
0
 11
148.6915899999999908
 21
-82.9455019999999905
 31
0
  0
LINE
  5
980
330
22
100
AcDbEntity
  8
B.Cu
  6
CONTINUOUS
100
AcDbLine
 10
148.6915899999999908
 20
-82.9455019999999905
 30
0
 11
148.69695999999999
 21
-82.9458829999999949
 31
0
  0
LINE
  5
981
330
22
100
AcDbEntity
  8
B.Cu
  6
CONTINUOUS
100
AcDbLine
 10
148.69695999999999
 20
-82.9458829999999949
 30
0
 11
148.7019369999999867
 21
-82.94794499999999
 31
0
  0
LINE
  5
982
330
22
100
AcDbEntity
  8
B.Cu
  6
CONTINUOUS
100
AcDbLine
 10
148.7019369999999867
 20
-82.94794499999999
 30
0
 11
148.7019389999999817
 21
-82.9479460000000017
 31
0
  0
LINE
  5
983
330
22
100
AcDbEntity
  8
B.Cu
  6
CONTINUOUS
100
AcDbLine
 10
148.7019389999999817
 20
-82.9479460000000017
 30
0
 11
148.7312029999999936
 21
-82.9508280000000013
 31
0
  0
LINE
  5
984
330
22
100
AcDbEntity
  8
B.Cu
  6
CONTINUOUS
100
AcDbLine
 10
148.7312029999999936
 20
-82.9508280000000013
 30
0
 11
148.731205999999986
 21
-82.9508280000000013
 31
0
  0
LINE
  5
985
330
22
100
AcDbEntity
  8
B.Cu
  6
CONTINUOUS
100
AcDbLine
 10
148.731205999999986
 20
-82.9508280000000013
 30
0
 11
149.0169149999999831
 21
-82.9508280000000013
 31
0
  0
LINE
  5
986
330
22
100
AcDbEntity
  8
B.Cu
  6
CONTINUOUS
100
AcDbLine
 10
149.0169149999999831
 20
-82.9508280000000013
 30
0
 11
149.0169170000000065
 21
-82.9508280000000013
 31
0
  0
LINE
  5
987
330
22
100
AcDbEntity
  8
B.Cu
  6
CONTINUOUS
100
AcDbLine
 10
149.0169170000000065
 20
-82.9508280000000013
 30
0
 11
149.04618099999999
 21
-82.9479460000000017
 31
0
  0
LINE
  5
988
330
22
100
AcDbEntity
  8
B.Cu
  6
CONTINUOUS
100
AcDbLine
 10
149.04618099999999
 20
-82.9479460000000017
 30
0
 11
149.0511589999999842
 21
-82.9458829999999949
 31
0
  0
LINE
  5
989
330
22
100
AcDbEntity
  8
B.Cu
  6
CONTINUOUS
100
AcDbLine
 10
149.0511589999999842
 20
-82.9458829999999949
 30
0
 11
149.0565349999999967
 21
-82.9455019999999905
 31
0
  0
LINE
  5
98A
330
22
100
AcDbEntity
  8
B.Cu
  6
CONTINUOUS
100
AcDbLine
 10
149.0565349999999967
 20
-82.9455019999999905
 30
0
 11
149.0839990000000057
 21
-82.9349919999999941
 31
0
  0
LINE
  5
98B
330
22
100
AcDbEntity
  8
B.Cu
  6
CONTINUOUS
100
AcDbLine
 10
149.0839990000000057
 20
-82.9349919999999941
 30
0
 11
149.2268559999999979
 21
-82.8635639999999967
 31
0
  0
LINE
  5
98C
330
22
100
AcDbEntity
  8
B.Cu
  6
CONTINUOUS
100
AcDbLine
 10
149.2268559999999979
 20
-82.8635639999999967
 30
0
 11
149.2371269999999868
 21
-82.857096999999996
 31
0
  0
LINE
  5
98D
330
22
100
AcDbEntity
  8
B.Cu
  6
CONTINUOUS
100
AcDbLine
 10
149.2371269999999868
 20
-82.857096999999996
 30
0
 11
149.2371320000000026
 21
-82.8570939999999894
 31
0
  0
LINE
  5
98E
330
22
100
AcDbEntity
  8
B.Cu
  6
CONTINUOUS
100
AcDbLine
 10
149.2371320000000026
 20
-82.8570939999999894
 30
0
 11
149.2394489999999792
 21
-82.8556359999999898
 31
0
  0
LINE
  5
98F
330
22
100
AcDbEntity
  8
B.Cu
  6
CONTINUOUS
100
AcDbLine
 10
149.2394489999999792
 20
-82.8556359999999898
 30
0
 11
149.2430949999999825
 21
-82.8541259999999937
 31
0
  0
LINE
  5
990
330
22
100
AcDbEntity
  8
B.Cu
  6
CONTINUOUS
100
AcDbLine
 10
149.2430949999999825
 20
-82.8541259999999937
 30
0
 11
149.2430980000000034
 21
-82.8541249999999962
 31
0
  0
LINE
  5
991
330
22
100
AcDbEntity
  8
B.Cu
  6
CONTINUOUS
100
AcDbLine
 10
149.2430980000000034
 20
-82.8541249999999962
 30
0
 11
149.243109000000004
 21
-82.8541209999999921
 31
0
  0
LINE
  5
992
330
22
100
AcDbEntity
  8
B.Cu
  6
CONTINUOUS
100
AcDbLine
 10
149.243109000000004
 20
-82.8541209999999921
 30
0
 11
149.2450269999999932
 21
-82.8525449999999921
 31
0
  0
LINE
  5
993
330
22
100
AcDbEntity
  8
B.Cu
  6
CONTINUOUS
100
AcDbLine
 10
149.2450269999999932
 20
-82.8525449999999921
 30
0
 11
149.2472329999999943
 21
-82.8507350000000002
 31
0
  0
LINE
  5
994
330
22
100
AcDbEntity
  8
B.Cu
  6
CONTINUOUS
100
AcDbLine
 10
149.2472329999999943
 20
-82.8507350000000002
 30
0
 11
149.2517420000000072
 21
-82.8478989999999982
 31
0
  0
LINE
  5
995
330
22
100
AcDbEntity
  8
B.Cu
  6
CONTINUOUS
100
AcDbLine
 10
149.2517420000000072
 20
-82.8478989999999982
 30
0
 11
149.254335999999995
 21
-82.8449059999999946
 31
0
  0
LINE
  5
996
330
22
100
AcDbEntity
  8
B.Cu
  6
CONTINUOUS
100
AcDbLine
 10
149.254335999999995
 20
-82.8449059999999946
 30
0
 11
149.2598839999999996
 21
-82.8403539999999907
 31
0
  0
LINE
  5
997
330
22
100
AcDbEntity
  8
B.Cu
  6
CONTINUOUS
100
AcDbLine
 10
149.2598839999999996
 20
-82.8403539999999907
 30
0
 11
149.2658399999999972
 21
-82.8354659999999967
 31
0
  0
LINE
  5
998
330
22
100
AcDbEntity
  8
B.Cu
  6
CONTINUOUS
100
AcDbLine
 10
149.2658399999999972
 20
-82.8354659999999967
 30
0
 11
149.337268999999992
 21
-82.7640370000000019
 31
0
  0
LINE
  5
999
330
22
100
AcDbEntity
  8
B.Cu
  6
CONTINUOUS
100
AcDbLine
 10
149.337268999999992
 20
-82.7640370000000019
 30
0
 11
149.3467100000000016
 21
-82.7525320000000022
 31
0
  0
LINE
  5
99A
330
22
100
AcDbEntity
  8
B.Cu
  6
CONTINUOUS
100
AcDbLine
 10
149.3467100000000016
 20
-82.7525320000000022
 30
0
 11
149.3497019999999793
 21
-82.7499380000000002
 31
0
  0
LINE
  5
99B
330
22
100
AcDbEntity
  8
B.Cu
  6
CONTINUOUS
100
AcDbLine
 10
149.3497019999999793
 20
-82.7499380000000002
 30
0
 11
149.3525400000000047
 21
-82.7454279999999898
 31
0
  0
LINE
  5
99C
330
22
100
AcDbEntity
  8
B.Cu
  6
CONTINUOUS
100
AcDbLine
 10
149.3525400000000047
 20
-82.7454279999999898
 30
0
 11
149.3559239999999875
 21
-82.7413059999999945
 31
0
  0
LINE
  5
99D
330
22
100
AcDbEntity
  8
B.Cu
  6
CONTINUOUS
100
AcDbLine
 10
149.3559239999999875
 20
-82.7413059999999945
 30
0
 11
149.3559249999999849
 21
-82.741303000000002
 31
0
  0
LINE
  5
99E
330
22
100
AcDbEntity
  8
B.Cu
  6
CONTINUOUS
100
AcDbLine
 10
149.3559249999999849
 20
-82.741303000000002
 30
0
 11
149.3559249999999849
 21
-82.7413009999999929
 31
0
  0
LINE
  5
99F
330
22
100
AcDbEntity
  8
B.Cu
  6
CONTINUOUS
100
AcDbLine
 10
149.3559249999999849
 20
-82.7413009999999929
 30
0
 11
149.3559280000000058
 21
-82.7412949999999938
 31
0
  0
LINE
  5
9A0
330
22
100
AcDbEntity
  8
B.Cu
  6
CONTINUOUS
100
AcDbLine
 10
149.3559280000000058
 20
-82.7412949999999938
 30
0
 11
149.3574399999999969
 21
-82.7376440000000031
 31
0
  0
LINE
  5
9A1
330
22
100
AcDbEntity
  8
B.Cu
  6
CONTINUOUS
100
AcDbLine
 10
149.3574399999999969
 20
-82.7376440000000031
 30
0
 11
149.3630430000000047
 21
-82.7287419999999969
 31
0
  0
LINE
  5
9A2
330
22
100
AcDbEntity
  8
B.Cu
  6
CONTINUOUS
100
AcDbLine
 10
149.3630430000000047
 20
-82.7287419999999969
 30
0
 11
149.363047999999992
 21
-82.7287350000000004
 31
0
  0
LINE
  5
9A3
330
22
100
AcDbEntity
  8
B.Cu
  6
CONTINUOUS
100
AcDbLine
 10
149.363047999999992
 20
-82.7287350000000004
 30
0
 11
149.365366999999992
 21
-82.7250530000000026
 31
0
  0
LINE
  5
9A4
330
22
100
AcDbEntity
  8
B.Cu
  6
CONTINUOUS
100
AcDbLine
 10
149.365366999999992
 20
-82.7250530000000026
 30
0
 11
149.4367949999999894
 21
-82.5821949999999987
 31
0
  0
LINE
  5
9A5
330
22
100
AcDbEntity
  8
B.Cu
  6
CONTINUOUS
100
AcDbLine
 10
149.4367949999999894
 20
-82.5821949999999987
 30
0
 11
149.4374139999999898
 21
-82.580576999999991
 31
0
  0
LINE
  5
9A6
330
22
100
AcDbEntity
  8
B.Cu
  6
CONTINUOUS
100
AcDbLine
 10
149.4374139999999898
 20
-82.580576999999991
 30
0
 11
149.4473019999999792
 21
-82.5547409999999928
 31
0
  0
LINE
  5
9A7
330
22
100
AcDbEntity
  8
B.Cu
  6
CONTINUOUS
100
AcDbLine
 10
149.4473019999999792
 20
-82.5547409999999928
 30
0
 11
149.4473019999999792
 21
-82.5547380000000004
 31
0
  0
LINE
  5
9A8
330
22
100
AcDbEntity
  8
B.Cu
  6
CONTINUOUS
100
AcDbLine
 10
149.4473019999999792
 20
-82.5547380000000004
 30
0
 11
149.4473050000000001
 21
-82.5547320000000013
 31
0
  0
LINE
  5
9A9
330
22
100
AcDbEntity
  8
B.Cu
  6
CONTINUOUS
100
AcDbLine
 10
149.4473050000000001
 20
-82.5547320000000013
 30
0
 11
149.4473050000000001
 21
-82.5547249999999906
 31
0
  0
LINE
  5
9AA
330
22
100
AcDbEntity
  8
B.Cu
  6
CONTINUOUS
100
AcDbLine
 10
149.4473050000000001
 20
-82.5547249999999906
 30
0
 11
149.4473050000000001
 21
-82.5547210000000007
 31
0
  0
LINE
  5
9AB
330
22
100
AcDbEntity
  8
B.Cu
  6
CONTINUOUS
100
AcDbLine
 10
149.4473050000000001
 20
-82.5547210000000007
 30
0
 11
149.4476860000000045
 21
-82.5493560000000031
 31
0
  0
LINE
  5
9AC
330
22
100
AcDbEntity
  8
B.Cu
  6
CONTINUOUS
100
AcDbLine
 10
149.4476860000000045
 20
-82.5493560000000031
 30
0
 11
149.4497489999999971
 21
-82.5443779999999947
 31
0
  0
LINE
  5
9AD
330
22
100
AcDbEntity
  8
B.Cu
  6
CONTINUOUS
100
AcDbLine
 10
149.4497489999999971
 20
-82.5443779999999947
 30
0
 11
149.4526309999999967
 21
-82.515113999999997
 31
0
  0
LINE
  5
9AE
330
22
100
AcDbEntity
  8
B.Cu
  6
CONTINUOUS
100
AcDbLine
 10
149.4526309999999967
 20
-82.515113999999997
 30
0
 11
149.4526309999999967
 21
-82.0865419999999943
 31
0
  0
LINE
  5
9AF
330
22
100
AcDbEntity
  8
B.Cu
  6
CONTINUOUS
100
AcDbLine
 10
149.4526309999999967
 20
-82.0865419999999943
 30
0
 11
149.4497489999999971
 21
-82.0572779999999966
 31
0
  0
LINE
  5
9B0
330
22
100
AcDbEntity
  8
B.Cu
  6
CONTINUOUS
100
AcDbLine
 10
149.4497489999999971
 20
-82.0572779999999966
 30
0
 11
149.4476860000000045
 21
-82.0522989999999908
 31
0
  0
LINE
  5
9B1
330
22
100
AcDbEntity
  8
B.Cu
  6
CONTINUOUS
100
AcDbLine
 10
149.4476860000000045
 20
-82.0522989999999908
 30
0
 11
149.4473050000000001
 21
-82.04692399999999
 31
0
  0
LINE
  5
9B2
330
22
100
AcDbEntity
  8
B.Cu
  6
CONTINUOUS
100
AcDbLine
 10
149.4473050000000001
 20
-82.04692399999999
 30
0
 11
149.4367949999999894
 21
-82.0194609999999926
 31
0
  0
LINE
  5
9B3
330
22
100
AcDbEntity
  8
B.Cu
  6
CONTINUOUS
100
AcDbLine
 10
149.4367949999999894
 20
-82.0194609999999926
 30
0
 11
149.365366999999992
 21
-81.8766030000000029
 31
0
  0
LINE
  5
9B4
330
22
100
AcDbEntity
  8
B.Cu
  6
CONTINUOUS
100
AcDbLine
 10
149.365366999999992
 20
-81.8766030000000029
 30
0
 11
149.3574380000000019
 21
-81.8640079999999983
 31
0
  0
LINE
  5
9B5
330
22
100
AcDbEntity
  8
B.Cu
  6
CONTINUOUS
100
AcDbLine
 10
149.3574380000000019
 20
-81.8640079999999983
 30
0
 11
149.35592299999999
 21
-81.8603489999999994
 31
0
  0
LINE
  5
9B6
330
22
100
AcDbEntity
  8
B.Cu
  6
CONTINUOUS
100
AcDbLine
 10
149.35592299999999
 20
-81.8603489999999994
 30
0
 11
149.3525410000000022
 21
-81.8562280000000015
 31
0
  0
LINE
  5
9B7
330
22
100
AcDbEntity
  8
B.Cu
  6
CONTINUOUS
100
AcDbLine
 10
149.3525410000000022
 20
-81.8562280000000015
 30
0
 11
149.3497019999999793
 21
-81.8517179999999911
 31
0
  0
LINE
  5
9B8
330
22
100
AcDbEntity
  8
B.Cu
  6
CONTINUOUS
100
AcDbLine
 10
149.3497019999999793
 20
-81.8517179999999911
 30
0
 11
149.3467100000000016
 21
-81.8491229999999916
 31
0
  0
LINE
  5
9B9
330
22
100
AcDbEntity
  8
B.Cu
  6
CONTINUOUS
100
AcDbLine
 10
149.3467100000000016
 20
-81.8491229999999916
 30
0
 11
149.3372679999999946
 21
-81.837617999999992
 31
0
  0
LINE
  5
9BA
330
22
100
AcDbEntity
  8
B.Cu
  6
CONTINUOUS
100
AcDbLine
 10
149.3372679999999946
 20
-81.837617999999992
 30
0
 11
149.2658389999999997
 21
-81.7661899999999946
 31
0
  0
LINE
  5
9BB
330
22
100
AcDbEntity
  8
B.Cu
  6
CONTINUOUS
100
AcDbLine
 10
149.2658389999999997
 20
-81.7661899999999946
 30
0
 11
149.2543389999999874
 21
-81.7567519999999917
 31
0
  0
LINE
  5
9BC
330
22
100
AcDbEntity
  8
B.Cu
  6
CONTINUOUS
100
AcDbLine
 10
149.2543389999999874
 20
-81.7567519999999917
 30
0
 11
149.2517420000000072
 21
-81.7537579999999906
 31
0
  0
LINE
  5
9BD
330
22
100
AcDbEntity
  8
B.Cu
  6
CONTINUOUS
100
AcDbLine
 10
149.2517420000000072
 20
-81.7537579999999906
 30
0
 11
149.247224999999986
 21
-81.750914999999992
 31
0
  0
LINE
  5
9BE
330
22
100
AcDbEntity
  8
B.Cu
  6
CONTINUOUS
100
AcDbLine
 10
149.247224999999986
 20
-81.750914999999992
 30
0
 11
149.2431080000000065
 21
-81.7475359999999966
 31
0
  0
LINE
  5
9BF
330
22
100
AcDbEntity
  8
B.Cu
  6
CONTINUOUS
100
AcDbLine
 10
149.2431080000000065
 20
-81.7475359999999966
 30
0
 11
149.2394510000000025
 21
-81.7460209999999989
 31
0
  0
LINE
  5
9C0
330
22
100
AcDbEntity
  8
B.Cu
  6
CONTINUOUS
100
AcDbLine
 10
149.2394510000000025
 20
-81.7460209999999989
 30
0
 11
149.2268559999999979
 21
-81.7380929999999921
 31
0
  0
LINE
  5
9C1
330
22
100
AcDbEntity
  8
B.Cu
  6
CONTINUOUS
100
AcDbLine
 10
149.2268559999999979
 20
-81.7380929999999921
 30
0
 11
149.0839990000000057
 21
-81.6666639999999973
 31
0
  0
LINE
  5
9C2
330
22
100
AcDbEntity
  8
B.Cu
  6
CONTINUOUS
100
AcDbLine
 10
149.0839990000000057
 20
-81.6666639999999973
 30
0
 11
149.0565359999999941
 21
-81.6561549999999983
 31
0
  0
LINE
  5
9C3
330
22
100
AcDbEntity
  8
B.Cu
  6
CONTINUOUS
100
AcDbLine
 10
149.0565359999999941
 20
-81.6561549999999983
 30
0
 11
149.0511609999999791
 21
-81.6557729999999964
 31
0
  0
LINE
  5
9C4
330
22
100
AcDbEntity
  8
B.Cu
  6
CONTINUOUS
100
AcDbLine
 10
149.0511609999999791
 20
-81.6557729999999964
 30
0
 11
149.04618099999999
 21
-81.6537099999999896
 31
0
  0
LINE
  5
9C5
330
22
100
AcDbEntity
  8
B.Cu
  6
CONTINUOUS
100
AcDbLine
 10
149.04618099999999
 20
-81.6537099999999896
 30
0
 11
149.0229479999999853
 21
-81.6514219999999966
 31
0
  0
LINE
  5
9C6
330
22
100
AcDbEntity
  8
B.Cu
  6
CONTINUOUS
100
AcDbLine
 10
149.0229479999999853
 20
-81.6514219999999966
 30
0
 11
149.0169170000000065
 21
-81.65082799999999
 31
0
  0
LINE
  5
9C7
330
22
100
AcDbEntity
  8
B.Cu
  6
CONTINUOUS
100
AcDbLine
 10
149.0169170000000065
 20
-81.65082799999999
 30
0
 11
148.7312029999999936
 21
-81.65082799999999
 31
0
  0
LINE
  5
9C8
330
22
100
AcDbEntity
  8
B.Cu
  6
CONTINUOUS
100
AcDbLine
 10
148.7312029999999936
 20
-81.65082799999999
 30
0
 11
148.7019389999999817
 21
-81.6537099999999896
 31
0
  0
LINE
  5
9C9
330
22
100
AcDbEntity
  8
B.Cu
  6
CONTINUOUS
100
AcDbLine
 10
150.1305099999999868
 20
-81.6537099999999896
 30
0
 11
150.1255290000000002
 21
-81.6557729999999964
 31
0
  0
LINE
  5
9CA
330
22
100
AcDbEntity
  8
B.Cu
  6
CONTINUOUS
100
AcDbLine
 10
150.1255290000000002
 20
-81.6557729999999964
 30
0
 11
150.1201549999999827
 21
-81.6561549999999983
 31
0
  0
LINE
  5
9CB
330
22
100
AcDbEntity
  8
B.Cu
  6
CONTINUOUS
100
AcDbLine
 10
150.1201549999999827
 20
-81.6561549999999983
 30
0
 11
150.0926910000000021
 21
-81.6666639999999973
 31
0
  0
LINE
  5
9CC
330
22
100
AcDbEntity
  8
B.Cu
  6
CONTINUOUS
100
AcDbLine
 10
150.0926910000000021
 20
-81.6666639999999973
 30
0
 11
149.9498350000000073
 21
-81.7380929999999921
 31
0
  0
LINE
  5
9CD
330
22
100
AcDbEntity
  8
B.Cu
  6
CONTINUOUS
100
AcDbLine
 10
149.9498350000000073
 20
-81.7380929999999921
 30
0
 11
149.9449400000000026
 21
-81.7411729999999892
 31
0
  0
LINE
  5
9CE
330
22
100
AcDbEntity
  8
B.Cu
  6
CONTINUOUS
100
AcDbLine
 10
149.9449400000000026
 20
-81.7411729999999892
 30
0
 11
149.9426330000000007
 21
-81.741942999999992
 31
0
  0
LINE
  5
9CF
330
22
100
AcDbEntity
  8
B.Cu
  6
CONTINUOUS
100
AcDbLine
 10
149.9426330000000007
 20
-81.741942999999992
 30
0
 11
149.9397579999999834
 21
-81.7444349999999957
 31
0
  0
LINE
  5
9D0
330
22
100
AcDbEntity
  8
B.Cu
  6
CONTINUOUS
100
AcDbLine
 10
149.9397579999999834
 20
-81.7444349999999957
 30
0
 11
149.924948999999998
 21
-81.7537579999999906
 31
0
  0
LINE
  5
9D1
330
22
100
AcDbEntity
  8
B.Cu
  6
CONTINUOUS
100
AcDbLine
 10
149.924948999999998
 20
-81.7537579999999906
 30
0
 11
149.9126249999999914
 21
-81.7679669999999987
 31
0
  0
LINE
  5
9D2
330
22
100
AcDbEntity
  8
B.Cu
  6
CONTINUOUS
100
AcDbLine
 10
149.9126249999999914
 20
-81.7679669999999987
 30
0
 11
149.8984179999999924
 21
-81.7802889999999962
 31
0
  0
LINE
  5
9D3
330
22
100
AcDbEntity
  8
B.Cu
  6
CONTINUOUS
100
AcDbLine
 10
149.8984179999999924
 20
-81.7802889999999962
 30
0
 11
149.88909799999999
 21
-81.7950939999999918
 31
0
  0
LINE
  5
9D4
330
22
100
AcDbEntity
  8
B.Cu
  6
CONTINUOUS
100
AcDbLine
 10
149.88909799999999
 20
-81.7950939999999918
 30
0
 11
149.8866019999999821
 21
-81.7979729999999989
 31
0
  0
LINE
  5
9D5
330
22
100
AcDbEntity
  8
B.Cu
  6
CONTINUOUS
100
AcDbLine
 10
149.8866019999999821
 20
-81.7979729999999989
 30
0
 11
149.885830999999996
 21
-81.8002839999999907
 31
0
  0
LINE
  5
9D6
330
22
100
AcDbEntity
  8
B.Cu
  6
CONTINUOUS
100
AcDbLine
 10
149.885830999999996
 20
-81.8002839999999907
 30
0
 11
149.8827529999999797
 21
-81.8051749999999913
 31
0
  0
LINE
  5
9D7
330
22
100
AcDbEntity
  8
B.Cu
  6
CONTINUOUS
100
AcDbLine
 10
149.8827529999999797
 20
-81.8051749999999913
 30
0
 11
149.8113249999999823
 21
-81.9480319999999978
 31
0
  0
LINE
  5
9D8
330
22
100
AcDbEntity
  8
B.Cu
  6
CONTINUOUS
100
AcDbLine
 10
149.8113249999999823
 20
-81.9480319999999978
 30
0
 11
149.8008150000000001
 21
-81.9754959999999926
 31
0
  0
LINE
  5
9D9
330
22
100
AcDbEntity
  8
B.Cu
  6
CONTINUOUS
100
AcDbLine
 10
149.8008150000000001
 20
-81.9754959999999926
 30
0
 11
149.8004329999999982
 21
-81.9808709999999934
 31
0
  0
LINE
  5
9DA
330
22
100
AcDbEntity
  8
B.Cu
  6
CONTINUOUS
100
AcDbLine
 10
149.8004329999999982
 20
-81.9808709999999934
 30
0
 11
149.7983710000000031
 21
-81.9858499999999992
 31
0
  0
LINE
  5
9DB
330
22
100
AcDbEntity
  8
B.Cu
  6
CONTINUOUS
100
AcDbLine
 10
149.7983710000000031
 20
-81.9858499999999992
 30
0
 11
149.7954890000000034
 21
-82.015113999999997
 31
0
  0
LINE
  5
9DC
330
22
100
AcDbEntity
  8
B.Cu
  6
CONTINUOUS
100
AcDbLine
 10
149.7954890000000034
 20
-82.015113999999997
 30
0
 11
149.7954890000000034
 21
-82.8008279999999957
 31
0
  0
LINE
  5
9DD
330
22
100
AcDbEntity
  8
B.Cu
  6
CONTINUOUS
100
AcDbLine
 10
149.7954890000000034
 20
-82.8008279999999957
 30
0
 11
149.7981649999999831
 21
-82.8280029999999954
 31
0
  0
LINE
  5
9DE
330
22
100
AcDbEntity
  8
B.Cu
  6
CONTINUOUS
100
AcDbLine
 10
149.7981649999999831
 20
-82.8280029999999954
 30
0
 11
149.7983710000000031
 21
-82.8300919999999934
 31
0
  0
LINE
  5
9DF
330
22
100
AcDbEntity
  8
B.Cu
  6
CONTINUOUS
100
AcDbLine
 10
149.7983710000000031
 20
-82.8300919999999934
 30
0
 11
149.8207689999999843
 21
-82.8841639999999984
 31
0
  0
LINE
  5
9E0
330
22
100
AcDbEntity
  8
B.Cu
  6
CONTINUOUS
100
AcDbLine
 10
149.8207689999999843
 20
-82.8841639999999984
 30
0
 11
149.8621530000000064
 21
-82.925547999999992
 31
0
  0
LINE
  5
9E1
330
22
100
AcDbEntity
  8
B.Cu
  6
CONTINUOUS
100
AcDbLine
 10
149.8621530000000064
 20
-82.925547999999992
 30
0
 11
149.9162199999999814
 21
-82.9479439999999926
 31
0
  0
LINE
  5
9E2
330
22
100
AcDbEntity
  8
B.Cu
  6
CONTINUOUS
100
AcDbLine
 10
149.9162199999999814
 20
-82.9479439999999926
 30
0
 11
149.9162249999999972
 21
-82.9479460000000017
 31
0
  0
LINE
  5
9E3
330
22
100
AcDbEntity
  8
B.Cu
  6
CONTINUOUS
100
AcDbLine
 10
149.9162249999999972
 20
-82.9479460000000017
 30
0
 11
149.9162259999999947
 21
-82.9479460000000017
 31
0
  0
LINE
  5
9E4
330
22
100
AcDbEntity
  8
B.Cu
  6
CONTINUOUS
100
AcDbLine
 10
149.9162259999999947
 20
-82.9479460000000017
 30
0
 11
149.9747529999999927
 21
-82.9479460000000017
 31
0
  0
LINE
  5
9E5
330
22
100
AcDbEntity
  8
B.Cu
  6
CONTINUOUS
100
AcDbLine
 10
149.9747529999999927
 20
-82.9479460000000017
 30
0
 11
150.0143599999999822
 21
-82.9315390000000008
 31
0
  0
LINE
  5
9E6
330
22
100
AcDbEntity
  8
B.Cu
  6
CONTINUOUS
100
AcDbLine
 10
150.0143599999999822
 20
-82.9315390000000008
 30
0
 11
150.0212649999999996
 21
-82.9349919999999941
 31
0
  0
LINE
  5
9E7
330
22
100
AcDbEntity
  8
B.Cu
  6
CONTINUOUS
100
AcDbLine
 10
150.0212649999999996
 20
-82.9349919999999941
 30
0
 11
150.0487239999999929
 21
-82.9454999999999956
 31
0
  0
LINE
  5
9E8
330
22
100
AcDbEntity
  8
B.Cu
  6
CONTINUOUS
100
AcDbLine
 10
150.0487239999999929
 20
-82.9454999999999956
 30
0
 11
150.0487259999999878
 21
-82.945500999999993
 31
0
  0
LINE
  5
9E9
330
22
100
AcDbEntity
  8
B.Cu
  6
CONTINUOUS
100
AcDbLine
 10
150.0487259999999878
 20
-82.945500999999993
 30
0
 11
150.0487279999999828
 21
-82.9455019999999905
 31
0
  0
LINE
  5
9EA
330
22
100
AcDbEntity
  8
B.Cu
  6
CONTINUOUS
100
AcDbLine
 10
150.0487279999999828
 20
-82.9455019999999905
 30
0
 11
150.0487289999999803
 21
-82.9455019999999905
 31
0
  0
LINE
  5
9EB
330
22
100
AcDbEntity
  8
B.Cu
  6
CONTINUOUS
100
AcDbLine
 10
150.0487289999999803
 20
-82.9455019999999905
 30
0
 11
150.0541029999999978
 21
-82.9458829999999949
 31
0
  0
LINE
  5
9EC
330
22
100
AcDbEntity
  8
B.Cu
  6
CONTINUOUS
100
AcDbLine
 10
150.0541029999999978
 20
-82.9458829999999949
 30
0
 11
150.0590799999999945
 21
-82.94794499999999
 31
0
  0
LINE
  5
9ED
330
22
100
AcDbEntity
  8
B.Cu
  6
CONTINUOUS
100
AcDbLine
 10
150.0590799999999945
 20
-82.94794499999999
 30
0
 11
150.0590819999999894
 21
-82.9479460000000017
 31
0
  0
LINE
  5
9EE
330
22
100
AcDbEntity
  8
B.Cu
  6
CONTINUOUS
100
AcDbLine
 10
150.0590819999999894
 20
-82.9479460000000017
 30
0
 11
150.0883460000000014
 21
-82.9508280000000013
 31
0
  0
LINE
  5
9EF
330
22
100
AcDbEntity
  8
B.Cu
  6
CONTINUOUS
100
AcDbLine
 10
150.0883460000000014
 20
-82.9508280000000013
 30
0
 11
150.0883489999999938
 21
-82.9508280000000013
 31
0
  0
LINE
  5
9F0
330
22
100
AcDbEntity
  8
B.Cu
  6
CONTINUOUS
100
AcDbLine
 10
150.0883489999999938
 20
-82.9508280000000013
 30
0
 11
150.4454869999999858
 21
-82.9508280000000013
 31
0
  0
LINE
  5
9F1
330
22
100
AcDbEntity
  8
B.Cu
  6
CONTINUOUS
100
AcDbLine
 10
150.4454869999999858
 20
-82.9508280000000013
 30
0
 11
150.4454889999999807
 21
-82.9508280000000013
 31
0
  0
LINE
  5
9F2
330
22
100
AcDbEntity
  8
B.Cu
  6
CONTINUOUS
100
AcDbLine
 10
150.4454889999999807
 20
-82.9508280000000013
 30
0
 11
150.4747529999999927
 21
-82.9479460000000017
 31
0
  0
LINE
  5
9F3
330
22
100
AcDbEntity
  8
B.Cu
  6
CONTINUOUS
100
AcDbLine
 10
150.4747529999999927
 20
-82.9479460000000017
 30
0
 11
150.4797309999999868
 21
-82.9458829999999949
 31
0
  0
LINE
  5
9F4
330
22
100
AcDbEntity
  8
B.Cu
  6
CONTINUOUS
100
AcDbLine
 10
150.4797309999999868
 20
-82.9458829999999949
 30
0
 11
150.4851069999999993
 21
-82.9455019999999905
 31
0
  0
LINE
  5
9F5
330
22
100
AcDbEntity
  8
B.Cu
  6
CONTINUOUS
100
AcDbLine
 10
150.4851069999999993
 20
-82.9455019999999905
 30
0
 11
150.5125709999999799
 21
-82.9349919999999941
 31
0
  0
LINE
  5
9F6
330
22
100
AcDbEntity
  8
B.Cu
  6
CONTINUOUS
100
AcDbLine
 10
150.5125709999999799
 20
-82.9349919999999941
 30
0
 11
150.6554280000000006
 21
-82.8635639999999967
 31
0
  0
LINE
  5
9F7
330
22
100
AcDbEntity
  8
B.Cu
  6
CONTINUOUS
100
AcDbLine
 10
150.6554280000000006
 20
-82.8635639999999967
 30
0
 11
150.6560779999999795
 21
-82.8631539999999944
 31
0
  0
LINE
  5
9F8
330
22
100
AcDbEntity
  8
B.Cu
  6
CONTINUOUS
100
AcDbLine
 10
150.6560779999999795
 20
-82.8631539999999944
 30
0
 11
150.6560819999999978
 21
-82.863151000000002
 31
0
  0
LINE
  5
9F9
330
22
100
AcDbEntity
  8
B.Cu
  6
CONTINUOUS
100
AcDbLine
 10
150.6560819999999978
 20
-82.863151000000002
 30
0
 11
150.6603199999999845
 21
-82.8604839999999996
 31
0
  0
LINE
  5
9FA
330
22
100
AcDbEntity
  8
B.Cu
  6
CONTINUOUS
100
AcDbLine
 10
150.6603199999999845
 20
-82.8604839999999996
 30
0
 11
150.6626249999999914
 21
-82.8597149999999942
 31
0
  0
LINE
  5
9FB
330
22
100
AcDbEntity
  8
B.Cu
  6
CONTINUOUS
100
AcDbLine
 10
150.6626249999999914
 20
-82.8597149999999942
 30
0
 11
150.6626269999999863
 21
-82.8597149999999942
 31
0
  0
LINE
  5
9FC
330
22
100
AcDbEntity
  8
B.Cu
  6
CONTINUOUS
100
AcDbLine
 10
150.6626269999999863
 20
-82.8597149999999942
 30
0
 11
150.6626310000000046
 21
-82.8597139999999968
 31
0
  0
LINE
  5
9FD
330
22
100
AcDbEntity
  8
B.Cu
  6
CONTINUOUS
100
AcDbLine
 10
150.6626310000000046
 20
-82.8597139999999968
 30
0
 11
150.6626329999999996
 21
-82.8597109999999901
 31
0
  0
LINE
  5
9FE
330
22
100
AcDbEntity
  8
B.Cu
  6
CONTINUOUS
100
AcDbLine
 10
150.6626329999999996
 20
-82.8597109999999901
 30
0
 11
150.6626369999999895
 21
-82.8597079999999977
 31
0
  0
LINE
  5
9FF
330
22
100
AcDbEntity
  8
B.Cu
  6
CONTINUOUS
100
AcDbLine
 10
150.6626369999999895
 20
-82.8597079999999977
 30
0
 11
150.665506999999991
 21
-82.8572190000000006
 31
0
  0
LINE
  5
A00
330
22
100
AcDbEntity
  8
B.Cu
  6
CONTINUOUS
100
AcDbLine
 10
150.665506999999991
 20
-82.8572190000000006
 30
0
 11
150.6735329999999919
 21
-82.8521669999999943
 31
0
  0
LINE
  5
A01
330
22
100
AcDbEntity
  8
B.Cu
  6
CONTINUOUS
100
AcDbLine
 10
150.6735329999999919
 20
-82.8521669999999943
 30
0
 11
150.6735369999999818
 21
-82.8521640000000019
 31
0
  0
LINE
  5
A02
330
22
100
AcDbEntity
  8
B.Cu
  6
CONTINUOUS
100
AcDbLine
 10
150.6735369999999818
 20
-82.8521640000000019
 30
0
 11
150.6803139999999814
 21
-82.8478989999999982
 31
0
  0
LINE
  5
A03
330
22
100
AcDbEntity
  8
B.Cu
  6
CONTINUOUS
100
AcDbLine
 10
150.6803139999999814
 20
-82.8478989999999982
 30
0
 11
150.6868560000000059
 21
-82.8403539999999907
 31
0
  0
LINE
  5
A04
330
22
100
AcDbEntity
  8
B.Cu
  6
CONTINUOUS
100
AcDbLine
 10
150.6868560000000059
 20
-82.8403539999999907
 30
0
 11
150.6868629999999882
 21
-82.8403459999999967
 31
0
  0
LINE
  5
A05
330
22
100
AcDbEntity
  8
B.Cu
  6
CONTINUOUS
100
AcDbLine
 10
150.6868629999999882
 20
-82.8403459999999967
 30
0
 11
150.6926349999999957
 21
-82.8336910000000017
 31
0
  0
LINE
  5
A06
330
22
100
AcDbEntity
  8
B.Cu
  6
CONTINUOUS
100
AcDbLine
 10
150.6926349999999957
 20
-82.8336910000000017
 30
0
 11
150.6992840000000058
 21
-82.8279239999999959
 31
0
  0
LINE
  5
A07
330
22
100
AcDbEntity
  8
B.Cu
  6
CONTINUOUS
100
AcDbLine
 10
150.6992840000000058
 20
-82.8279239999999959
 30
0
 11
150.6992919999999856
 21
-82.8279169999999993
 31
0
  0
LINE
  5
A08
330
22
100
AcDbEntity
  8
B.Cu
  6
CONTINUOUS
100
AcDbLine
 10
150.6992919999999856
 20
-82.8279169999999993
 30
0
 11
150.7068459999999845
 21
-82.8213669999999951
 31
0
  0
LINE
  5
A09
330
22
100
AcDbEntity
  8
B.Cu
  6
CONTINUOUS
100
AcDbLine
 10
150.7068459999999845
 20
-82.8213669999999951
 30
0
 11
150.716165999999987
 21
-82.8065589999999929
 31
0
  0
LINE
  5
A0A
330
22
100
AcDbEntity
  8
B.Cu
  6
CONTINUOUS
100
AcDbLine
 10
150.716165999999987
 20
-82.8065589999999929
 30
0
 11
150.7186599999999999
 21
-82.8036839999999899
 31
0
  0
LINE
  5
A0B
330
22
100
AcDbEntity
  8
B.Cu
  6
CONTINUOUS
100
AcDbLine
 10
150.7186599999999999
 20
-82.8036839999999899
 30
0
 11
150.719428999999991
 21
-82.8013739999999956
 31
0
  0
LINE
  5
A0C
330
22
100
AcDbEntity
  8
B.Cu
  6
CONTINUOUS
100
AcDbLine
 10
150.719428999999991
 20
-82.8013739999999956
 30
0
 11
150.7225099999999998
 21
-82.796481
 31
0
  0
LINE
  5
A0D
330
22
100
AcDbEntity
  8
B.Cu
  6
CONTINUOUS
100
AcDbLine
 10
150.7225099999999998
 20
-82.796481
 30
0
 11
150.7235189999999818
 21
-82.7944629999999933
 31
0
  0
LINE
  5
A0E
330
22
100
AcDbEntity
  8
B.Cu
  6
CONTINUOUS
100
AcDbLine
 10
150.7235189999999818
 20
-82.7944629999999933
 30
0
 11
150.7939389999999946
 21
-82.6536229999999961
 31
0
  0
LINE
  5
A0F
330
22
100
AcDbEntity
  8
B.Cu
  6
CONTINUOUS
100
AcDbLine
 10
150.7939389999999946
 20
-82.6536229999999961
 30
0
 11
150.8044479999999794
 21
-82.6261599999999987
 31
0
  0
LINE
  5
A10
330
22
100
AcDbEntity
  8
B.Cu
  6
CONTINUOUS
100
AcDbLine
 10
150.8044479999999794
 20
-82.6261599999999987
 30
0
 11
150.804647999999986
 21
-82.6233339999999998
 31
0
  0
LINE
  5
A11
330
22
100
AcDbEntity
  8
B.Cu
  6
CONTINUOUS
100
AcDbLine
 10
150.804647999999986
 20
-82.6233339999999998
 30
0
 11
150.8047349999999938
 21
-82.6221039999999931
 31
0
  0
LINE
  5
A12
330
22
100
AcDbEntity
  8
B.Cu
  6
CONTINUOUS
100
AcDbLine
 10
150.8047349999999938
 20
-82.6221039999999931
 30
0
 11
150.8047349999999938
 21
-82.6221019999999982
 31
0
  0
LINE
  5
A13
330
22
100
AcDbEntity
  8
B.Cu
  6
CONTINUOUS
100
AcDbLine
 10
150.8047349999999938
 20
-82.6221019999999982
 30
0
 11
150.8048289999999838
 21
-82.6207840000000004
 31
0
  0
LINE
  5
A14
330
22
100
AcDbEntity
  8
B.Cu
  6
CONTINUOUS
100
AcDbLine
 10
150.8048289999999838
 20
-82.6207840000000004
 30
0
 11
150.8065139999999928
 21
-82.6167179999999917
 31
0
  0
LINE
  5
A15
330
22
100
AcDbEntity
  8
B.Cu
  6
CONTINUOUS
100
AcDbLine
 10
150.8065139999999928
 20
-82.6167179999999917
 30
0
 11
150.8065189999999802
 21
-82.6167030000000011
 31
0
  0
LINE
  5
A16
330
22
100
AcDbEntity
  8
B.Cu
  6
CONTINUOUS
100
AcDbLine
 10
150.8065189999999802
 20
-82.6167030000000011
 30
0
 11
150.8068920000000048
 21
-82.6158059999999921
 31
0
  0
LINE
  5
A17
330
22
100
AcDbEntity
  8
B.Cu
  6
CONTINUOUS
100
AcDbLine
 10
150.8068920000000048
 20
-82.6158059999999921
 30
0
 11
150.8097740000000044
 21
-82.5865419999999943
 31
0
  0
LINE
  5
A18
330
22
100
AcDbEntity
  8
B.Cu
  6
CONTINUOUS
100
AcDbLine
 10
150.8097740000000044
 20
-82.5865419999999943
 30
0
 11
150.8097740000000044
 21
-82.4436850000000021
 31
0
  0
LINE
  5
A19
330
22
100
AcDbEntity
  8
B.Cu
  6
CONTINUOUS
100
AcDbLine
 10
150.8097740000000044
 20
-82.4436850000000021
 30
0
 11
150.8068920000000048
 21
-82.4144209999999902
 31
0
  0
LINE
  5
A1A
330
22
100
AcDbEntity
  8
B.Cu
  6
CONTINUOUS
100
AcDbLine
 10
150.8068920000000048
 20
-82.4144209999999902
 30
0
 11
150.8048289999999838
 21
-82.4094419999999985
 31
0
  0
LINE
  5
A1B
330
22
100
AcDbEntity
  8
B.Cu
  6
CONTINUOUS
100
AcDbLine
 10
150.8048289999999838
 20
-82.4094419999999985
 30
0
 11
150.8044479999999794
 21
-82.4040669999999977
 31
0
  0
LINE
  5
A1C
330
22
100
AcDbEntity
  8
B.Cu
  6
CONTINUOUS
100
AcDbLine
 10
150.8044479999999794
 20
-82.4040669999999977
 30
0
 11
150.7939379999999971
 21
-82.3766040000000004
 31
0
  0
LINE
  5
A1D
330
22
100
AcDbEntity
  8
B.Cu
  6
CONTINUOUS
100
AcDbLine
 10
150.7939379999999971
 20
-82.3766040000000004
 30
0
 11
150.7225099999999998
 21
-82.2337459999999965
 31
0
  0
LINE
  5
A1E
330
22
100
AcDbEntity
  8
B.Cu
  6
CONTINUOUS
100
AcDbLine
 10
150.7225099999999998
 20
-82.2337459999999965
 30
0
 11
150.7221030000000042
 21
-82.2330999999999932
 31
0
  0
LINE
  5
A1F
330
22
100
AcDbEntity
  8
B.Cu
  6
CONTINUOUS
100
AcDbLine
 10
150.7221030000000042
 20
-82.2330999999999932
 30
0
 11
150.7221020000000067
 21
-82.2330979999999983
 31
0
  0
LINE
  5
A20
330
22
100
AcDbEntity
  8
B.Cu
  6
CONTINUOUS
100
AcDbLine
 10
150.7221020000000067
 20
-82.2330979999999983
 30
0
 11
150.719428999999991
 21
-82.2288519999999892
 31
0
  0
LINE
  5
A21
330
22
100
AcDbEntity
  8
B.Cu
  6
CONTINUOUS
100
AcDbLine
 10
150.719428999999991
 20
-82.2288519999999892
 30
0
 11
150.7186599999999999
 21
-82.2265439999999899
 31
0
  0
LINE
  5
A22
330
22
100
AcDbEntity
  8
B.Cu
  6
CONTINUOUS
100
AcDbLine
 10
150.7186599999999999
 20
-82.2265439999999899
 30
0
 11
150.7186559999999815
 21
-82.22654
 31
0
  0
LINE
  5
A23
330
22
100
AcDbEntity
  8
B.Cu
  6
CONTINUOUS
100
AcDbLine
 10
150.7186559999999815
 20
-82.22654
 30
0
 11
150.7186539999999866
 21
-82.2265379999999908
 31
0
  0
LINE
  5
A24
330
22
100
AcDbEntity
  8
B.Cu
  6
CONTINUOUS
100
AcDbLine
 10
150.7186539999999866
 20
-82.2265379999999908
 30
0
 11
150.716165999999987
 21
-82.2236679999999893
 31
0
  0
LINE
  5
A25
330
22
100
AcDbEntity
  8
B.Cu
  6
CONTINUOUS
100
AcDbLine
 10
150.716165999999987
 20
-82.2236679999999893
 30
0
 11
150.7068449999999871
 21
-82.2088609999999989
 31
0
  0
LINE
  5
A26
330
22
100
AcDbEntity
  8
B.Cu
  6
CONTINUOUS
100
AcDbLine
 10
150.7068449999999871
 20
-82.2088609999999989
 30
0
 11
150.6926379999999881
 21
-82.1965399999999988
 31
0
  0
LINE
  5
A27
330
22
100
AcDbEntity
  8
B.Cu
  6
CONTINUOUS
100
AcDbLine
 10
150.6926379999999881
 20
-82.1965399999999988
 30
0
 11
150.6845679999999845
 21
-82.1872350000000012
 31
0
  0
LINE
  5
A28
330
22
100
AcDbEntity
  8
B.Cu
  6
CONTINUOUS
100
AcDbLine
 10
150.6845679999999845
 20
-82.1872350000000012
 30
0
 11
150.6803139999999814
 21
-82.1823289999999957
 31
0
  0
LINE
  5
A29
330
22
100
AcDbEntity
  8
B.Cu
  6
CONTINUOUS
100
AcDbLine
 10
150.6803139999999814
 20
-82.1823289999999957
 30
0
 11
150.6770699999999863
 21
-82.1802869999999928
 31
0
  0
LINE
  5
A2A
330
22
100
AcDbEntity
  8
B.Cu
  6
CONTINUOUS
100
AcDbLine
 10
150.6770699999999863
 20
-82.1802869999999928
 30
0
 11
150.6655030000000011
 21
-82.1730060000000009
 31
0
  0
LINE
  5
A2B
330
22
100
AcDbEntity
  8
B.Cu
  6
CONTINUOUS
100
AcDbLine
 10
150.6655030000000011
 20
-82.1730060000000009
 30
0
 11
150.6626300000000072
 21
-82.1705139999999972
 31
0
  0
LINE
  5
A2C
330
22
100
AcDbEntity
  8
B.Cu
  6
CONTINUOUS
100
AcDbLine
 10
150.6626300000000072
 20
-82.1705139999999972
 30
0
 11
150.6603219999999794
 21
-82.1697439999999943
 31
0
  0
LINE
  5
A2D
330
22
100
AcDbEntity
  8
B.Cu
  6
CONTINUOUS
100
AcDbLine
 10
150.6603219999999794
 20
-82.1697439999999943
 30
0
 11
150.6554280000000006
 21
-82.1666639999999973
 31
0
  0
LINE
  5
A2E
330
22
100
AcDbEntity
  8
B.Cu
  6
CONTINUOUS
100
AcDbLine
 10
150.6554280000000006
 20
-82.1666639999999973
 30
0
 11
150.5125709999999799
 21
-82.0952359999999999
 31
0
  0
LINE
  5
A2F
330
22
100
AcDbEntity
  8
B.Cu
  6
CONTINUOUS
100
AcDbLine
 10
150.5125709999999799
 20
-82.0952359999999999
 30
0
 11
150.4851069999999993
 21
-82.0847259999999892
 31
0
  0
LINE
  5
A30
330
22
100
AcDbEntity
  8
B.Cu
  6
CONTINUOUS
100
AcDbLine
 10
150.4851069999999993
 20
-82.0847259999999892
 30
0
 11
150.4797309999999868
 21
-82.0843440000000015
 31
0
  0
LINE
  5
A31
330
22
100
AcDbEntity
  8
B.Cu
  6
CONTINUOUS
100
AcDbLine
 10
150.4797309999999868
 20
-82.0843440000000015
 30
0
 11
150.4747529999999927
 21
-82.0822819999999922
 31
0
  0
LINE
  5
A32
330
22
100
AcDbEntity
  8
B.Cu
  6
CONTINUOUS
100
AcDbLine
 10
150.4747529999999927
 20
-82.0822819999999922
 30
0
 11
150.4454889999999807
 21
-82.0793999999999926
 31
0
  0
LINE
  5
A33
330
22
100
AcDbEntity
  8
B.Cu
  6
CONTINUOUS
100
AcDbLine
 10
150.4454889999999807
 20
-82.0793999999999926
 30
0
 11
150.123755999999986
 21
-82.0793999999999926
 31
0
  0
LINE
  5
A34
330
22
100
AcDbEntity
  8
B.Cu
  6
CONTINUOUS
100
AcDbLine
 10
150.123755999999986
 20
-82.0793999999999926
 30
0
 11
150.0954889999999864
 21
-82.0652659999999941
 31
0
  0
LINE
  5
A35
330
22
100
AcDbEntity
  8
B.Cu
  6
CONTINUOUS
100
AcDbLine
 10
150.0954889999999864
 20
-82.0652659999999941
 30
0
 11
150.0954889999999864
 21
-82.0505229999999983
 31
0
  0
LINE
  5
A36
330
22
100
AcDbEntity
  8
B.Cu
  6
CONTINUOUS
100
AcDbLine
 10
150.0954889999999864
 20
-82.0505229999999983
 30
0
 11
150.1287199999999871
 21
-81.9840599999999995
 31
0
  0
LINE
  5
A37
330
22
100
AcDbEntity
  8
B.Cu
  6
CONTINUOUS
100
AcDbLine
 10
150.1287199999999871
 20
-81.9840599999999995
 30
0
 11
150.1951839999999834
 21
-81.9508280000000013
 31
0
  0
LINE
  5
A38
330
22
100
AcDbEntity
  8
B.Cu
  6
CONTINUOUS
100
AcDbLine
 10
150.1951839999999834
 20
-81.9508280000000013
 30
0
 11
150.4100789999999961
 21
-81.9508280000000013
 31
0
  0
LINE
  5
A39
330
22
100
AcDbEntity
  8
B.Cu
  6
CONTINUOUS
100
AcDbLine
 10
150.4100789999999961
 20
-81.9508280000000013
 30
0
 11
150.5212630000000047
 21
-82.0064210000000031
 31
0
  0
LINE
  5
A3A
330
22
100
AcDbEntity
  8
B.Cu
  6
CONTINUOUS
100
AcDbLine
 10
150.5212630000000047
 20
-82.0064210000000031
 30
0
 11
150.5487269999999853
 21
-82.0169300000000021
 31
0
  0
LINE
  5
A3B
330
22
100
AcDbEntity
  8
B.Cu
  6
CONTINUOUS
100
AcDbLine
 10
150.5487269999999853
 20
-82.0169300000000021
 30
0
 11
150.607106999999985
 21
-82.0210790000000003
 31
0
  0
LINE
  5
A3C
330
22
100
AcDbEntity
  8
B.Cu
  6
CONTINUOUS
100
AcDbLine
 10
150.607106999999985
 20
-82.0210790000000003
 30
0
 11
150.6626289999999813
 21
-82.0025720000000007
 31
0
  0
LINE
  5
A3D
330
22
100
AcDbEntity
  8
B.Cu
  6
CONTINUOUS
100
AcDbLine
 10
150.6626289999999813
 20
-82.0025720000000007
 30
0
 11
150.6754809999999907
 21
-81.9914249999999925
 31
0
  0
LINE
  5
A3E
330
22
100
AcDbEntity
  8
B.Cu
  6
CONTINUOUS
100
AcDbLine
 10
150.6754809999999907
 20
-81.9914249999999925
 30
0
 11
150.6755979999999795
 21
-81.9913229999999942
 31
0
  0
LINE
  5
A3F
330
22
100
AcDbEntity
  8
B.Cu
  6
CONTINUOUS
100
AcDbLine
 10
150.6755979999999795
 20
-81.9913229999999942
 30
0
 11
150.7068449999999871
 21
-81.964224999999999
 31
0
  0
LINE
  5
A40
330
22
100
AcDbEntity
  8
B.Cu
  6
CONTINUOUS
100
AcDbLine
 10
150.7068449999999871
 20
-81.964224999999999
 30
0
 11
150.7330189999999845
 21
-81.9118759999999924
 31
0
  0
LINE
  5
A41
330
22
100
AcDbEntity
  8
B.Cu
  6
CONTINUOUS
100
AcDbLine
 10
150.7330189999999845
 20
-81.9118759999999924
 30
0
 11
150.7371679999999969
 21
-81.8534959999999927
 31
0
  0
LINE
  5
A42
330
22
100
AcDbEntity
  8
B.Cu
  6
CONTINUOUS
100
AcDbLine
 10
150.7371679999999969
 20
-81.8534959999999927
 30
0
 11
150.7186599999999999
 21
-81.7979729999999989
 31
0
  0
LINE
  5
A43
330
22
100
AcDbEntity
  8
B.Cu
  6
CONTINUOUS
100
AcDbLine
 10
150.7186599999999999
 20
-81.7979729999999989
 30
0
 11
150.6957569999999862
 21
-81.7715649999999954
 31
0
  0
LINE
  5
A44
330
22
100
AcDbEntity
  8
B.Cu
  6
CONTINUOUS
100
AcDbLine
 10
150.6957569999999862
 20
-81.7715649999999954
 30
0
 11
150.6957539999999938
 21
-81.771562000000003
 31
0
  0
LINE
  5
A45
330
22
100
AcDbEntity
  8
B.Cu
  6
CONTINUOUS
100
AcDbLine
 10
150.6957539999999938
 20
-81.771562000000003
 30
0
 11
150.6803139999999814
 21
-81.7537579999999906
 31
0
  0
LINE
  5
A46
330
22
100
AcDbEntity
  8
B.Cu
  6
CONTINUOUS
100
AcDbLine
 10
150.6803139999999814
 20
-81.7537579999999906
 30
0
 11
150.6554280000000006
 21
-81.7380929999999921
 31
0
  0
LINE
  5
A47
330
22
100
AcDbEntity
  8
B.Cu
  6
CONTINUOUS
100
AcDbLine
 10
150.6554280000000006
 20
-81.7380929999999921
 30
0
 11
150.5125709999999799
 21
-81.6666639999999973
 31
0
  0
LINE
  5
A48
330
22
100
AcDbEntity
  8
B.Cu
  6
CONTINUOUS
100
AcDbLine
 10
150.5125709999999799
 20
-81.6666639999999973
 30
0
 11
150.4851079999999968
 21
-81.6561549999999983
 31
0
  0
LINE
  5
A49
330
22
100
AcDbEntity
  8
B.Cu
  6
CONTINUOUS
100
AcDbLine
 10
150.4851079999999968
 20
-81.6561549999999983
 30
0
 11
150.4797329999999818
 21
-81.6557729999999964
 31
0
  0
LINE
  5
A4A
330
22
100
AcDbEntity
  8
B.Cu
  6
CONTINUOUS
100
AcDbLine
 10
150.4797329999999818
 20
-81.6557729999999964
 30
0
 11
150.4747529999999927
 21
-81.6537099999999896
 31
0
  0
LINE
  5
A4B
330
22
100
AcDbEntity
  8
B.Cu
  6
CONTINUOUS
100
AcDbLine
 10
150.4747529999999927
 20
-81.6537099999999896
 30
0
 11
150.4515199999999879
 21
-81.6514219999999966
 31
0
  0
LINE
  5
A4C
330
22
100
AcDbEntity
  8
B.Cu
  6
CONTINUOUS
100
AcDbLine
 10
150.4515199999999879
 20
-81.6514219999999966
 30
0
 11
150.4454889999999807
 21
-81.65082799999999
 31
0
  0
LINE
  5
A4D
330
22
100
AcDbEntity
  8
B.Cu
  6
CONTINUOUS
100
AcDbLine
 10
150.4454889999999807
 20
-81.65082799999999
 30
0
 11
150.1597739999999988
 21
-81.65082799999999
 31
0
  0
LINE
  5
A4E
330
22
100
AcDbEntity
  8
B.Cu
  6
CONTINUOUS
100
AcDbLine
 10
150.1597739999999988
 20
-81.65082799999999
 30
0
 11
150.1305099999999868
 21
-81.6537099999999896
 31
0
  0
LINE
  5
A4F
330
22
100
AcDbEntity
  8
B.Cu
  6
CONTINUOUS
100
AcDbLine
 10
154.2019379999999842
 20
-81.6537099999999896
 30
0
 11
154.1969569999999976
 21
-81.6557729999999964
 31
0
  0
LINE
  5
A50
330
22
100
AcDbEntity
  8
B.Cu
  6
CONTINUOUS
100
AcDbLine
 10
154.1969569999999976
 20
-81.6557729999999964
 30
0
 11
154.1915829999999801
 21
-81.6561549999999983
 31
0
  0
LINE
  5
A51
330
22
100
AcDbEntity
  8
B.Cu
  6
CONTINUOUS
100
AcDbLine
 10
154.1915829999999801
 20
-81.6561549999999983
 30
0
 11
154.1641189999999995
 21
-81.6666639999999973
 31
0
  0
LINE
  5
A52
330
22
100
AcDbEntity
  8
B.Cu
  6
CONTINUOUS
100
AcDbLine
 10
154.1641189999999995
 20
-81.6666639999999973
 30
0
 11
154.0212630000000047
 21
-81.7380929999999921
 31
0
  0
LINE
  5
A53
330
22
100
AcDbEntity
  8
B.Cu
  6
CONTINUOUS
100
AcDbLine
 10
154.0212630000000047
 20
-81.7380929999999921
 30
0
 11
154.0163679999999999
 21
-81.7411729999999892
 31
0
  0
LINE
  5
A54
330
22
100
AcDbEntity
  8
B.Cu
  6
CONTINUOUS
100
AcDbLine
 10
154.0163679999999999
 20
-81.7411729999999892
 30
0
 11
154.0140609999999981
 21
-81.741942999999992
 31
0
  0
LINE
  5
A55
330
22
100
AcDbEntity
  8
B.Cu
  6
CONTINUOUS
100
AcDbLine
 10
154.0140609999999981
 20
-81.741942999999992
 30
0
 11
154.0111859999999808
 21
-81.7444349999999957
 31
0
  0
LINE
  5
A56
330
22
100
AcDbEntity
  8
B.Cu
  6
CONTINUOUS
100
AcDbLine
 10
154.0111859999999808
 20
-81.7444349999999957
 30
0
 11
153.9963769999999954
 21
-81.7537579999999906
 31
0
  0
LINE
  5
A57
330
22
100
AcDbEntity
  8
B.Cu
  6
CONTINUOUS
100
AcDbLine
 10
153.9963769999999954
 20
-81.7537579999999906
 30
0
 11
153.9840529999999887
 21
-81.7679669999999987
 31
0
  0
LINE
  5
A58
330
22
100
AcDbEntity
  8
B.Cu
  6
CONTINUOUS
100
AcDbLine
 10
153.9840529999999887
 20
-81.7679669999999987
 30
0
 11
153.9698459999999898
 21
-81.7802889999999962
 31
0
  0
LINE
  5
A59
330
22
100
AcDbEntity
  8
B.Cu
  6
CONTINUOUS
100
AcDbLine
 10
153.9698459999999898
 20
-81.7802889999999962
 30
0
 11
153.9605259999999873
 21
-81.7950939999999918
 31
0
  0
LINE
  5
A5A
330
22
100
AcDbEntity
  8
B.Cu
  6
CONTINUOUS
100
AcDbLine
 10
153.9605259999999873
 20
-81.7950939999999918
 30
0
 11
153.9580299999999795
 21
-81.7979729999999989
 31
0
  0
LINE
  5
A5B
330
22
100
AcDbEntity
  8
B.Cu
  6
CONTINUOUS
100
AcDbLine
 10
153.9580299999999795
 20
-81.7979729999999989
 30
0
 11
153.9572589999999934
 21
-81.8002839999999907
 31
0
  0
LINE
  5
A5C
330
22
100
AcDbEntity
  8
B.Cu
  6
CONTINUOUS
100
AcDbLine
 10
153.9572589999999934
 20
-81.8002839999999907
 30
0
 11
153.9541810000000055
 21
-81.8051749999999913
 31
0
  0
LINE
  5
A5D
330
22
100
AcDbEntity
  8
B.Cu
  6
CONTINUOUS
100
AcDbLine
 10
153.9541810000000055
 20
-81.8051749999999913
 30
0
 11
153.8827529999999797
 21
-81.9480319999999978
 31
0
  0
LINE
  5
A5E
330
22
100
AcDbEntity
  8
B.Cu
  6
CONTINUOUS
100
AcDbLine
 10
153.8827529999999797
 20
-81.9480319999999978
 30
0
 11
153.8722429999999974
 21
-81.9754959999999926
 31
0
  0
LINE
  5
A5F
330
22
100
AcDbEntity
  8
B.Cu
  6
CONTINUOUS
100
AcDbLine
 10
153.8722429999999974
 20
-81.9754959999999926
 30
0
 11
153.8718609999999956
 21
-81.9808709999999934
 31
0
  0
LINE
  5
A60
330
22
100
AcDbEntity
  8
B.Cu
  6
CONTINUOUS
100
AcDbLine
 10
153.8718609999999956
 20
-81.9808709999999934
 30
0
 11
153.8697990000000004
 21
-81.9858499999999992
 31
0
  0
LINE
  5
A61
330
22
100
AcDbEntity
  8
B.Cu
  6
CONTINUOUS
100
AcDbLine
 10
153.8697990000000004
 20
-81.9858499999999992
 30
0
 11
153.8669170000000008
 21
-82.015112000000002
 31
0
  0
LINE
  5
A62
330
22
100
AcDbEntity
  8
B.Cu
  6
CONTINUOUS
100
AcDbLine
 10
153.8669170000000008
 20
-82.015112000000002
 30
0
 11
153.8669170000000008
 21
-82.015113999999997
 31
0
  0
LINE
  5
A63
330
22
100
AcDbEntity
  8
B.Cu
  6
CONTINUOUS
100
AcDbLine
 10
153.8669170000000008
 20
-82.015113999999997
 30
0
 11
153.8669170000000008
 21
-82.1579709999999892
 31
0
  0
LINE
  5
A64
330
22
100
AcDbEntity
  8
B.Cu
  6
CONTINUOUS
100
AcDbLine
 10
153.8669170000000008
 20
-82.1579709999999892
 30
0
 11
153.8687649999999962
 21
-82.1767399999999952
 31
0
  0
LINE
  5
A65
330
22
100
AcDbEntity
  8
B.Cu
  6
CONTINUOUS
100
AcDbLine
 10
153.8687649999999962
 20
-82.1767399999999952
 30
0
 11
153.8697990000000004
 21
-82.1872350000000012
 31
0
  0
LINE
  5
A66
330
22
100
AcDbEntity
  8
B.Cu
  6
CONTINUOUS
100
AcDbLine
 10
153.8697990000000004
 20
-82.1872350000000012
 30
0
 11
153.8754229999999836
 21
-82.2008119999999991
 31
0
  0
LINE
  5
A67
330
22
100
AcDbEntity
  8
B.Cu
  6
CONTINUOUS
100
AcDbLine
 10
153.8754229999999836
 20
-82.2008119999999991
 30
0
 11
153.8782750000000021
 21
-82.2152289999999937
 31
0
  0
LINE
  5
A68
330
22
100
AcDbEntity
  8
B.Cu
  6
CONTINUOUS
100
AcDbLine
 10
153.8782750000000021
 20
-82.2152289999999937
 30
0
 11
153.8865129999999795
 21
-82.2275860000000023
 31
0
  0
LINE
  5
A69
330
22
100
AcDbEntity
  8
B.Cu
  6
CONTINUOUS
100
AcDbLine
 10
153.8865129999999795
 20
-82.2275860000000023
 30
0
 11
153.8921969999999817
 21
-82.2413069999999919
 31
0
  0
LINE
  5
A6A
330
22
100
AcDbEntity
  8
B.Cu
  6
CONTINUOUS
100
AcDbLine
 10
153.8921969999999817
 20
-82.2413069999999919
 30
0
 11
153.9025890000000061
 21
-82.2516990000000021
 31
0
  0
LINE
  5
A6B
330
22
100
AcDbEntity
  8
B.Cu
  6
CONTINUOUS
100
AcDbLine
 10
153.9025890000000061
 20
-82.2516990000000021
 30
0
 11
153.9107400000000041
 21
-82.2639250000000004
 31
0
  0
LINE
  5
A6C
330
22
100
AcDbEntity
  8
B.Cu
  6
CONTINUOUS
100
AcDbLine
 10
153.9107400000000041
 20
-82.2639250000000004
 30
0
 11
153.9230780000000038
 21
-82.2721879999999999
 31
0
  0
LINE
  5
A6D
330
22
100
AcDbEntity
  8
B.Cu
  6
CONTINUOUS
100
AcDbLine
 10
153.9230780000000038
 20
-82.2721879999999999
 30
0
 11
153.9316709999999944
 21
-82.2807809999999904
 31
0
  0
LINE
  5
A6E
330
22
100
AcDbEntity
  8
B.Cu
  6
CONTINUOUS
100
AcDbLine
 10
153.9316709999999944
 20
-82.2807809999999904
 30
0
 11
153.9335810000000038
 21
-82.2826909999999998
 31
0
  0
LINE
  5
A6F
330
22
100
AcDbEntity
  8
B.Cu
  6
CONTINUOUS
100
AcDbLine
 10
153.9335810000000038
 20
-82.2826909999999998
 30
0
 11
153.9358179999999834
 21
-82.2836169999999925
 31
0
  0
LINE
  5
A70
330
22
100
AcDbEntity
  8
B.Cu
  6
CONTINUOUS
100
AcDbLine
 10
153.9358179999999834
 20
-82.2836169999999925
 30
0
 11
153.9358220000000017
 21
-82.2836190000000016
 31
0
  0
LINE
  5
A71
330
22
100
AcDbEntity
  8
B.Cu
  6
CONTINUOUS
100
AcDbLine
 10
153.9358220000000017
 20
-82.2836190000000016
 30
0
 11
153.9471570000000042
 21
-82.2883139999999997
 31
0
  0
LINE
  5
A72
330
22
100
AcDbEntity
  8
B.Cu
  6
CONTINUOUS
100
AcDbLine
 10
153.9471570000000042
 20
-82.2883139999999997
 30
0
 11
153.959368999999981
 21
-82.2964929999999981
 31
0
  0
LINE
  5
A73
330
22
100
AcDbEntity
  8
B.Cu
  6
CONTINUOUS
100
AcDbLine
 10
153.959368999999981
 20
-82.2964929999999981
 30
0
 11
153.9874999999999829
 21
-82.3050580000000025
 31
0
  0
LINE
  5
A74
330
22
100
AcDbEntity
  8
B.Cu
  6
CONTINUOUS
100
AcDbLine
 10
153.9874999999999829
 20
-82.3050580000000025
 30
0
 11
153.9876509999999996
 21
-82.3050879999999978
 31
0
  0
LINE
  5
A75
330
22
100
AcDbEntity
  8
B.Cu
  6
CONTINUOUS
100
AcDbLine
 10
153.9876509999999996
 20
-82.3050879999999978
 30
0
 11
153.9876529999999946
 21
-82.3050889999999953
 31
0
  0
LINE
  5
A76
330
22
100
AcDbEntity
  8
B.Cu
  6
CONTINUOUS
100
AcDbLine
 10
153.9876529999999946
 20
-82.3050889999999953
 30
0
 11
153.9876549999999895
 21
-82.3050889999999953
 31
0
  0
LINE
  5
A77
330
22
100
AcDbEntity
  8
B.Cu
  6
CONTINUOUS
100
AcDbLine
 10
153.9876549999999895
 20
-82.3050889999999953
 30
0
 11
153.9887990000000002
 21
-82.3053170000000023
 31
0
  0
LINE
  5
A78
330
22
100
AcDbEntity
  8
B.Cu
  6
CONTINUOUS
100
AcDbLine
 10
153.9887990000000002
 20
-82.3053170000000023
 30
0
 11
153.98880699999998
 21
-82.3053189999999972
 31
0
  0
LINE
  5
A79
330
22
100
AcDbEntity
  8
B.Cu
  6
CONTINUOUS
100
AcDbLine
 10
153.98880699999998
 20
-82.3053189999999972
 30
0
 11
153.9996950000000027
 21
-82.3074969999999979
 31
0
  0
LINE
  5
A7A
330
22
100
AcDbEntity
  8
B.Cu
  6
CONTINUOUS
100
AcDbLine
 10
153.9996950000000027
 20
-82.3074969999999979
 30
0
 11
154.1585419999999829
 21
-82.339265999999995
 31
0
  0
LINE
  5
A7B
330
22
100
AcDbEntity
  8
B.Cu
  6
CONTINUOUS
100
AcDbLine
 10
154.1585419999999829
 20
-82.339265999999995
 30
0
 11
154.1941349999999886
 21
-82.3463840000000005
 31
0
  0
LINE
  5
A7C
330
22
100
AcDbEntity
  8
B.Cu
  6
CONTINUOUS
100
AcDbLine
 10
154.1941349999999886
 20
-82.3463840000000005
 30
0
 11
154.1941429999999968
 21
-82.3463859999999954
 31
0
  0
LINE
  5
A7D
330
22
100
AcDbEntity
  8
B.Cu
  6
CONTINUOUS
100
AcDbLine
 10
154.1941429999999968
 20
-82.3463859999999954
 30
0
 11
154.4798879999999883
 21
-82.4035349999999909
 31
0
  0
LINE
  5
A7E
330
22
100
AcDbEntity
  8
B.Cu
  6
CONTINUOUS
100
AcDbLine
 10
154.4798879999999883
 20
-82.4035349999999909
 30
0
 11
154.5812019999999904
 21
-82.4237979999999908
 31
0
  0
LINE
  5
A7F
330
22
100
AcDbEntity
  8
B.Cu
  6
CONTINUOUS
100
AcDbLine
 10
154.5812019999999904
 20
-82.4237979999999908
 30
0
 11
154.5812019999999904
 21
-82.5511319999999955
 31
0
  0
LINE
  5
A80
330
22
100
AcDbEntity
  8
B.Cu
  6
CONTINUOUS
100
AcDbLine
 10
154.5812019999999904
 20
-82.5511319999999955
 30
0
 11
154.5479699999999923
 21
-82.6175959999999918
 31
0
  0
LINE
  5
A81
330
22
100
AcDbEntity
  8
B.Cu
  6
CONTINUOUS
100
AcDbLine
 10
154.5479699999999923
 20
-82.6175959999999918
 30
0
 11
154.4815069999999935
 21
-82.65082799999999
 31
0
  0
LINE
  5
A82
330
22
100
AcDbEntity
  8
B.Cu
  6
CONTINUOUS
100
AcDbLine
 10
154.4815069999999935
 20
-82.65082799999999
 30
0
 11
154.4522340000000042
 21
-82.65082799999999
 31
0
  0
LINE
  5
A83
330
22
100
AcDbEntity
  8
B.Cu
  6
CONTINUOUS
100
AcDbLine
 10
154.4522340000000042
 20
-82.65082799999999
 30
0
 11
154.2958840000000009
 21
-82.65082799999999
 31
0
  0
LINE
  5
A84
330
22
100
AcDbEntity
  8
B.Cu
  6
CONTINUOUS
100
AcDbLine
 10
154.2958840000000009
 20
-82.65082799999999
 30
0
 11
154.2666119999999808
 21
-82.65082799999999
 31
0
  0
LINE
  5
A85
330
22
100
AcDbEntity
  8
B.Cu
  6
CONTINUOUS
100
AcDbLine
 10
154.2666119999999808
 20
-82.65082799999999
 30
0
 11
154.1554270000000031
 21
-82.5952359999999999
 31
0
  0
LINE
  5
A86
330
22
100
AcDbEntity
  8
B.Cu
  6
CONTINUOUS
100
AcDbLine
 10
154.1554270000000031
 20
-82.5952359999999999
 30
0
 11
154.1279629999999941
 21
-82.5847259999999892
 31
0
  0
LINE
  5
A87
330
22
100
AcDbEntity
  8
B.Cu
  6
CONTINUOUS
100
AcDbLine
 10
154.1279629999999941
 20
-82.5847259999999892
 30
0
 11
154.0695829999999944
 21
-82.5805780000000027
 31
0
  0
LINE
  5
A88
330
22
100
AcDbEntity
  8
B.Cu
  6
CONTINUOUS
100
AcDbLine
 10
154.0695829999999944
 20
-82.5805780000000027
 30
0
 11
154.0140609999999981
 21
-82.5990859999999998
 31
0
  0
LINE
  5
A89
330
22
100
AcDbEntity
  8
B.Cu
  6
CONTINUOUS
100
AcDbLine
 10
154.0140609999999981
 20
-82.5990859999999998
 30
0
 11
153.997288999999995
 21
-82.6136319999999955
 31
0
  0
LINE
  5
A8A
330
22
100
AcDbEntity
  8
B.Cu
  6
CONTINUOUS
100
AcDbLine
 10
153.997288999999995
 20
-82.6136319999999955
 30
0
 11
153.9806250000000034
 21
-82.6280849999999987
 31
0
  0
LINE
  5
A8B
330
22
100
AcDbEntity
  8
B.Cu
  6
CONTINUOUS
100
AcDbLine
 10
153.9806250000000034
 20
-82.6280849999999987
 30
0
 11
153.9755779999999845
 21
-82.6324619999999896
 31
0
  0
LINE
  5
A8C
330
22
100
AcDbEntity
  8
B.Cu
  6
CONTINUOUS
100
AcDbLine
 10
153.9755779999999845
 20
-82.6324619999999896
 30
0
 11
153.9698459999999898
 21
-82.6374330000000015
 31
0
  0
LINE
  5
A8D
330
22
100
AcDbEntity
  8
B.Cu
  6
CONTINUOUS
100
AcDbLine
 10
153.9698459999999898
 20
-82.6374330000000015
 30
0
 11
153.9436709999999948
 21
-82.6897819999999939
 31
0
  0
LINE
  5
A8E
330
22
100
AcDbEntity
  8
B.Cu
  6
CONTINUOUS
100
AcDbLine
 10
153.9436709999999948
 20
-82.6897819999999939
 30
0
 11
153.9395229999999799
 21
-82.7481619999999936
 31
0
  0
LINE
  5
A8F
330
22
100
AcDbEntity
  8
B.Cu
  6
CONTINUOUS
100
AcDbLine
 10
153.9395229999999799
 20
-82.7481619999999936
 30
0
 11
153.9580310000000054
 21
-82.8036839999999899
 31
0
  0
LINE
  5
A90
330
22
100
AcDbEntity
  8
B.Cu
  6
CONTINUOUS
100
AcDbLine
 10
153.9580310000000054
 20
-82.8036839999999899
 30
0
 11
153.9963779999999929
 21
-82.8478989999999982
 31
0
  0
LINE
  5
A91
330
22
100
AcDbEntity
  8
B.Cu
  6
CONTINUOUS
100
AcDbLine
 10
153.9963779999999929
 20
-82.8478989999999982
 30
0
 11
154.0111849999999833
 21
-82.8572199999999981
 31
0
  0
LINE
  5
A92
330
22
100
AcDbEntity
  8
B.Cu
  6
CONTINUOUS
100
AcDbLine
 10
154.0111849999999833
 20
-82.8572199999999981
 30
0
 11
154.0212630000000047
 21
-82.8635639999999967
 31
0
  0
LINE
  5
A93
330
22
100
AcDbEntity
  8
B.Cu
  6
CONTINUOUS
100
AcDbLine
 10
154.0212630000000047
 20
-82.8635639999999967
 30
0
 11
154.0212740000000053
 21
-82.8635689999999983
 31
0
  0
LINE
  5
A94
330
22
100
AcDbEntity
  8
B.Cu
  6
CONTINUOUS
100
AcDbLine
 10
154.0212740000000053
 20
-82.8635689999999983
 30
0
 11
154.1641209999999944
 21
-82.9349919999999941
 31
0
  0
LINE
  5
A95
330
22
100
AcDbEntity
  8
B.Cu
  6
CONTINUOUS
100
AcDbLine
 10
154.1641209999999944
 20
-82.9349919999999941
 30
0
 11
154.1915789999999902
 21
-82.9454999999999956
 31
0
  0
LINE
  5
A96
330
22
100
AcDbEntity
  8
B.Cu
  6
CONTINUOUS
100
AcDbLine
 10
154.1915789999999902
 20
-82.9454999999999956
 30
0
 11
154.191584000000006
 21
-82.9455019999999905
 31
0
  0
LINE
  5
A97
330
22
100
AcDbEntity
  8
B.Cu
  6
CONTINUOUS
100
AcDbLine
 10
154.191584000000006
 20
-82.9455019999999905
 30
0
 11
154.1915879999999959
 21
-82.9455019999999905
 31
0
  0
LINE
  5
A98
330
22
100
AcDbEntity
  8
B.Cu
  6
CONTINUOUS
100
AcDbLine
 10
154.1915879999999959
 20
-82.9455019999999905
 30
0
 11
154.1915889999999933
 21
-82.9455019999999905
 31
0
  0
LINE
  5
A99
330
22
100
AcDbEntity
  8
B.Cu
  6
CONTINUOUS
100
AcDbLine
 10
154.1915889999999933
 20
-82.9455019999999905
 30
0
 11
154.1969589999999926
 21
-82.9458829999999949
 31
0
  0
LINE
  5
A9A
330
22
100
AcDbEntity
  8
B.Cu
  6
CONTINUOUS
100
AcDbLine
 10
154.1969589999999926
 20
-82.9458829999999949
 30
0
 11
154.2019359999999892
 21
-82.94794499999999
 31
0
  0
LINE
  5
A9B
330
22
100
AcDbEntity
  8
B.Cu
  6
CONTINUOUS
100
AcDbLine
 10
154.2019359999999892
 20
-82.94794499999999
 30
0
 11
154.2019379999999842
 21
-82.9479460000000017
 31
0
  0
LINE
  5
A9C
330
22
100
AcDbEntity
  8
B.Cu
  6
CONTINUOUS
100
AcDbLine
 10
154.2019379999999842
 20
-82.9479460000000017
 30
0
 11
154.2312019999999961
 21
-82.9508280000000013
 31
0
  0
LINE
  5
A9D
330
22
100
AcDbEntity
  8
B.Cu
  6
CONTINUOUS
100
AcDbLine
 10
154.2312019999999961
 20
-82.9508280000000013
 30
0
 11
154.2312049999999886
 21
-82.9508280000000013
 31
0
  0
LINE
  5
A9E
330
22
100
AcDbEntity
  8
B.Cu
  6
CONTINUOUS
100
AcDbLine
 10
154.2312049999999886
 20
-82.9508280000000013
 30
0
 11
154.5169149999999831
 21
-82.9508280000000013
 31
0
  0
LINE
  5
A9F
330
22
100
AcDbEntity
  8
B.Cu
  6
CONTINUOUS
100
AcDbLine
 10
154.5169149999999831
 20
-82.9508280000000013
 30
0
 11
154.5169170000000065
 21
-82.9508280000000013
 31
0
  0
LINE
  5
AA0
330
22
100
AcDbEntity
  8
B.Cu
  6
CONTINUOUS
100
AcDbLine
 10
154.5169170000000065
 20
-82.9508280000000013
 30
0
 11
154.54618099999999
 21
-82.9479460000000017
 31
0
  0
LINE
  5
AA1
330
22
100
AcDbEntity
  8
B.Cu
  6
CONTINUOUS
100
AcDbLine
 10
154.54618099999999
 20
-82.9479460000000017
 30
0
 11
154.5511589999999842
 21
-82.9458829999999949
 31
0
  0
LINE
  5
AA2
330
22
100
AcDbEntity
  8
B.Cu
  6
CONTINUOUS
100
AcDbLine
 10
154.5511589999999842
 20
-82.9458829999999949
 30
0
 11
154.5565349999999967
 21
-82.9455019999999905
 31
0
  0
LINE
  5
AA3
330
22
100
AcDbEntity
  8
B.Cu
  6
CONTINUOUS
100
AcDbLine
 10
154.5565349999999967
 20
-82.9455019999999905
 30
0
 11
154.5839990000000057
 21
-82.9349919999999941
 31
0
  0
LINE
  5
AA4
330
22
100
AcDbEntity
  8
B.Cu
  6
CONTINUOUS
100
AcDbLine
 10
154.5839990000000057
 20
-82.9349919999999941
 30
0
 11
154.7268559999999979
 21
-82.8635639999999967
 31
0
  0
LINE
  5
AA5
330
22
100
AcDbEntity
  8
B.Cu
  6
CONTINUOUS
100
AcDbLine
 10
154.7268559999999979
 20
-82.8635639999999967
 30
0
 11
154.7275060000000053
 21
-82.8631539999999944
 31
0
  0
LINE
  5
AA6
330
22
100
AcDbEntity
  8
B.Cu
  6
CONTINUOUS
100
AcDbLine
 10
154.7275060000000053
 20
-82.8631539999999944
 30
0
 11
154.7275099999999952
 21
-82.863151000000002
 31
0
  0
LINE
  5
AA7
330
22
100
AcDbEntity
  8
B.Cu
  6
CONTINUOUS
100
AcDbLine
 10
154.7275099999999952
 20
-82.863151000000002
 30
0
 11
154.7317479999999819
 21
-82.8604839999999996
 31
0
  0
LINE
  5
AA8
330
22
100
AcDbEntity
  8
B.Cu
  6
CONTINUOUS
100
AcDbLine
 10
154.7317479999999819
 20
-82.8604839999999996
 30
0
 11
154.7340529999999887
 21
-82.8597149999999942
 31
0
  0
LINE
  5
AA9
330
22
100
AcDbEntity
  8
B.Cu
  6
CONTINUOUS
100
AcDbLine
 10
154.7340529999999887
 20
-82.8597149999999942
 30
0
 11
154.7340549999999837
 21
-82.8597149999999942
 31
0
  0
LINE
  5
AAA
330
22
100
AcDbEntity
  8
B.Cu
  6
CONTINUOUS
100
AcDbLine
 10
154.7340549999999837
 20
-82.8597149999999942
 30
0
 11
154.734059000000002
 21
-82.8597139999999968
 31
0
  0
LINE
  5
AAB
330
22
100
AcDbEntity
  8
B.Cu
  6
CONTINUOUS
100
AcDbLine
 10
154.734059000000002
 20
-82.8597139999999968
 30
0
 11
154.734060999999997
 21
-82.8597109999999901
 31
0
  0
LINE
  5
AAC
330
22
100
AcDbEntity
  8
B.Cu
  6
CONTINUOUS
100
AcDbLine
 10
154.734060999999997
 20
-82.8597109999999901
 30
0
 11
154.7340649999999869
 21
-82.8597079999999977
 31
0
  0
LINE
  5
AAD
330
22
100
AcDbEntity
  8
B.Cu
  6
CONTINUOUS
100
AcDbLine
 10
154.7340649999999869
 20
-82.8597079999999977
 30
0
 11
154.7369349999999883
 21
-82.8572190000000006
 31
0
  0
LINE
  5
AAE
330
22
100
AcDbEntity
  8
B.Cu
  6
CONTINUOUS
100
AcDbLine
 10
154.7369349999999883
 20
-82.8572190000000006
 30
0
 11
154.7449609999999893
 21
-82.8521669999999943
 31
0
  0
LINE
  5
AAF
330
22
100
AcDbEntity
  8
B.Cu
  6
CONTINUOUS
100
AcDbLine
 10
154.7449609999999893
 20
-82.8521669999999943
 30
0
 11
154.7449649999999792
 21
-82.8521640000000019
 31
0
  0
LINE
  5
AB0
330
22
100
AcDbEntity
  8
B.Cu
  6
CONTINUOUS
100
AcDbLine
 10
154.7449649999999792
 20
-82.8521640000000019
 30
0
 11
154.7517419999999788
 21
-82.8478989999999982
 31
0
  0
LINE
  5
AB1
330
22
100
AcDbEntity
  8
B.Cu
  6
CONTINUOUS
100
AcDbLine
 10
154.7517419999999788
 20
-82.8478989999999982
 30
0
 11
154.7582840000000033
 21
-82.8403539999999907
 31
0
  0
LINE
  5
AB2
330
22
100
AcDbEntity
  8
B.Cu
  6
CONTINUOUS
100
AcDbLine
 10
154.7582840000000033
 20
-82.8403539999999907
 30
0
 11
154.7582909999999856
 21
-82.8403459999999967
 31
0
  0
LINE
  5
AB3
330
22
100
AcDbEntity
  8
B.Cu
  6
CONTINUOUS
100
AcDbLine
 10
154.7582909999999856
 20
-82.8403459999999967
 30
0
 11
154.7640629999999931
 21
-82.8336910000000017
 31
0
  0
LINE
  5
AB4
330
22
100
AcDbEntity
  8
B.Cu
  6
CONTINUOUS
100
AcDbLine
 10
154.7640629999999931
 20
-82.8336910000000017
 30
0
 11
154.7707120000000032
 21
-82.8279239999999959
 31
0
  0
LINE
  5
AB5
330
22
100
AcDbEntity
  8
B.Cu
  6
CONTINUOUS
100
AcDbLine
 10
154.7707120000000032
 20
-82.8279239999999959
 30
0
 11
154.770719999999983
 21
-82.8279169999999993
 31
0
  0
LINE
  5
AB6
330
22
100
AcDbEntity
  8
B.Cu
  6
CONTINUOUS
100
AcDbLine
 10
154.770719999999983
 20
-82.8279169999999993
 30
0
 11
154.7782739999999819
 21
-82.8213669999999951
 31
0
  0
LINE
  5
AB7
330
22
100
AcDbEntity
  8
B.Cu
  6
CONTINUOUS
100
AcDbLine
 10
154.7782739999999819
 20
-82.8213669999999951
 30
0
 11
154.7825449999999989
 21
-82.8145799999999923
 31
0
  0
LINE
  5
AB8
330
22
100
AcDbEntity
  8
B.Cu
  6
CONTINUOUS
100
AcDbLine
 10
154.7825449999999989
 20
-82.8145799999999923
 30
0
 11
154.7825559999999996
 21
-82.8145619999999951
 31
0
  0
LINE
  5
AB9
330
22
100
AcDbEntity
  8
B.Cu
  6
CONTINUOUS
100
AcDbLine
 10
154.7825559999999996
 20
-82.8145619999999951
 30
0
 11
154.7875939999999844
 21
-82.8065589999999929
 31
0
  0
LINE
  5
ABA
330
22
100
AcDbEntity
  8
B.Cu
  6
CONTINUOUS
100
AcDbLine
 10
154.7875939999999844
 20
-82.8065589999999929
 30
0
 11
154.7898219999999867
 21
-82.8039899999999989
 31
0
  0
LINE
  5
ABB
330
22
100
AcDbEntity
  8
B.Cu
  6
CONTINUOUS
100
AcDbLine
 10
154.7898219999999867
 20
-82.8039899999999989
 30
0
 11
154.789826000000005
 21
-82.8039849999999973
 31
0
  0
LINE
  5
ABC
330
22
100
AcDbEntity
  8
B.Cu
  6
CONTINUOUS
100
AcDbLine
 10
154.789826000000005
 20
-82.8039849999999973
 30
0
 11
154.7900879999999972
 21
-82.8036839999999899
 31
0
  0
LINE
  5
ABD
330
22
100
AcDbEntity
  8
B.Cu
  6
CONTINUOUS
100
AcDbLine
 10
154.7900879999999972
 20
-82.8036839999999899
 30
0
 11
154.7901300000000049
 21
-82.8035560000000004
 31
0
  0
LINE
  5
ABE
330
22
100
AcDbEntity
  8
B.Cu
  6
CONTINUOUS
100
AcDbLine
 10
154.7901300000000049
 20
-82.8035560000000004
 30
0
 11
154.7901310000000024
 21
-82.8035539999999912
 31
0
  0
LINE
  5
ABF
330
22
100
AcDbEntity
  8
B.Cu
  6
CONTINUOUS
100
AcDbLine
 10
154.7901310000000024
 20
-82.8035539999999912
 30
0
 11
154.7908569999999884
 21
-82.8013739999999956
 31
0
  0
LINE
  5
AC0
330
22
100
AcDbEntity
  8
B.Cu
  6
CONTINUOUS
100
AcDbLine
 10
154.7908569999999884
 20
-82.8013739999999956
 30
0
 11
154.7939379999999971
 21
-82.796481
 31
0
  0
LINE
  5
AC1
330
22
100
AcDbEntity
  8
B.Cu
  6
CONTINUOUS
100
AcDbLine
 10
154.7939379999999971
 20
-82.796481
 30
0
 11
154.865366999999992
 21
-82.6536229999999961
 31
0
  0
LINE
  5
AC2
330
22
100
AcDbEntity
  8
B.Cu
  6
CONTINUOUS
100
AcDbLine
 10
154.865366999999992
 20
-82.6536229999999961
 30
0
 11
154.8758760000000052
 21
-82.6261599999999987
 31
0
  0
LINE
  5
AC3
330
22
100
AcDbEntity
  8
B.Cu
  6
CONTINUOUS
100
AcDbLine
 10
154.8758760000000052
 20
-82.6261599999999987
 30
0
 11
154.8762569999999812
 21
-82.6207840000000004
 31
0
  0
LINE
  5
AC4
330
22
100
AcDbEntity
  8
B.Cu
  6
CONTINUOUS
100
AcDbLine
 10
154.8762569999999812
 20
-82.6207840000000004
 30
0
 11
154.8783200000000022
 21
-82.6158059999999921
 31
0
  0
LINE
  5
AC5
330
22
100
AcDbEntity
  8
B.Cu
  6
CONTINUOUS
100
AcDbLine
 10
154.8783200000000022
 20
-82.6158059999999921
 30
0
 11
154.8812020000000018
 21
-82.5865419999999943
 31
0
  0
LINE
  5
AC6
330
22
100
AcDbEntity
  8
B.Cu
  6
CONTINUOUS
100
AcDbLine
 10
154.8812020000000018
 20
-82.5865419999999943
 30
0
 11
154.8812020000000018
 21
-82.3009890000000013
 31
0
  0
LINE
  5
AC7
330
22
100
AcDbEntity
  8
B.Cu
  6
CONTINUOUS
100
AcDbLine
 10
154.8812020000000018
 20
-82.3009890000000013
 30
0
 11
154.8812029999999993
 21
-82.3009849999999972
 31
0
  0
LINE
  5
AC8
330
22
100
AcDbEntity
  8
B.Cu
  6
CONTINUOUS
100
AcDbLine
 10
154.8812029999999993
 20
-82.3009849999999972
 30
0
 11
154.8812020000000018
 21
-82.3009789999999981
 31
0
  0
LINE
  5
AC9
330
22
100
AcDbEntity
  8
B.Cu
  6
CONTINUOUS
100
AcDbLine
 10
154.8812020000000018
 20
-82.3009789999999981
 30
0
 11
154.8812020000000018
 21
-82.015113999999997
 31
0
  0
LINE
  5
ACA
330
22
100
AcDbEntity
  8
B.Cu
  6
CONTINUOUS
100
AcDbLine
 10
154.8812020000000018
 20
-82.015113999999997
 30
0
 11
154.8783200000000022
 21
-81.9858499999999992
 31
0
  0
LINE
  5
ACB
330
22
100
AcDbEntity
  8
B.Cu
  6
CONTINUOUS
100
AcDbLine
 10
154.8783200000000022
 20
-81.9858499999999992
 30
0
 11
154.8762569999999812
 21
-81.9808709999999934
 31
0
  0
LINE
  5
ACC
330
22
100
AcDbEntity
  8
B.Cu
  6
CONTINUOUS
100
AcDbLine
 10
154.8762569999999812
 20
-81.9808709999999934
 30
0
 11
154.8758760000000052
 21
-81.9754959999999926
 31
0
  0
LINE
  5
ACD
330
22
100
AcDbEntity
  8
B.Cu
  6
CONTINUOUS
100
AcDbLine
 10
154.8758760000000052
 20
-81.9754959999999926
 30
0
 11
154.8653659999999945
 21
-81.9480329999999952
 31
0
  0
LINE
  5
ACE
330
22
100
AcDbEntity
  8
B.Cu
  6
CONTINUOUS
100
AcDbLine
 10
154.8653659999999945
 20
-81.9480329999999952
 30
0
 11
154.7939379999999971
 21
-81.8051749999999913
 31
0
  0
LINE
  5
ACF
330
22
100
AcDbEntity
  8
B.Cu
  6
CONTINUOUS
100
AcDbLine
 10
154.7939379999999971
 20
-81.8051749999999913
 30
0
 11
154.7908569999999884
 21
-81.8002809999999982
 31
0
  0
LINE
  5
AD0
330
22
100
AcDbEntity
  8
B.Cu
  6
CONTINUOUS
100
AcDbLine
 10
154.7908569999999884
 20
-81.8002809999999982
 30
0
 11
154.7900879999999972
 21
-81.7979729999999989
 31
0
  0
LINE
  5
AD1
330
22
100
AcDbEntity
  8
B.Cu
  6
CONTINUOUS
100
AcDbLine
 10
154.7900879999999972
 20
-81.7979729999999989
 30
0
 11
154.7899160000000052
 21
-81.7977750000000015
 31
0
  0
LINE
  5
AD2
330
22
100
AcDbEntity
  8
B.Cu
  6
CONTINUOUS
100
AcDbLine
 10
154.7899160000000052
 20
-81.7977750000000015
 30
0
 11
154.7898209999999892
 21
-81.7976659999999924
 31
0
  0
LINE
  5
AD3
330
22
100
AcDbEntity
  8
B.Cu
  6
CONTINUOUS
100
AcDbLine
 10
154.7898209999999892
 20
-81.7976659999999924
 30
0
 11
154.7898169999999993
 21
-81.7976609999999908
 31
0
  0
LINE
  5
AD4
330
22
100
AcDbEntity
  8
B.Cu
  6
CONTINUOUS
100
AcDbLine
 10
154.7898169999999993
 20
-81.7976609999999908
 30
0
 11
154.7875939999999844
 21
-81.7950969999999984
 31
0
  0
LINE
  5
AD5
330
22
100
AcDbEntity
  8
B.Cu
  6
CONTINUOUS
100
AcDbLine
 10
154.7875939999999844
 20
-81.7950969999999984
 30
0
 11
154.7782729999999844
 21
-81.7802899999999937
 31
0
  0
LINE
  5
AD6
330
22
100
AcDbEntity
  8
B.Cu
  6
CONTINUOUS
100
AcDbLine
 10
154.7782729999999844
 20
-81.7802899999999937
 30
0
 11
154.7640659999999855
 21
-81.7679689999999937
 31
0
  0
LINE
  5
AD7
330
22
100
AcDbEntity
  8
B.Cu
  6
CONTINUOUS
100
AcDbLine
 10
154.7640659999999855
 20
-81.7679689999999937
 30
0
 11
154.7517419999999788
 21
-81.7537579999999906
 31
0
  0
LINE
  5
AD8
330
22
100
AcDbEntity
  8
B.Cu
  6
CONTINUOUS
100
AcDbLine
 10
154.7517419999999788
 20
-81.7537579999999906
 30
0
 11
154.7369309999999984
 21
-81.7444349999999957
 31
0
  0
LINE
  5
AD9
330
22
100
AcDbEntity
  8
B.Cu
  6
CONTINUOUS
100
AcDbLine
 10
154.7369309999999984
 20
-81.7444349999999957
 30
0
 11
154.7340580000000045
 21
-81.741942999999992
 31
0
  0
LINE
  5
ADA
330
22
100
AcDbEntity
  8
B.Cu
  6
CONTINUOUS
100
AcDbLine
 10
154.7340580000000045
 20
-81.741942999999992
 30
0
 11
154.7317500000000052
 21
-81.7411729999999892
 31
0
  0
LINE
  5
ADB
330
22
100
AcDbEntity
  8
B.Cu
  6
CONTINUOUS
100
AcDbLine
 10
154.7317500000000052
 20
-81.7411729999999892
 30
0
 11
154.7268559999999979
 21
-81.7380929999999921
 31
0
  0
LINE
  5
ADC
330
22
100
AcDbEntity
  8
B.Cu
  6
CONTINUOUS
100
AcDbLine
 10
154.7268559999999979
 20
-81.7380929999999921
 30
0
 11
154.5839990000000057
 21
-81.6666639999999973
 31
0
  0
LINE
  5
ADD
330
22
100
AcDbEntity
  8
B.Cu
  6
CONTINUOUS
100
AcDbLine
 10
154.5839990000000057
 20
-81.6666639999999973
 30
0
 11
154.5565359999999941
 21
-81.6561549999999983
 31
0
  0
LINE
  5
ADE
330
22
100
AcDbEntity
  8
B.Cu
  6
CONTINUOUS
100
AcDbLine
 10
154.5565359999999941
 20
-81.6561549999999983
 30
0
 11
154.5511609999999791
 21
-81.6557729999999964
 31
0
  0
LINE
  5
ADF
330
22
100
AcDbEntity
  8
B.Cu
  6
CONTINUOUS
100
AcDbLine
 10
154.5511609999999791
 20
-81.6557729999999964
 30
0
 11
154.54618099999999
 21
-81.6537099999999896
 31
0
  0
LINE
  5
AE0
330
22
100
AcDbEntity
  8
B.Cu
  6
CONTINUOUS
100
AcDbLine
 10
154.54618099999999
 20
-81.6537099999999896
 30
0
 11
154.5229479999999853
 21
-81.6514219999999966
 31
0
  0
LINE
  5
AE1
330
22
100
AcDbEntity
  8
B.Cu
  6
CONTINUOUS
100
AcDbLine
 10
154.5229479999999853
 20
-81.6514219999999966
 30
0
 11
154.5169170000000065
 21
-81.65082799999999
 31
0
  0
LINE
  5
AE2
330
22
100
AcDbEntity
  8
B.Cu
  6
CONTINUOUS
100
AcDbLine
 10
154.5169170000000065
 20
-81.65082799999999
 30
0
 11
154.2312019999999961
 21
-81.65082799999999
 31
0
  0
LINE
  5
AE3
330
22
100
AcDbEntity
  8
B.Cu
  6
CONTINUOUS
100
AcDbLine
 10
154.2312019999999961
 20
-81.65082799999999
 30
0
 11
154.2019379999999842
 21
-81.6537099999999896
 31
0
  0
LINE
  5
AE4
330
22
100
AcDbEntity
  8
B.Cu
  6
CONTINUOUS
100
AcDbLine
 10
155.4335810000000038
 20
-81.1761079999999993
 30
0
 11
155.3921969999999817
 21
-81.2174919999999929
 31
0
  0
LINE
  5
AE5
330
22
100
AcDbEntity
  8
B.Cu
  6
CONTINUOUS
100
AcDbLine
 10
155.3921969999999817
 20
-81.2174919999999929
 30
0
 11
155.3697990000000004
 21
-81.271562000000003
 31
0
  0
LINE
  5
AE6
330
22
100
AcDbEntity
  8
B.Cu
  6
CONTINUOUS
100
AcDbLine
 10
155.3697990000000004
 20
-81.271562000000003
 30
0
 11
155.3697990000000004
 21
-81.2715659999999929
 31
0
  0
LINE
  5
AE7
330
22
100
AcDbEntity
  8
B.Cu
  6
CONTINUOUS
100
AcDbLine
 10
155.3697990000000004
 20
-81.2715659999999929
 30
0
 11
155.3672519999999793
 21
-81.2974329999999981
 31
0
  0
LINE
  5
AE8
330
22
100
AcDbEntity
  8
B.Cu
  6
CONTINUOUS
100
AcDbLine
 10
155.3672519999999793
 20
-81.2974329999999981
 30
0
 11
155.3669170000000008
 21
-81.3008279999999957
 31
0
  0
LINE
  5
AE9
330
22
100
AcDbEntity
  8
B.Cu
  6
CONTINUOUS
100
AcDbLine
 10
155.3669170000000008
 20
-81.3008279999999957
 30
0
 11
155.3669170000000008
 21
-81.65082799999999
 31
0
  0
LINE
  5
AEA
330
22
100
AcDbEntity
  8
B.Cu
  6
CONTINUOUS
100
AcDbLine
 10
155.3669170000000008
 20
-81.65082799999999
 30
0
 11
155.1597739999999988
 21
-81.65082799999999
 31
0
  0
LINE
  5
AEB
330
22
100
AcDbEntity
  8
B.Cu
  6
CONTINUOUS
100
AcDbLine
 10
155.1597739999999988
 20
-81.65082799999999
 30
0
 11
155.1305099999999868
 21
-81.6537099999999896
 31
0
  0
LINE
  5
AEC
330
22
100
AcDbEntity
  8
B.Cu
  6
CONTINUOUS
100
AcDbLine
 10
155.1305099999999868
 20
-81.6537099999999896
 30
0
 11
155.076437999999996
 21
-81.6761079999999993
 31
0
  0
LINE
  5
AED
330
22
100
AcDbEntity
  8
B.Cu
  6
CONTINUOUS
100
AcDbLine
 10
155.076437999999996
 20
-81.6761079999999993
 30
0
 11
155.0350540000000024
 21
-81.7174919999999929
 31
0
  0
LINE
  5
AEE
330
22
100
AcDbEntity
  8
B.Cu
  6
CONTINUOUS
100
AcDbLine
 10
155.0350540000000024
 20
-81.7174919999999929
 30
0
 11
155.0126559999999927
 21
-81.7715639999999979
 31
0
  0
LINE
  5
AEF
330
22
100
AcDbEntity
  8
B.Cu
  6
CONTINUOUS
100
AcDbLine
 10
155.0126559999999927
 20
-81.7715639999999979
 30
0
 11
155.0126559999999927
 21
-81.8300919999999934
 31
0
  0
LINE
  5
AF0
330
22
100
AcDbEntity
  8
B.Cu
  6
CONTINUOUS
100
AcDbLine
 10
155.0126559999999927
 20
-81.8300919999999934
 30
0
 11
155.0350540000000024
 21
-81.8841639999999984
 31
0
  0
LINE
  5
AF1
330
22
100
AcDbEntity
  8
B.Cu
  6
CONTINUOUS
100
AcDbLine
 10
155.0350540000000024
 20
-81.8841639999999984
 30
0
 11
155.076437999999996
 21
-81.925547999999992
 31
0
  0
LINE
  5
AF2
330
22
100
AcDbEntity
  8
B.Cu
  6
CONTINUOUS
100
AcDbLine
 10
155.076437999999996
 20
-81.925547999999992
 30
0
 11
155.1305099999999868
 21
-81.9479460000000017
 31
0
  0
LINE
  5
AF3
330
22
100
AcDbEntity
  8
B.Cu
  6
CONTINUOUS
100
AcDbLine
 10
155.1305099999999868
 20
-81.9479460000000017
 30
0
 11
155.1597739999999988
 21
-81.9508280000000013
 31
0
  0
LINE
  5
AF4
330
22
100
AcDbEntity
  8
B.Cu
  6
CONTINUOUS
100
AcDbLine
 10
155.1597739999999988
 20
-81.9508280000000013
 30
0
 11
155.3669170000000008
 21
-81.9508280000000013
 31
0
  0
LINE
  5
AF5
330
22
100
AcDbEntity
  8
B.Cu
  6
CONTINUOUS
100
AcDbLine
 10
155.3669170000000008
 20
-81.9508280000000013
 30
0
 11
155.3669170000000008
 21
-82.5511319999999955
 31
0
  0
LINE
  5
AF6
330
22
100
AcDbEntity
  8
B.Cu
  6
CONTINUOUS
100
AcDbLine
 10
155.3669170000000008
 20
-82.5511319999999955
 30
0
 11
155.3336840000000052
 21
-82.6175959999999918
 31
0
  0
LINE
  5
AF7
330
22
100
AcDbEntity
  8
B.Cu
  6
CONTINUOUS
100
AcDbLine
 10
155.3336840000000052
 20
-82.6175959999999918
 30
0
 11
155.2672210000000064
 21
-82.65082799999999
 31
0
  0
LINE
  5
AF8
330
22
100
AcDbEntity
  8
B.Cu
  6
CONTINUOUS
100
AcDbLine
 10
155.2672210000000064
 20
-82.65082799999999
 30
0
 11
155.1597739999999988
 21
-82.65082799999999
 31
0
  0
LINE
  5
AF9
330
22
100
AcDbEntity
  8
B.Cu
  6
CONTINUOUS
100
AcDbLine
 10
155.1597739999999988
 20
-82.65082799999999
 30
0
 11
155.1305099999999868
 21
-82.6537099999999896
 31
0
  0
LINE
  5
AFA
330
22
100
AcDbEntity
  8
B.Cu
  6
CONTINUOUS
100
AcDbLine
 10
155.1305099999999868
 20
-82.6537099999999896
 30
0
 11
155.076437999999996
 21
-82.6761079999999993
 31
0
  0
LINE
  5
AFB
330
22
100
AcDbEntity
  8
B.Cu
  6
CONTINUOUS
100
AcDbLine
 10
155.076437999999996
 20
-82.6761079999999993
 30
0
 11
155.0350540000000024
 21
-82.7174919999999929
 31
0
  0
LINE
  5
AFC
330
22
100
AcDbEntity
  8
B.Cu
  6
CONTINUOUS
100
AcDbLine
 10
155.0350540000000024
 20
-82.7174919999999929
 30
0
 11
155.0126559999999927
 21
-82.7715639999999979
 31
0
  0
LINE
  5
AFD
330
22
100
AcDbEntity
  8
B.Cu
  6
CONTINUOUS
100
AcDbLine
 10
155.0126559999999927
 20
-82.7715639999999979
 30
0
 11
155.0126559999999927
 21
-82.8300919999999934
 31
0
  0
LINE
  5
AFE
330
22
100
AcDbEntity
  8
B.Cu
  6
CONTINUOUS
100
AcDbLine
 10
155.0126559999999927
 20
-82.8300919999999934
 30
0
 11
155.0350540000000024
 21
-82.8841639999999984
 31
0
  0
LINE
  5
AFF
330
22
100
AcDbEntity
  8
B.Cu
  6
CONTINUOUS
100
AcDbLine
 10
155.0350540000000024
 20
-82.8841639999999984
 30
0
 11
155.076437999999996
 21
-82.925547999999992
 31
0
  0
LINE
  5
B00
330
22
100
AcDbEntity
  8
B.Cu
  6
CONTINUOUS
100
AcDbLine
 10
155.076437999999996
 20
-82.925547999999992
 30
0
 11
155.1305049999999994
 21
-82.9479439999999926
 31
0
  0
LINE
  5
B01
330
22
100
AcDbEntity
  8
B.Cu
  6
CONTINUOUS
100
AcDbLine
 10
155.1305049999999994
 20
-82.9479439999999926
 30
0
 11
155.1305099999999868
 21
-82.9479460000000017
 31
0
  0
LINE
  5
B02
330
22
100
AcDbEntity
  8
B.Cu
  6
CONTINUOUS
100
AcDbLine
 10
155.1305099999999868
 20
-82.9479460000000017
 30
0
 11
155.1597739999999988
 21
-82.9508280000000013
 31
0
  0
LINE
  5
B03
330
22
100
AcDbEntity
  8
B.Cu
  6
CONTINUOUS
100
AcDbLine
 10
155.1597739999999988
 20
-82.9508280000000013
 30
0
 11
155.1597779999999887
 21
-82.9508280000000013
 31
0
  0
LINE
  5
B04
330
22
100
AcDbEntity
  8
B.Cu
  6
CONTINUOUS
100
AcDbLine
 10
155.1597779999999887
 20
-82.9508280000000013
 30
0
 11
155.302628999999996
 21
-82.9508280000000013
 31
0
  0
LINE
  5
B05
330
22
100
AcDbEntity
  8
B.Cu
  6
CONTINUOUS
100
AcDbLine
 10
155.302628999999996
 20
-82.9508280000000013
 30
0
 11
155.302630999999991
 21
-82.9508280000000013
 31
0
  0
LINE
  5
B06
330
22
100
AcDbEntity
  8
B.Cu
  6
CONTINUOUS
100
AcDbLine
 10
155.302630999999991
 20
-82.9508280000000013
 30
0
 11
155.3318950000000029
 21
-82.9479460000000017
 31
0
  0
LINE
  5
B07
330
22
100
AcDbEntity
  8
B.Cu
  6
CONTINUOUS
100
AcDbLine
 10
155.3318950000000029
 20
-82.9479460000000017
 30
0
 11
155.3368729999999971
 21
-82.9458829999999949
 31
0
  0
LINE
  5
B08
330
22
100
AcDbEntity
  8
B.Cu
  6
CONTINUOUS
100
AcDbLine
 10
155.3368729999999971
 20
-82.9458829999999949
 30
0
 11
155.3422489999999812
 21
-82.9455019999999905
 31
0
  0
LINE
  5
B09
330
22
100
AcDbEntity
  8
B.Cu
  6
CONTINUOUS
100
AcDbLine
 10
155.3422489999999812
 20
-82.9455019999999905
 30
0
 11
155.3697129999999902
 21
-82.9349919999999941
 31
0
  0
LINE
  5
B0A
330
22
100
AcDbEntity
  8
B.Cu
  6
CONTINUOUS
100
AcDbLine
 10
155.3697129999999902
 20
-82.9349919999999941
 30
0
 11
155.5125699999999824
 21
-82.8635639999999967
 31
0
  0
LINE
  5
B0B
330
22
100
AcDbEntity
  8
B.Cu
  6
CONTINUOUS
100
AcDbLine
 10
155.5125699999999824
 20
-82.8635639999999967
 30
0
 11
155.5132219999999847
 21
-82.863152999999997
 31
0
  0
LINE
  5
B0C
330
22
100
AcDbEntity
  8
B.Cu
  6
CONTINUOUS
100
AcDbLine
 10
155.5132219999999847
 20
-82.863152999999997
 30
0
 11
155.5132250000000056
 21
-82.863151000000002
 31
0
  0
LINE
  5
B0D
330
22
100
AcDbEntity
  8
B.Cu
  6
CONTINUOUS
100
AcDbLine
 10
155.5132250000000056
 20
-82.863151000000002
 30
0
 11
155.5174639999999897
 21
-82.8604830000000021
 31
0
  0
LINE
  5
B0E
330
22
100
AcDbEntity
  8
B.Cu
  6
CONTINUOUS
100
AcDbLine
 10
155.5174639999999897
 20
-82.8604830000000021
 30
0
 11
155.5197660000000042
 21
-82.8597149999999942
 31
0
  0
LINE
  5
B0F
330
22
100
AcDbEntity
  8
B.Cu
  6
CONTINUOUS
100
AcDbLine
 10
155.5197660000000042
 20
-82.8597149999999942
 30
0
 11
155.5197679999999991
 21
-82.8597149999999942
 31
0
  0
LINE
  5
B10
330
22
100
AcDbEntity
  8
B.Cu
  6
CONTINUOUS
100
AcDbLine
 10
155.5197679999999991
 20
-82.8597149999999942
 30
0
 11
155.519771999999989
 21
-82.8597139999999968
 31
0
  0
LINE
  5
B11
330
22
100
AcDbEntity
  8
B.Cu
  6
CONTINUOUS
100
AcDbLine
 10
155.519771999999989
 20
-82.8597139999999968
 30
0
 11
155.519773999999984
 21
-82.8597109999999901
 31
0
  0
LINE
  5
B12
330
22
100
AcDbEntity
  8
B.Cu
  6
CONTINUOUS
100
AcDbLine
 10
155.519773999999984
 20
-82.8597109999999901
 30
0
 11
155.5197780000000023
 21
-82.8597079999999977
 31
0
  0
LINE
  5
B13
330
22
100
AcDbEntity
  8
B.Cu
  6
CONTINUOUS
100
AcDbLine
 10
155.5197780000000023
 20
-82.8597079999999977
 30
0
 11
155.5226459999999804
 21
-82.8572209999999956
 31
0
  0
LINE
  5
B14
330
22
100
AcDbEntity
  8
B.Cu
  6
CONTINUOUS
100
AcDbLine
 10
155.5226459999999804
 20
-82.8572209999999956
 30
0
 11
155.5306659999999965
 21
-82.8521719999999959
 31
0
  0
LINE
  5
B15
330
22
100
AcDbEntity
  8
B.Cu
  6
CONTINUOUS
100
AcDbLine
 10
155.5306659999999965
 20
-82.8521719999999959
 30
0
 11
155.5306740000000048
 21
-82.8521669999999943
 31
0
  0
LINE
  5
B16
330
22
100
AcDbEntity
  8
B.Cu
  6
CONTINUOUS
100
AcDbLine
 10
155.5306740000000048
 20
-82.8521669999999943
 30
0
 11
155.5374559999999917
 21
-82.8478989999999982
 31
0
  0
LINE
  5
B17
330
22
100
AcDbEntity
  8
B.Cu
  6
CONTINUOUS
100
AcDbLine
 10
155.5374559999999917
 20
-82.8478989999999982
 30
0
 11
155.5497780000000034
 21
-82.8336899999999901
 31
0
  0
LINE
  5
B18
330
22
100
AcDbEntity
  8
B.Cu
  6
CONTINUOUS
100
AcDbLine
 10
155.5497780000000034
 20
-82.8336899999999901
 30
0
 11
155.5639869999999974
 21
-82.8213679999999925
 31
0
  0
LINE
  5
B19
330
22
100
AcDbEntity
  8
B.Cu
  6
CONTINUOUS
100
AcDbLine
 10
155.5639869999999974
 20
-82.8213679999999925
 30
0
 11
155.5733089999999947
 21
-82.8065579999999954
 31
0
  0
LINE
  5
B1A
330
22
100
AcDbEntity
  8
B.Cu
  6
CONTINUOUS
100
AcDbLine
 10
155.5733089999999947
 20
-82.8065579999999954
 30
0
 11
155.5758019999999817
 21
-82.8036839999999899
 31
0
  0
LINE
  5
B1B
330
22
100
AcDbEntity
  8
B.Cu
  6
CONTINUOUS
100
AcDbLine
 10
155.5758019999999817
 20
-82.8036839999999899
 30
0
 11
155.5758019999999817
 21
-82.8036809999999974
 31
0
  0
LINE
  5
B1C
330
22
100
AcDbEntity
  8
B.Cu
  6
CONTINUOUS
100
AcDbLine
 10
155.5758019999999817
 20
-82.8036809999999974
 30
0
 11
155.5758029999999792
 21
-82.8036799999999999
 31
0
  0
LINE
  5
B1D
330
22
100
AcDbEntity
  8
B.Cu
  6
CONTINUOUS
100
AcDbLine
 10
155.5758029999999792
 20
-82.8036799999999999
 30
0
 11
155.5765710000000013
 21
-82.8013759999999905
 31
0
  0
LINE
  5
B1E
330
22
100
AcDbEntity
  8
B.Cu
  6
CONTINUOUS
100
AcDbLine
 10
155.5765710000000013
 20
-82.8013759999999905
 30
0
 11
155.5796440000000018
 21
-82.7964929999999981
 31
0
  0
LINE
  5
B1F
330
22
100
AcDbEntity
  8
B.Cu
  6
CONTINUOUS
100
AcDbLine
 10
155.5796440000000018
 20
-82.7964929999999981
 30
0
 11
155.5796469999999943
 21
-82.796488999999994
 31
0
  0
LINE
  5
B20
330
22
100
AcDbEntity
  8
B.Cu
  6
CONTINUOUS
100
AcDbLine
 10
155.5796469999999943
 20
-82.796488999999994
 30
0
 11
155.5796519999999816
 21
-82.7964819999999975
 31
0
  0
LINE
  5
B21
330
22
100
AcDbEntity
  8
B.Cu
  6
CONTINUOUS
100
AcDbLine
 10
155.5796519999999816
 20
-82.7964819999999975
 30
0
 11
155.6510810000000049
 21
-82.6536239999999935
 31
0
  0
LINE
  5
B22
330
22
100
AcDbEntity
  8
B.Cu
  6
CONTINUOUS
100
AcDbLine
 10
155.6510810000000049
 20
-82.6536239999999935
 30
0
 11
155.6615909999999872
 21
-82.6261609999999962
 31
0
  0
LINE
  5
B23
330
22
100
AcDbEntity
  8
B.Cu
  6
CONTINUOUS
100
AcDbLine
 10
155.6615909999999872
 20
-82.6261609999999962
 30
0
 11
155.6615909999999872
 21
-82.626150999999993
 31
0
  0
LINE
  5
B24
330
22
100
AcDbEntity
  8
B.Cu
  6
CONTINUOUS
100
AcDbLine
 10
155.6615909999999872
 20
-82.626150999999993
 30
0
 11
155.6615919999999846
 21
-82.6261459999999914
 31
0
  0
LINE
  5
B25
330
22
100
AcDbEntity
  8
B.Cu
  6
CONTINUOUS
100
AcDbLine
 10
155.6615919999999846
 20
-82.6261459999999914
 30
0
 11
155.661972999999989
 21
-82.620783000000003
 31
0
  0
LINE
  5
B26
330
22
100
AcDbEntity
  8
B.Cu
  6
CONTINUOUS
100
AcDbLine
 10
155.661972999999989
 20
-82.620783000000003
 30
0
 11
155.6640289999999993
 21
-82.6158190000000019
 31
0
  0
LINE
  5
B27
330
22
100
AcDbEntity
  8
B.Cu
  6
CONTINUOUS
100
AcDbLine
 10
155.6640289999999993
 20
-82.6158190000000019
 30
0
 11
155.6640309999999943
 21
-82.6158130000000028
 31
0
  0
LINE
  5
B28
330
22
100
AcDbEntity
  8
B.Cu
  6
CONTINUOUS
100
AcDbLine
 10
155.6640309999999943
 20
-82.6158130000000028
 30
0
 11
155.6640349999999842
 21
-82.6158059999999921
 31
0
  0
LINE
  5
B29
330
22
100
AcDbEntity
  8
B.Cu
  6
CONTINUOUS
100
AcDbLine
 10
155.6640349999999842
 20
-82.6158059999999921
 30
0
 11
155.6669169999999838
 21
-82.5865419999999943
 31
0
  0
LINE
  5
B2A
330
22
100
AcDbEntity
  8
B.Cu
  6
CONTINUOUS
100
AcDbLine
 10
155.6669169999999838
 20
-82.5865419999999943
 30
0
 11
155.6669169999999838
 21
-82.515113999999997
 31
0
  0
LINE
  5
B2B
330
22
100
AcDbEntity
  8
B.Cu
  6
CONTINUOUS
100
AcDbLine
 10
155.6669169999999838
 20
-82.515113999999997
 30
0
 11
155.6669169999999838
 21
-81.9508280000000013
 31
0
  0
LINE
  5
B2C
330
22
100
AcDbEntity
  8
B.Cu
  6
CONTINUOUS
100
AcDbLine
 10
155.6669169999999838
 20
-81.9508280000000013
 30
0
 11
155.7312019999999961
 21
-81.9508280000000013
 31
0
  0
LINE
  5
B2D
330
22
100
AcDbEntity
  8
B.Cu
  6
CONTINUOUS
100
AcDbLine
 10
155.7312019999999961
 20
-81.9508280000000013
 30
0
 11
155.7432989999999791
 21
-81.9496359999999981
 31
0
  0
LINE
  5
B2E
330
22
100
AcDbEntity
  8
B.Cu
  6
CONTINUOUS
100
AcDbLine
 10
155.7432989999999791
 20
-81.9496359999999981
 30
0
 11
155.743300000000005
 21
-81.9496359999999981
 31
0
  0
LINE
  5
B2F
330
22
100
AcDbEntity
  8
B.Cu
  6
CONTINUOUS
100
AcDbLine
 10
155.743300000000005
 20
-81.9496359999999981
 30
0
 11
155.7604659999999797
 21
-81.9479460000000017
 31
0
  0
LINE
  5
B30
330
22
100
AcDbEntity
  8
B.Cu
  6
CONTINUOUS
100
AcDbLine
 10
155.7604659999999797
 20
-81.9479460000000017
 30
0
 11
155.8145379999999989
 21
-81.925547999999992
 31
0
  0
LINE
  5
B31
330
22
100
AcDbEntity
  8
B.Cu
  6
CONTINUOUS
100
AcDbLine
 10
155.8145379999999989
 20
-81.925547999999992
 30
0
 11
155.8559219999999925
 21
-81.8841639999999984
 31
0
  0
LINE
  5
B32
330
22
100
AcDbEntity
  8
B.Cu
  6
CONTINUOUS
100
AcDbLine
 10
155.8559219999999925
 20
-81.8841639999999984
 30
0
 11
155.8651349999999809
 21
-81.8619209999999953
 31
0
  0
LINE
  5
B33
330
22
100
AcDbEntity
  8
B.Cu
  6
CONTINUOUS
100
AcDbLine
 10
155.8651349999999809
 20
-81.8619209999999953
 30
0
 11
155.8651349999999809
 21
-81.8619199999999978
 31
0
  0
LINE
  5
B34
330
22
100
AcDbEntity
  8
B.Cu
  6
CONTINUOUS
100
AcDbLine
 10
155.8651349999999809
 20
-81.8619199999999978
 30
0
 11
155.8783200000000022
 21
-81.8300919999999934
 31
0
  0
LINE
  5
B35
330
22
100
AcDbEntity
  8
B.Cu
  6
CONTINUOUS
100
AcDbLine
 10
155.8783200000000022
 20
-81.8300919999999934
 30
0
 11
155.8783200000000022
 21
-81.7715649999999954
 31
0
  0
LINE
  5
B36
330
22
100
AcDbEntity
  8
B.Cu
  6
CONTINUOUS
100
AcDbLine
 10
155.8783200000000022
 20
-81.7715649999999954
 30
0
 11
155.876829999999984
 21
-81.7679689999999937
 31
0
  0
LINE
  5
B37
330
22
100
AcDbEntity
  8
B.Cu
  6
CONTINUOUS
100
AcDbLine
 10
155.876829999999984
 20
-81.7679689999999937
 30
0
 11
155.8559219999999925
 21
-81.7174919999999929
 31
0
  0
LINE
  5
B38
330
22
100
AcDbEntity
  8
B.Cu
  6
CONTINUOUS
100
AcDbLine
 10
155.8559219999999925
 20
-81.7174919999999929
 30
0
 11
155.855920999999995
 21
-81.7174909999999954
 31
0
  0
LINE
  5
B39
330
22
100
AcDbEntity
  8
B.Cu
  6
CONTINUOUS
100
AcDbLine
 10
155.855920999999995
 20
-81.7174909999999954
 30
0
 11
155.8145379999999989
 21
-81.6761079999999993
 31
0
  0
LINE
  5
B3A
330
22
100
AcDbEntity
  8
B.Cu
  6
CONTINUOUS
100
AcDbLine
 10
155.8145379999999989
 20
-81.6761079999999993
 30
0
 11
155.7604659999999797
 21
-81.6537099999999896
 31
0
  0
LINE
  5
B3B
330
22
100
AcDbEntity
  8
B.Cu
  6
CONTINUOUS
100
AcDbLine
 10
155.7604659999999797
 20
-81.6537099999999896
 30
0
 11
155.7312019999999961
 21
-81.65082799999999
 31
0
  0
LINE
  5
B3C
330
22
100
AcDbEntity
  8
B.Cu
  6
CONTINUOUS
100
AcDbLine
 10
155.7312019999999961
 20
-81.65082799999999
 30
0
 11
155.6669169999999838
 21
-81.65082799999999
 31
0
  0
LINE
  5
B3D
330
22
100
AcDbEntity
  8
B.Cu
  6
CONTINUOUS
100
AcDbLine
 10
155.6669169999999838
 20
-81.65082799999999
 30
0
 11
155.6669169999999838
 21
-81.3008279999999957
 31
0
  0
LINE
  5
B3E
330
22
100
AcDbEntity
  8
B.Cu
  6
CONTINUOUS
100
AcDbLine
 10
155.6669169999999838
 20
-81.3008279999999957
 30
0
 11
155.6640349999999842
 21
-81.2715639999999979
 31
0
  0
LINE
  5
B3F
330
22
100
AcDbEntity
  8
B.Cu
  6
CONTINUOUS
100
AcDbLine
 10
155.6640349999999842
 20
-81.2715639999999979
 30
0
 11
155.6416370000000029
 21
-81.2174919999999929
 31
0
  0
LINE
  5
B40
330
22
100
AcDbEntity
  8
B.Cu
  6
CONTINUOUS
100
AcDbLine
 10
155.6416370000000029
 20
-81.2174919999999929
 30
0
 11
155.6002529999999808
 21
-81.1761079999999993
 31
0
  0
LINE
  5
B41
330
22
100
AcDbEntity
  8
B.Cu
  6
CONTINUOUS
100
AcDbLine
 10
155.6002529999999808
 20
-81.1761079999999993
 30
0
 11
155.54618099999999
 21
-81.1537099999999896
 31
0
  0
LINE
  5
B42
330
22
100
AcDbEntity
  8
B.Cu
  6
CONTINUOUS
100
AcDbLine
 10
155.54618099999999
 20
-81.1537099999999896
 30
0
 11
155.4876529999999946
 21
-81.1537099999999896
 31
0
  0
LINE
  5
B43
330
22
100
AcDbEntity
  8
B.Cu
  6
CONTINUOUS
100
AcDbLine
 10
155.4876529999999946
 20
-81.1537099999999896
 30
0
 11
155.4335810000000038
 21
-81.1761079999999993
 31
0
  0
LINE
  5
B44
330
22
100
AcDbEntity
  8
B.Cu
  6
CONTINUOUS
100
AcDbLine
 10
156.3447960000000023
 20
-81.6537099999999896
 30
0
 11
156.3398149999999873
 21
-81.6557729999999964
 31
0
  0
LINE
  5
B45
330
22
100
AcDbEntity
  8
B.Cu
  6
CONTINUOUS
100
AcDbLine
 10
156.3398149999999873
 20
-81.6557729999999964
 30
0
 11
156.3344409999999982
 21
-81.6561549999999983
 31
0
  0
LINE
  5
B46
330
22
100
AcDbEntity
  8
B.Cu
  6
CONTINUOUS
100
AcDbLine
 10
156.3344409999999982
 20
-81.6561549999999983
 30
0
 11
156.3069769999999892
 21
-81.6666639999999973
 31
0
  0
LINE
  5
B47
330
22
100
AcDbEntity
  8
B.Cu
  6
CONTINUOUS
100
AcDbLine
 10
156.3069769999999892
 20
-81.6666639999999973
 30
0
 11
156.1641209999999944
 21
-81.7380929999999921
 31
0
  0
LINE
  5
B48
330
22
100
AcDbEntity
  8
B.Cu
  6
CONTINUOUS
100
AcDbLine
 10
156.1641209999999944
 20
-81.7380929999999921
 30
0
 11
156.1392349999999851
 21
-81.7537579999999906
 31
0
  0
LINE
  5
B49
330
22
100
AcDbEntity
  8
B.Cu
  6
CONTINUOUS
100
AcDbLine
 10
156.1392349999999851
 20
-81.7537579999999906
 30
0
 11
156.1008879999999976
 21
-81.7979729999999989
 31
0
  0
LINE
  5
B4A
330
22
100
AcDbEntity
  8
B.Cu
  6
CONTINUOUS
100
AcDbLine
 10
156.1008879999999976
 20
-81.7979729999999989
 30
0
 11
156.082380999999998
 21
-81.8534959999999927
 31
0
  0
LINE
  5
B4B
330
22
100
AcDbEntity
  8
B.Cu
  6
CONTINUOUS
100
AcDbLine
 10
156.082380999999998
 20
-81.8534959999999927
 30
0
 11
156.086529999999982
 21
-81.9118759999999924
 31
0
  0
LINE
  5
B4C
330
22
100
AcDbEntity
  8
B.Cu
  6
CONTINUOUS
100
AcDbLine
 10
156.086529999999982
 20
-81.9118759999999924
 30
0
 11
156.1127039999999795
 21
-81.964224999999999
 31
0
  0
LINE
  5
B4D
330
22
100
AcDbEntity
  8
B.Cu
  6
CONTINUOUS
100
AcDbLine
 10
156.1127039999999795
 20
-81.964224999999999
 30
0
 11
156.1569179999999903
 21
-82.0025710000000032
 31
0
  0
LINE
  5
B4E
330
22
100
AcDbEntity
  8
B.Cu
  6
CONTINUOUS
100
AcDbLine
 10
156.1569179999999903
 20
-82.0025710000000032
 30
0
 11
156.1569189999999878
 21
-82.0025720000000007
 31
0
  0
LINE
  5
B4F
330
22
100
AcDbEntity
  8
B.Cu
  6
CONTINUOUS
100
AcDbLine
 10
156.1569189999999878
 20
-82.0025720000000007
 30
0
 11
156.1598599999999806
 21
-82.0035519999999991
 31
0
  0
LINE
  5
B50
330
22
100
AcDbEntity
  8
B.Cu
  6
CONTINUOUS
100
AcDbLine
 10
156.1598599999999806
 20
-82.0035519999999991
 30
0
 11
156.2124419999999816
 21
-82.0210790000000003
 31
0
  0
LINE
  5
B51
330
22
100
AcDbEntity
  8
B.Cu
  6
CONTINUOUS
100
AcDbLine
 10
156.2124419999999816
 20
-82.0210790000000003
 30
0
 11
156.2708219999999812
 21
-82.0169300000000021
 31
0
  0
LINE
  5
B52
330
22
100
AcDbEntity
  8
B.Cu
  6
CONTINUOUS
100
AcDbLine
 10
156.2708219999999812
 20
-82.0169300000000021
 30
0
 11
156.2982849999999928
 21
-82.0064210000000031
 31
0
  0
LINE
  5
B53
330
22
100
AcDbEntity
  8
B.Cu
  6
CONTINUOUS
100
AcDbLine
 10
156.2982849999999928
 20
-82.0064210000000031
 30
0
 11
156.4094699999999989
 21
-81.9508280000000013
 31
0
  0
LINE
  5
B54
330
22
100
AcDbEntity
  8
B.Cu
  6
CONTINUOUS
100
AcDbLine
 10
156.4094699999999989
 20
-81.9508280000000013
 30
0
 11
156.5529359999999883
 21
-81.9508280000000013
 31
0
  0
LINE
  5
B55
330
22
100
AcDbEntity
  8
B.Cu
  6
CONTINUOUS
100
AcDbLine
 10
156.5529359999999883
 20
-81.9508280000000013
 30
0
 11
156.6193989999999872
 21
-81.9840599999999995
 31
0
  0
LINE
  5
B56
330
22
100
AcDbEntity
  8
B.Cu
  6
CONTINUOUS
100
AcDbLine
 10
156.6193989999999872
 20
-81.9840599999999995
 30
0
 11
156.6526309999999853
 21
-82.0505229999999983
 31
0
  0
LINE
  5
B57
330
22
100
AcDbEntity
  8
B.Cu
  6
CONTINUOUS
100
AcDbLine
 10
156.6526309999999853
 20
-82.0505229999999983
 30
0
 11
156.6526309999999853
 21
-82.0511319999999955
 31
0
  0
LINE
  5
B58
330
22
100
AcDbEntity
  8
B.Cu
  6
CONTINUOUS
100
AcDbLine
 10
156.6526309999999853
 20
-82.0511319999999955
 30
0
 11
156.6193989999999872
 21
-82.1175959999999918
 31
0
  0
LINE
  5
B59
330
22
100
AcDbEntity
  8
B.Cu
  6
CONTINUOUS
100
AcDbLine
 10
156.6193989999999872
 20
-82.1175959999999918
 30
0
 11
156.5529359999999883
 21
-82.15082799999999
 31
0
  0
LINE
  5
B5A
330
22
100
AcDbEntity
  8
B.Cu
  6
CONTINUOUS
100
AcDbLine
 10
156.5529359999999883
 20
-82.15082799999999
 30
0
 11
156.3740599999999858
 21
-82.15082799999999
 31
0
  0
LINE
  5
B5B
330
22
100
AcDbEntity
  8
B.Cu
  6
CONTINUOUS
100
AcDbLine
 10
156.3740599999999858
 20
-82.15082799999999
 30
0
 11
156.3447960000000023
 21
-82.1537099999999896
 31
0
  0
LINE
  5
B5C
330
22
100
AcDbEntity
  8
B.Cu
  6
CONTINUOUS
100
AcDbLine
 10
156.3447960000000023
 20
-82.1537099999999896
 30
0
 11
156.3398149999999873
 21
-82.1557729999999964
 31
0
  0
LINE
  5
B5D
330
22
100
AcDbEntity
  8
B.Cu
  6
CONTINUOUS
100
AcDbLine
 10
156.3398149999999873
 20
-82.1557729999999964
 30
0
 11
156.3344409999999982
 21
-82.1561549999999983
 31
0
  0
LINE
  5
B5E
330
22
100
AcDbEntity
  8
B.Cu
  6
CONTINUOUS
100
AcDbLine
 10
156.3344409999999982
 20
-82.1561549999999983
 30
0
 11
156.3069769999999892
 21
-82.1666639999999973
 31
0
  0
LINE
  5
B5F
330
22
100
AcDbEntity
  8
B.Cu
  6
CONTINUOUS
100
AcDbLine
 10
156.3069769999999892
 20
-82.1666639999999973
 30
0
 11
156.1641209999999944
 21
-82.2380929999999921
 31
0
  0
LINE
  5
B60
330
22
100
AcDbEntity
  8
B.Cu
  6
CONTINUOUS
100
AcDbLine
 10
156.1641209999999944
 20
-82.2380929999999921
 30
0
 11
156.1592259999999897
 21
-82.2411729999999892
 31
0
  0
LINE
  5
B61
330
22
100
AcDbEntity
  8
B.Cu
  6
CONTINUOUS
100
AcDbLine
 10
156.1592259999999897
 20
-82.2411729999999892
 30
0
 11
156.1569189999999878
 21
-82.241942999999992
 31
0
  0
LINE
  5
B62
330
22
100
AcDbEntity
  8
B.Cu
  6
CONTINUOUS
100
AcDbLine
 10
156.1569189999999878
 20
-82.241942999999992
 30
0
 11
156.154043999999999
 21
-82.2444349999999957
 31
0
  0
LINE
  5
B63
330
22
100
AcDbEntity
  8
B.Cu
  6
CONTINUOUS
100
AcDbLine
 10
156.154043999999999
 20
-82.2444349999999957
 30
0
 11
156.1392349999999851
 21
-82.2537579999999906
 31
0
  0
LINE
  5
B64
330
22
100
AcDbEntity
  8
B.Cu
  6
CONTINUOUS
100
AcDbLine
 10
156.1392349999999851
 20
-82.2537579999999906
 30
0
 11
156.1269110000000069
 21
-82.2679669999999987
 31
0
  0
LINE
  5
B65
330
22
100
AcDbEntity
  8
B.Cu
  6
CONTINUOUS
100
AcDbLine
 10
156.1269110000000069
 20
-82.2679669999999987
 30
0
 11
156.1127039999999795
 21
-82.2802889999999962
 31
0
  0
LINE
  5
B66
330
22
100
AcDbEntity
  8
B.Cu
  6
CONTINUOUS
100
AcDbLine
 10
156.1127039999999795
 20
-82.2802889999999962
 30
0
 11
156.1033840000000055
 21
-82.2950939999999918
 31
0
  0
LINE
  5
B67
330
22
100
AcDbEntity
  8
B.Cu
  6
CONTINUOUS
100
AcDbLine
 10
156.1033840000000055
 20
-82.2950939999999918
 30
0
 11
156.1008879999999976
 21
-82.2979729999999989
 31
0
  0
LINE
  5
B68
330
22
100
AcDbEntity
  8
B.Cu
  6
CONTINUOUS
100
AcDbLine
 10
156.1008879999999976
 20
-82.2979729999999989
 30
0
 11
156.1001169999999831
 21
-82.3002839999999907
 31
0
  0
LINE
  5
B69
330
22
100
AcDbEntity
  8
B.Cu
  6
CONTINUOUS
100
AcDbLine
 10
156.1001169999999831
 20
-82.3002839999999907
 30
0
 11
156.0970389999999952
 21
-82.3051749999999913
 31
0
  0
LINE
  5
B6A
330
22
100
AcDbEntity
  8
B.Cu
  6
CONTINUOUS
100
AcDbLine
 10
156.0970389999999952
 20
-82.3051749999999913
 30
0
 11
156.0256100000000004
 21
-82.4480319999999978
 31
0
  0
LINE
  5
B6B
330
22
100
AcDbEntity
  8
B.Cu
  6
CONTINUOUS
100
AcDbLine
 10
156.0256100000000004
 20
-82.4480319999999978
 30
0
 11
156.0151009999999872
 21
-82.4754949999999951
 31
0
  0
LINE
  5
B6C
330
22
100
AcDbEntity
  8
B.Cu
  6
CONTINUOUS
100
AcDbLine
 10
156.0151009999999872
 20
-82.4754949999999951
 30
0
 11
156.0147189999999853
 21
-82.4808689999999984
 31
0
  0
LINE
  5
B6D
330
22
100
AcDbEntity
  8
B.Cu
  6
CONTINUOUS
100
AcDbLine
 10
156.0147189999999853
 20
-82.4808689999999984
 30
0
 11
156.0126559999999927
 21
-82.4858499999999992
 31
0
  0
LINE
  5
B6E
330
22
100
AcDbEntity
  8
B.Cu
  6
CONTINUOUS
100
AcDbLine
 10
156.0126559999999927
 20
-82.4858499999999992
 30
0
 11
156.0097739999999931
 21
-82.515113999999997
 31
0
  0
LINE
  5
B6F
330
22
100
AcDbEntity
  8
B.Cu
  6
CONTINUOUS
100
AcDbLine
 10
156.0097739999999931
 20
-82.515113999999997
 30
0
 11
156.0097739999999931
 21
-82.5865419999999943
 31
0
  0
LINE
  5
B70
330
22
100
AcDbEntity
  8
B.Cu
  6
CONTINUOUS
100
AcDbLine
 10
156.0097739999999931
 20
-82.5865419999999943
 30
0
 11
156.0126559999999927
 21
-82.6158059999999921
 31
0
  0
LINE
  5
B71
330
22
100
AcDbEntity
  8
B.Cu
  6
CONTINUOUS
100
AcDbLine
 10
156.0126559999999927
 20
-82.6158059999999921
 30
0
 11
156.0147169999999903
 21
-82.620783000000003
 31
0
  0
LINE
  5
B72
330
22
100
AcDbEntity
  8
B.Cu
  6
CONTINUOUS
100
AcDbLine
 10
156.0147169999999903
 20
-82.620783000000003
 30
0
 11
156.0150999999999897
 21
-82.6261609999999962
 31
0
  0
LINE
  5
B73
330
22
100
AcDbEntity
  8
B.Cu
  6
CONTINUOUS
100
AcDbLine
 10
156.0150999999999897
 20
-82.6261609999999962
 30
0
 11
156.0194139999999834
 21
-82.6374330000000015
 31
0
  0
LINE
  5
B74
330
22
100
AcDbEntity
  8
B.Cu
  6
CONTINUOUS
100
AcDbLine
 10
156.0194139999999834
 20
-82.6374330000000015
 30
0
 11
156.0200849999999946
 21
-82.6391859999999951
 31
0
  0
LINE
  5
B75
330
22
100
AcDbEntity
  8
B.Cu
  6
CONTINUOUS
100
AcDbLine
 10
156.0200849999999946
 20
-82.6391859999999951
 30
0
 11
156.0256100000000004
 21
-82.6536239999999935
 31
0
  0
LINE
  5
B76
330
22
100
AcDbEntity
  8
B.Cu
  6
CONTINUOUS
100
AcDbLine
 10
156.0256100000000004
 20
-82.6536239999999935
 30
0
 11
156.0970389999999952
 21
-82.7964819999999975
 31
0
  0
LINE
  5
B77
330
22
100
AcDbEntity
  8
B.Cu
  6
CONTINUOUS
100
AcDbLine
 10
156.0970389999999952
 20
-82.7964819999999975
 30
0
 11
156.1001190000000065
 21
-82.8013759999999905
 31
0
  0
LINE
  5
B78
330
22
100
AcDbEntity
  8
B.Cu
  6
CONTINUOUS
100
AcDbLine
 10
156.1001190000000065
 20
-82.8013759999999905
 30
0
 11
156.1008889999999951
 21
-82.8036839999999899
 31
0
  0
LINE
  5
B79
330
22
100
AcDbEntity
  8
B.Cu
  6
CONTINUOUS
100
AcDbLine
 10
156.1008889999999951
 20
-82.8036839999999899
 30
0
 11
156.1033809999999846
 21
-82.806556999999998
 31
0
  0
LINE
  5
B7A
330
22
100
AcDbEntity
  8
B.Cu
  6
CONTINUOUS
100
AcDbLine
 10
156.1033809999999846
 20
-82.806556999999998
 30
0
 11
156.1127039999999795
 21
-82.8213679999999925
 31
0
  0
LINE
  5
B7B
330
22
100
AcDbEntity
  8
B.Cu
  6
CONTINUOUS
100
AcDbLine
 10
156.1127039999999795
 20
-82.8213679999999925
 30
0
 11
156.1269149999999968
 21
-82.8336919999999992
 31
0
  0
LINE
  5
B7C
330
22
100
AcDbEntity
  8
B.Cu
  6
CONTINUOUS
100
AcDbLine
 10
156.1269149999999968
 20
-82.8336919999999992
 30
0
 11
156.1392359999999826
 21
-82.8478989999999982
 31
0
  0
LINE
  5
B7D
330
22
100
AcDbEntity
  8
B.Cu
  6
CONTINUOUS
100
AcDbLine
 10
156.1392359999999826
 20
-82.8478989999999982
 30
0
 11
156.1540430000000015
 21
-82.8572199999999981
 31
0
  0
LINE
  5
B7E
330
22
100
AcDbEntity
  8
B.Cu
  6
CONTINUOUS
100
AcDbLine
 10
156.1540430000000015
 20
-82.8572199999999981
 30
0
 11
156.1569189999999878
 21
-82.8597139999999968
 31
0
  0
LINE
  5
B7F
330
22
100
AcDbEntity
  8
B.Cu
  6
CONTINUOUS
100
AcDbLine
 10
156.1569189999999878
 20
-82.8597139999999968
 30
0
 11
156.1592269999999871
 21
-82.8604830000000021
 31
0
  0
LINE
  5
B80
330
22
100
AcDbEntity
  8
B.Cu
  6
CONTINUOUS
100
AcDbLine
 10
156.1592269999999871
 20
-82.8604830000000021
 30
0
 11
156.1641209999999944
 21
-82.8635639999999967
 31
0
  0
LINE
  5
B81
330
22
100
AcDbEntity
  8
B.Cu
  6
CONTINUOUS
100
AcDbLine
 10
156.1641209999999944
 20
-82.8635639999999967
 30
0
 11
156.3069789999999841
 21
-82.9349919999999941
 31
0
  0
LINE
  5
B82
330
22
100
AcDbEntity
  8
B.Cu
  6
CONTINUOUS
100
AcDbLine
 10
156.3069789999999841
 20
-82.9349919999999941
 30
0
 11
156.3344369999999799
 21
-82.9454999999999956
 31
0
  0
LINE
  5
B83
330
22
100
AcDbEntity
  8
B.Cu
  6
CONTINUOUS
100
AcDbLine
 10
156.3344369999999799
 20
-82.9454999999999956
 30
0
 11
156.3344419999999957
 21
-82.9455019999999905
 31
0
  0
LINE
  5
B84
330
22
100
AcDbEntity
  8
B.Cu
  6
CONTINUOUS
100
AcDbLine
 10
156.3344419999999957
 20
-82.9455019999999905
 30
0
 11
156.3344459999999856
 21
-82.9455019999999905
 31
0
  0
LINE
  5
B85
330
22
100
AcDbEntity
  8
B.Cu
  6
CONTINUOUS
100
AcDbLine
 10
156.3344459999999856
 20
-82.9455019999999905
 30
0
 11
156.3344469999999831
 21
-82.9455019999999905
 31
0
  0
LINE
  5
B86
330
22
100
AcDbEntity
  8
B.Cu
  6
CONTINUOUS
100
AcDbLine
 10
156.3344469999999831
 20
-82.9455019999999905
 30
0
 11
156.3398169999999823
 21
-82.9458829999999949
 31
0
  0
LINE
  5
B87
330
22
100
AcDbEntity
  8
B.Cu
  6
CONTINUOUS
100
AcDbLine
 10
156.3398169999999823
 20
-82.9458829999999949
 30
0
 11
156.344793999999979
 21
-82.94794499999999
 31
0
  0
LINE
  5
B88
330
22
100
AcDbEntity
  8
B.Cu
  6
CONTINUOUS
100
AcDbLine
 10
156.344793999999979
 20
-82.94794499999999
 30
0
 11
156.3447960000000023
 21
-82.9479460000000017
 31
0
  0
LINE
  5
B89
330
22
100
AcDbEntity
  8
B.Cu
  6
CONTINUOUS
100
AcDbLine
 10
156.3447960000000023
 20
-82.9479460000000017
 30
0
 11
156.3740599999999858
 21
-82.9508280000000013
 31
0
  0
LINE
  5
B8A
330
22
100
AcDbEntity
  8
B.Cu
  6
CONTINUOUS
100
AcDbLine
 10
156.3740599999999858
 20
-82.9508280000000013
 30
0
 11
156.3740630000000067
 21
-82.9508280000000013
 31
0
  0
LINE
  5
B8B
330
22
100
AcDbEntity
  8
B.Cu
  6
CONTINUOUS
100
AcDbLine
 10
156.3740630000000067
 20
-82.9508280000000013
 30
0
 11
156.6597720000000038
 21
-82.9508280000000013
 31
0
  0
LINE
  5
B8C
330
22
100
AcDbEntity
  8
B.Cu
  6
CONTINUOUS
100
AcDbLine
 10
156.6597720000000038
 20
-82.9508280000000013
 30
0
 11
156.6597739999999988
 21
-82.9508280000000013
 31
0
  0
LINE
  5
B8D
330
22
100
AcDbEntity
  8
B.Cu
  6
CONTINUOUS
100
AcDbLine
 10
156.6597739999999988
 20
-82.9508280000000013
 30
0
 11
156.6890379999999823
 21
-82.9479460000000017
 31
0
  0
LINE
  5
B8E
330
22
100
AcDbEntity
  8
B.Cu
  6
CONTINUOUS
100
AcDbLine
 10
156.6890379999999823
 20
-82.9479460000000017
 30
0
 11
156.6890389999999798
 21
-82.94794499999999
 31
0
  0
LINE
  5
B8F
330
22
100
AcDbEntity
  8
B.Cu
  6
CONTINUOUS
100
AcDbLine
 10
156.6890389999999798
 20
-82.94794499999999
 30
0
 11
156.6890420000000006
 21
-82.9479439999999926
 31
0
  0
LINE
  5
B90
330
22
100
AcDbEntity
  8
B.Cu
  6
CONTINUOUS
100
AcDbLine
 10
156.6890420000000006
 20
-82.9479439999999926
 30
0
 11
156.6940160000000049
 21
-82.9458829999999949
 31
0
  0
LINE
  5
B91
330
22
100
AcDbEntity
  8
B.Cu
  6
CONTINUOUS
100
AcDbLine
 10
156.6940160000000049
 20
-82.9458829999999949
 30
0
 11
156.6993829999999832
 21
-82.9455019999999905
 31
0
  0
LINE
  5
B92
330
22
100
AcDbEntity
  8
B.Cu
  6
CONTINUOUS
100
AcDbLine
 10
156.6993829999999832
 20
-82.9455019999999905
 30
0
 11
156.6993860000000041
 21
-82.9455019999999905
 31
0
  0
LINE
  5
B93
330
22
100
AcDbEntity
  8
B.Cu
  6
CONTINUOUS
100
AcDbLine
 10
156.6993860000000041
 20
-82.9455019999999905
 30
0
 11
156.6993919999999889
 21
-82.9455019999999905
 31
0
  0
LINE
  5
B94
330
22
100
AcDbEntity
  8
B.Cu
  6
CONTINUOUS
100
AcDbLine
 10
156.6993919999999889
 20
-82.9455019999999905
 30
0
 11
156.7268559999999979
 21
-82.9349919999999941
 31
0
  0
LINE
  5
B95
330
22
100
AcDbEntity
  8
B.Cu
  6
CONTINUOUS
100
AcDbLine
 10
156.7268559999999979
 20
-82.9349919999999941
 30
0
 11
156.8697129999999902
 21
-82.8635639999999967
 31
0
  0
LINE
  5
B96
330
22
100
AcDbEntity
  8
B.Cu
  6
CONTINUOUS
100
AcDbLine
 10
156.8697129999999902
 20
-82.8635639999999967
 30
0
 11
156.8945989999999995
 21
-82.8478989999999982
 31
0
  0
LINE
  5
B97
330
22
100
AcDbEntity
  8
B.Cu
  6
CONTINUOUS
100
AcDbLine
 10
156.8945989999999995
 20
-82.8478989999999982
 30
0
 11
156.9329449999999895
 21
-82.8036839999999899
 31
0
  0
LINE
  5
B98
330
22
100
AcDbEntity
  8
B.Cu
  6
CONTINUOUS
100
AcDbLine
 10
156.9329449999999895
 20
-82.8036839999999899
 30
0
 11
156.9401499999999885
 21
-82.7820699999999903
 31
0
  0
LINE
  5
B99
330
22
100
AcDbEntity
  8
B.Cu
  6
CONTINUOUS
100
AcDbLine
 10
156.9401499999999885
 20
-82.7820699999999903
 30
0
 11
156.9514529999999866
 21
-82.7481619999999936
 31
0
  0
LINE
  5
B9A
330
22
100
AcDbEntity
  8
B.Cu
  6
CONTINUOUS
100
AcDbLine
 10
156.9514529999999866
 20
-82.7481619999999936
 30
0
 11
156.950965999999994
 21
-82.7413059999999945
 31
0
  0
LINE
  5
B9B
330
22
100
AcDbEntity
  8
B.Cu
  6
CONTINUOUS
100
AcDbLine
 10
156.950965999999994
 20
-82.7413059999999945
 30
0
 11
156.9508289999999988
 21
-82.7393840000000012
 31
0
  0
LINE
  5
B9C
330
22
100
AcDbEntity
  8
B.Cu
  6
CONTINUOUS
100
AcDbLine
 10
156.9508289999999988
 20
-82.7393840000000012
 30
0
 11
156.9473050000000001
 21
-82.6897829999999914
 31
0
  0
LINE
  5
B9D
330
22
100
AcDbEntity
  8
B.Cu
  6
CONTINUOUS
100
AcDbLine
 10
156.9473050000000001
 20
-82.6897829999999914
 30
0
 11
156.9447020000000066
 21
-82.6845749999999953
 31
0
  0
LINE
  5
B9E
330
22
100
AcDbEntity
  8
B.Cu
  6
CONTINUOUS
100
AcDbLine
 10
156.9447020000000066
 20
-82.6845749999999953
 30
0
 11
156.9421729999999968
 21
-82.6795180000000016
 31
0
  0
LINE
  5
B9F
330
22
100
AcDbEntity
  8
B.Cu
  6
CONTINUOUS
100
AcDbLine
 10
156.9421729999999968
 20
-82.6795180000000016
 30
0
 11
156.9211310000000026
 21
-82.6374330000000015
 31
0
  0
LINE
  5
BA0
330
22
100
AcDbEntity
  8
B.Cu
  6
CONTINUOUS
100
AcDbLine
 10
156.9211310000000026
 20
-82.6374330000000015
 30
0
 11
156.8769159999999943
 21
-82.5990859999999998
 31
0
  0
LINE
  5
BA1
330
22
100
AcDbEntity
  8
B.Cu
  6
CONTINUOUS
100
AcDbLine
 10
156.8769159999999943
 20
-82.5990859999999998
 30
0
 11
156.8213930000000005
 21
-82.5805780000000027
 31
0
  0
LINE
  5
BA2
330
22
100
AcDbEntity
  8
B.Cu
  6
CONTINUOUS
100
AcDbLine
 10
156.8213930000000005
 20
-82.5805780000000027
 30
0
 11
156.7630130000000008
 21
-82.5847259999999892
 31
0
  0
LINE
  5
BA3
330
22
100
AcDbEntity
  8
B.Cu
  6
CONTINUOUS
100
AcDbLine
 10
156.7630130000000008
 20
-82.5847259999999892
 30
0
 11
156.7355499999999893
 21
-82.5952359999999999
 31
0
  0
LINE
  5
BA4
330
22
100
AcDbEntity
  8
B.Cu
  6
CONTINUOUS
100
AcDbLine
 10
156.7355499999999893
 20
-82.5952359999999999
 30
0
 11
156.6243639999999857
 21
-82.65082799999999
 31
0
  0
LINE
  5
BA5
330
22
100
AcDbEntity
  8
B.Cu
  6
CONTINUOUS
100
AcDbLine
 10
156.6243639999999857
 20
-82.65082799999999
 30
0
 11
156.4094699999999989
 21
-82.65082799999999
 31
0
  0
LINE
  5
BA6
330
22
100
AcDbEntity
  8
B.Cu
  6
CONTINUOUS
100
AcDbLine
 10
156.4094699999999989
 20
-82.65082799999999
 30
0
 11
156.3430060000000026
 21
-82.6175959999999918
 31
0
  0
LINE
  5
BA7
330
22
100
AcDbEntity
  8
B.Cu
  6
CONTINUOUS
100
AcDbLine
 10
156.3430060000000026
 20
-82.6175959999999918
 30
0
 11
156.3097740000000044
 21
-82.5511319999999955
 31
0
  0
LINE
  5
BA8
330
22
100
AcDbEntity
  8
B.Cu
  6
CONTINUOUS
100
AcDbLine
 10
156.3097740000000044
 20
-82.5511319999999955
 30
0
 11
156.3097740000000044
 21
-82.5505239999999958
 31
0
  0
LINE
  5
BA9
330
22
100
AcDbEntity
  8
B.Cu
  6
CONTINUOUS
100
AcDbLine
 10
156.3097740000000044
 20
-82.5505239999999958
 30
0
 11
156.3430060000000026
 21
-82.484059000000002
 31
0
  0
LINE
  5
BAA
330
22
100
AcDbEntity
  8
B.Cu
  6
CONTINUOUS
100
AcDbLine
 10
156.3430060000000026
 20
-82.484059000000002
 30
0
 11
156.4094699999999989
 21
-82.4508280000000013
 31
0
  0
LINE
  5
BAB
330
22
100
AcDbEntity
  8
B.Cu
  6
CONTINUOUS
100
AcDbLine
 10
156.4094699999999989
 20
-82.4508280000000013
 30
0
 11
156.5883460000000014
 21
-82.4508280000000013
 31
0
  0
LINE
  5
BAC
330
22
100
AcDbEntity
  8
B.Cu
  6
CONTINUOUS
100
AcDbLine
 10
156.5883460000000014
 20
-82.4508280000000013
 30
0
 11
156.6176099999999849
 21
-82.4479460000000017
 31
0
  0
LINE
  5
BAD
330
22
100
AcDbEntity
  8
B.Cu
  6
CONTINUOUS
100
AcDbLine
 10
156.6176099999999849
 20
-82.4479460000000017
 30
0
 11
156.622587999999979
 21
-82.4458829999999949
 31
0
  0
LINE
  5
BAE
330
22
100
AcDbEntity
  8
B.Cu
  6
CONTINUOUS
100
AcDbLine
 10
156.622587999999979
 20
-82.4458829999999949
 30
0
 11
156.6279639999999915
 21
-82.4455019999999905
 31
0
  0
LINE
  5
BAF
330
22
100
AcDbEntity
  8
B.Cu
  6
CONTINUOUS
100
AcDbLine
 10
156.6279639999999915
 20
-82.4455019999999905
 30
0
 11
156.6554280000000006
 21
-82.4349919999999941
 31
0
  0
LINE
  5
BB0
330
22
100
AcDbEntity
  8
B.Cu
  6
CONTINUOUS
100
AcDbLine
 10
156.6554280000000006
 20
-82.4349919999999941
 30
0
 11
156.7982849999999928
 21
-82.3635639999999967
 31
0
  0
LINE
  5
BB1
330
22
100
AcDbEntity
  8
B.Cu
  6
CONTINUOUS
100
AcDbLine
 10
156.7982849999999928
 20
-82.3635639999999967
 30
0
 11
156.8031770000000051
 21
-82.3604839999999996
 31
0
  0
LINE
  5
BB2
330
22
100
AcDbEntity
  8
B.Cu
  6
CONTINUOUS
100
AcDbLine
 10
156.8031770000000051
 20
-82.3604839999999996
 30
0
 11
156.804916999999989
 21
-82.3599040000000002
 31
0
  0
LINE
  5
BB3
330
22
100
AcDbEntity
  8
B.Cu
  6
CONTINUOUS
100
AcDbLine
 10
156.804916999999989
 20
-82.3599040000000002
 30
0
 11
156.804918999999984
 21
-82.3599030000000027
 31
0
  0
LINE
  5
BB4
330
22
100
AcDbEntity
  8
B.Cu
  6
CONTINUOUS
100
AcDbLine
 10
156.804918999999984
 20
-82.3599030000000027
 30
0
 11
156.8054879999999969
 21
-82.3597139999999968
 31
0
  0
LINE
  5
BB5
330
22
100
AcDbEntity
  8
B.Cu
  6
CONTINUOUS
100
AcDbLine
 10
156.8054879999999969
 20
-82.3597139999999968
 30
0
 11
156.8065739999999835
 21
-82.3587709999999902
 31
0
  0
LINE
  5
BB6
330
22
100
AcDbEntity
  8
B.Cu
  6
CONTINUOUS
100
AcDbLine
 10
156.8065739999999835
 20
-82.3587709999999902
 30
0
 11
156.8065780000000018
 21
-82.3587670000000003
 31
0
  0
LINE
  5
BB7
330
22
100
AcDbEntity
  8
B.Cu
  6
CONTINUOUS
100
AcDbLine
 10
156.8065780000000018
 20
-82.3587670000000003
 30
0
 11
156.8083639999999832
 21
-82.3572190000000006
 31
0
  0
LINE
  5
BB8
330
22
100
AcDbEntity
  8
B.Cu
  6
CONTINUOUS
100
AcDbLine
 10
156.8083639999999832
 20
-82.3572190000000006
 30
0
 11
156.8163879999999892
 21
-82.3521679999999918
 31
0
  0
LINE
  5
BB9
330
22
100
AcDbEntity
  8
B.Cu
  6
CONTINUOUS
100
AcDbLine
 10
156.8163879999999892
 20
-82.3521679999999918
 30
0
 11
156.8163940000000025
 21
-82.3521640000000019
 31
0
  0
LINE
  5
BBA
330
22
100
AcDbEntity
  8
B.Cu
  6
CONTINUOUS
100
AcDbLine
 10
156.8163940000000025
 20
-82.3521640000000019
 30
0
 11
156.8231710000000021
 21
-82.3478989999999982
 31
0
  0
LINE
  5
BBB
330
22
100
AcDbEntity
  8
B.Cu
  6
CONTINUOUS
100
AcDbLine
 10
156.8231710000000021
 20
-82.3478989999999982
 30
0
 11
156.8297129999999981
 21
-82.3403539999999907
 31
0
  0
LINE
  5
BBC
330
22
100
AcDbEntity
  8
B.Cu
  6
CONTINUOUS
100
AcDbLine
 10
156.8297129999999981
 20
-82.3403539999999907
 30
0
 11
156.8297199999999805
 21
-82.3403459999999967
 31
0
  0
LINE
  5
BBD
330
22
100
AcDbEntity
  8
B.Cu
  6
CONTINUOUS
100
AcDbLine
 10
156.8297199999999805
 20
-82.3403459999999967
 30
0
 11
156.8354919999999879
 21
-82.3336910000000017
 31
0
  0
LINE
  5
BBE
330
22
100
AcDbEntity
  8
B.Cu
  6
CONTINUOUS
100
AcDbLine
 10
156.8354919999999879
 20
-82.3336910000000017
 30
0
 11
156.842140999999998
 21
-82.3279239999999959
 31
0
  0
LINE
  5
BBF
330
22
100
AcDbEntity
  8
B.Cu
  6
CONTINUOUS
100
AcDbLine
 10
156.842140999999998
 20
-82.3279239999999959
 30
0
 11
156.8421490000000063
 21
-82.3279169999999993
 31
0
  0
LINE
  5
BC0
330
22
100
AcDbEntity
  8
B.Cu
  6
CONTINUOUS
100
AcDbLine
 10
156.8421490000000063
 20
-82.3279169999999993
 30
0
 11
156.8497030000000052
 21
-82.3213669999999951
 31
0
  0
LINE
  5
BC1
330
22
100
AcDbEntity
  8
B.Cu
  6
CONTINUOUS
100
AcDbLine
 10
156.8497030000000052
 20
-82.3213669999999951
 30
0
 11
156.8590229999999792
 21
-82.3065589999999929
 31
0
  0
LINE
  5
BC2
330
22
100
AcDbEntity
  8
B.Cu
  6
CONTINUOUS
100
AcDbLine
 10
156.8590229999999792
 20
-82.3065589999999929
 30
0
 11
156.8615169999999921
 21
-82.3036839999999899
 31
0
  0
LINE
  5
BC3
330
22
100
AcDbEntity
  8
B.Cu
  6
CONTINUOUS
100
AcDbLine
 10
156.8615169999999921
 20
-82.3036839999999899
 30
0
 11
156.8622859999999832
 21
-82.3013739999999956
 31
0
  0
LINE
  5
BC4
330
22
100
AcDbEntity
  8
B.Cu
  6
CONTINUOUS
100
AcDbLine
 10
156.8622859999999832
 20
-82.3013739999999956
 30
0
 11
156.865366999999992
 21
-82.296481
 31
0
  0
LINE
  5
BC5
330
22
100
AcDbEntity
  8
B.Cu
  6
CONTINUOUS
100
AcDbLine
 10
156.865366999999992
 20
-82.296481
 30
0
 11
156.9135389999999859
 21
-82.200136999999998
 31
0
  0
LINE
  5
BC6
330
22
100
AcDbEntity
  8
B.Cu
  6
CONTINUOUS
100
AcDbLine
 10
156.9135389999999859
 20
-82.200136999999998
 30
0
 11
156.9367959999999869
 21
-82.1536229999999961
 31
0
  0
LINE
  5
BC7
330
22
100
AcDbEntity
  8
B.Cu
  6
CONTINUOUS
100
AcDbLine
 10
156.9367959999999869
 20
-82.1536229999999961
 30
0
 11
156.9396889999999871
 21
-82.1460639999999955
 31
0
  0
LINE
  5
BC8
330
22
100
AcDbEntity
  8
B.Cu
  6
CONTINUOUS
100
AcDbLine
 10
156.9396889999999871
 20
-82.1460639999999955
 30
0
 11
156.9473050000000001
 21
-82.1261599999999987
 31
0
  0
LINE
  5
BC9
330
22
100
AcDbEntity
  8
B.Cu
  6
CONTINUOUS
100
AcDbLine
 10
156.9473050000000001
 20
-82.1261599999999987
 30
0
 11
156.947591999999986
 21
-82.1221089999999947
 31
0
  0
LINE
  5
BCA
330
22
100
AcDbEntity
  8
B.Cu
  6
CONTINUOUS
100
AcDbLine
 10
156.947591999999986
 20
-82.1221089999999947
 30
0
 11
156.947591999999986
 21
-82.1221079999999972
 31
0
  0
LINE
  5
BCB
330
22
100
AcDbEntity
  8
B.Cu
  6
CONTINUOUS
100
AcDbLine
 10
156.947591999999986
 20
-82.1221079999999972
 30
0
 11
156.9476860000000045
 21
-82.1207840000000004
 31
0
  0
LINE
  5
BCC
330
22
100
AcDbEntity
  8
B.Cu
  6
CONTINUOUS
100
AcDbLine
 10
156.9476860000000045
 20
-82.1207840000000004
 30
0
 11
156.9493789999999933
 21
-82.116697000000002
 31
0
  0
LINE
  5
BCD
330
22
100
AcDbEntity
  8
B.Cu
  6
CONTINUOUS
100
AcDbLine
 10
156.9493789999999933
 20
-82.116697000000002
 30
0
 11
156.9493829999999832
 21
-82.1166869999999989
 31
0
  0
LINE
  5
BCE
330
22
100
AcDbEntity
  8
B.Cu
  6
CONTINUOUS
100
AcDbLine
 10
156.9493829999999832
 20
-82.1166869999999989
 30
0
 11
156.9497489999999971
 21
-82.1158059999999921
 31
0
  0
LINE
  5
BCF
330
22
100
AcDbEntity
  8
B.Cu
  6
CONTINUOUS
100
AcDbLine
 10
156.9497489999999971
 20
-82.1158059999999921
 30
0
 11
156.9526309999999967
 21
-82.0865419999999943
 31
0
  0
LINE
  5
BD0
330
22
100
AcDbEntity
  8
B.Cu
  6
CONTINUOUS
100
AcDbLine
 10
156.9526309999999967
 20
-82.0865419999999943
 30
0
 11
156.9526309999999967
 21
-82.015113999999997
 31
0
  0
LINE
  5
BD1
330
22
100
AcDbEntity
  8
B.Cu
  6
CONTINUOUS
100
AcDbLine
 10
156.9526309999999967
 20
-82.015113999999997
 30
0
 11
156.9497489999999971
 21
-81.9858499999999992
 31
0
  0
LINE
  5
BD2
330
22
100
AcDbEntity
  8
B.Cu
  6
CONTINUOUS
100
AcDbLine
 10
156.9497489999999971
 20
-81.9858499999999992
 30
0
 11
156.9497479999999996
 21
-81.9858479999999901
 31
0
  0
LINE
  5
BD3
330
22
100
AcDbEntity
  8
B.Cu
  6
CONTINUOUS
100
AcDbLine
 10
156.9497479999999996
 20
-81.9858479999999901
 30
0
 11
156.9497479999999996
 21
-81.9858469999999926
 31
0
  0
LINE
  5
BD4
330
22
100
AcDbEntity
  8
B.Cu
  6
CONTINUOUS
100
AcDbLine
 10
156.9497479999999996
 20
-81.9858469999999926
 30
0
 11
156.9476860000000045
 21
-81.9808709999999934
 31
0
  0
LINE
  5
BD5
330
22
100
AcDbEntity
  8
B.Cu
  6
CONTINUOUS
100
AcDbLine
 10
156.9476860000000045
 20
-81.9808709999999934
 30
0
 11
156.9473050000000001
 21
-81.9754959999999926
 31
0
  0
LINE
  5
BD6
330
22
100
AcDbEntity
  8
B.Cu
  6
CONTINUOUS
100
AcDbLine
 10
156.9473050000000001
 20
-81.9754959999999926
 30
0
 11
156.9367949999999894
 21
-81.9480329999999952
 31
0
  0
LINE
  5
BD7
330
22
100
AcDbEntity
  8
B.Cu
  6
CONTINUOUS
100
AcDbLine
 10
156.9367949999999894
 20
-81.9480329999999952
 30
0
 11
156.865366999999992
 21
-81.8051749999999913
 31
0
  0
LINE
  5
BD8
330
22
100
AcDbEntity
  8
B.Cu
  6
CONTINUOUS
100
AcDbLine
 10
156.865366999999992
 20
-81.8051749999999913
 30
0
 11
156.8622859999999832
 21
-81.8002809999999982
 31
0
  0
LINE
  5
BD9
330
22
100
AcDbEntity
  8
B.Cu
  6
CONTINUOUS
100
AcDbLine
 10
156.8622859999999832
 20
-81.8002809999999982
 30
0
 11
156.8615169999999921
 21
-81.7979729999999989
 31
0
  0
LINE
  5
BDA
330
22
100
AcDbEntity
  8
B.Cu
  6
CONTINUOUS
100
AcDbLine
 10
156.8615169999999921
 20
-81.7979729999999989
 30
0
 11
156.8590229999999792
 21
-81.7950969999999984
 31
0
  0
LINE
  5
BDB
330
22
100
AcDbEntity
  8
B.Cu
  6
CONTINUOUS
100
AcDbLine
 10
156.8590229999999792
 20
-81.7950969999999984
 30
0
 11
156.8497019999999793
 21
-81.7802899999999937
 31
0
  0
LINE
  5
BDC
330
22
100
AcDbEntity
  8
B.Cu
  6
CONTINUOUS
100
AcDbLine
 10
156.8497019999999793
 20
-81.7802899999999937
 30
0
 11
156.8354949999999803
 21
-81.7679689999999937
 31
0
  0
LINE
  5
BDD
330
22
100
AcDbEntity
  8
B.Cu
  6
CONTINUOUS
100
AcDbLine
 10
156.8354949999999803
 20
-81.7679689999999937
 30
0
 11
156.8231710000000021
 21
-81.7537579999999906
 31
0
  0
LINE
  5
BDE
330
22
100
AcDbEntity
  8
B.Cu
  6
CONTINUOUS
100
AcDbLine
 10
156.8231710000000021
 20
-81.7537579999999906
 30
0
 11
156.8083599999999933
 21
-81.7444349999999957
 31
0
  0
LINE
  5
BDF
330
22
100
AcDbEntity
  8
B.Cu
  6
CONTINUOUS
100
AcDbLine
 10
156.8083599999999933
 20
-81.7444349999999957
 30
0
 11
156.8054869999999994
 21
-81.741942999999992
 31
0
  0
LINE
  5
BE0
330
22
100
AcDbEntity
  8
B.Cu
  6
CONTINUOUS
100
AcDbLine
 10
156.8054869999999994
 20
-81.741942999999992
 30
0
 11
156.8031790000000001
 21
-81.7411729999999892
 31
0
  0
LINE
  5
BE1
330
22
100
AcDbEntity
  8
B.Cu
  6
CONTINUOUS
100
AcDbLine
 10
156.8031790000000001
 20
-81.7411729999999892
 30
0
 11
156.7982849999999928
 21
-81.7380929999999921
 31
0
  0
LINE
  5
BE2
330
22
100
AcDbEntity
  8
B.Cu
  6
CONTINUOUS
100
AcDbLine
 10
156.7982849999999928
 20
-81.7380929999999921
 30
0
 11
156.6554280000000006
 21
-81.6666639999999973
 31
0
  0
LINE
  5
BE3
330
22
100
AcDbEntity
  8
B.Cu
  6
CONTINUOUS
100
AcDbLine
 10
156.6554280000000006
 20
-81.6666639999999973
 30
0
 11
156.627964999999989
 21
-81.6561549999999983
 31
0
  0
LINE
  5
BE4
330
22
100
AcDbEntity
  8
B.Cu
  6
CONTINUOUS
100
AcDbLine
 10
156.627964999999989
 20
-81.6561549999999983
 30
0
 11
156.6225900000000024
 21
-81.6557729999999964
 31
0
  0
LINE
  5
BE5
330
22
100
AcDbEntity
  8
B.Cu
  6
CONTINUOUS
100
AcDbLine
 10
156.6225900000000024
 20
-81.6557729999999964
 30
0
 11
156.6176099999999849
 21
-81.6537099999999896
 31
0
  0
LINE
  5
BE6
330
22
100
AcDbEntity
  8
B.Cu
  6
CONTINUOUS
100
AcDbLine
 10
156.6176099999999849
 20
-81.6537099999999896
 30
0
 11
156.5943769999999802
 21
-81.6514219999999966
 31
0
  0
LINE
  5
BE7
330
22
100
AcDbEntity
  8
B.Cu
  6
CONTINUOUS
100
AcDbLine
 10
156.5943769999999802
 20
-81.6514219999999966
 30
0
 11
156.5883460000000014
 21
-81.65082799999999
 31
0
  0
LINE
  5
BE8
330
22
100
AcDbEntity
  8
B.Cu
  6
CONTINUOUS
100
AcDbLine
 10
156.5883460000000014
 20
-81.65082799999999
 30
0
 11
156.3740599999999858
 21
-81.65082799999999
 31
0
  0
LINE
  5
BE9
330
22
100
AcDbEntity
  8
B.Cu
  6
CONTINUOUS
100
AcDbLine
 10
156.3740599999999858
 20
-81.65082799999999
 30
0
 11
156.3447960000000023
 21
-81.6537099999999896
 31
0
  0
LINE
  5
BEA
330
22
100
AcDbEntity
  8
B.Cu
  6
CONTINUOUS
100
AcDbLine
 10
160.1478669999999909
 20
-81.1761079999999993
 30
0
 11
160.1064829999999972
 21
-81.2174919999999929
 31
0
  0
LINE
  5
BEB
330
22
100
AcDbEntity
  8
B.Cu
  6
CONTINUOUS
100
AcDbLine
 10
160.1064829999999972
 20
-81.2174919999999929
 30
0
 11
160.0840849999999875
 21
-81.271562000000003
 31
0
  0
LINE
  5
BEC
330
22
100
AcDbEntity
  8
B.Cu
  6
CONTINUOUS
100
AcDbLine
 10
160.0840849999999875
 20
-81.271562000000003
 30
0
 11
160.0840849999999875
 21
-81.2715659999999929
 31
0
  0
LINE
  5
BED
330
22
100
AcDbEntity
  8
B.Cu
  6
CONTINUOUS
100
AcDbLine
 10
160.0840849999999875
 20
-81.2715659999999929
 30
0
 11
160.0815379999999948
 21
-81.2974329999999981
 31
0
  0
LINE
  5
BEE
330
22
100
AcDbEntity
  8
B.Cu
  6
CONTINUOUS
100
AcDbLine
 10
160.0815379999999948
 20
-81.2974329999999981
 30
0
 11
160.0812029999999879
 21
-81.3008279999999957
 31
0
  0
LINE
  5
BEF
330
22
100
AcDbEntity
  8
B.Cu
  6
CONTINUOUS
100
AcDbLine
 10
160.0812029999999879
 20
-81.3008279999999957
 30
0
 11
160.0812029999999879
 21
-81.65082799999999
 31
0
  0
LINE
  5
BF0
330
22
100
AcDbEntity
  8
B.Cu
  6
CONTINUOUS
100
AcDbLine
 10
160.0812029999999879
 20
-81.65082799999999
 30
0
 11
159.8740599999999858
 21
-81.65082799999999
 31
0
  0
LINE
  5
BF1
330
22
100
AcDbEntity
  8
B.Cu
  6
CONTINUOUS
100
AcDbLine
 10
159.8740599999999858
 20
-81.65082799999999
 30
0
 11
159.8447960000000023
 21
-81.6537099999999896
 31
0
  0
LINE
  5
BF2
330
22
100
AcDbEntity
  8
B.Cu
  6
CONTINUOUS
100
AcDbLine
 10
159.8447960000000023
 20
-81.6537099999999896
 30
0
 11
159.7907239999999831
 21
-81.6761079999999993
 31
0
  0
LINE
  5
BF3
330
22
100
AcDbEntity
  8
B.Cu
  6
CONTINUOUS
100
AcDbLine
 10
159.7907239999999831
 20
-81.6761079999999993
 30
0
 11
159.7493399999999895
 21
-81.7174919999999929
 31
0
  0
LINE
  5
BF4
330
22
100
AcDbEntity
  8
B.Cu
  6
CONTINUOUS
100
AcDbLine
 10
159.7493399999999895
 20
-81.7174919999999929
 30
0
 11
159.7269419999999798
 21
-81.7715639999999979
 31
0
  0
LINE
  5
BF5
330
22
100
AcDbEntity
  8
B.Cu
  6
CONTINUOUS
100
AcDbLine
 10
159.7269419999999798
 20
-81.7715639999999979
 30
0
 11
159.7269419999999798
 21
-81.8300919999999934
 31
0
  0
LINE
  5
BF6
330
22
100
AcDbEntity
  8
B.Cu
  6
CONTINUOUS
100
AcDbLine
 10
159.7269419999999798
 20
-81.8300919999999934
 30
0
 11
159.7493399999999895
 21
-81.8841639999999984
 31
0
  0
LINE
  5
BF7
330
22
100
AcDbEntity
  8
B.Cu
  6
CONTINUOUS
100
AcDbLine
 10
159.7493399999999895
 20
-81.8841639999999984
 30
0
 11
159.7907229999999856
 21
-81.9255469999999946
 31
0
  0
LINE
  5
BF8
330
22
100
AcDbEntity
  8
B.Cu
  6
CONTINUOUS
100
AcDbLine
 10
159.7907229999999856
 20
-81.9255469999999946
 30
0
 11
159.7907239999999831
 21
-81.925547999999992
 31
0
  0
LINE
  5
BF9
330
22
100
AcDbEntity
  8
B.Cu
  6
CONTINUOUS
100
AcDbLine
 10
159.7907239999999831
 20
-81.925547999999992
 30
0
 11
159.8060799999999801
 21
-81.9319089999999903
 31
0
  0
LINE
  5
BFA
330
22
100
AcDbEntity
  8
B.Cu
  6
CONTINUOUS
100
AcDbLine
 10
159.8060799999999801
 20
-81.9319089999999903
 30
0
 11
159.8447960000000023
 21
-81.9479460000000017
 31
0
  0
LINE
  5
BFB
330
22
100
AcDbEntity
  8
B.Cu
  6
CONTINUOUS
100
AcDbLine
 10
159.8447960000000023
 20
-81.9479460000000017
 30
0
 11
159.8740599999999858
 21
-81.9508280000000013
 31
0
  0
LINE
  5
BFC
330
22
100
AcDbEntity
  8
B.Cu
  6
CONTINUOUS
100
AcDbLine
 10
159.8740599999999858
 20
-81.9508280000000013
 30
0
 11
159.9572029999999927
 21
-81.9508280000000013
 31
0
  0
LINE
  5
BFD
330
22
100
AcDbEntity
  8
B.Cu
  6
CONTINUOUS
100
AcDbLine
 10
159.9572029999999927
 20
-81.9508280000000013
 30
0
 11
160.0812029999999879
 21
-81.9508280000000013
 31
0
  0
LINE
  5
BFE
330
22
100
AcDbEntity
  8
B.Cu
  6
CONTINUOUS
100
AcDbLine
 10
160.0812029999999879
 20
-81.9508280000000013
 30
0
 11
160.0812029999999879
 21
-82.5511319999999955
 31
0
  0
LINE
  5
BFF
330
22
100
AcDbEntity
  8
B.Cu
  6
CONTINUOUS
100
AcDbLine
 10
160.0812029999999879
 20
-82.5511319999999955
 30
0
 11
160.0479699999999923
 21
-82.6175959999999918
 31
0
  0
LINE
  5
C00
330
22
100
AcDbEntity
  8
B.Cu
  6
CONTINUOUS
100
AcDbLine
 10
160.0479699999999923
 20
-82.6175959999999918
 30
0
 11
159.9815069999999935
 21
-82.65082799999999
 31
0
  0
LINE
  5
C01
330
22
100
AcDbEntity
  8
B.Cu
  6
CONTINUOUS
100
AcDbLine
 10
159.9815069999999935
 20
-82.65082799999999
 30
0
 11
159.8740599999999858
 21
-82.65082799999999
 31
0
  0
LINE
  5
C02
330
22
100
AcDbEntity
  8
B.Cu
  6
CONTINUOUS
100
AcDbLine
 10
159.8740599999999858
 20
-82.65082799999999
 30
0
 11
159.8447960000000023
 21
-82.6537099999999896
 31
0
  0
LINE
  5
C03
330
22
100
AcDbEntity
  8
B.Cu
  6
CONTINUOUS
100
AcDbLine
 10
159.8447960000000023
 20
-82.6537099999999896
 30
0
 11
159.7907239999999831
 21
-82.6761079999999993
 31
0
  0
LINE
  5
C04
330
22
100
AcDbEntity
  8
B.Cu
  6
CONTINUOUS
100
AcDbLine
 10
159.7907239999999831
 20
-82.6761079999999993
 30
0
 11
159.7493399999999895
 21
-82.7174919999999929
 31
0
  0
LINE
  5
C05
330
22
100
AcDbEntity
  8
B.Cu
  6
CONTINUOUS
100
AcDbLine
 10
159.7493399999999895
 20
-82.7174919999999929
 30
0
 11
159.7269419999999798
 21
-82.7715639999999979
 31
0
  0
LINE
  5
C06
330
22
100
AcDbEntity
  8
B.Cu
  6
CONTINUOUS
100
AcDbLine
 10
159.7269419999999798
 20
-82.7715639999999979
 30
0
 11
159.7269419999999798
 21
-82.8300919999999934
 31
0
  0
LINE
  5
C07
330
22
100
AcDbEntity
  8
B.Cu
  6
CONTINUOUS
100
AcDbLine
 10
159.7269419999999798
 20
-82.8300919999999934
 30
0
 11
159.7493399999999895
 21
-82.8841639999999984
 31
0
  0
LINE
  5
C08
330
22
100
AcDbEntity
  8
B.Cu
  6
CONTINUOUS
100
AcDbLine
 10
159.7493399999999895
 20
-82.8841639999999984
 30
0
 11
159.7907239999999831
 21
-82.925547999999992
 31
0
  0
LINE
  5
C09
330
22
100
AcDbEntity
  8
B.Cu
  6
CONTINUOUS
100
AcDbLine
 10
159.7907239999999831
 20
-82.925547999999992
 30
0
 11
159.8447909999999865
 21
-82.9479439999999926
 31
0
  0
LINE
  5
C0A
330
22
100
AcDbEntity
  8
B.Cu
  6
CONTINUOUS
100
AcDbLine
 10
159.8447909999999865
 20
-82.9479439999999926
 30
0
 11
159.8447960000000023
 21
-82.9479460000000017
 31
0
  0
LINE
  5
C0B
330
22
100
AcDbEntity
  8
B.Cu
  6
CONTINUOUS
100
AcDbLine
 10
159.8447960000000023
 20
-82.9479460000000017
 30
0
 11
159.8740599999999858
 21
-82.9508280000000013
 31
0
  0
LINE
  5
C0C
330
22
100
AcDbEntity
  8
B.Cu
  6
CONTINUOUS
100
AcDbLine
 10
159.8740599999999858
 20
-82.9508280000000013
 30
0
 11
159.8740640000000042
 21
-82.9508280000000013
 31
0
  0
LINE
  5
C0D
330
22
100
AcDbEntity
  8
B.Cu
  6
CONTINUOUS
100
AcDbLine
 10
159.8740640000000042
 20
-82.9508280000000013
 30
0
 11
160.0169149999999831
 21
-82.9508280000000013
 31
0
  0
LINE
  5
C0E
330
22
100
AcDbEntity
  8
B.Cu
  6
CONTINUOUS
100
AcDbLine
 10
160.0169149999999831
 20
-82.9508280000000013
 30
0
 11
160.0169170000000065
 21
-82.9508280000000013
 31
0
  0
LINE
  5
C0F
330
22
100
AcDbEntity
  8
B.Cu
  6
CONTINUOUS
100
AcDbLine
 10
160.0169170000000065
 20
-82.9508280000000013
 30
0
 11
160.04618099999999
 21
-82.9479460000000017
 31
0
  0
LINE
  5
C10
330
22
100
AcDbEntity
  8
B.Cu
  6
CONTINUOUS
100
AcDbLine
 10
160.04618099999999
 20
-82.9479460000000017
 30
0
 11
160.0511589999999842
 21
-82.9458829999999949
 31
0
  0
LINE
  5
C11
330
22
100
AcDbEntity
  8
B.Cu
  6
CONTINUOUS
100
AcDbLine
 10
160.0511589999999842
 20
-82.9458829999999949
 30
0
 11
160.0565349999999967
 21
-82.9455019999999905
 31
0
  0
LINE
  5
C12
330
22
100
AcDbEntity
  8
B.Cu
  6
CONTINUOUS
100
AcDbLine
 10
160.0565349999999967
 20
-82.9455019999999905
 30
0
 11
160.0839990000000057
 21
-82.9349919999999941
 31
0
  0
LINE
  5
C13
330
22
100
AcDbEntity
  8
B.Cu
  6
CONTINUOUS
100
AcDbLine
 10
160.0839990000000057
 20
-82.9349919999999941
 30
0
 11
160.2268559999999979
 21
-82.8635639999999967
 31
0
  0
LINE
  5
C14
330
22
100
AcDbEntity
  8
B.Cu
  6
CONTINUOUS
100
AcDbLine
 10
160.2268559999999979
 20
-82.8635639999999967
 30
0
 11
160.2275080000000003
 21
-82.863152999999997
 31
0
  0
LINE
  5
C15
330
22
100
AcDbEntity
  8
B.Cu
  6
CONTINUOUS
100
AcDbLine
 10
160.2275080000000003
 20
-82.863152999999997
 30
0
 11
160.2275109999999927
 21
-82.863151000000002
 31
0
  0
LINE
  5
C16
330
22
100
AcDbEntity
  8
B.Cu
  6
CONTINUOUS
100
AcDbLine
 10
160.2275109999999927
 20
-82.863151000000002
 30
0
 11
160.2317500000000052
 21
-82.8604830000000021
 31
0
  0
LINE
  5
C17
330
22
100
AcDbEntity
  8
B.Cu
  6
CONTINUOUS
100
AcDbLine
 10
160.2317500000000052
 20
-82.8604830000000021
 30
0
 11
160.2340519999999913
 21
-82.8597149999999942
 31
0
  0
LINE
  5
C18
330
22
100
AcDbEntity
  8
B.Cu
  6
CONTINUOUS
100
AcDbLine
 10
160.2340519999999913
 20
-82.8597149999999942
 30
0
 11
160.2340539999999862
 21
-82.8597149999999942
 31
0
  0
LINE
  5
C19
330
22
100
AcDbEntity
  8
B.Cu
  6
CONTINUOUS
100
AcDbLine
 10
160.2340539999999862
 20
-82.8597149999999942
 30
0
 11
160.2340580000000045
 21
-82.8597139999999968
 31
0
  0
LINE
  5
C1A
330
22
100
AcDbEntity
  8
B.Cu
  6
CONTINUOUS
100
AcDbLine
 10
160.2340580000000045
 20
-82.8597139999999968
 30
0
 11
160.2340599999999995
 21
-82.8597109999999901
 31
0
  0
LINE
  5
C1B
330
22
100
AcDbEntity
  8
B.Cu
  6
CONTINUOUS
100
AcDbLine
 10
160.2340599999999995
 20
-82.8597109999999901
 30
0
 11
160.2340639999999894
 21
-82.8597079999999977
 31
0
  0
LINE
  5
C1C
330
22
100
AcDbEntity
  8
B.Cu
  6
CONTINUOUS
100
AcDbLine
 10
160.2340639999999894
 20
-82.8597079999999977
 30
0
 11
160.2369319999999959
 21
-82.8572209999999956
 31
0
  0
LINE
  5
C1D
330
22
100
AcDbEntity
  8
B.Cu
  6
CONTINUOUS
100
AcDbLine
 10
160.2369319999999959
 20
-82.8572209999999956
 30
0
 11
160.2449519999999836
 21
-82.8521719999999959
 31
0
  0
LINE
  5
C1E
330
22
100
AcDbEntity
  8
B.Cu
  6
CONTINUOUS
100
AcDbLine
 10
160.2449519999999836
 20
-82.8521719999999959
 30
0
 11
160.2449599999999919
 21
-82.8521669999999943
 31
0
  0
LINE
  5
C1F
330
22
100
AcDbEntity
  8
B.Cu
  6
CONTINUOUS
100
AcDbLine
 10
160.2449599999999919
 20
-82.8521669999999943
 30
0
 11
160.2517419999999788
 21
-82.8478989999999982
 31
0
  0
LINE
  5
C20
330
22
100
AcDbEntity
  8
B.Cu
  6
CONTINUOUS
100
AcDbLine
 10
160.2517419999999788
 20
-82.8478989999999982
 30
0
 11
160.2582909999999856
 21
-82.8403459999999967
 31
0
  0
LINE
  5
C21
330
22
100
AcDbEntity
  8
B.Cu
  6
CONTINUOUS
100
AcDbLine
 10
160.2582909999999856
 20
-82.8403459999999967
 30
0
 11
160.2582979999999964
 21
-82.8403380000000027
 31
0
  0
LINE
  5
C22
330
22
100
AcDbEntity
  8
B.Cu
  6
CONTINUOUS
100
AcDbLine
 10
160.2582979999999964
 20
-82.8403380000000027
 30
0
 11
160.2640639999999905
 21
-82.8336899999999901
 31
0
  0
LINE
  5
C23
330
22
100
AcDbEntity
  8
B.Cu
  6
CONTINUOUS
100
AcDbLine
 10
160.2640639999999905
 20
-82.8336899999999901
 30
0
 11
160.2707120000000032
 21
-82.8279239999999959
 31
0
  0
LINE
  5
C24
330
22
100
AcDbEntity
  8
B.Cu
  6
CONTINUOUS
100
AcDbLine
 10
160.2707120000000032
 20
-82.8279239999999959
 30
0
 11
160.270719999999983
 21
-82.8279169999999993
 31
0
  0
LINE
  5
C25
330
22
100
AcDbEntity
  8
B.Cu
  6
CONTINUOUS
100
AcDbLine
 10
160.270719999999983
 20
-82.8279169999999993
 30
0
 11
160.2782729999999844
 21
-82.8213679999999925
 31
0
  0
LINE
  5
C26
330
22
100
AcDbEntity
  8
B.Cu
  6
CONTINUOUS
100
AcDbLine
 10
160.2782729999999844
 20
-82.8213679999999925
 30
0
 11
160.2875949999999818
 21
-82.8065579999999954
 31
0
  0
LINE
  5
C27
330
22
100
AcDbEntity
  8
B.Cu
  6
CONTINUOUS
100
AcDbLine
 10
160.2875949999999818
 20
-82.8065579999999954
 30
0
 11
160.2900879999999972
 21
-82.8036839999999899
 31
0
  0
LINE
  5
C28
330
22
100
AcDbEntity
  8
B.Cu
  6
CONTINUOUS
100
AcDbLine
 10
160.2900879999999972
 20
-82.8036839999999899
 30
0
 11
160.2908569999999884
 21
-82.8013759999999905
 31
0
  0
LINE
  5
C29
330
22
100
AcDbEntity
  8
B.Cu
  6
CONTINUOUS
100
AcDbLine
 10
160.2908569999999884
 20
-82.8013759999999905
 30
0
 11
160.2939379999999971
 21
-82.7964819999999975
 31
0
  0
LINE
  5
C2A
330
22
100
AcDbEntity
  8
B.Cu
  6
CONTINUOUS
100
AcDbLine
 10
160.2939379999999971
 20
-82.7964819999999975
 30
0
 11
160.365366999999992
 21
-82.6536239999999935
 31
0
  0
LINE
  5
C2B
330
22
100
AcDbEntity
  8
B.Cu
  6
CONTINUOUS
100
AcDbLine
 10
160.365366999999992
 20
-82.6536239999999935
 30
0
 11
160.3758770000000027
 21
-82.6261609999999962
 31
0
  0
LINE
  5
C2C
330
22
100
AcDbEntity
  8
B.Cu
  6
CONTINUOUS
100
AcDbLine
 10
160.3758770000000027
 20
-82.6261609999999962
 30
0
 11
160.3758770000000027
 21
-82.626150999999993
 31
0
  0
LINE
  5
C2D
330
22
100
AcDbEntity
  8
B.Cu
  6
CONTINUOUS
100
AcDbLine
 10
160.3758770000000027
 20
-82.626150999999993
 30
0
 11
160.3758780000000002
 21
-82.6261459999999914
 31
0
  0
LINE
  5
C2E
330
22
100
AcDbEntity
  8
B.Cu
  6
CONTINUOUS
100
AcDbLine
 10
160.3758780000000002
 20
-82.6261459999999914
 30
0
 11
160.3762590000000046
 21
-82.620783000000003
 31
0
  0
LINE
  5
C2F
330
22
100
AcDbEntity
  8
B.Cu
  6
CONTINUOUS
100
AcDbLine
 10
160.3762590000000046
 20
-82.620783000000003
 30
0
 11
160.3783149999999864
 21
-82.6158190000000019
 31
0
  0
LINE
  5
C30
330
22
100
AcDbEntity
  8
B.Cu
  6
CONTINUOUS
100
AcDbLine
 10
160.3783149999999864
 20
-82.6158190000000019
 30
0
 11
160.3783169999999814
 21
-82.6158130000000028
 31
0
  0
LINE
  5
C31
330
22
100
AcDbEntity
  8
B.Cu
  6
CONTINUOUS
100
AcDbLine
 10
160.3783169999999814
 20
-82.6158130000000028
 30
0
 11
160.3783209999999997
 21
-82.6158059999999921
 31
0
  0
LINE
  5
C32
330
22
100
AcDbEntity
  8
B.Cu
  6
CONTINUOUS
100
AcDbLine
 10
160.3783209999999997
 20
-82.6158059999999921
 30
0
 11
160.3812029999999993
 21
-82.5865419999999943
 31
0
  0
LINE
  5
C33
330
22
100
AcDbEntity
  8
B.Cu
  6
CONTINUOUS
100
AcDbLine
 10
160.3812029999999993
 20
-82.5865419999999943
 30
0
 11
160.3812029999999993
 21
-82.0681479999999937
 31
0
  0
LINE
  5
C34
330
22
100
AcDbEntity
  8
B.Cu
  6
CONTINUOUS
100
AcDbLine
 10
160.3812029999999993
 20
-82.0681479999999937
 30
0
 11
160.3812029999999993
 21
-81.9508280000000013
 31
0
  0
LINE
  5
C35
330
22
100
AcDbEntity
  8
B.Cu
  6
CONTINUOUS
100
AcDbLine
 10
160.3812029999999993
 20
-81.9508280000000013
 30
0
 11
160.4454879999999832
 21
-81.9508280000000013
 31
0
  0
LINE
  5
C36
330
22
100
AcDbEntity
  8
B.Cu
  6
CONTINUOUS
100
AcDbLine
 10
160.4454879999999832
 20
-81.9508280000000013
 30
0
 11
160.4597210000000018
 21
-81.9494260000000025
 31
0
  0
LINE
  5
C37
330
22
100
AcDbEntity
  8
B.Cu
  6
CONTINUOUS
100
AcDbLine
 10
160.4597210000000018
 20
-81.9494260000000025
 30
0
 11
160.4597219999999993
 21
-81.9494260000000025
 31
0
  0
LINE
  5
C38
330
22
100
AcDbEntity
  8
B.Cu
  6
CONTINUOUS
100
AcDbLine
 10
160.4597219999999993
 20
-81.9494260000000025
 30
0
 11
160.4747519999999952
 21
-81.9479460000000017
 31
0
  0
LINE
  5
C39
330
22
100
AcDbEntity
  8
B.Cu
  6
CONTINUOUS
100
AcDbLine
 10
160.4747519999999952
 20
-81.9479460000000017
 30
0
 11
160.528823999999986
 21
-81.925547999999992
 31
0
  0
LINE
  5
C3A
330
22
100
AcDbEntity
  8
B.Cu
  6
CONTINUOUS
100
AcDbLine
 10
160.528823999999986
 20
-81.925547999999992
 30
0
 11
160.5702079999999796
 21
-81.8841639999999984
 31
0
  0
LINE
  5
C3B
330
22
100
AcDbEntity
  8
B.Cu
  6
CONTINUOUS
100
AcDbLine
 10
160.5702079999999796
 20
-81.8841639999999984
 30
0
 11
160.5750459999999862
 21
-81.8724830000000026
 31
0
  0
LINE
  5
C3C
330
22
100
AcDbEntity
  8
B.Cu
  6
CONTINUOUS
100
AcDbLine
 10
160.5750459999999862
 20
-81.8724830000000026
 30
0
 11
160.5750459999999862
 21
-81.8724819999999909
 31
0
  0
LINE
  5
C3D
330
22
100
AcDbEntity
  8
B.Cu
  6
CONTINUOUS
100
AcDbLine
 10
160.5750459999999862
 20
-81.8724819999999909
 30
0
 11
160.5894889999999862
 21
-81.837617999999992
 31
0
  0
LINE
  5
C3E
330
22
100
AcDbEntity
  8
B.Cu
  6
CONTINUOUS
100
AcDbLine
 10
160.5894889999999862
 20
-81.837617999999992
 30
0
 11
160.5926059999999893
 21
-81.8300919999999934
 31
0
  0
LINE
  5
C3F
330
22
100
AcDbEntity
  8
B.Cu
  6
CONTINUOUS
100
AcDbLine
 10
160.5926059999999893
 20
-81.8300919999999934
 30
0
 11
160.5926059999999893
 21
-81.7715639999999979
 31
0
  0
LINE
  5
C40
330
22
100
AcDbEntity
  8
B.Cu
  6
CONTINUOUS
100
AcDbLine
 10
160.5926059999999893
 20
-81.7715639999999979
 30
0
 11
160.5876379999999983
 21
-81.759570999999994
 31
0
  0
LINE
  5
C41
330
22
100
AcDbEntity
  8
B.Cu
  6
CONTINUOUS
100
AcDbLine
 10
160.5876379999999983
 20
-81.759570999999994
 30
0
 11
160.5820249999999874
 21
-81.7460209999999989
 31
0
  0
LINE
  5
C42
330
22
100
AcDbEntity
  8
B.Cu
  6
CONTINUOUS
100
AcDbLine
 10
160.5820249999999874
 20
-81.7460209999999989
 30
0
 11
160.5702079999999796
 21
-81.7174919999999929
 31
0
  0
LINE
  5
C43
330
22
100
AcDbEntity
  8
B.Cu
  6
CONTINUOUS
100
AcDbLine
 10
160.5702079999999796
 20
-81.7174919999999929
 30
0
 11
160.528823999999986
 21
-81.6761079999999993
 31
0
  0
LINE
  5
C44
330
22
100
AcDbEntity
  8
B.Cu
  6
CONTINUOUS
100
AcDbLine
 10
160.528823999999986
 20
-81.6761079999999993
 30
0
 11
160.4747519999999952
 21
-81.6537099999999896
 31
0
  0
LINE
  5
C45
330
22
100
AcDbEntity
  8
B.Cu
  6
CONTINUOUS
100
AcDbLine
 10
160.4747519999999952
 20
-81.6537099999999896
 30
0
 11
160.4454879999999832
 21
-81.65082799999999
 31
0
  0
LINE
  5
C46
330
22
100
AcDbEntity
  8
B.Cu
  6
CONTINUOUS
100
AcDbLine
 10
160.4454879999999832
 20
-81.65082799999999
 30
0
 11
160.3812029999999993
 21
-81.65082799999999
 31
0
  0
LINE
  5
C47
330
22
100
AcDbEntity
  8
B.Cu
  6
CONTINUOUS
100
AcDbLine
 10
160.3812029999999993
 20
-81.65082799999999
 30
0
 11
160.3812029999999993
 21
-81.3008279999999957
 31
0
  0
LINE
  5
C48
330
22
100
AcDbEntity
  8
B.Cu
  6
CONTINUOUS
100
AcDbLine
 10
160.3812029999999993
 20
-81.3008279999999957
 30
0
 11
160.3783209999999997
 21
-81.2715639999999979
 31
0
  0
LINE
  5
C49
330
22
100
AcDbEntity
  8
B.Cu
  6
CONTINUOUS
100
AcDbLine
 10
160.3783209999999997
 20
-81.2715639999999979
 30
0
 11
160.35592299999999
 21
-81.2174919999999929
 31
0
  0
LINE
  5
C4A
330
22
100
AcDbEntity
  8
B.Cu
  6
CONTINUOUS
100
AcDbLine
 10
160.35592299999999
 20
-81.2174919999999929
 30
0
 11
160.3145389999999963
 21
-81.1761079999999993
 31
0
  0
LINE
  5
C4B
330
22
100
AcDbEntity
  8
B.Cu
  6
CONTINUOUS
100
AcDbLine
 10
160.3145389999999963
 20
-81.1761079999999993
 30
0
 11
160.2604670000000056
 21
-81.1537099999999896
 31
0
  0
LINE
  5
C4C
330
22
100
AcDbEntity
  8
B.Cu
  6
CONTINUOUS
100
AcDbLine
 10
160.2604670000000056
 20
-81.1537099999999896
 30
0
 11
160.2019389999999817
 21
-81.1537099999999896
 31
0
  0
LINE
  5
C4D
330
22
100
AcDbEntity
  8
B.Cu
  6
CONTINUOUS
100
AcDbLine
 10
160.2019389999999817
 20
-81.1537099999999896
 30
0
 11
160.1478669999999909
 21
-81.1761079999999993
 31
0
  0
LINE
  5
C4E
330
22
100
AcDbEntity
  8
B.Cu
  6
CONTINUOUS
100
AcDbLine
 10
165.6478669999999909
 20
-81.1761079999999993
 30
0
 11
165.6064829999999972
 21
-81.2174919999999929
 31
0
  0
LINE
  5
C4F
330
22
100
AcDbEntity
  8
B.Cu
  6
CONTINUOUS
100
AcDbLine
 10
165.6064829999999972
 20
-81.2174919999999929
 30
0
 11
165.5840849999999875
 21
-81.271562000000003
 31
0
  0
LINE
  5
C50
330
22
100
AcDbEntity
  8
B.Cu
  6
CONTINUOUS
100
AcDbLine
 10
165.5840849999999875
 20
-81.271562000000003
 30
0
 11
165.5840849999999875
 21
-81.2715659999999929
 31
0
  0
LINE
  5
C51
330
22
100
AcDbEntity
  8
B.Cu
  6
CONTINUOUS
100
AcDbLine
 10
165.5840849999999875
 20
-81.2715659999999929
 30
0
 11
165.5815379999999948
 21
-81.2974329999999981
 31
0
  0
LINE
  5
C52
330
22
100
AcDbEntity
  8
B.Cu
  6
CONTINUOUS
100
AcDbLine
 10
165.5815379999999948
 20
-81.2974329999999981
 30
0
 11
165.5812029999999879
 21
-81.3008279999999957
 31
0
  0
LINE
  5
C53
330
22
100
AcDbEntity
  8
B.Cu
  6
CONTINUOUS
100
AcDbLine
 10
165.5812029999999879
 20
-81.3008279999999957
 30
0
 11
165.5812029999999879
 21
-81.65082799999999
 31
0
  0
LINE
  5
C54
330
22
100
AcDbEntity
  8
B.Cu
  6
CONTINUOUS
100
AcDbLine
 10
165.5812029999999879
 20
-81.65082799999999
 30
0
 11
165.3740599999999858
 21
-81.65082799999999
 31
0
  0
LINE
  5
C55
330
22
100
AcDbEntity
  8
B.Cu
  6
CONTINUOUS
100
AcDbLine
 10
165.3740599999999858
 20
-81.65082799999999
 30
0
 11
165.3447960000000023
 21
-81.6537099999999896
 31
0
  0
LINE
  5
C56
330
22
100
AcDbEntity
  8
B.Cu
  6
CONTINUOUS
100
AcDbLine
 10
165.3447960000000023
 20
-81.6537099999999896
 30
0
 11
165.2907239999999831
 21
-81.6761079999999993
 31
0
  0
LINE
  5
C57
330
22
100
AcDbEntity
  8
B.Cu
  6
CONTINUOUS
100
AcDbLine
 10
165.2907239999999831
 20
-81.6761079999999993
 30
0
 11
165.2493399999999895
 21
-81.7174919999999929
 31
0
  0
LINE
  5
C58
330
22
100
AcDbEntity
  8
B.Cu
  6
CONTINUOUS
100
AcDbLine
 10
165.2493399999999895
 20
-81.7174919999999929
 30
0
 11
165.2269419999999798
 21
-81.7715639999999979
 31
0
  0
LINE
  5
C59
330
22
100
AcDbEntity
  8
B.Cu
  6
CONTINUOUS
100
AcDbLine
 10
165.2269419999999798
 20
-81.7715639999999979
 30
0
 11
165.2269419999999798
 21
-81.8300919999999934
 31
0
  0
LINE
  5
C5A
330
22
100
AcDbEntity
  8
B.Cu
  6
CONTINUOUS
100
AcDbLine
 10
165.2269419999999798
 20
-81.8300919999999934
 30
0
 11
165.2493399999999895
 21
-81.8841639999999984
 31
0
  0
LINE
  5
C5B
330
22
100
AcDbEntity
  8
B.Cu
  6
CONTINUOUS
100
AcDbLine
 10
165.2493399999999895
 20
-81.8841639999999984
 30
0
 11
165.2907239999999831
 21
-81.925547999999992
 31
0
  0
LINE
  5
C5C
330
22
100
AcDbEntity
  8
B.Cu
  6
CONTINUOUS
100
AcDbLine
 10
165.2907239999999831
 20
-81.925547999999992
 30
0
 11
165.3447960000000023
 21
-81.9479460000000017
 31
0
  0
LINE
  5
C5D
330
22
100
AcDbEntity
  8
B.Cu
  6
CONTINUOUS
100
AcDbLine
 10
165.3447960000000023
 20
-81.9479460000000017
 30
0
 11
165.3740599999999858
 21
-81.9508280000000013
 31
0
  0
LINE
  5
C5E
330
22
100
AcDbEntity
  8
B.Cu
  6
CONTINUOUS
100
AcDbLine
 10
165.3740599999999858
 20
-81.9508280000000013
 30
0
 11
165.5812029999999879
 21
-81.9508280000000013
 31
0
  0
LINE
  5
C5F
330
22
100
AcDbEntity
  8
B.Cu
  6
CONTINUOUS
100
AcDbLine
 10
165.5812029999999879
 20
-81.9508280000000013
 30
0
 11
165.5812029999999879
 21
-82.5511319999999955
 31
0
  0
LINE
  5
C60
330
22
100
AcDbEntity
  8
B.Cu
  6
CONTINUOUS
100
AcDbLine
 10
165.5812029999999879
 20
-82.5511319999999955
 30
0
 11
165.5479699999999923
 21
-82.6175959999999918
 31
0
  0
LINE
  5
C61
330
22
100
AcDbEntity
  8
B.Cu
  6
CONTINUOUS
100
AcDbLine
 10
165.5479699999999923
 20
-82.6175959999999918
 30
0
 11
165.4815069999999935
 21
-82.65082799999999
 31
0
  0
LINE
  5
C62
330
22
100
AcDbEntity
  8
B.Cu
  6
CONTINUOUS
100
AcDbLine
 10
165.4815069999999935
 20
-82.65082799999999
 30
0
 11
165.3740599999999858
 21
-82.65082799999999
 31
0
  0
LINE
  5
C63
330
22
100
AcDbEntity
  8
B.Cu
  6
CONTINUOUS
100
AcDbLine
 10
165.3740599999999858
 20
-82.65082799999999
 30
0
 11
165.3447960000000023
 21
-82.6537099999999896
 31
0
  0
LINE
  5
C64
330
22
100
AcDbEntity
  8
B.Cu
  6
CONTINUOUS
100
AcDbLine
 10
165.3447960000000023
 20
-82.6537099999999896
 30
0
 11
165.2907239999999831
 21
-82.6761079999999993
 31
0
  0
LINE
  5
C65
330
22
100
AcDbEntity
  8
B.Cu
  6
CONTINUOUS
100
AcDbLine
 10
165.2907239999999831
 20
-82.6761079999999993
 30
0
 11
165.2493399999999895
 21
-82.7174919999999929
 31
0
  0
LINE
  5
C66
330
22
100
AcDbEntity
  8
B.Cu
  6
CONTINUOUS
100
AcDbLine
 10
165.2493399999999895
 20
-82.7174919999999929
 30
0
 11
165.2269419999999798
 21
-82.7715639999999979
 31
0
  0
LINE
  5
C67
330
22
100
AcDbEntity
  8
B.Cu
  6
CONTINUOUS
100
AcDbLine
 10
165.2269419999999798
 20
-82.7715639999999979
 30
0
 11
165.2269419999999798
 21
-82.8300919999999934
 31
0
  0
LINE
  5
C68
330
22
100
AcDbEntity
  8
B.Cu
  6
CONTINUOUS
100
AcDbLine
 10
165.2269419999999798
 20
-82.8300919999999934
 30
0
 11
165.2493399999999895
 21
-82.8841639999999984
 31
0
  0
LINE
  5
C69
330
22
100
AcDbEntity
  8
B.Cu
  6
CONTINUOUS
100
AcDbLine
 10
165.2493399999999895
 20
-82.8841639999999984
 30
0
 11
165.2907239999999831
 21
-82.925547999999992
 31
0
  0
LINE
  5
C6A
330
22
100
AcDbEntity
  8
B.Cu
  6
CONTINUOUS
100
AcDbLine
 10
165.2907239999999831
 20
-82.925547999999992
 30
0
 11
165.3447909999999865
 21
-82.9479439999999926
 31
0
  0
LINE
  5
C6B
330
22
100
AcDbEntity
  8
B.Cu
  6
CONTINUOUS
100
AcDbLine
 10
165.3447909999999865
 20
-82.9479439999999926
 30
0
 11
165.3447960000000023
 21
-82.9479460000000017
 31
0
  0
LINE
  5
C6C
330
22
100
AcDbEntity
  8
B.Cu
  6
CONTINUOUS
100
AcDbLine
 10
165.3447960000000023
 20
-82.9479460000000017
 30
0
 11
165.3740599999999858
 21
-82.9508280000000013
 31
0
  0
LINE
  5
C6D
330
22
100
AcDbEntity
  8
B.Cu
  6
CONTINUOUS
100
AcDbLine
 10
165.3740599999999858
 20
-82.9508280000000013
 30
0
 11
165.3740640000000042
 21
-82.9508280000000013
 31
0
  0
LINE
  5
C6E
330
22
100
AcDbEntity
  8
B.Cu
  6
CONTINUOUS
100
AcDbLine
 10
165.3740640000000042
 20
-82.9508280000000013
 30
0
 11
165.5169149999999831
 21
-82.9508280000000013
 31
0
  0
LINE
  5
C6F
330
22
100
AcDbEntity
  8
B.Cu
  6
CONTINUOUS
100
AcDbLine
 10
165.5169149999999831
 20
-82.9508280000000013
 30
0
 11
165.5169170000000065
 21
-82.9508280000000013
 31
0
  0
LINE
  5
C70
330
22
100
AcDbEntity
  8
B.Cu
  6
CONTINUOUS
100
AcDbLine
 10
165.5169170000000065
 20
-82.9508280000000013
 30
0
 11
165.54618099999999
 21
-82.9479460000000017
 31
0
  0
LINE
  5
C71
330
22
100
AcDbEntity
  8
B.Cu
  6
CONTINUOUS
100
AcDbLine
 10
165.54618099999999
 20
-82.9479460000000017
 30
0
 11
165.5511589999999842
 21
-82.9458829999999949
 31
0
  0
LINE
  5
C72
330
22
100
AcDbEntity
  8
B.Cu
  6
CONTINUOUS
100
AcDbLine
 10
165.5511589999999842
 20
-82.9458829999999949
 30
0
 11
165.5565349999999967
 21
-82.9455019999999905
 31
0
  0
LINE
  5
C73
330
22
100
AcDbEntity
  8
B.Cu
  6
CONTINUOUS
100
AcDbLine
 10
165.5565349999999967
 20
-82.9455019999999905
 30
0
 11
165.5839990000000057
 21
-82.9349919999999941
 31
0
  0
LINE
  5
C74
330
22
100
AcDbEntity
  8
B.Cu
  6
CONTINUOUS
100
AcDbLine
 10
165.5839990000000057
 20
-82.9349919999999941
 30
0
 11
165.7268559999999979
 21
-82.8635639999999967
 31
0
  0
LINE
  5
C75
330
22
100
AcDbEntity
  8
B.Cu
  6
CONTINUOUS
100
AcDbLine
 10
165.7268559999999979
 20
-82.8635639999999967
 30
0
 11
165.7275080000000003
 21
-82.863152999999997
 31
0
  0
LINE
  5
C76
330
22
100
AcDbEntity
  8
B.Cu
  6
CONTINUOUS
100
AcDbLine
 10
165.7275080000000003
 20
-82.863152999999997
 30
0
 11
165.7275109999999927
 21
-82.863151000000002
 31
0
  0
LINE
  5
C77
330
22
100
AcDbEntity
  8
B.Cu
  6
CONTINUOUS
100
AcDbLine
 10
165.7275109999999927
 20
-82.863151000000002
 30
0
 11
165.7317500000000052
 21
-82.8604830000000021
 31
0
  0
LINE
  5
C78
330
22
100
AcDbEntity
  8
B.Cu
  6
CONTINUOUS
100
AcDbLine
 10
165.7317500000000052
 20
-82.8604830000000021
 30
0
 11
165.7340519999999913
 21
-82.8597149999999942
 31
0
  0
LINE
  5
C79
330
22
100
AcDbEntity
  8
B.Cu
  6
CONTINUOUS
100
AcDbLine
 10
165.7340519999999913
 20
-82.8597149999999942
 30
0
 11
165.7340539999999862
 21
-82.8597149999999942
 31
0
  0
LINE
  5
C7A
330
22
100
AcDbEntity
  8
B.Cu
  6
CONTINUOUS
100
AcDbLine
 10
165.7340539999999862
 20
-82.8597149999999942
 30
0
 11
165.7340580000000045
 21
-82.8597139999999968
 31
0
  0
LINE
  5
C7B
330
22
100
AcDbEntity
  8
B.Cu
  6
CONTINUOUS
100
AcDbLine
 10
165.7340580000000045
 20
-82.8597139999999968
 30
0
 11
165.7340599999999995
 21
-82.8597109999999901
 31
0
  0
LINE
  5
C7C
330
22
100
AcDbEntity
  8
B.Cu
  6
CONTINUOUS
100
AcDbLine
 10
165.7340599999999995
 20
-82.8597109999999901
 30
0
 11
165.7340639999999894
 21
-82.8597079999999977
 31
0
  0
LINE
  5
C7D
330
22
100
AcDbEntity
  8
B.Cu
  6
CONTINUOUS
100
AcDbLine
 10
165.7340639999999894
 20
-82.8597079999999977
 30
0
 11
165.7369319999999959
 21
-82.8572209999999956
 31
0
  0
LINE
  5
C7E
330
22
100
AcDbEntity
  8
B.Cu
  6
CONTINUOUS
100
AcDbLine
 10
165.7369319999999959
 20
-82.8572209999999956
 30
0
 11
165.7449519999999836
 21
-82.8521719999999959
 31
0
  0
LINE
  5
C7F
330
22
100
AcDbEntity
  8
B.Cu
  6
CONTINUOUS
100
AcDbLine
 10
165.7449519999999836
 20
-82.8521719999999959
 30
0
 11
165.7449599999999919
 21
-82.8521669999999943
 31
0
  0
LINE
  5
C80
330
22
100
AcDbEntity
  8
B.Cu
  6
CONTINUOUS
100
AcDbLine
 10
165.7449599999999919
 20
-82.8521669999999943
 30
0
 11
165.7517419999999788
 21
-82.8478989999999982
 31
0
  0
LINE
  5
C81
330
22
100
AcDbEntity
  8
B.Cu
  6
CONTINUOUS
100
AcDbLine
 10
165.7517419999999788
 20
-82.8478989999999982
 30
0
 11
165.7582909999999856
 21
-82.8403459999999967
 31
0
  0
LINE
  5
C82
330
22
100
AcDbEntity
  8
B.Cu
  6
CONTINUOUS
100
AcDbLine
 10
165.7582909999999856
 20
-82.8403459999999967
 30
0
 11
165.7582979999999964
 21
-82.8403380000000027
 31
0
  0
LINE
  5
C83
330
22
100
AcDbEntity
  8
B.Cu
  6
CONTINUOUS
100
AcDbLine
 10
165.7582979999999964
 20
-82.8403380000000027
 30
0
 11
165.7640639999999905
 21
-82.8336899999999901
 31
0
  0
LINE
  5
C84
330
22
100
AcDbEntity
  8
B.Cu
  6
CONTINUOUS
100
AcDbLine
 10
165.7640639999999905
 20
-82.8336899999999901
 30
0
 11
165.7707120000000032
 21
-82.8279239999999959
 31
0
  0
LINE
  5
C85
330
22
100
AcDbEntity
  8
B.Cu
  6
CONTINUOUS
100
AcDbLine
 10
165.7707120000000032
 20
-82.8279239999999959
 30
0
 11
165.770719999999983
 21
-82.8279169999999993
 31
0
  0
LINE
  5
C86
330
22
100
AcDbEntity
  8
B.Cu
  6
CONTINUOUS
100
AcDbLine
 10
165.770719999999983
 20
-82.8279169999999993
 30
0
 11
165.7782729999999844
 21
-82.8213679999999925
 31
0
  0
LINE
  5
C87
330
22
100
AcDbEntity
  8
B.Cu
  6
CONTINUOUS
100
AcDbLine
 10
165.7782729999999844
 20
-82.8213679999999925
 30
0
 11
165.7875949999999818
 21
-82.8065579999999954
 31
0
  0
LINE
  5
C88
330
22
100
AcDbEntity
  8
B.Cu
  6
CONTINUOUS
100
AcDbLine
 10
165.7875949999999818
 20
-82.8065579999999954
 30
0
 11
165.7900879999999972
 21
-82.8036839999999899
 31
0
  0
LINE
  5
C89
330
22
100
AcDbEntity
  8
B.Cu
  6
CONTINUOUS
100
AcDbLine
 10
165.7900879999999972
 20
-82.8036839999999899
 30
0
 11
165.7908569999999884
 21
-82.8013759999999905
 31
0
  0
LINE
  5
C8A
330
22
100
AcDbEntity
  8
B.Cu
  6
CONTINUOUS
100
AcDbLine
 10
165.7908569999999884
 20
-82.8013759999999905
 30
0
 11
165.7939379999999971
 21
-82.7964819999999975
 31
0
  0
LINE
  5
C8B
330
22
100
AcDbEntity
  8
B.Cu
  6
CONTINUOUS
100
AcDbLine
 10
165.7939379999999971
 20
-82.7964819999999975
 30
0
 11
165.865366999999992
 21
-82.6536239999999935
 31
0
  0
LINE
  5
C8C
330
22
100
AcDbEntity
  8
B.Cu
  6
CONTINUOUS
100
AcDbLine
 10
165.865366999999992
 20
-82.6536239999999935
 30
0
 11
165.8758770000000027
 21
-82.6261609999999962
 31
0
  0
LINE
  5
C8D
330
22
100
AcDbEntity
  8
B.Cu
  6
CONTINUOUS
100
AcDbLine
 10
165.8758770000000027
 20
-82.6261609999999962
 30
0
 11
165.8758770000000027
 21
-82.626150999999993
 31
0
  0
LINE
  5
C8E
330
22
100
AcDbEntity
  8
B.Cu
  6
CONTINUOUS
100
AcDbLine
 10
165.8758770000000027
 20
-82.626150999999993
 30
0
 11
165.8758780000000002
 21
-82.6261459999999914
 31
0
  0
LINE
  5
C8F
330
22
100
AcDbEntity
  8
B.Cu
  6
CONTINUOUS
100
AcDbLine
 10
165.8758780000000002
 20
-82.6261459999999914
 30
0
 11
165.8762590000000046
 21
-82.620783000000003
 31
0
  0
LINE
  5
C90
330
22
100
AcDbEntity
  8
B.Cu
  6
CONTINUOUS
100
AcDbLine
 10
165.8762590000000046
 20
-82.620783000000003
 30
0
 11
165.8783149999999864
 21
-82.6158190000000019
 31
0
  0
LINE
  5
C91
330
22
100
AcDbEntity
  8
B.Cu
  6
CONTINUOUS
100
AcDbLine
 10
165.8783149999999864
 20
-82.6158190000000019
 30
0
 11
165.8783169999999814
 21
-82.6158130000000028
 31
0
  0
LINE
  5
C92
330
22
100
AcDbEntity
  8
B.Cu
  6
CONTINUOUS
100
AcDbLine
 10
165.8783169999999814
 20
-82.6158130000000028
 30
0
 11
165.8783209999999997
 21
-82.6158059999999921
 31
0
  0
LINE
  5
C93
330
22
100
AcDbEntity
  8
B.Cu
  6
CONTINUOUS
100
AcDbLine
 10
165.8783209999999997
 20
-82.6158059999999921
 30
0
 11
165.8812029999999993
 21
-82.5865419999999943
 31
0
  0
LINE
  5
C94
330
22
100
AcDbEntity
  8
B.Cu
  6
CONTINUOUS
100
AcDbLine
 10
165.8812029999999993
 20
-82.5865419999999943
 30
0
 11
165.8812029999999993
 21
-82.0681479999999937
 31
0
  0
LINE
  5
C95
330
22
100
AcDbEntity
  8
B.Cu
  6
CONTINUOUS
100
AcDbLine
 10
165.8812029999999993
 20
-82.0681479999999937
 30
0
 11
165.8812029999999993
 21
-81.9508280000000013
 31
0
  0
LINE
  5
C96
330
22
100
AcDbEntity
  8
B.Cu
  6
CONTINUOUS
100
AcDbLine
 10
165.8812029999999993
 20
-81.9508280000000013
 30
0
 11
165.9454879999999832
 21
-81.9508280000000013
 31
0
  0
LINE
  5
C97
330
22
100
AcDbEntity
  8
B.Cu
  6
CONTINUOUS
100
AcDbLine
 10
165.9454879999999832
 20
-81.9508280000000013
 30
0
 11
165.9593720000000019
 21
-81.949460000000002
 31
0
  0
LINE
  5
C98
330
22
100
AcDbEntity
  8
B.Cu
  6
CONTINUOUS
100
AcDbLine
 10
165.9593720000000019
 20
-81.949460000000002
 30
0
 11
165.9593729999999994
 21
-81.949460000000002
 31
0
  0
LINE
  5
C99
330
22
100
AcDbEntity
  8
B.Cu
  6
CONTINUOUS
100
AcDbLine
 10
165.9593729999999994
 20
-81.949460000000002
 30
0
 11
165.9747519999999952
 21
-81.9479460000000017
 31
0
  0
LINE
  5
C9A
330
22
100
AcDbEntity
  8
B.Cu
  6
CONTINUOUS
100
AcDbLine
 10
165.9747519999999952
 20
-81.9479460000000017
 30
0
 11
166.028823999999986
 21
-81.925547999999992
 31
0
  0
LINE
  5
C9B
330
22
100
AcDbEntity
  8
B.Cu
  6
CONTINUOUS
100
AcDbLine
 10
166.028823999999986
 20
-81.925547999999992
 30
0
 11
166.0702079999999796
 21
-81.8841639999999984
 31
0
  0
LINE
  5
C9C
330
22
100
AcDbEntity
  8
B.Cu
  6
CONTINUOUS
100
AcDbLine
 10
166.0702079999999796
 20
-81.8841639999999984
 30
0
 11
166.075729999999993
 21
-81.8708309999999955
 31
0
  0
LINE
  5
C9D
330
22
100
AcDbEntity
  8
B.Cu
  6
CONTINUOUS
100
AcDbLine
 10
166.075729999999993
 20
-81.8708309999999955
 30
0
 11
166.0757309999999904
 21
-81.870829999999998
 31
0
  0
LINE
  5
C9E
330
22
100
AcDbEntity
  8
B.Cu
  6
CONTINUOUS
100
AcDbLine
 10
166.0757309999999904
 20
-81.870829999999998
 30
0
 11
166.0926059999999893
 21
-81.8300919999999934
 31
0
  0
LINE
  5
C9F
330
22
100
AcDbEntity
  8
B.Cu
  6
CONTINUOUS
100
AcDbLine
 10
166.0926059999999893
 20
-81.8300919999999934
 30
0
 11
166.0926059999999893
 21
-81.7715639999999979
 31
0
  0
LINE
  5
CA0
330
22
100
AcDbEntity
  8
B.Cu
  6
CONTINUOUS
100
AcDbLine
 10
166.0926059999999893
 20
-81.7715639999999979
 30
0
 11
166.0797079999999823
 21
-81.7404269999999968
 31
0
  0
LINE
  5
CA1
330
22
100
AcDbEntity
  8
B.Cu
  6
CONTINUOUS
100
AcDbLine
 10
166.0797079999999823
 20
-81.7404269999999968
 30
0
 11
166.0787430000000029
 21
-81.7380979999999937
 31
0
  0
LINE
  5
CA2
330
22
100
AcDbEntity
  8
B.Cu
  6
CONTINUOUS
100
AcDbLine
 10
166.0787430000000029
 20
-81.7380979999999937
 30
0
 11
166.0702079999999796
 21
-81.7174919999999929
 31
0
  0
LINE
  5
CA3
330
22
100
AcDbEntity
  8
B.Cu
  6
CONTINUOUS
100
AcDbLine
 10
166.0702079999999796
 20
-81.7174919999999929
 30
0
 11
166.0702069999999821
 21
-81.7174909999999954
 31
0
  0
LINE
  5
CA4
330
22
100
AcDbEntity
  8
B.Cu
  6
CONTINUOUS
100
AcDbLine
 10
166.0702069999999821
 20
-81.7174909999999954
 30
0
 11
166.028823999999986
 21
-81.6761079999999993
 31
0
  0
LINE
  5
CA5
330
22
100
AcDbEntity
  8
B.Cu
  6
CONTINUOUS
100
AcDbLine
 10
166.028823999999986
 20
-81.6761079999999993
 30
0
 11
165.9747519999999952
 21
-81.6537099999999896
 31
0
  0
LINE
  5
CA6
330
22
100
AcDbEntity
  8
B.Cu
  6
CONTINUOUS
100
AcDbLine
 10
165.9747519999999952
 20
-81.6537099999999896
 30
0
 11
165.9454879999999832
 21
-81.65082799999999
 31
0
  0
LINE
  5
CA7
330
22
100
AcDbEntity
  8
B.Cu
  6
CONTINUOUS
100
AcDbLine
 10
165.9454879999999832
 20
-81.65082799999999
 30
0
 11
165.8812029999999993
 21
-81.65082799999999
 31
0
  0
LINE
  5
CA8
330
22
100
AcDbEntity
  8
B.Cu
  6
CONTINUOUS
100
AcDbLine
 10
165.8812029999999993
 20
-81.65082799999999
 30
0
 11
165.8812029999999993
 21
-81.3008279999999957
 31
0
  0
LINE
  5
CA9
330
22
100
AcDbEntity
  8
B.Cu
  6
CONTINUOUS
100
AcDbLine
 10
165.8812029999999993
 20
-81.3008279999999957
 30
0
 11
165.8783209999999997
 21
-81.2715639999999979
 31
0
  0
LINE
  5
CAA
330
22
100
AcDbEntity
  8
B.Cu
  6
CONTINUOUS
100
AcDbLine
 10
165.8783209999999997
 20
-81.2715639999999979
 30
0
 11
165.85592299999999
 21
-81.2174919999999929
 31
0
  0
LINE
  5
CAB
330
22
100
AcDbEntity
  8
B.Cu
  6
CONTINUOUS
100
AcDbLine
 10
165.85592299999999
 20
-81.2174919999999929
 30
0
 11
165.8145389999999963
 21
-81.1761079999999993
 31
0
  0
LINE
  5
CAC
330
22
100
AcDbEntity
  8
B.Cu
  6
CONTINUOUS
100
AcDbLine
 10
165.8145389999999963
 20
-81.1761079999999993
 30
0
 11
165.7604670000000056
 21
-81.1537099999999896
 31
0
  0
LINE
  5
CAD
330
22
100
AcDbEntity
  8
B.Cu
  6
CONTINUOUS
100
AcDbLine
 10
165.7604670000000056
 20
-81.1537099999999896
 30
0
 11
165.7019389999999817
 21
-81.1537099999999896
 31
0
  0
LINE
  5
CAE
330
22
100
AcDbEntity
  8
B.Cu
  6
CONTINUOUS
100
AcDbLine
 10
165.7019389999999817
 20
-81.1537099999999896
 30
0
 11
165.6478669999999909
 21
-81.1761079999999993
 31
0
  0
LINE
  5
CAF
330
22
100
AcDbEntity
  8
B.Cu
  6
CONTINUOUS
100
AcDbLine
 10
159.2907239999999831
 20
-81.1761079999999993
 30
0
 11
159.2493399999999895
 21
-81.2174919999999929
 31
0
  0
LINE
  5
CB0
330
22
100
AcDbEntity
  8
B.Cu
  6
CONTINUOUS
100
AcDbLine
 10
159.2493399999999895
 20
-81.2174919999999929
 30
0
 11
159.2269419999999798
 21
-81.271562000000003
 31
0
  0
LINE
  5
CB1
330
22
100
AcDbEntity
  8
B.Cu
  6
CONTINUOUS
100
AcDbLine
 10
159.2269419999999798
 20
-81.271562000000003
 30
0
 11
159.2269419999999798
 21
-81.2715659999999929
 31
0
  0
LINE
  5
CB2
330
22
100
AcDbEntity
  8
B.Cu
  6
CONTINUOUS
100
AcDbLine
 10
159.2269419999999798
 20
-81.2715659999999929
 30
0
 11
159.224394999999987
 21
-81.2974329999999981
 31
0
  0
LINE
  5
CB3
330
22
100
AcDbEntity
  8
B.Cu
  6
CONTINUOUS
100
AcDbLine
 10
159.224394999999987
 20
-81.2974329999999981
 30
0
 11
159.2240599999999802
 21
-81.3008279999999957
 31
0
  0
LINE
  5
CB4
330
22
100
AcDbEntity
  8
B.Cu
  6
CONTINUOUS
100
AcDbLine
 10
159.2240599999999802
 20
-81.3008279999999957
 30
0
 11
159.2240599999999802
 21
-82.5511319999999955
 31
0
  0
LINE
  5
CB5
330
22
100
AcDbEntity
  8
B.Cu
  6
CONTINUOUS
100
AcDbLine
 10
159.2240599999999802
 20
-82.5511319999999955
 30
0
 11
159.1908269999999845
 21
-82.6175959999999918
 31
0
  0
LINE
  5
CB6
330
22
100
AcDbEntity
  8
B.Cu
  6
CONTINUOUS
100
AcDbLine
 10
159.1908269999999845
 20
-82.6175959999999918
 30
0
 11
159.0926919999999996
 21
-82.6666639999999973
 31
0
  0
LINE
  5
CB7
330
22
100
AcDbEntity
  8
B.Cu
  6
CONTINUOUS
100
AcDbLine
 10
159.0926919999999996
 20
-82.6666639999999973
 30
0
 11
159.0776859999999999
 21
-82.6761099999999942
 31
0
  0
LINE
  5
CB8
330
22
100
AcDbEntity
  8
B.Cu
  6
CONTINUOUS
100
AcDbLine
 10
159.0776859999999999
 20
-82.6761099999999942
 30
0
 11
159.0722729999999956
 21
-82.6795180000000016
 31
0
  0
LINE
  5
CB9
330
22
100
AcDbEntity
  8
B.Cu
  6
CONTINUOUS
100
AcDbLine
 10
159.0722729999999956
 20
-82.6795180000000016
 30
0
 11
159.0678069999999877
 21
-82.6823289999999957
 31
0
  0
LINE
  5
CBA
330
22
100
AcDbEntity
  8
B.Cu
  6
CONTINUOUS
100
AcDbLine
 10
159.0678069999999877
 20
-82.6823289999999957
 30
0
 11
159.0294600000000003
 21
-82.7265439999999899
 31
0
  0
LINE
  5
CBB
330
22
100
AcDbEntity
  8
B.Cu
  6
CONTINUOUS
100
AcDbLine
 10
159.0294600000000003
 20
-82.7265439999999899
 30
0
 11
159.0109520000000032
 21
-82.7820660000000004
 31
0
  0
LINE
  5
CBC
330
22
100
AcDbEntity
  8
B.Cu
  6
CONTINUOUS
100
AcDbLine
 10
159.0109520000000032
 20
-82.7820660000000004
 30
0
 11
159.0150999999999897
 21
-82.840446
 31
0
  0
LINE
  5
CBD
330
22
100
AcDbEntity
  8
B.Cu
  6
CONTINUOUS
100
AcDbLine
 10
159.0150999999999897
 20
-82.840446
 30
0
 11
159.0412749999999846
 21
-82.8927949999999925
 31
0
  0
LINE
  5
CBE
330
22
100
AcDbEntity
  8
B.Cu
  6
CONTINUOUS
100
AcDbLine
 10
159.0412749999999846
 20
-82.8927949999999925
 30
0
 11
159.085489999999993
 21
-82.9311419999999941
 31
0
  0
LINE
  5
CBF
330
22
100
AcDbEntity
  8
B.Cu
  6
CONTINUOUS
100
AcDbLine
 10
159.085489999999993
 20
-82.9311419999999941
 30
0
 11
159.1410119999999893
 21
-82.9496499999999912
 31
0
  0
LINE
  5
CC0
330
22
100
AcDbEntity
  8
B.Cu
  6
CONTINUOUS
100
AcDbLine
 10
159.1410119999999893
 20
-82.9496499999999912
 30
0
 11
159.1410139999999842
 21
-82.9496489999999937
 31
0
  0
LINE
  5
CC1
330
22
100
AcDbEntity
  8
B.Cu
  6
CONTINUOUS
100
AcDbLine
 10
159.1410139999999842
 20
-82.9496489999999937
 30
0
 11
159.1410149999999817
 21
-82.9496489999999937
 31
0
  0
LINE
  5
CC2
330
22
100
AcDbEntity
  8
B.Cu
  6
CONTINUOUS
100
AcDbLine
 10
159.1410149999999817
 20
-82.9496489999999937
 30
0
 11
159.1993919999999889
 21
-82.9455019999999905
 31
0
  0
LINE
  5
CC3
330
22
100
AcDbEntity
  8
B.Cu
  6
CONTINUOUS
100
AcDbLine
 10
159.1993919999999889
 20
-82.9455019999999905
 30
0
 11
159.2268559999999979
 21
-82.9349919999999941
 31
0
  0
LINE
  5
CC4
330
22
100
AcDbEntity
  8
B.Cu
  6
CONTINUOUS
100
AcDbLine
 10
159.2268559999999979
 20
-82.9349919999999941
 30
0
 11
159.3697129999999902
 21
-82.8635639999999967
 31
0
  0
LINE
  5
CC5
330
22
100
AcDbEntity
  8
B.Cu
  6
CONTINUOUS
100
AcDbLine
 10
159.3697129999999902
 20
-82.8635639999999967
 30
0
 11
159.3746069999999975
 21
-82.8604830000000021
 31
0
  0
LINE
  5
CC6
330
22
100
AcDbEntity
  8
B.Cu
  6
CONTINUOUS
100
AcDbLine
 10
159.3746069999999975
 20
-82.8604830000000021
 30
0
 11
159.3769149999999968
 21
-82.8597139999999968
 31
0
  0
LINE
  5
CC7
330
22
100
AcDbEntity
  8
B.Cu
  6
CONTINUOUS
100
AcDbLine
 10
159.3769149999999968
 20
-82.8597139999999968
 30
0
 11
159.3797889999999882
 21
-82.8572209999999956
 31
0
  0
LINE
  5
CC8
330
22
100
AcDbEntity
  8
B.Cu
  6
CONTINUOUS
100
AcDbLine
 10
159.3797889999999882
 20
-82.8572209999999956
 30
0
 11
159.3945989999999995
 21
-82.8478989999999982
 31
0
  0
LINE
  5
CC9
330
22
100
AcDbEntity
  8
B.Cu
  6
CONTINUOUS
100
AcDbLine
 10
159.3945989999999995
 20
-82.8478989999999982
 30
0
 11
159.3946019999999919
 21
-82.8478949999999941
 31
0
  0
LINE
  5
CCA
330
22
100
AcDbEntity
  8
B.Cu
  6
CONTINUOUS
100
AcDbLine
 10
159.3946019999999919
 20
-82.8478949999999941
 30
0
 11
159.4011480000000063
 21
-82.8403459999999967
 31
0
  0
LINE
  5
CCB
330
22
100
AcDbEntity
  8
B.Cu
  6
CONTINUOUS
100
AcDbLine
 10
159.4011480000000063
 20
-82.8403459999999967
 30
0
 11
159.4011549999999886
 21
-82.8403380000000027
 31
0
  0
LINE
  5
CCC
330
22
100
AcDbEntity
  8
B.Cu
  6
CONTINUOUS
100
AcDbLine
 10
159.4011549999999886
 20
-82.8403380000000027
 30
0
 11
159.4069209999999828
 21
-82.8336899999999901
 31
0
  0
LINE
  5
CCD
330
22
100
AcDbEntity
  8
B.Cu
  6
CONTINUOUS
100
AcDbLine
 10
159.4069209999999828
 20
-82.8336899999999901
 30
0
 11
159.4135689999999954
 21
-82.8279239999999959
 31
0
  0
LINE
  5
CCE
330
22
100
AcDbEntity
  8
B.Cu
  6
CONTINUOUS
100
AcDbLine
 10
159.4135689999999954
 20
-82.8279239999999959
 30
0
 11
159.4135770000000036
 21
-82.8279169999999993
 31
0
  0
LINE
  5
CCF
330
22
100
AcDbEntity
  8
B.Cu
  6
CONTINUOUS
100
AcDbLine
 10
159.4135770000000036
 20
-82.8279169999999993
 30
0
 11
159.4211300000000051
 21
-82.8213679999999925
 31
0
  0
LINE
  5
CD0
330
22
100
AcDbEntity
  8
B.Cu
  6
CONTINUOUS
100
AcDbLine
 10
159.4211300000000051
 20
-82.8213679999999925
 30
0
 11
159.4304520000000025
 21
-82.8065579999999954
 31
0
  0
LINE
  5
CD1
330
22
100
AcDbEntity
  8
B.Cu
  6
CONTINUOUS
100
AcDbLine
 10
159.4304520000000025
 20
-82.8065579999999954
 30
0
 11
159.4329449999999895
 21
-82.8036839999999899
 31
0
  0
LINE
  5
CD2
330
22
100
AcDbEntity
  8
B.Cu
  6
CONTINUOUS
100
AcDbLine
 10
159.4329449999999895
 20
-82.8036839999999899
 30
0
 11
159.4337139999999806
 21
-82.8013759999999905
 31
0
  0
LINE
  5
CD3
330
22
100
AcDbEntity
  8
B.Cu
  6
CONTINUOUS
100
AcDbLine
 10
159.4337139999999806
 20
-82.8013759999999905
 30
0
 11
159.4367949999999894
 21
-82.7964819999999975
 31
0
  0
LINE
  5
CD4
330
22
100
AcDbEntity
  8
B.Cu
  6
CONTINUOUS
100
AcDbLine
 10
159.4367949999999894
 20
-82.7964819999999975
 30
0
 11
159.5051609999999869
 21
-82.6597489999999908
 31
0
  0
LINE
  5
CD5
330
22
100
AcDbEntity
  8
B.Cu
  6
CONTINUOUS
100
AcDbLine
 10
159.5051609999999869
 20
-82.6597489999999908
 30
0
 11
159.5051619999999843
 21
-82.6597469999999959
 31
0
  0
LINE
  5
CD6
330
22
100
AcDbEntity
  8
B.Cu
  6
CONTINUOUS
100
AcDbLine
 10
159.5051619999999843
 20
-82.6597469999999959
 30
0
 11
159.5082239999999842
 21
-82.6536239999999935
 31
0
  0
LINE
  5
CD7
330
22
100
AcDbEntity
  8
B.Cu
  6
CONTINUOUS
100
AcDbLine
 10
159.5082239999999842
 20
-82.6536239999999935
 30
0
 11
159.5163189999999815
 21
-82.6324690000000004
 31
0
  0
LINE
  5
CD8
330
22
100
AcDbEntity
  8
B.Cu
  6
CONTINUOUS
100
AcDbLine
 10
159.5163189999999815
 20
-82.6324690000000004
 30
0
 11
159.5163220000000024
 21
-82.6324619999999896
 31
0
  0
LINE
  5
CD9
330
22
100
AcDbEntity
  8
B.Cu
  6
CONTINUOUS
100
AcDbLine
 10
159.5163220000000024
 20
-82.6324619999999896
 30
0
 11
159.5187339999999949
 21
-82.6261609999999962
 31
0
  0
LINE
  5
CDA
330
22
100
AcDbEntity
  8
B.Cu
  6
CONTINUOUS
100
AcDbLine
 10
159.5187339999999949
 20
-82.6261609999999962
 30
0
 11
159.5189110000000028
 21
-82.6236589999999893
 31
0
  0
LINE
  5
CDB
330
22
100
AcDbEntity
  8
B.Cu
  6
CONTINUOUS
100
AcDbLine
 10
159.5189110000000028
 20
-82.6236589999999893
 30
0
 11
159.5189110000000028
 21
-82.6236549999999994
 31
0
  0
LINE
  5
CDC
330
22
100
AcDbEntity
  8
B.Cu
  6
CONTINUOUS
100
AcDbLine
 10
159.5189110000000028
 20
-82.6236549999999994
 30
0
 11
159.5191159999999968
 21
-82.620783000000003
 31
0
  0
LINE
  5
CDD
330
22
100
AcDbEntity
  8
B.Cu
  6
CONTINUOUS
100
AcDbLine
 10
159.5191159999999968
 20
-82.620783000000003
 30
0
 11
159.5211719999999787
 21
-82.6158190000000019
 31
0
  0
LINE
  5
CDE
330
22
100
AcDbEntity
  8
B.Cu
  6
CONTINUOUS
100
AcDbLine
 10
159.5211719999999787
 20
-82.6158190000000019
 30
0
 11
159.521174000000002
 21
-82.6158130000000028
 31
0
  0
LINE
  5
CDF
330
22
100
AcDbEntity
  8
B.Cu
  6
CONTINUOUS
100
AcDbLine
 10
159.521174000000002
 20
-82.6158130000000028
 30
0
 11
159.5211779999999919
 21
-82.6158059999999921
 31
0
  0
LINE
  5
CE0
330
22
100
AcDbEntity
  8
B.Cu
  6
CONTINUOUS
100
AcDbLine
 10
159.5211779999999919
 20
-82.6158059999999921
 30
0
 11
159.5240599999999915
 21
-82.5865419999999943
 31
0
  0
LINE
  5
CE1
330
22
100
AcDbEntity
  8
B.Cu
  6
CONTINUOUS
100
AcDbLine
 10
159.5240599999999915
 20
-82.5865419999999943
 30
0
 11
159.5240599999999915
 21
-81.9557819999999992
 31
0
  0
LINE
  5
CE2
330
22
100
AcDbEntity
  8
B.Cu
  6
CONTINUOUS
100
AcDbLine
 10
159.5240599999999915
 20
-81.9557819999999992
 30
0
 11
159.5240599999999915
 21
-81.3008279999999957
 31
0
  0
LINE
  5
CE3
330
22
100
AcDbEntity
  8
B.Cu
  6
CONTINUOUS
100
AcDbLine
 10
159.5240599999999915
 20
-81.3008279999999957
 30
0
 11
159.5211779999999919
 21
-81.2715639999999979
 31
0
  0
LINE
  5
CE4
330
22
100
AcDbEntity
  8
B.Cu
  6
CONTINUOUS
100
AcDbLine
 10
159.5211779999999919
 20
-81.2715639999999979
 30
0
 11
159.4987799999999822
 21
-81.2174919999999929
 31
0
  0
LINE
  5
CE5
330
22
100
AcDbEntity
  8
B.Cu
  6
CONTINUOUS
100
AcDbLine
 10
159.4987799999999822
 20
-81.2174919999999929
 30
0
 11
159.4573959999999886
 21
-81.1761079999999993
 31
0
  0
LINE
  5
CE6
330
22
100
AcDbEntity
  8
B.Cu
  6
CONTINUOUS
100
AcDbLine
 10
159.4573959999999886
 20
-81.1761079999999993
 30
0
 11
159.4033239999999978
 21
-81.1537099999999896
 31
0
  0
LINE
  5
CE7
330
22
100
AcDbEntity
  8
B.Cu
  6
CONTINUOUS
100
AcDbLine
 10
159.4033239999999978
 20
-81.1537099999999896
 30
0
 11
159.3447960000000023
 21
-81.1537099999999896
 31
0
  0
LINE
  5
CE8
330
22
100
AcDbEntity
  8
B.Cu
  6
CONTINUOUS
100
AcDbLine
 10
159.3447960000000023
 20
-81.1537099999999896
 30
0
 11
159.2907239999999831
 21
-81.1761079999999993
 31
0
  0
LINE
  5
CE9
330
22
100
AcDbEntity
  8
B.Cu
  6
CONTINUOUS
100
AcDbLine
 10
147.893827999999985
 20
-82.5201299999999947
 30
0
 11
147.8621540000000039
 21
-82.5332499999999953
 31
0
  0
LINE
  5
CEA
330
22
100
AcDbEntity
  8
B.Cu
  6
CONTINUOUS
100
AcDbLine
 10
147.8621540000000039
 20
-82.5332499999999953
 30
0
 11
147.8394229999999823
 21
-82.5519049999999908
 31
0
  0
LINE
  5
CEB
330
22
100
AcDbEntity
  8
B.Cu
  6
CONTINUOUS
100
AcDbLine
 10
147.8394229999999823
 20
-82.5519049999999908
 30
0
 11
147.7679939999999874
 21
-82.6233339999999998
 31
0
  0
LINE
  5
CEC
330
22
100
AcDbEntity
  8
B.Cu
  6
CONTINUOUS
100
AcDbLine
 10
147.7679939999999874
 20
-82.6233339999999998
 30
0
 11
147.749338999999992
 21
-82.646064999999993
 31
0
  0
LINE
  5
CED
330
22
100
AcDbEntity
  8
B.Cu
  6
CONTINUOUS
100
AcDbLine
 10
147.749338999999992
 20
-82.646064999999993
 30
0
 11
147.7291689999999846
 21
-82.6947619999999972
 31
0
  0
LINE
  5
CEE
330
22
100
AcDbEntity
  8
B.Cu
  6
CONTINUOUS
100
AcDbLine
 10
147.7291689999999846
 20
-82.6947619999999972
 30
0
 11
147.7269419999999798
 21
-82.7001379999999955
 31
0
  0
LINE
  5
CEF
330
22
100
AcDbEntity
  8
B.Cu
  6
CONTINUOUS
100
AcDbLine
 10
147.7269419999999798
 20
-82.7001379999999955
 30
0
 11
147.7269419999999798
 21
-82.758663999999996
 31
0
  0
LINE
  5
CF0
330
22
100
AcDbEntity
  8
B.Cu
  6
CONTINUOUS
100
AcDbLine
 10
147.7269419999999798
 20
-82.758663999999996
 30
0
 11
147.7291679999999872
 21
-82.7640370000000019
 31
0
  0
LINE
  5
CF1
330
22
100
AcDbEntity
  8
B.Cu
  6
CONTINUOUS
100
AcDbLine
 10
147.7291679999999872
 20
-82.7640370000000019
 30
0
 11
147.749338999999992
 21
-82.8127349999999893
 31
0
  0
LINE
  5
CF2
330
22
100
AcDbEntity
  8
B.Cu
  6
CONTINUOUS
100
AcDbLine
 10
147.749338999999992
 20
-82.8127349999999893
 30
0
 11
147.7493399999999895
 21
-82.812736000000001
 31
0
  0
LINE
  5
CF3
330
22
100
AcDbEntity
  8
B.Cu
  6
CONTINUOUS
100
AcDbLine
 10
147.7493399999999895
 20
-82.812736000000001
 30
0
 11
147.7679839999999842
 21
-82.8354539999999986
 31
0
  0
LINE
  5
CF4
330
22
100
AcDbEntity
  8
B.Cu
  6
CONTINUOUS
100
AcDbLine
 10
147.7679839999999842
 20
-82.8354539999999986
 30
0
 11
147.767989
 21
-82.8354599999999976
 31
0
  0
LINE
  5
CF5
330
22
100
AcDbEntity
  8
B.Cu
  6
CONTINUOUS
100
AcDbLine
 10
147.767989
 20
-82.8354599999999976
 30
0
 11
147.7679949999999849
 21
-82.8354669999999942
 31
0
  0
LINE
  5
CF6
330
22
100
AcDbEntity
  8
B.Cu
  6
CONTINUOUS
100
AcDbLine
 10
147.7679949999999849
 20
-82.8354669999999942
 30
0
 11
147.8394239999999797
 21
-82.9068949999999916
 31
0
  0
LINE
  5
CF7
330
22
100
AcDbEntity
  8
B.Cu
  6
CONTINUOUS
100
AcDbLine
 10
147.8394239999999797
 20
-82.9068949999999916
 30
0
 11
147.8395529999999951
 21
-82.907000999999994
 31
0
  0
LINE
  5
CF8
330
22
100
AcDbEntity
  8
B.Cu
  6
CONTINUOUS
100
AcDbLine
 10
147.8395529999999951
 20
-82.907000999999994
 30
0
 11
147.8484059999999829
 21
-82.9142659999999978
 31
0
  0
LINE
  5
CF9
330
22
100
AcDbEntity
  8
B.Cu
  6
CONTINUOUS
100
AcDbLine
 10
147.8484059999999829
 20
-82.9142659999999978
 30
0
 11
147.8484069999999804
 21
-82.9142669999999953
 31
0
  0
LINE
  5
CFA
330
22
100
AcDbEntity
  8
B.Cu
  6
CONTINUOUS
100
AcDbLine
 10
147.8484069999999804
 20
-82.9142669999999953
 30
0
 11
147.8621530000000064
 21
-82.925547999999992
 31
0
  0
LINE
  5
CFB
330
22
100
AcDbEntity
  8
B.Cu
  6
CONTINUOUS
100
AcDbLine
 10
147.8621530000000064
 20
-82.925547999999992
 30
0
 11
147.8621540000000039
 21
-82.9255489999999895
 31
0
  0
LINE
  5
CFC
330
22
100
AcDbEntity
  8
B.Cu
  6
CONTINUOUS
100
AcDbLine
 10
147.8621540000000039
 20
-82.9255489999999895
 30
0
 11
147.8849519999999984
 21
-82.9349919999999941
 31
0
  0
LINE
  5
CFD
330
22
100
AcDbEntity
  8
B.Cu
  6
CONTINUOUS
100
AcDbLine
 10
147.8849519999999984
 20
-82.9349919999999941
 30
0
 11
147.8910609999999792
 21
-82.9375220000000013
 31
0
  0
LINE
  5
CFE
330
22
100
AcDbEntity
  8
B.Cu
  6
CONTINUOUS
100
AcDbLine
 10
147.8910609999999792
 20
-82.9375220000000013
 30
0
 11
147.8910620000000051
 21
-82.9375229999999988
 31
0
  0
LINE
  5
CFF
330
22
100
AcDbEntity
  8
B.Cu
  6
CONTINUOUS
100
AcDbLine
 10
147.8910620000000051
 20
-82.9375229999999988
 30
0
 11
147.9162230000000022
 21
-82.94794499999999
 31
0
  0
LINE
  5
D00
330
22
100
AcDbEntity
  8
B.Cu
  6
CONTINUOUS
100
AcDbLine
 10
147.9162230000000022
 20
-82.94794499999999
 30
0
 11
147.9162249999999972
 21
-82.9479460000000017
 31
0
  0
LINE
  5
D01
330
22
100
AcDbEntity
  8
B.Cu
  6
CONTINUOUS
100
AcDbLine
 10
147.9162249999999972
 20
-82.9479460000000017
 30
0
 11
147.9162259999999947
 21
-82.9479460000000017
 31
0
  0
LINE
  5
D02
330
22
100
AcDbEntity
  8
B.Cu
  6
CONTINUOUS
100
AcDbLine
 10
147.9162259999999947
 20
-82.9479460000000017
 30
0
 11
147.9747519999999952
 21
-82.9479460000000017
 31
0
  0
LINE
  5
D03
330
22
100
AcDbEntity
  8
B.Cu
  6
CONTINUOUS
100
AcDbLine
 10
147.9747519999999952
 20
-82.9479460000000017
 30
0
 11
147.9747529999999927
 21
-82.9479460000000017
 31
0
  0
LINE
  5
D04
330
22
100
AcDbEntity
  8
B.Cu
  6
CONTINUOUS
100
AcDbLine
 10
147.9747529999999927
 20
-82.9479460000000017
 30
0
 11
148.0060259999999914
 21
-82.9349919999999941
 31
0
  0
LINE
  5
D05
330
22
100
AcDbEntity
  8
B.Cu
  6
CONTINUOUS
100
AcDbLine
 10
148.0060259999999914
 20
-82.9349919999999941
 30
0
 11
148.028823999999986
 21
-82.9255489999999895
 31
0
  0
LINE
  5
D06
330
22
100
AcDbEntity
  8
B.Cu
  6
CONTINUOUS
100
AcDbLine
 10
148.028823999999986
 20
-82.9255489999999895
 30
0
 11
148.0515549999999791
 21
-82.9068939999999941
 31
0
  0
LINE
  5
D07
330
22
100
AcDbEntity
  8
B.Cu
  6
CONTINUOUS
100
AcDbLine
 10
148.0515549999999791
 20
-82.9068939999999941
 30
0
 11
148.1229830000000049
 21
-82.8354659999999967
 31
0
  0
LINE
  5
D08
330
22
100
AcDbEntity
  8
B.Cu
  6
CONTINUOUS
100
AcDbLine
 10
148.1229830000000049
 20
-82.8354659999999967
 30
0
 11
148.1229919999999822
 21
-82.8354539999999986
 31
0
  0
LINE
  5
D09
330
22
100
AcDbEntity
  8
B.Cu
  6
CONTINUOUS
100
AcDbLine
 10
148.1229919999999822
 20
-82.8354539999999986
 30
0
 11
148.1229929999999797
 21
-82.8354519999999894
 31
0
  0
LINE
  5
D0A
330
22
100
AcDbEntity
  8
B.Cu
  6
CONTINUOUS
100
AcDbLine
 10
148.1229929999999797
 20
-82.8354519999999894
 30
0
 11
148.139427999999981
 21
-82.8154289999999946
 31
0
  0
LINE
  5
D0B
330
22
100
AcDbEntity
  8
B.Cu
  6
CONTINUOUS
100
AcDbLine
 10
148.139427999999981
 20
-82.8154289999999946
 30
0
 11
148.1416370000000029
 21
-82.8127369999999985
 31
0
  0
LINE
  5
D0C
330
22
100
AcDbEntity
  8
B.Cu
  6
CONTINUOUS
100
AcDbLine
 10
148.1416370000000029
 20
-82.8127369999999985
 30
0
 11
148.1416360000000054
 21
-82.8127369999999985
 31
0
  0
LINE
  5
D0D
330
22
100
AcDbEntity
  8
B.Cu
  6
CONTINUOUS
100
AcDbLine
 10
148.1416360000000054
 20
-82.8127369999999985
 30
0
 11
148.1416380000000004
 21
-82.812736000000001
 31
0
  0
LINE
  5
D0E
330
22
100
AcDbEntity
  8
B.Cu
  6
CONTINUOUS
100
AcDbLine
 10
148.1416380000000004
 20
-82.812736000000001
 30
0
 11
148.1640339999999867
 21
-82.7586629999999985
 31
0
  0
LINE
  5
D0F
330
22
100
AcDbEntity
  8
B.Cu
  6
CONTINUOUS
100
AcDbLine
 10
148.1640339999999867
 20
-82.7586629999999985
 30
0
 11
148.1640339999999867
 21
-82.7312159999999892
 31
0
  0
LINE
  5
D10
330
22
100
AcDbEntity
  8
B.Cu
  6
CONTINUOUS
100
AcDbLine
 10
148.1640339999999867
 20
-82.7312159999999892
 30
0
 11
148.1640349999999842
 21
-82.7001379999999955
 31
0
  0
LINE
  5
D11
330
22
100
AcDbEntity
  8
B.Cu
  6
CONTINUOUS
100
AcDbLine
 10
148.1640349999999842
 20
-82.7001379999999955
 30
0
 11
148.1416380000000004
 21
-82.646064999999993
 31
0
  0
LINE
  5
D12
330
22
100
AcDbEntity
  8
B.Cu
  6
CONTINUOUS
100
AcDbLine
 10
148.1416380000000004
 20
-82.646064999999993
 30
0
 11
148.1390679999999804
 21
-82.6429339999999968
 31
0
  0
LINE
  5
D13
330
22
100
AcDbEntity
  8
B.Cu
  6
CONTINUOUS
100
AcDbLine
 10
148.1390679999999804
 20
-82.6429339999999968
 30
0
 11
148.1252969999999891
 21
-82.6261539999999997
 31
0
  0
LINE
  5
D14
330
22
100
AcDbEntity
  8
B.Cu
  6
CONTINUOUS
100
AcDbLine
 10
148.1252969999999891
 20
-82.6261539999999997
 30
0
 11
148.1229840000000024
 21
-82.6233349999999973
 31
0
  0
LINE
  5
D15
330
22
100
AcDbEntity
  8
B.Cu
  6
CONTINUOUS
100
AcDbLine
 10
148.1229840000000024
 20
-82.6233349999999973
 30
0
 11
148.051556000000005
 21
-82.5519060000000025
 31
0
  0
LINE
  5
D16
330
22
100
AcDbEntity
  8
B.Cu
  6
CONTINUOUS
100
AcDbLine
 10
148.051556000000005
 20
-82.5519060000000025
 30
0
 11
148.0423879999999883
 21
-82.5443819999999988
 31
0
  0
LINE
  5
D17
330
22
100
AcDbEntity
  8
B.Cu
  6
CONTINUOUS
100
AcDbLine
 10
148.0423879999999883
 20
-82.5443819999999988
 30
0
 11
148.0288249999999834
 21
-82.5332509999999928
 31
0
  0
LINE
  5
D18
330
22
100
AcDbEntity
  8
B.Cu
  6
CONTINUOUS
100
AcDbLine
 10
148.0288249999999834
 20
-82.5332509999999928
 30
0
 11
148.028823999999986
 21
-82.5332499999999953
 31
0
  0
LINE
  5
D19
330
22
100
AcDbEntity
  8
B.Cu
  6
CONTINUOUS
100
AcDbLine
 10
148.028823999999986
 20
-82.5332499999999953
 30
0
 11
147.9971500000000049
 21
-82.5201299999999947
 31
0
  0
LINE
  5
D1A
330
22
100
AcDbEntity
  8
B.Cu
  6
CONTINUOUS
100
AcDbLine
 10
147.9971500000000049
 20
-82.5201299999999947
 30
0
 11
147.9747529999999927
 21
-82.5108529999999973
 31
0
  0
LINE
  5
D1B
330
22
100
AcDbEntity
  8
B.Cu
  6
CONTINUOUS
100
AcDbLine
 10
147.9747529999999927
 20
-82.5108529999999973
 30
0
 11
147.9162249999999972
 21
-82.5108529999999973
 31
0
  0
LINE
  5
D1C
330
22
100
AcDbEntity
  8
B.Cu
  6
CONTINUOUS
100
AcDbLine
 10
147.9162249999999972
 20
-82.5108529999999973
 30
0
 11
147.893827999999985
 21
-82.5201299999999947
 31
0
  0
LINE
  5
D1D
330
22
100
AcDbEntity
  8
B.Cu
  6
CONTINUOUS
100
AcDbLine
 10
151.2509709999999927
 20
-82.5201299999999947
 30
0
 11
151.2192969999999832
 21
-82.5332499999999953
 31
0
  0
LINE
  5
D1E
330
22
100
AcDbEntity
  8
B.Cu
  6
CONTINUOUS
100
AcDbLine
 10
151.2192969999999832
 20
-82.5332499999999953
 30
0
 11
151.19656599999999
 21
-82.5519049999999908
 31
0
  0
LINE
  5
D1F
330
22
100
AcDbEntity
  8
B.Cu
  6
CONTINUOUS
100
AcDbLine
 10
151.19656599999999
 20
-82.5519049999999908
 30
0
 11
151.1251369999999952
 21
-82.6233339999999998
 31
0
  0
LINE
  5
D20
330
22
100
AcDbEntity
  8
B.Cu
  6
CONTINUOUS
100
AcDbLine
 10
151.1251369999999952
 20
-82.6233339999999998
 30
0
 11
151.1064819999999997
 21
-82.646064999999993
 31
0
  0
LINE
  5
D21
330
22
100
AcDbEntity
  8
B.Cu
  6
CONTINUOUS
100
AcDbLine
 10
151.1064819999999997
 20
-82.646064999999993
 30
0
 11
151.0863119999999924
 21
-82.6947619999999972
 31
0
  0
LINE
  5
D22
330
22
100
AcDbEntity
  8
B.Cu
  6
CONTINUOUS
100
AcDbLine
 10
151.0863119999999924
 20
-82.6947619999999972
 30
0
 11
151.0840849999999875
 21
-82.7001379999999955
 31
0
  0
LINE
  5
D23
330
22
100
AcDbEntity
  8
B.Cu
  6
CONTINUOUS
100
AcDbLine
 10
151.0840849999999875
 20
-82.7001379999999955
 30
0
 11
151.0840849999999875
 21
-82.758663999999996
 31
0
  0
LINE
  5
D24
330
22
100
AcDbEntity
  8
B.Cu
  6
CONTINUOUS
100
AcDbLine
 10
151.0840849999999875
 20
-82.758663999999996
 30
0
 11
151.0863109999999949
 21
-82.7640370000000019
 31
0
  0
LINE
  5
D25
330
22
100
AcDbEntity
  8
B.Cu
  6
CONTINUOUS
100
AcDbLine
 10
151.0863109999999949
 20
-82.7640370000000019
 30
0
 11
151.1064819999999997
 21
-82.8127349999999893
 31
0
  0
LINE
  5
D26
330
22
100
AcDbEntity
  8
B.Cu
  6
CONTINUOUS
100
AcDbLine
 10
151.1064819999999997
 20
-82.8127349999999893
 30
0
 11
151.1064829999999972
 21
-82.812736000000001
 31
0
  0
LINE
  5
D27
330
22
100
AcDbEntity
  8
B.Cu
  6
CONTINUOUS
100
AcDbLine
 10
151.1064829999999972
 20
-82.812736000000001
 30
0
 11
151.125126999999992
 21
-82.8354539999999986
 31
0
  0
LINE
  5
D28
330
22
100
AcDbEntity
  8
B.Cu
  6
CONTINUOUS
100
AcDbLine
 10
151.125126999999992
 20
-82.8354539999999986
 30
0
 11
151.1251319999999794
 21
-82.8354599999999976
 31
0
  0
LINE
  5
D29
330
22
100
AcDbEntity
  8
B.Cu
  6
CONTINUOUS
100
AcDbLine
 10
151.1251319999999794
 20
-82.8354599999999976
 30
0
 11
151.1251379999999926
 21
-82.8354669999999942
 31
0
  0
LINE
  5
D2A
330
22
100
AcDbEntity
  8
B.Cu
  6
CONTINUOUS
100
AcDbLine
 10
151.1251379999999926
 20
-82.8354669999999942
 30
0
 11
151.1965669999999875
 21
-82.9068949999999916
 31
0
  0
LINE
  5
D2B
330
22
100
AcDbEntity
  8
B.Cu
  6
CONTINUOUS
100
AcDbLine
 10
151.1965669999999875
 20
-82.9068949999999916
 30
0
 11
151.1966960000000029
 21
-82.907000999999994
 31
0
  0
LINE
  5
D2C
330
22
100
AcDbEntity
  8
B.Cu
  6
CONTINUOUS
100
AcDbLine
 10
151.1966960000000029
 20
-82.907000999999994
 30
0
 11
151.2055489999999907
 21
-82.9142659999999978
 31
0
  0
LINE
  5
D2D
330
22
100
AcDbEntity
  8
B.Cu
  6
CONTINUOUS
100
AcDbLine
 10
151.2055489999999907
 20
-82.9142659999999978
 30
0
 11
151.2055499999999881
 21
-82.9142669999999953
 31
0
  0
LINE
  5
D2E
330
22
100
AcDbEntity
  8
B.Cu
  6
CONTINUOUS
100
AcDbLine
 10
151.2055499999999881
 20
-82.9142669999999953
 30
0
 11
151.2192959999999857
 21
-82.925547999999992
 31
0
  0
LINE
  5
D2F
330
22
100
AcDbEntity
  8
B.Cu
  6
CONTINUOUS
100
AcDbLine
 10
151.2192959999999857
 20
-82.925547999999992
 30
0
 11
151.2192969999999832
 21
-82.9255489999999895
 31
0
  0
LINE
  5
D30
330
22
100
AcDbEntity
  8
B.Cu
  6
CONTINUOUS
100
AcDbLine
 10
151.2192969999999832
 20
-82.9255489999999895
 30
0
 11
151.2420950000000062
 21
-82.9349919999999941
 31
0
  0
LINE
  5
D31
330
22
100
AcDbEntity
  8
B.Cu
  6
CONTINUOUS
100
AcDbLine
 10
151.2420950000000062
 20
-82.9349919999999941
 30
0
 11
151.248203999999987
 21
-82.9375220000000013
 31
0
  0
LINE
  5
D32
330
22
100
AcDbEntity
  8
B.Cu
  6
CONTINUOUS
100
AcDbLine
 10
151.248203999999987
 20
-82.9375220000000013
 30
0
 11
151.2482049999999845
 21
-82.9375229999999988
 31
0
  0
LINE
  5
D33
330
22
100
AcDbEntity
  8
B.Cu
  6
CONTINUOUS
100
AcDbLine
 10
151.2482049999999845
 20
-82.9375229999999988
 30
0
 11
151.2733659999999816
 21
-82.94794499999999
 31
0
  0
LINE
  5
D34
330
22
100
AcDbEntity
  8
B.Cu
  6
CONTINUOUS
100
AcDbLine
 10
151.2733659999999816
 20
-82.94794499999999
 30
0
 11
151.2733680000000049
 21
-82.9479460000000017
 31
0
  0
LINE
  5
D35
330
22
100
AcDbEntity
  8
B.Cu
  6
CONTINUOUS
100
AcDbLine
 10
151.2733680000000049
 20
-82.9479460000000017
 30
0
 11
151.2733690000000024
 21
-82.9479460000000017
 31
0
  0
LINE
  5
D36
330
22
100
AcDbEntity
  8
B.Cu
  6
CONTINUOUS
100
AcDbLine
 10
151.2733690000000024
 20
-82.9479460000000017
 30
0
 11
151.3318950000000029
 21
-82.9479460000000017
 31
0
  0
LINE
  5
D37
330
22
100
AcDbEntity
  8
B.Cu
  6
CONTINUOUS
100
AcDbLine
 10
151.3318950000000029
 20
-82.9479460000000017
 30
0
 11
151.3318960000000004
 21
-82.9479460000000017
 31
0
  0
LINE
  5
D38
330
22
100
AcDbEntity
  8
B.Cu
  6
CONTINUOUS
100
AcDbLine
 10
151.3318960000000004
 20
-82.9479460000000017
 30
0
 11
151.3631689999999992
 21
-82.9349919999999941
 31
0
  0
LINE
  5
D39
330
22
100
AcDbEntity
  8
B.Cu
  6
CONTINUOUS
100
AcDbLine
 10
151.3631689999999992
 20
-82.9349919999999941
 30
0
 11
151.3859669999999937
 21
-82.9255489999999895
 31
0
  0
LINE
  5
D3A
330
22
100
AcDbEntity
  8
B.Cu
  6
CONTINUOUS
100
AcDbLine
 10
151.3859669999999937
 20
-82.9255489999999895
 30
0
 11
151.4086979999999869
 21
-82.9068939999999941
 31
0
  0
LINE
  5
D3B
330
22
100
AcDbEntity
  8
B.Cu
  6
CONTINUOUS
100
AcDbLine
 10
151.4086979999999869
 20
-82.9068939999999941
 30
0
 11
151.4801259999999843
 21
-82.8354659999999967
 31
0
  0
LINE
  5
D3C
330
22
100
AcDbEntity
  8
B.Cu
  6
CONTINUOUS
100
AcDbLine
 10
151.4801259999999843
 20
-82.8354659999999967
 30
0
 11
151.48013499999999
 21
-82.8354539999999986
 31
0
  0
LINE
  5
D3D
330
22
100
AcDbEntity
  8
B.Cu
  6
CONTINUOUS
100
AcDbLine
 10
151.48013499999999
 20
-82.8354539999999986
 30
0
 11
151.4801359999999875
 21
-82.8354519999999894
 31
0
  0
LINE
  5
D3E
330
22
100
AcDbEntity
  8
B.Cu
  6
CONTINUOUS
100
AcDbLine
 10
151.4801359999999875
 20
-82.8354519999999894
 30
0
 11
151.4965709999999888
 21
-82.8154289999999946
 31
0
  0
LINE
  5
D3F
330
22
100
AcDbEntity
  8
B.Cu
  6
CONTINUOUS
100
AcDbLine
 10
151.4965709999999888
 20
-82.8154289999999946
 30
0
 11
151.4987799999999822
 21
-82.8127369999999985
 31
0
  0
LINE
  5
D40
330
22
100
AcDbEntity
  8
B.Cu
  6
CONTINUOUS
100
AcDbLine
 10
151.4987799999999822
 20
-82.8127369999999985
 30
0
 11
151.4987789999999848
 21
-82.8127369999999985
 31
0
  0
LINE
  5
D41
330
22
100
AcDbEntity
  8
B.Cu
  6
CONTINUOUS
100
AcDbLine
 10
151.4987789999999848
 20
-82.8127369999999985
 30
0
 11
151.4987809999999797
 21
-82.812736000000001
 31
0
  0
LINE
  5
D42
330
22
100
AcDbEntity
  8
B.Cu
  6
CONTINUOUS
100
AcDbLine
 10
151.4987809999999797
 20
-82.812736000000001
 30
0
 11
151.5211769999999945
 21
-82.7586629999999985
 31
0
  0
LINE
  5
D43
330
22
100
AcDbEntity
  8
B.Cu
  6
CONTINUOUS
100
AcDbLine
 10
151.5211769999999945
 20
-82.7586629999999985
 30
0
 11
151.5211769999999945
 21
-82.7312159999999892
 31
0
  0
LINE
  5
D44
330
22
100
AcDbEntity
  8
B.Cu
  6
CONTINUOUS
100
AcDbLine
 10
151.5211769999999945
 20
-82.7312159999999892
 30
0
 11
151.5211779999999919
 21
-82.7001379999999955
 31
0
  0
LINE
  5
D45
330
22
100
AcDbEntity
  8
B.Cu
  6
CONTINUOUS
100
AcDbLine
 10
151.5211779999999919
 20
-82.7001379999999955
 30
0
 11
151.4987809999999797
 21
-82.646064999999993
 31
0
  0
LINE
  5
D46
330
22
100
AcDbEntity
  8
B.Cu
  6
CONTINUOUS
100
AcDbLine
 10
151.4987809999999797
 20
-82.646064999999993
 30
0
 11
151.4962109999999882
 21
-82.6429339999999968
 31
0
  0
LINE
  5
D47
330
22
100
AcDbEntity
  8
B.Cu
  6
CONTINUOUS
100
AcDbLine
 10
151.4962109999999882
 20
-82.6429339999999968
 30
0
 11
151.4824399999999969
 21
-82.6261539999999997
 31
0
  0
LINE
  5
D48
330
22
100
AcDbEntity
  8
B.Cu
  6
CONTINUOUS
100
AcDbLine
 10
151.4824399999999969
 20
-82.6261539999999997
 30
0
 11
151.4801269999999818
 21
-82.6233349999999973
 31
0
  0
LINE
  5
D49
330
22
100
AcDbEntity
  8
B.Cu
  6
CONTINUOUS
100
AcDbLine
 10
151.4801269999999818
 20
-82.6233349999999973
 30
0
 11
151.4086989999999844
 21
-82.5519060000000025
 31
0
  0
LINE
  5
D4A
330
22
100
AcDbEntity
  8
B.Cu
  6
CONTINUOUS
100
AcDbLine
 10
151.4086989999999844
 20
-82.5519060000000025
 30
0
 11
151.3995309999999961
 21
-82.5443819999999988
 31
0
  0
LINE
  5
D4B
330
22
100
AcDbEntity
  8
B.Cu
  6
CONTINUOUS
100
AcDbLine
 10
151.3995309999999961
 20
-82.5443819999999988
 30
0
 11
151.3859679999999912
 21
-82.5332509999999928
 31
0
  0
LINE
  5
D4C
330
22
100
AcDbEntity
  8
B.Cu
  6
CONTINUOUS
100
AcDbLine
 10
151.3859679999999912
 20
-82.5332509999999928
 30
0
 11
151.3859669999999937
 21
-82.5332499999999953
 31
0
  0
LINE
  5
D4D
330
22
100
AcDbEntity
  8
B.Cu
  6
CONTINUOUS
100
AcDbLine
 10
151.3859669999999937
 20
-82.5332499999999953
 30
0
 11
151.3542929999999842
 21
-82.5201299999999947
 31
0
  0
LINE
  5
D4E
330
22
100
AcDbEntity
  8
B.Cu
  6
CONTINUOUS
100
AcDbLine
 10
151.3542929999999842
 20
-82.5201299999999947
 30
0
 11
151.3318960000000004
 21
-82.5108529999999973
 31
0
  0
LINE
  5
D4F
330
22
100
AcDbEntity
  8
B.Cu
  6
CONTINUOUS
100
AcDbLine
 10
151.3318960000000004
 20
-82.5108529999999973
 30
0
 11
151.2733680000000049
 21
-82.5108529999999973
 31
0
  0
LINE
  5
D50
330
22
100
AcDbEntity
  8
B.Cu
  6
CONTINUOUS
100
AcDbLine
 10
151.2733680000000049
 20
-82.5108529999999973
 30
0
 11
151.2509709999999927
 21
-82.5201299999999947
 31
0
  0
LINE
  5
D51
330
22
100
AcDbEntity
  8
B.Cu
  6
CONTINUOUS
100
AcDbLine
 10
151.773366999999979
 20
-81.6537099999999896
 30
0
 11
151.7192949999999882
 21
-81.6761079999999993
 31
0
  0
LINE
  5
D52
330
22
100
AcDbEntity
  8
B.Cu
  6
CONTINUOUS
100
AcDbLine
 10
151.7192949999999882
 20
-81.6761079999999993
 30
0
 11
151.6779109999999946
 21
-81.7174919999999929
 31
0
  0
LINE
  5
D53
330
22
100
AcDbEntity
  8
B.Cu
  6
CONTINUOUS
100
AcDbLine
 10
151.6779109999999946
 20
-81.7174919999999929
 30
0
 11
151.6555129999999849
 21
-81.7715630000000004
 31
0
  0
LINE
  5
D54
330
22
100
AcDbEntity
  8
B.Cu
  6
CONTINUOUS
100
AcDbLine
 10
151.6555129999999849
 20
-81.7715630000000004
 30
0
 11
151.6555129999999849
 21
-81.7715649999999954
 31
0
  0
LINE
  5
D55
330
22
100
AcDbEntity
  8
B.Cu
  6
CONTINUOUS
100
AcDbLine
 10
151.6555129999999849
 20
-81.7715649999999954
 30
0
 11
151.6555129999999849
 21
-81.8300919999999934
 31
0
  0
LINE
  5
D56
330
22
100
AcDbEntity
  8
B.Cu
  6
CONTINUOUS
100
AcDbLine
 10
151.6555129999999849
 20
-81.8300919999999934
 30
0
 11
151.6779109999999946
 21
-81.8841639999999984
 31
0
  0
LINE
  5
D57
330
22
100
AcDbEntity
  8
B.Cu
  6
CONTINUOUS
100
AcDbLine
 10
151.6779109999999946
 20
-81.8841639999999984
 30
0
 11
151.7192939999999908
 21
-81.9255469999999946
 31
0
  0
LINE
  5
D58
330
22
100
AcDbEntity
  8
B.Cu
  6
CONTINUOUS
100
AcDbLine
 10
151.7192939999999908
 20
-81.9255469999999946
 30
0
 11
151.7192949999999882
 21
-81.925547999999992
 31
0
  0
LINE
  5
D59
330
22
100
AcDbEntity
  8
B.Cu
  6
CONTINUOUS
100
AcDbLine
 10
151.7192949999999882
 20
-81.925547999999992
 30
0
 11
151.7346509999999853
 21
-81.9319089999999903
 31
0
  0
LINE
  5
D5A
330
22
100
AcDbEntity
  8
B.Cu
  6
CONTINUOUS
100
AcDbLine
 10
151.7346509999999853
 20
-81.9319089999999903
 30
0
 11
151.773366999999979
 21
-81.9479460000000017
 31
0
  0
LINE
  5
D5B
330
22
100
AcDbEntity
  8
B.Cu
  6
CONTINUOUS
100
AcDbLine
 10
151.773366999999979
 20
-81.9479460000000017
 30
0
 11
151.802630999999991
 21
-81.9508280000000013
 31
0
  0
LINE
  5
D5C
330
22
100
AcDbEntity
  8
B.Cu
  6
CONTINUOUS
100
AcDbLine
 10
151.802630999999991
 20
-81.9508280000000013
 30
0
 11
151.8808060000000069
 21
-81.9508280000000013
 31
0
  0
LINE
  5
D5D
330
22
100
AcDbEntity
  8
B.Cu
  6
CONTINUOUS
100
AcDbLine
 10
151.8808060000000069
 20
-81.9508280000000013
 30
0
 11
151.9100779999999986
 21
-81.9508280000000013
 31
0
  0
LINE
  5
D5E
330
22
100
AcDbEntity
  8
B.Cu
  6
CONTINUOUS
100
AcDbLine
 10
151.9100779999999986
 20
-81.9508280000000013
 30
0
 11
151.9994920000000036
 21
-81.9955349999999896
 31
0
  0
LINE
  5
D5F
330
22
100
AcDbEntity
  8
B.Cu
  6
CONTINUOUS
100
AcDbLine
 10
151.9994920000000036
 20
-81.9955349999999896
 30
0
 11
152.0364959999999996
 21
-82.0325389999999999
 31
0
  0
LINE
  5
D60
330
22
100
AcDbEntity
  8
B.Cu
  6
CONTINUOUS
100
AcDbLine
 10
152.0364959999999996
 20
-82.0325389999999999
 30
0
 11
152.0812029999999879
 21
-82.1219519999999932
 31
0
  0
LINE
  5
D61
330
22
100
AcDbEntity
  8
B.Cu
  6
CONTINUOUS
100
AcDbLine
 10
152.0812029999999879
 20
-82.1219519999999932
 30
0
 11
152.0812029999999879
 21
-82.1512230000000017
 31
0
  0
LINE
  5
D62
330
22
100
AcDbEntity
  8
B.Cu
  6
CONTINUOUS
100
AcDbLine
 10
152.0812029999999879
 20
-82.1512230000000017
 30
0
 11
152.0812029999999879
 21
-82.8008279999999957
 31
0
  0
LINE
  5
D63
330
22
100
AcDbEntity
  8
B.Cu
  6
CONTINUOUS
100
AcDbLine
 10
152.0812029999999879
 20
-82.8008279999999957
 30
0
 11
152.083878999999996
 21
-82.8280029999999954
 31
0
  0
LINE
  5
D64
330
22
100
AcDbEntity
  8
B.Cu
  6
CONTINUOUS
100
AcDbLine
 10
152.083878999999996
 20
-82.8280029999999954
 30
0
 11
152.0840849999999875
 21
-82.8300919999999934
 31
0
  0
LINE
  5
D65
330
22
100
AcDbEntity
  8
B.Cu
  6
CONTINUOUS
100
AcDbLine
 10
152.0840849999999875
 20
-82.8300919999999934
 30
0
 11
152.1064829999999972
 21
-82.8841639999999984
 31
0
  0
LINE
  5
D66
330
22
100
AcDbEntity
  8
B.Cu
  6
CONTINUOUS
100
AcDbLine
 10
152.1064829999999972
 20
-82.8841639999999984
 30
0
 11
152.1478669999999909
 21
-82.925547999999992
 31
0
  0
LINE
  5
D67
330
22
100
AcDbEntity
  8
B.Cu
  6
CONTINUOUS
100
AcDbLine
 10
152.1478669999999909
 20
-82.925547999999992
 30
0
 11
152.2019339999999943
 21
-82.9479439999999926
 31
0
  0
LINE
  5
D68
330
22
100
AcDbEntity
  8
B.Cu
  6
CONTINUOUS
100
AcDbLine
 10
152.2019339999999943
 20
-82.9479439999999926
 30
0
 11
152.2019389999999817
 21
-82.9479460000000017
 31
0
  0
LINE
  5
D69
330
22
100
AcDbEntity
  8
B.Cu
  6
CONTINUOUS
100
AcDbLine
 10
152.2019389999999817
 20
-82.9479460000000017
 30
0
 11
152.2019399999999791
 21
-82.9479460000000017
 31
0
  0
LINE
  5
D6A
330
22
100
AcDbEntity
  8
B.Cu
  6
CONTINUOUS
100
AcDbLine
 10
152.2019399999999791
 20
-82.9479460000000017
 30
0
 11
152.2604659999999797
 21
-82.9479460000000017
 31
0
  0
LINE
  5
D6B
330
22
100
AcDbEntity
  8
B.Cu
  6
CONTINUOUS
100
AcDbLine
 10
152.2604659999999797
 20
-82.9479460000000017
 30
0
 11
152.2604670000000056
 21
-82.9479460000000017
 31
0
  0
LINE
  5
D6C
330
22
100
AcDbEntity
  8
B.Cu
  6
CONTINUOUS
100
AcDbLine
 10
152.2604670000000056
 20
-82.9479460000000017
 30
0
 11
152.3010339999999871
 21
-82.9311419999999941
 31
0
  0
LINE
  5
D6D
330
22
100
AcDbEntity
  8
B.Cu
  6
CONTINUOUS
100
AcDbLine
 10
152.3010339999999871
 20
-82.9311419999999941
 30
0
 11
152.3145370000000014
 21
-82.9255489999999895
 31
0
  0
LINE
  5
D6E
330
22
100
AcDbEntity
  8
B.Cu
  6
CONTINUOUS
100
AcDbLine
 10
152.3145370000000014
 20
-82.9255489999999895
 30
0
 11
152.3145370000000014
 21
-82.925547999999992
 31
0
  0
LINE
  5
D6F
330
22
100
AcDbEntity
  8
B.Cu
  6
CONTINUOUS
100
AcDbLine
 10
152.3145370000000014
 20
-82.925547999999992
 30
0
 11
152.3145389999999963
 21
-82.925547999999992
 31
0
  0
LINE
  5
D70
330
22
100
AcDbEntity
  8
B.Cu
  6
CONTINUOUS
100
AcDbLine
 10
152.3145389999999963
 20
-82.925547999999992
 30
0
 11
152.35592299999999
 21
-82.8841639999999984
 31
0
  0
LINE
  5
D71
330
22
100
AcDbEntity
  8
B.Cu
  6
CONTINUOUS
100
AcDbLine
 10
152.35592299999999
 20
-82.8841639999999984
 30
0
 11
152.3783209999999997
 21
-82.8300919999999934
 31
0
  0
LINE
  5
D72
330
22
100
AcDbEntity
  8
B.Cu
  6
CONTINUOUS
100
AcDbLine
 10
152.3783209999999997
 20
-82.8300919999999934
 30
0
 11
152.3812029999999993
 21
-82.8008279999999957
 31
0
  0
LINE
  5
D73
330
22
100
AcDbEntity
  8
B.Cu
  6
CONTINUOUS
100
AcDbLine
 10
152.3812029999999993
 20
-82.8008279999999957
 30
0
 11
152.3812029999999993
 21
-81.8227540000000033
 31
0
  0
LINE
  5
D74
330
22
100
AcDbEntity
  8
B.Cu
  6
CONTINUOUS
100
AcDbLine
 10
152.3812029999999993
 20
-81.8227540000000033
 30
0
 11
152.3812029999999993
 21
-81.8008279999999957
 31
0
  0
LINE
  5
D75
330
22
100
AcDbEntity
  8
B.Cu
  6
CONTINUOUS
100
AcDbLine
 10
152.3812029999999993
 20
-81.8008279999999957
 30
0
 11
152.3783209999999997
 21
-81.7715639999999979
 31
0
  0
LINE
  5
D76
330
22
100
AcDbEntity
  8
B.Cu
  6
CONTINUOUS
100
AcDbLine
 10
152.3783209999999997
 20
-81.7715639999999979
 30
0
 11
152.35592299999999
 21
-81.7174919999999929
 31
0
  0
LINE
  5
D77
330
22
100
AcDbEntity
  8
B.Cu
  6
CONTINUOUS
100
AcDbLine
 10
152.35592299999999
 20
-81.7174919999999929
 30
0
 11
152.3145389999999963
 21
-81.6761079999999993
 31
0
  0
LINE
  5
D78
330
22
100
AcDbEntity
  8
B.Cu
  6
CONTINUOUS
100
AcDbLine
 10
152.3145389999999963
 20
-81.6761079999999993
 30
0
 11
152.2604670000000056
 21
-81.6537099999999896
 31
0
  0
LINE
  5
D79
330
22
100
AcDbEntity
  8
B.Cu
  6
CONTINUOUS
100
AcDbLine
 10
152.2604670000000056
 20
-81.6537099999999896
 30
0
 11
152.2019389999999817
 21
-81.6537099999999896
 31
0
  0
LINE
  5
D7A
330
22
100
AcDbEntity
  8
B.Cu
  6
CONTINUOUS
100
AcDbLine
 10
152.2019389999999817
 20
-81.6537099999999896
 30
0
 11
152.1478669999999909
 21
-81.6761079999999993
 31
0
  0
LINE
  5
D7B
330
22
100
AcDbEntity
  8
B.Cu
  6
CONTINUOUS
100
AcDbLine
 10
152.1478669999999909
 20
-81.6761079999999993
 30
0
 11
152.1090639999999894
 21
-81.7149110000000007
 31
0
  0
LINE
  5
D7C
330
22
100
AcDbEntity
  8
B.Cu
  6
CONTINUOUS
100
AcDbLine
 10
152.1090639999999894
 20
-81.7149110000000007
 30
0
 11
152.0125699999999824
 21
-81.6666639999999973
 31
0
  0
LINE
  5
D7D
330
22
100
AcDbEntity
  8
B.Cu
  6
CONTINUOUS
100
AcDbLine
 10
152.0125699999999824
 20
-81.6666639999999973
 30
0
 11
151.9851069999999993
 21
-81.6561540000000008
 31
0
  0
LINE
  5
D7E
330
22
100
AcDbEntity
  8
B.Cu
  6
CONTINUOUS
100
AcDbLine
 10
151.9851069999999993
 20
-81.6561540000000008
 30
0
 11
151.9797289999999919
 21
-81.6557710000000014
 31
0
  0
LINE
  5
D7F
330
22
100
AcDbEntity
  8
B.Cu
  6
CONTINUOUS
100
AcDbLine
 10
151.9797289999999919
 20
-81.6557710000000014
 30
0
 11
151.9747519999999952
 21
-81.6537099999999896
 31
0
  0
LINE
  5
D80
330
22
100
AcDbEntity
  8
B.Cu
  6
CONTINUOUS
100
AcDbLine
 10
151.9747519999999952
 20
-81.6537099999999896
 30
0
 11
151.9454879999999832
 21
-81.65082799999999
 31
0
  0
LINE
  5
D81
330
22
100
AcDbEntity
  8
B.Cu
  6
CONTINUOUS
100
AcDbLine
 10
151.9454879999999832
 20
-81.65082799999999
 30
0
 11
151.802630999999991
 21
-81.65082799999999
 31
0
  0
LINE
  5
D82
330
22
100
AcDbEntity
  8
B.Cu
  6
CONTINUOUS
100
AcDbLine
 10
151.802630999999991
 20
-81.65082799999999
 30
0
 11
151.773366999999979
 21
-81.6537099999999896
 31
0
  0
LINE
  5
D83
330
22
100
AcDbEntity
  8
B.Cu
  6
CONTINUOUS
100
AcDbLine
 10
161.5050099999999986
 20
-81.1761079999999993
 30
0
 11
161.463626000000005
 21
-81.2174919999999929
 31
0
  0
LINE
  5
D84
330
22
100
AcDbEntity
  8
B.Cu
  6
CONTINUOUS
100
AcDbLine
 10
161.463626000000005
 20
-81.2174919999999929
 30
0
 11
161.4412279999999953
 21
-81.271562000000003
 31
0
  0
LINE
  5
D85
330
22
100
AcDbEntity
  8
B.Cu
  6
CONTINUOUS
100
AcDbLine
 10
161.4412279999999953
 20
-81.271562000000003
 30
0
 11
161.4412279999999953
 21
-81.2715659999999929
 31
0
  0
LINE
  5
D86
330
22
100
AcDbEntity
  8
B.Cu
  6
CONTINUOUS
100
AcDbLine
 10
161.4412279999999953
 20
-81.2715659999999929
 30
0
 11
161.4386810000000025
 21
-81.2974329999999981
 31
0
  0
LINE
  5
D87
330
22
100
AcDbEntity
  8
B.Cu
  6
CONTINUOUS
100
AcDbLine
 10
161.4386810000000025
 20
-81.2974329999999981
 30
0
 11
161.4383459999999957
 21
-81.3008279999999957
 31
0
  0
LINE
  5
D88
330
22
100
AcDbEntity
  8
B.Cu
  6
CONTINUOUS
100
AcDbLine
 10
161.4383459999999957
 20
-81.3008279999999957
 30
0
 11
161.4383459999999957
 21
-81.6655939999999987
 31
0
  0
LINE
  5
D89
330
22
100
AcDbEntity
  8
B.Cu
  6
CONTINUOUS
100
AcDbLine
 10
161.4383459999999957
 20
-81.6655939999999987
 30
0
 11
161.4136790000000019
 21
-81.6561549999999983
 31
0
  0
LINE
  5
D8A
330
22
100
AcDbEntity
  8
B.Cu
  6
CONTINUOUS
100
AcDbLine
 10
161.4136790000000019
 20
-81.6561549999999983
 30
0
 11
161.4083039999999869
 21
-81.6557729999999964
 31
0
  0
LINE
  5
D8B
330
22
100
AcDbEntity
  8
B.Cu
  6
CONTINUOUS
100
AcDbLine
 10
161.4083039999999869
 20
-81.6557729999999964
 30
0
 11
161.4033239999999978
 21
-81.6537099999999896
 31
0
  0
LINE
  5
D8C
330
22
100
AcDbEntity
  8
B.Cu
  6
CONTINUOUS
100
AcDbLine
 10
161.4033239999999978
 20
-81.6537099999999896
 30
0
 11
161.3740599999999858
 21
-81.65082799999999
 31
0
  0
LINE
  5
D8D
330
22
100
AcDbEntity
  8
B.Cu
  6
CONTINUOUS
100
AcDbLine
 10
161.3740599999999858
 20
-81.65082799999999
 30
0
 11
161.1597739999999988
 21
-81.65082799999999
 31
0
  0
LINE
  5
D8E
330
22
100
AcDbEntity
  8
B.Cu
  6
CONTINUOUS
100
AcDbLine
 10
161.1597739999999988
 20
-81.65082799999999
 30
0
 11
161.1305099999999868
 21
-81.6537099999999896
 31
0
  0
LINE
  5
D8F
330
22
100
AcDbEntity
  8
B.Cu
  6
CONTINUOUS
100
AcDbLine
 10
161.1305099999999868
 20
-81.6537099999999896
 30
0
 11
161.1255290000000002
 21
-81.6557729999999964
 31
0
  0
LINE
  5
D90
330
22
100
AcDbEntity
  8
B.Cu
  6
CONTINUOUS
100
AcDbLine
 10
161.1255290000000002
 20
-81.6557729999999964
 30
0
 11
161.1201549999999827
 21
-81.6561549999999983
 31
0
  0
LINE
  5
D91
330
22
100
AcDbEntity
  8
B.Cu
  6
CONTINUOUS
100
AcDbLine
 10
161.1201549999999827
 20
-81.6561549999999983
 30
0
 11
161.0926910000000021
 21
-81.6666639999999973
 31
0
  0
LINE
  5
D92
330
22
100
AcDbEntity
  8
B.Cu
  6
CONTINUOUS
100
AcDbLine
 10
161.0926910000000021
 20
-81.6666639999999973
 30
0
 11
160.9498349999999789
 21
-81.7380929999999921
 31
0
  0
LINE
  5
D93
330
22
100
AcDbEntity
  8
B.Cu
  6
CONTINUOUS
100
AcDbLine
 10
160.9498349999999789
 20
-81.7380929999999921
 30
0
 11
160.9449400000000026
 21
-81.7411729999999892
 31
0
  0
LINE
  5
D94
330
22
100
AcDbEntity
  8
B.Cu
  6
CONTINUOUS
100
AcDbLine
 10
160.9449400000000026
 20
-81.7411729999999892
 30
0
 11
160.9426330000000007
 21
-81.741942999999992
 31
0
  0
LINE
  5
D95
330
22
100
AcDbEntity
  8
B.Cu
  6
CONTINUOUS
100
AcDbLine
 10
160.9426330000000007
 20
-81.741942999999992
 30
0
 11
160.9397579999999834
 21
-81.7444349999999957
 31
0
  0
LINE
  5
D96
330
22
100
AcDbEntity
  8
B.Cu
  6
CONTINUOUS
100
AcDbLine
 10
160.9397579999999834
 20
-81.7444349999999957
 30
0
 11
160.924948999999998
 21
-81.7537579999999906
 31
0
  0
LINE
  5
D97
330
22
100
AcDbEntity
  8
B.Cu
  6
CONTINUOUS
100
AcDbLine
 10
160.924948999999998
 20
-81.7537579999999906
 30
0
 11
160.9126249999999914
 21
-81.7679669999999987
 31
0
  0
LINE
  5
D98
330
22
100
AcDbEntity
  8
B.Cu
  6
CONTINUOUS
100
AcDbLine
 10
160.9126249999999914
 20
-81.7679669999999987
 30
0
 11
160.8984179999999924
 21
-81.7802889999999962
 31
0
  0
LINE
  5
D99
330
22
100
AcDbEntity
  8
B.Cu
  6
CONTINUOUS
100
AcDbLine
 10
160.8984179999999924
 20
-81.7802889999999962
 30
0
 11
160.88909799999999
 21
-81.7950939999999918
 31
0
  0
LINE
  5
D9A
330
22
100
AcDbEntity
  8
B.Cu
  6
CONTINUOUS
100
AcDbLine
 10
160.88909799999999
 20
-81.7950939999999918
 30
0
 11
160.8866019999999821
 21
-81.7979729999999989
 31
0
  0
LINE
  5
D9B
330
22
100
AcDbEntity
  8
B.Cu
  6
CONTINUOUS
100
AcDbLine
 10
160.8866019999999821
 20
-81.7979729999999989
 30
0
 11
160.885830999999996
 21
-81.8002839999999907
 31
0
  0
LINE
  5
D9C
330
22
100
AcDbEntity
  8
B.Cu
  6
CONTINUOUS
100
AcDbLine
 10
160.885830999999996
 20
-81.8002839999999907
 30
0
 11
160.8827529999999797
 21
-81.8051749999999913
 31
0
  0
LINE
  5
D9D
330
22
100
AcDbEntity
  8
B.Cu
  6
CONTINUOUS
100
AcDbLine
 10
160.8827529999999797
 20
-81.8051749999999913
 30
0
 11
160.8113249999999823
 21
-81.9480319999999978
 31
0
  0
LINE
  5
D9E
330
22
100
AcDbEntity
  8
B.Cu
  6
CONTINUOUS
100
AcDbLine
 10
160.8113249999999823
 20
-81.9480319999999978
 30
0
 11
160.8008150000000001
 21
-81.9754959999999926
 31
0
  0
LINE
  5
D9F
330
22
100
AcDbEntity
  8
B.Cu
  6
CONTINUOUS
100
AcDbLine
 10
160.8008150000000001
 20
-81.9754959999999926
 30
0
 11
160.8004329999999982
 21
-81.9808709999999934
 31
0
  0
LINE
  5
DA0
330
22
100
AcDbEntity
  8
B.Cu
  6
CONTINUOUS
100
AcDbLine
 10
160.8004329999999982
 20
-81.9808709999999934
 30
0
 11
160.7983710000000031
 21
-81.9858499999999992
 31
0
  0
LINE
  5
DA1
330
22
100
AcDbEntity
  8
B.Cu
  6
CONTINUOUS
100
AcDbLine
 10
160.7983710000000031
 20
-81.9858499999999992
 30
0
 11
160.7954890000000034
 21
-82.015113999999997
 31
0
  0
LINE
  5
DA2
330
22
100
AcDbEntity
  8
B.Cu
  6
CONTINUOUS
100
AcDbLine
 10
160.7954890000000034
 20
-82.015113999999997
 30
0
 11
160.7954890000000034
 21
-82.8008279999999957
 31
0
  0
LINE
  5
DA3
330
22
100
AcDbEntity
  8
B.Cu
  6
CONTINUOUS
100
AcDbLine
 10
160.7954890000000034
 20
-82.8008279999999957
 30
0
 11
160.7981649999999831
 21
-82.8280029999999954
 31
0
  0
LINE
  5
DA4
330
22
100
AcDbEntity
  8
B.Cu
  6
CONTINUOUS
100
AcDbLine
 10
160.7981649999999831
 20
-82.8280029999999954
 30
0
 11
160.7983710000000031
 21
-82.8300919999999934
 31
0
  0
LINE
  5
DA5
330
22
100
AcDbEntity
  8
B.Cu
  6
CONTINUOUS
100
AcDbLine
 10
160.7983710000000031
 20
-82.8300919999999934
 30
0
 11
160.8207689999999843
 21
-82.8841639999999984
 31
0
  0
LINE
  5
DA6
330
22
100
AcDbEntity
  8
B.Cu
  6
CONTINUOUS
100
AcDbLine
 10
160.8207689999999843
 20
-82.8841639999999984
 30
0
 11
160.8621530000000064
 21
-82.925547999999992
 31
0
  0
LINE
  5
DA7
330
22
100
AcDbEntity
  8
B.Cu
  6
CONTINUOUS
100
AcDbLine
 10
160.8621530000000064
 20
-82.925547999999992
 30
0
 11
160.9162199999999814
 21
-82.9479439999999926
 31
0
  0
LINE
  5
DA8
330
22
100
AcDbEntity
  8
B.Cu
  6
CONTINUOUS
100
AcDbLine
 10
160.9162199999999814
 20
-82.9479439999999926
 30
0
 11
160.9162249999999972
 21
-82.9479460000000017
 31
0
  0
LINE
  5
DA9
330
22
100
AcDbEntity
  8
B.Cu
  6
CONTINUOUS
100
AcDbLine
 10
160.9162249999999972
 20
-82.9479460000000017
 30
0
 11
160.9162259999999947
 21
-82.9479460000000017
 31
0
  0
LINE
  5
DAA
330
22
100
AcDbEntity
  8
B.Cu
  6
CONTINUOUS
100
AcDbLine
 10
160.9162259999999947
 20
-82.9479460000000017
 30
0
 11
160.9747519999999952
 21
-82.9479460000000017
 31
0
  0
LINE
  5
DAB
330
22
100
AcDbEntity
  8
B.Cu
  6
CONTINUOUS
100
AcDbLine
 10
160.9747519999999952
 20
-82.9479460000000017
 30
0
 11
160.9747529999999927
 21
-82.9479460000000017
 31
0
  0
LINE
  5
DAC
330
22
100
AcDbEntity
  8
B.Cu
  6
CONTINUOUS
100
AcDbLine
 10
160.9747529999999927
 20
-82.9479460000000017
 30
0
 11
161.0153200000000027
 21
-82.9311419999999941
 31
0
  0
LINE
  5
DAD
330
22
100
AcDbEntity
  8
B.Cu
  6
CONTINUOUS
100
AcDbLine
 10
161.0153200000000027
 20
-82.9311419999999941
 30
0
 11
161.0288229999999885
 21
-82.9255489999999895
 31
0
  0
LINE
  5
DAE
330
22
100
AcDbEntity
  8
B.Cu
  6
CONTINUOUS
100
AcDbLine
 10
161.0288229999999885
 20
-82.9255489999999895
 30
0
 11
161.0288229999999885
 21
-82.925547999999992
 31
0
  0
LINE
  5
DAF
330
22
100
AcDbEntity
  8
B.Cu
  6
CONTINUOUS
100
AcDbLine
 10
161.0288229999999885
 20
-82.925547999999992
 30
0
 11
161.0288249999999834
 21
-82.925547999999992
 31
0
  0
LINE
  5
DB0
330
22
100
AcDbEntity
  8
B.Cu
  6
CONTINUOUS
100
AcDbLine
 10
161.0288249999999834
 20
-82.925547999999992
 30
0
 11
161.0702090000000055
 21
-82.8841639999999984
 31
0
  0
LINE
  5
DB1
330
22
100
AcDbEntity
  8
B.Cu
  6
CONTINUOUS
100
AcDbLine
 10
161.0702090000000055
 20
-82.8841639999999984
 30
0
 11
161.0926069999999868
 21
-82.8300919999999934
 31
0
  0
LINE
  5
DB2
330
22
100
AcDbEntity
  8
B.Cu
  6
CONTINUOUS
100
AcDbLine
 10
161.0926069999999868
 20
-82.8300919999999934
 30
0
 11
161.0954889999999864
 21
-82.8008279999999957
 31
0
  0
LINE
  5
DB3
330
22
100
AcDbEntity
  8
B.Cu
  6
CONTINUOUS
100
AcDbLine
 10
161.0954889999999864
 20
-82.8008279999999957
 30
0
 11
161.0954889999999864
 21
-82.0797939999999926
 31
0
  0
LINE
  5
DB4
330
22
100
AcDbEntity
  8
B.Cu
  6
CONTINUOUS
100
AcDbLine
 10
161.0954889999999864
 20
-82.0797939999999926
 30
0
 11
161.0954889999999864
 21
-82.0505229999999983
 31
0
  0
LINE
  5
DB5
330
22
100
AcDbEntity
  8
B.Cu
  6
CONTINUOUS
100
AcDbLine
 10
161.0954889999999864
 20
-82.0505229999999983
 30
0
 11
161.1085789999999918
 21
-82.0243419999999901
 31
0
  0
LINE
  5
DB6
330
22
100
AcDbEntity
  8
B.Cu
  6
CONTINUOUS
100
AcDbLine
 10
161.1085789999999918
 20
-82.0243419999999901
 30
0
 11
161.1102300000000014
 21
-82.0210390000000018
 31
0
  0
LINE
  5
DB7
330
22
100
AcDbEntity
  8
B.Cu
  6
CONTINUOUS
100
AcDbLine
 10
161.1102300000000014
 20
-82.0210390000000018
 30
0
 11
161.1102309999999989
 21
-82.0210369999999926
 31
0
  0
LINE
  5
DB8
330
22
100
AcDbEntity
  8
B.Cu
  6
CONTINUOUS
100
AcDbLine
 10
161.1102309999999989
 20
-82.0210369999999926
 30
0
 11
161.1287199999999871
 21
-81.9840599999999995
 31
0
  0
LINE
  5
DB9
330
22
100
AcDbEntity
  8
B.Cu
  6
CONTINUOUS
100
AcDbLine
 10
161.1287199999999871
 20
-81.9840599999999995
 30
0
 11
161.1656720000000007
 21
-81.9655829999999952
 31
0
  0
LINE
  5
DBA
330
22
100
AcDbEntity
  8
B.Cu
  6
CONTINUOUS
100
AcDbLine
 10
161.1656720000000007
 20
-81.9655829999999952
 30
0
 11
161.165694000000002
 21
-81.9655719999999945
 31
0
  0
LINE
  5
DBB
330
22
100
AcDbEntity
  8
B.Cu
  6
CONTINUOUS
100
AcDbLine
 10
161.165694000000002
 20
-81.9655719999999945
 30
0
 11
161.1690279999999973
 21
-81.9639059999999944
 31
0
  0
LINE
  5
DBC
330
22
100
AcDbEntity
  8
B.Cu
  6
CONTINUOUS
100
AcDbLine
 10
161.1690279999999973
 20
-81.9639059999999944
 30
0
 11
161.1951839999999834
 21
-81.9508280000000013
 31
0
  0
LINE
  5
DBD
330
22
100
AcDbEntity
  8
B.Cu
  6
CONTINUOUS
100
AcDbLine
 10
161.1951839999999834
 20
-81.9508280000000013
 30
0
 11
161.3386500000000012
 21
-81.9508280000000013
 31
0
  0
LINE
  5
DBE
330
22
100
AcDbEntity
  8
B.Cu
  6
CONTINUOUS
100
AcDbLine
 10
161.3386500000000012
 20
-81.9508280000000013
 30
0
 11
161.4280640000000062
 21
-81.9955349999999896
 31
0
  0
LINE
  5
DBF
330
22
100
AcDbEntity
  8
B.Cu
  6
CONTINUOUS
100
AcDbLine
 10
161.4280640000000062
 20
-81.9955349999999896
 30
0
 11
161.4383459999999957
 21
-82.0058169999999933
 31
0
  0
LINE
  5
DC0
330
22
100
AcDbEntity
  8
B.Cu
  6
CONTINUOUS
100
AcDbLine
 10
161.4383459999999957
 20
-82.0058169999999933
 30
0
 11
161.4383459999999957
 21
-82.0773119999999921
 31
0
  0
LINE
  5
DC1
330
22
100
AcDbEntity
  8
B.Cu
  6
CONTINUOUS
100
AcDbLine
 10
161.4383459999999957
 20
-82.0773119999999921
 30
0
 11
161.4383459999999957
 21
-82.8008279999999957
 31
0
  0
LINE
  5
DC2
330
22
100
AcDbEntity
  8
B.Cu
  6
CONTINUOUS
100
AcDbLine
 10
161.4383459999999957
 20
-82.8008279999999957
 30
0
 11
161.4410220000000038
 21
-82.8280029999999954
 31
0
  0
LINE
  5
DC3
330
22
100
AcDbEntity
  8
B.Cu
  6
CONTINUOUS
100
AcDbLine
 10
161.4410220000000038
 20
-82.8280029999999954
 30
0
 11
161.4412279999999953
 21
-82.8300919999999934
 31
0
  0
LINE
  5
DC4
330
22
100
AcDbEntity
  8
B.Cu
  6
CONTINUOUS
100
AcDbLine
 10
161.4412279999999953
 20
-82.8300919999999934
 30
0
 11
161.463626000000005
 21
-82.8841639999999984
 31
0
  0
LINE
  5
DC5
330
22
100
AcDbEntity
  8
B.Cu
  6
CONTINUOUS
100
AcDbLine
 10
161.463626000000005
 20
-82.8841639999999984
 30
0
 11
161.5050099999999986
 21
-82.925547999999992
 31
0
  0
LINE
  5
DC6
330
22
100
AcDbEntity
  8
B.Cu
  6
CONTINUOUS
100
AcDbLine
 10
161.5050099999999986
 20
-82.925547999999992
 30
0
 11
161.559077000000002
 21
-82.9479439999999926
 31
0
  0
LINE
  5
DC7
330
22
100
AcDbEntity
  8
B.Cu
  6
CONTINUOUS
100
AcDbLine
 10
161.559077000000002
 20
-82.9479439999999926
 30
0
 11
161.5590819999999894
 21
-82.9479460000000017
 31
0
  0
LINE
  5
DC8
330
22
100
AcDbEntity
  8
B.Cu
  6
CONTINUOUS
100
AcDbLine
 10
161.5590819999999894
 20
-82.9479460000000017
 30
0
 11
161.5590829999999869
 21
-82.9479460000000017
 31
0
  0
LINE
  5
DC9
330
22
100
AcDbEntity
  8
B.Cu
  6
CONTINUOUS
100
AcDbLine
 10
161.5590829999999869
 20
-82.9479460000000017
 30
0
 11
161.6176089999999874
 21
-82.9479460000000017
 31
0
  0
LINE
  5
DCA
330
22
100
AcDbEntity
  8
B.Cu
  6
CONTINUOUS
100
AcDbLine
 10
161.6176089999999874
 20
-82.9479460000000017
 30
0
 11
161.6176099999999849
 21
-82.9479460000000017
 31
0
  0
LINE
  5
DCB
330
22
100
AcDbEntity
  8
B.Cu
  6
CONTINUOUS
100
AcDbLine
 10
161.6176099999999849
 20
-82.9479460000000017
 30
0
 11
161.6581769999999949
 21
-82.9311419999999941
 31
0
  0
LINE
  5
DCC
330
22
100
AcDbEntity
  8
B.Cu
  6
CONTINUOUS
100
AcDbLine
 10
161.6581769999999949
 20
-82.9311419999999941
 30
0
 11
161.6716799999999807
 21
-82.9255489999999895
 31
0
  0
LINE
  5
DCD
330
22
100
AcDbEntity
  8
B.Cu
  6
CONTINUOUS
100
AcDbLine
 10
161.6716799999999807
 20
-82.9255489999999895
 30
0
 11
161.6716799999999807
 21
-82.925547999999992
 31
0
  0
LINE
  5
DCE
330
22
100
AcDbEntity
  8
B.Cu
  6
CONTINUOUS
100
AcDbLine
 10
161.6716799999999807
 20
-82.925547999999992
 30
0
 11
161.6716820000000041
 21
-82.925547999999992
 31
0
  0
LINE
  5
DCF
330
22
100
AcDbEntity
  8
B.Cu
  6
CONTINUOUS
100
AcDbLine
 10
161.6716820000000041
 20
-82.925547999999992
 30
0
 11
161.7130659999999978
 21
-82.8841639999999984
 31
0
  0
LINE
  5
DD0
330
22
100
AcDbEntity
  8
B.Cu
  6
CONTINUOUS
100
AcDbLine
 10
161.7130659999999978
 20
-82.8841639999999984
 30
0
 11
161.735463999999979
 21
-82.8300919999999934
 31
0
  0
LINE
  5
DD1
330
22
100
AcDbEntity
  8
B.Cu
  6
CONTINUOUS
100
AcDbLine
 10
161.735463999999979
 20
-82.8300919999999934
 30
0
 11
161.7383459999999786
 21
-82.8008279999999957
 31
0
  0
LINE
  5
DD2
330
22
100
AcDbEntity
  8
B.Cu
  6
CONTINUOUS
100
AcDbLine
 10
161.7383459999999786
 20
-82.8008279999999957
 30
0
 11
161.7383459999999786
 21
-82.015113999999997
 31
0
  0
LINE
  5
DD3
330
22
100
AcDbEntity
  8
B.Cu
  6
CONTINUOUS
100
AcDbLine
 10
161.7383459999999786
 20
-82.015113999999997
 30
0
 11
161.7383459999999786
 21
-81.3008279999999957
 31
0
  0
LINE
  5
DD4
330
22
100
AcDbEntity
  8
B.Cu
  6
CONTINUOUS
100
AcDbLine
 10
161.7383459999999786
 20
-81.3008279999999957
 30
0
 11
161.735463999999979
 21
-81.2715639999999979
 31
0
  0
LINE
  5
DD5
330
22
100
AcDbEntity
  8
B.Cu
  6
CONTINUOUS
100
AcDbLine
 10
161.735463999999979
 20
-81.2715639999999979
 30
0
 11
161.7130659999999978
 21
-81.2174919999999929
 31
0
  0
LINE
  5
DD6
330
22
100
AcDbEntity
  8
B.Cu
  6
CONTINUOUS
100
AcDbLine
 10
161.7130659999999978
 20
-81.2174919999999929
 30
0
 11
161.6716820000000041
 21
-81.1761079999999993
 31
0
  0
LINE
  5
DD7
330
22
100
AcDbEntity
  8
B.Cu
  6
CONTINUOUS
100
AcDbLine
 10
161.6716820000000041
 20
-81.1761079999999993
 30
0
 11
161.6176099999999849
 21
-81.1537099999999896
 31
0
  0
LINE
  5
DD8
330
22
100
AcDbEntity
  8
B.Cu
  6
CONTINUOUS
100
AcDbLine
 10
161.6176099999999849
 20
-81.1537099999999896
 30
0
 11
161.5590819999999894
 21
-81.1537099999999896
 31
0
  0
LINE
  5
DD9
330
22
100
AcDbEntity
  8
B.Cu
  6
CONTINUOUS
100
AcDbLine
 10
161.5590819999999894
 20
-81.1537099999999896
 30
0
 11
161.5050099999999986
 21
-81.1761079999999993
 31
0
  0
LINE
  5
DDA
330
22
100
AcDbEntity
  8
B.Cu
  6
CONTINUOUS
100
AcDbLine
 10
166.3621530000000064
 20
-81.6761079999999993
 30
0
 11
166.3207689999999843
 21
-81.7174919999999929
 31
0
  0
LINE
  5
DDB
330
22
100
AcDbEntity
  8
B.Cu
  6
CONTINUOUS
100
AcDbLine
 10
166.3207689999999843
 20
-81.7174919999999929
 30
0
 11
166.2983710000000031
 21
-81.7715639999999979
 31
0
  0
LINE
  5
DDC
330
22
100
AcDbEntity
  8
B.Cu
  6
CONTINUOUS
100
AcDbLine
 10
166.2983710000000031
 20
-81.7715639999999979
 30
0
 11
166.2954890000000034
 21
-81.8008279999999957
 31
0
  0
LINE
  5
DDD
330
22
100
AcDbEntity
  8
B.Cu
  6
CONTINUOUS
100
AcDbLine
 10
166.2954890000000034
 20
-81.8008279999999957
 30
0
 11
166.2954890000000034
 21
-81.9557799999999901
 31
0
  0
LINE
  5
DDE
330
22
100
AcDbEntity
  8
B.Cu
  6
CONTINUOUS
100
AcDbLine
 10
166.2954890000000034
 20
-81.9557799999999901
 30
0
 11
166.2954890000000034
 21
-82.8008279999999957
 31
0
  0
LINE
  5
DDF
330
22
100
AcDbEntity
  8
B.Cu
  6
CONTINUOUS
100
AcDbLine
 10
166.2954890000000034
 20
-82.8008279999999957
 30
0
 11
166.2981649999999831
 21
-82.8280029999999954
 31
0
  0
LINE
  5
DE0
330
22
100
AcDbEntity
  8
B.Cu
  6
CONTINUOUS
100
AcDbLine
 10
166.2981649999999831
 20
-82.8280029999999954
 30
0
 11
166.2983710000000031
 21
-82.8300919999999934
 31
0
  0
LINE
  5
DE1
330
22
100
AcDbEntity
  8
B.Cu
  6
CONTINUOUS
100
AcDbLine
 10
166.2983710000000031
 20
-82.8300919999999934
 30
0
 11
166.3207689999999843
 21
-82.8841639999999984
 31
0
  0
LINE
  5
DE2
330
22
100
AcDbEntity
  8
B.Cu
  6
CONTINUOUS
100
AcDbLine
 10
166.3207689999999843
 20
-82.8841639999999984
 30
0
 11
166.3621530000000064
 21
-82.925547999999992
 31
0
  0
LINE
  5
DE3
330
22
100
AcDbEntity
  8
B.Cu
  6
CONTINUOUS
100
AcDbLine
 10
166.3621530000000064
 20
-82.925547999999992
 30
0
 11
166.4162199999999814
 21
-82.9479439999999926
 31
0
  0
LINE
  5
DE4
330
22
100
AcDbEntity
  8
B.Cu
  6
CONTINUOUS
100
AcDbLine
 10
166.4162199999999814
 20
-82.9479439999999926
 30
0
 11
166.4162249999999972
 21
-82.9479460000000017
 31
0
  0
LINE
  5
DE5
330
22
100
AcDbEntity
  8
B.Cu
  6
CONTINUOUS
100
AcDbLine
 10
166.4162249999999972
 20
-82.9479460000000017
 30
0
 11
166.4162259999999947
 21
-82.9479460000000017
 31
0
  0
LINE
  5
DE6
330
22
100
AcDbEntity
  8
B.Cu
  6
CONTINUOUS
100
AcDbLine
 10
166.4162259999999947
 20
-82.9479460000000017
 30
0
 11
166.4747519999999952
 21
-82.9479460000000017
 31
0
  0
LINE
  5
DE7
330
22
100
AcDbEntity
  8
B.Cu
  6
CONTINUOUS
100
AcDbLine
 10
166.4747519999999952
 20
-82.9479460000000017
 30
0
 11
166.4747529999999927
 21
-82.9479460000000017
 31
0
  0
LINE
  5
DE8
330
22
100
AcDbEntity
  8
B.Cu
  6
CONTINUOUS
100
AcDbLine
 10
166.4747529999999927
 20
-82.9479460000000017
 30
0
 11
166.5153200000000027
 21
-82.9311419999999941
 31
0
  0
LINE
  5
DE9
330
22
100
AcDbEntity
  8
B.Cu
  6
CONTINUOUS
100
AcDbLine
 10
166.5153200000000027
 20
-82.9311419999999941
 30
0
 11
166.5288229999999885
 21
-82.9255489999999895
 31
0
  0
LINE
  5
DEA
330
22
100
AcDbEntity
  8
B.Cu
  6
CONTINUOUS
100
AcDbLine
 10
166.5288229999999885
 20
-82.9255489999999895
 30
0
 11
166.5288229999999885
 21
-82.925547999999992
 31
0
  0
LINE
  5
DEB
330
22
100
AcDbEntity
  8
B.Cu
  6
CONTINUOUS
100
AcDbLine
 10
166.5288229999999885
 20
-82.925547999999992
 30
0
 11
166.5288249999999834
 21
-82.925547999999992
 31
0
  0
LINE
  5
DEC
330
22
100
AcDbEntity
  8
B.Cu
  6
CONTINUOUS
100
AcDbLine
 10
166.5288249999999834
 20
-82.925547999999992
 30
0
 11
166.5702090000000055
 21
-82.8841639999999984
 31
0
  0
LINE
  5
DED
330
22
100
AcDbEntity
  8
B.Cu
  6
CONTINUOUS
100
AcDbLine
 10
166.5702090000000055
 20
-82.8841639999999984
 30
0
 11
166.5926069999999868
 21
-82.8300919999999934
 31
0
  0
LINE
  5
DEE
330
22
100
AcDbEntity
  8
B.Cu
  6
CONTINUOUS
100
AcDbLine
 10
166.5926069999999868
 20
-82.8300919999999934
 30
0
 11
166.5954889999999864
 21
-82.8008279999999957
 31
0
  0
LINE
  5
DEF
330
22
100
AcDbEntity
  8
B.Cu
  6
CONTINUOUS
100
AcDbLine
 10
166.5954889999999864
 20
-82.8008279999999957
 30
0
 11
166.5954889999999864
 21
-82.015113999999997
 31
0
  0
LINE
  5
DF0
330
22
100
AcDbEntity
  8
B.Cu
  6
CONTINUOUS
100
AcDbLine
 10
166.5954889999999864
 20
-82.015113999999997
 30
0
 11
166.5954889999999864
 21
-81.8008279999999957
 31
0
  0
LINE
  5
DF1
330
22
100
AcDbEntity
  8
B.Cu
  6
CONTINUOUS
100
AcDbLine
 10
166.5954889999999864
 20
-81.8008279999999957
 30
0
 11
166.5926069999999868
 21
-81.7715639999999979
 31
0
  0
LINE
  5
DF2
330
22
100
AcDbEntity
  8
B.Cu
  6
CONTINUOUS
100
AcDbLine
 10
166.5926069999999868
 20
-81.7715639999999979
 30
0
 11
166.5702090000000055
 21
-81.7174919999999929
 31
0
  0
LINE
  5
DF3
330
22
100
AcDbEntity
  8
B.Cu
  6
CONTINUOUS
100
AcDbLine
 10
166.5702090000000055
 20
-81.7174919999999929
 30
0
 11
166.5288249999999834
 21
-81.6761079999999993
 31
0
  0
LINE
  5
DF4
330
22
100
AcDbEntity
  8
B.Cu
  6
CONTINUOUS
100
AcDbLine
 10
166.5288249999999834
 20
-81.6761079999999993
 30
0
 11
166.4747529999999927
 21
-81.6537099999999896
 31
0
  0
LINE
  5
DF5
330
22
100
AcDbEntity
  8
B.Cu
  6
CONTINUOUS
100
AcDbLine
 10
166.4747529999999927
 20
-81.6537099999999896
 30
0
 11
166.4162249999999972
 21
-81.6537099999999896
 31
0
  0
LINE
  5
DF6
330
22
100
AcDbEntity
  8
B.Cu
  6
CONTINUOUS
100
AcDbLine
 10
166.4162249999999972
 20
-81.6537099999999896
 30
0
 11
166.3621530000000064
 21
-81.6761079999999993
 31
0
  0
LINE
  5
DF7
330
22
100
AcDbEntity
  8
B.Cu
  6
CONTINUOUS
100
AcDbLine
 10
167.3447960000000023
 20
-81.6537099999999896
 30
0
 11
167.3398149999999873
 21
-81.6557729999999964
 31
0
  0
LINE
  5
DF8
330
22
100
AcDbEntity
  8
B.Cu
  6
CONTINUOUS
100
AcDbLine
 10
167.3398149999999873
 20
-81.6557729999999964
 30
0
 11
167.3344409999999982
 21
-81.6561549999999983
 31
0
  0
LINE
  5
DF9
330
22
100
AcDbEntity
  8
B.Cu
  6
CONTINUOUS
100
AcDbLine
 10
167.3344409999999982
 20
-81.6561549999999983
 30
0
 11
167.3069769999999892
 21
-81.6666639999999973
 31
0
  0
LINE
  5
DFA
330
22
100
AcDbEntity
  8
B.Cu
  6
CONTINUOUS
100
AcDbLine
 10
167.3069769999999892
 20
-81.6666639999999973
 30
0
 11
167.1641209999999944
 21
-81.7380929999999921
 31
0
  0
LINE
  5
DFB
330
22
100
AcDbEntity
  8
B.Cu
  6
CONTINUOUS
100
AcDbLine
 10
167.1641209999999944
 20
-81.7380929999999921
 30
0
 11
167.1592259999999897
 21
-81.7411729999999892
 31
0
  0
LINE
  5
DFC
330
22
100
AcDbEntity
  8
B.Cu
  6
CONTINUOUS
100
AcDbLine
 10
167.1592259999999897
 20
-81.7411729999999892
 30
0
 11
167.1569189999999878
 21
-81.741942999999992
 31
0
  0
LINE
  5
DFD
330
22
100
AcDbEntity
  8
B.Cu
  6
CONTINUOUS
100
AcDbLine
 10
167.1569189999999878
 20
-81.741942999999992
 30
0
 11
167.154043999999999
 21
-81.7444349999999957
 31
0
  0
LINE
  5
DFE
330
22
100
AcDbEntity
  8
B.Cu
  6
CONTINUOUS
100
AcDbLine
 10
167.154043999999999
 20
-81.7444349999999957
 30
0
 11
167.1392349999999851
 21
-81.7537579999999906
 31
0
  0
LINE
  5
DFF
330
22
100
AcDbEntity
  8
B.Cu
  6
CONTINUOUS
100
AcDbLine
 10
167.1392349999999851
 20
-81.7537579999999906
 30
0
 11
167.1269109999999785
 21
-81.7679669999999987
 31
0
  0
LINE
  5
E00
330
22
100
AcDbEntity
  8
B.Cu
  6
CONTINUOUS
100
AcDbLine
 10
167.1269109999999785
 20
-81.7679669999999987
 30
0
 11
167.1127039999999795
 21
-81.7802889999999962
 31
0
  0
LINE
  5
E01
330
22
100
AcDbEntity
  8
B.Cu
  6
CONTINUOUS
100
AcDbLine
 10
167.1127039999999795
 20
-81.7802889999999962
 30
0
 11
167.1033840000000055
 21
-81.7950939999999918
 31
0
  0
LINE
  5
E02
330
22
100
AcDbEntity
  8
B.Cu
  6
CONTINUOUS
100
AcDbLine
 10
167.1033840000000055
 20
-81.7950939999999918
 30
0
 11
167.1008879999999976
 21
-81.7979729999999989
 31
0
  0
LINE
  5
E03
330
22
100
AcDbEntity
  8
B.Cu
  6
CONTINUOUS
100
AcDbLine
 10
167.1008879999999976
 20
-81.7979729999999989
 30
0
 11
167.1001169999999831
 21
-81.8002839999999907
 31
0
  0
LINE
  5
E04
330
22
100
AcDbEntity
  8
B.Cu
  6
CONTINUOUS
100
AcDbLine
 10
167.1001169999999831
 20
-81.8002839999999907
 30
0
 11
167.0970389999999952
 21
-81.8051749999999913
 31
0
  0
LINE
  5
E05
330
22
100
AcDbEntity
  8
B.Cu
  6
CONTINUOUS
100
AcDbLine
 10
167.0970389999999952
 20
-81.8051749999999913
 30
0
 11
167.0256100000000004
 21
-81.9480319999999978
 31
0
  0
LINE
  5
E06
330
22
100
AcDbEntity
  8
B.Cu
  6
CONTINUOUS
100
AcDbLine
 10
167.0256100000000004
 20
-81.9480319999999978
 30
0
 11
167.0151009999999872
 21
-81.9754949999999951
 31
0
  0
LINE
  5
E07
330
22
100
AcDbEntity
  8
B.Cu
  6
CONTINUOUS
100
AcDbLine
 10
167.0151009999999872
 20
-81.9754949999999951
 30
0
 11
167.0147189999999853
 21
-81.9808689999999984
 31
0
  0
LINE
  5
E08
330
22
100
AcDbEntity
  8
B.Cu
  6
CONTINUOUS
100
AcDbLine
 10
167.0147189999999853
 20
-81.9808689999999984
 30
0
 11
167.0126559999999927
 21
-81.9858499999999992
 31
0
  0
LINE
  5
E09
330
22
100
AcDbEntity
  8
B.Cu
  6
CONTINUOUS
100
AcDbLine
 10
167.0126559999999927
 20
-81.9858499999999992
 30
0
 11
167.0097739999999931
 21
-82.015113999999997
 31
0
  0
LINE
  5
E0A
330
22
100
AcDbEntity
  8
B.Cu
  6
CONTINUOUS
100
AcDbLine
 10
167.0097739999999931
 20
-82.015113999999997
 30
0
 11
167.0097739999999931
 21
-82.8008279999999957
 31
0
  0
LINE
  5
E0B
330
22
100
AcDbEntity
  8
B.Cu
  6
CONTINUOUS
100
AcDbLine
 10
167.0097739999999931
 20
-82.8008279999999957
 30
0
 11
167.0124500000000012
 21
-82.8280029999999954
 31
0
  0
LINE
  5
E0C
330
22
100
AcDbEntity
  8
B.Cu
  6
CONTINUOUS
100
AcDbLine
 10
167.0124500000000012
 20
-82.8280029999999954
 30
0
 11
167.0126559999999927
 21
-82.8300919999999934
 31
0
  0
LINE
  5
E0D
330
22
100
AcDbEntity
  8
B.Cu
  6
CONTINUOUS
100
AcDbLine
 10
167.0126559999999927
 20
-82.8300919999999934
 30
0
 11
167.0350540000000024
 21
-82.8841639999999984
 31
0
  0
LINE
  5
E0E
330
22
100
AcDbEntity
  8
B.Cu
  6
CONTINUOUS
100
AcDbLine
 10
167.0350540000000024
 20
-82.8841639999999984
 30
0
 11
167.076437999999996
 21
-82.925547999999992
 31
0
  0
LINE
  5
E0F
330
22
100
AcDbEntity
  8
B.Cu
  6
CONTINUOUS
100
AcDbLine
 10
167.076437999999996
 20
-82.925547999999992
 30
0
 11
167.1305049999999994
 21
-82.9479439999999926
 31
0
  0
LINE
  5
E10
330
22
100
AcDbEntity
  8
B.Cu
  6
CONTINUOUS
100
AcDbLine
 10
167.1305049999999994
 20
-82.9479439999999926
 30
0
 11
167.1305099999999868
 21
-82.9479460000000017
 31
0
  0
LINE
  5
E11
330
22
100
AcDbEntity
  8
B.Cu
  6
CONTINUOUS
100
AcDbLine
 10
167.1305099999999868
 20
-82.9479460000000017
 30
0
 11
167.1305109999999843
 21
-82.9479460000000017
 31
0
  0
LINE
  5
E12
330
22
100
AcDbEntity
  8
B.Cu
  6
CONTINUOUS
100
AcDbLine
 10
167.1305109999999843
 20
-82.9479460000000017
 30
0
 11
167.1890369999999848
 21
-82.9479460000000017
 31
0
  0
LINE
  5
E13
330
22
100
AcDbEntity
  8
B.Cu
  6
CONTINUOUS
100
AcDbLine
 10
167.1890369999999848
 20
-82.9479460000000017
 30
0
 11
167.1890379999999823
 21
-82.9479460000000017
 31
0
  0
LINE
  5
E14
330
22
100
AcDbEntity
  8
B.Cu
  6
CONTINUOUS
100
AcDbLine
 10
167.1890379999999823
 20
-82.9479460000000017
 30
0
 11
167.2296049999999923
 21
-82.9311419999999941
 31
0
  0
LINE
  5
E15
330
22
100
AcDbEntity
  8
B.Cu
  6
CONTINUOUS
100
AcDbLine
 10
167.2296049999999923
 20
-82.9311419999999941
 30
0
 11
167.2431080000000065
 21
-82.9255489999999895
 31
0
  0
LINE
  5
E16
330
22
100
AcDbEntity
  8
B.Cu
  6
CONTINUOUS
100
AcDbLine
 10
167.2431080000000065
 20
-82.9255489999999895
 30
0
 11
167.2431080000000065
 21
-82.925547999999992
 31
0
  0
LINE
  5
E17
330
22
100
AcDbEntity
  8
B.Cu
  6
CONTINUOUS
100
AcDbLine
 10
167.2431080000000065
 20
-82.925547999999992
 30
0
 11
167.2431100000000015
 21
-82.925547999999992
 31
0
  0
LINE
  5
E18
330
22
100
AcDbEntity
  8
B.Cu
  6
CONTINUOUS
100
AcDbLine
 10
167.2431100000000015
 20
-82.925547999999992
 30
0
 11
167.2844939999999951
 21
-82.8841639999999984
 31
0
  0
LINE
  5
E19
330
22
100
AcDbEntity
  8
B.Cu
  6
CONTINUOUS
100
AcDbLine
 10
167.2844939999999951
 20
-82.8841639999999984
 30
0
 11
167.3068920000000048
 21
-82.8300919999999934
 31
0
  0
LINE
  5
E1A
330
22
100
AcDbEntity
  8
B.Cu
  6
CONTINUOUS
100
AcDbLine
 10
167.3068920000000048
 20
-82.8300919999999934
 30
0
 11
167.3097740000000044
 21
-82.8008279999999957
 31
0
  0
LINE
  5
E1B
330
22
100
AcDbEntity
  8
B.Cu
  6
CONTINUOUS
100
AcDbLine
 10
167.3097740000000044
 20
-82.8008279999999957
 30
0
 11
167.3097740000000044
 21
-82.0797939999999926
 31
0
  0
LINE
  5
E1C
330
22
100
AcDbEntity
  8
B.Cu
  6
CONTINUOUS
100
AcDbLine
 10
167.3097740000000044
 20
-82.0797939999999926
 30
0
 11
167.3097740000000044
 21
-82.0505239999999958
 31
0
  0
LINE
  5
E1D
330
22
100
AcDbEntity
  8
B.Cu
  6
CONTINUOUS
100
AcDbLine
 10
167.3097740000000044
 20
-82.0505239999999958
 30
0
 11
167.3228540000000066
 21
-82.0243619999999964
 31
0
  0
LINE
  5
E1E
330
22
100
AcDbEntity
  8
B.Cu
  6
CONTINUOUS
100
AcDbLine
 10
167.3228540000000066
 20
-82.0243619999999964
 30
0
 11
167.3228560000000016
 21
-82.0243579999999923
 31
0
  0
LINE
  5
E1F
330
22
100
AcDbEntity
  8
B.Cu
  6
CONTINUOUS
100
AcDbLine
 10
167.3228560000000016
 20
-82.0243579999999923
 30
0
 11
167.324514999999991
 21
-82.0210399999999993
 31
0
  0
LINE
  5
E20
330
22
100
AcDbEntity
  8
B.Cu
  6
CONTINUOUS
100
AcDbLine
 10
167.324514999999991
 20
-82.0210399999999993
 30
0
 11
167.3245159999999885
 21
-82.0210379999999901
 31
0
  0
LINE
  5
E21
330
22
100
AcDbEntity
  8
B.Cu
  6
CONTINUOUS
100
AcDbLine
 10
167.3245159999999885
 20
-82.0210379999999901
 30
0
 11
167.3430060000000026
 21
-81.984059000000002
 31
0
  0
LINE
  5
E22
330
22
100
AcDbEntity
  8
B.Cu
  6
CONTINUOUS
100
AcDbLine
 10
167.3430060000000026
 20
-81.984059000000002
 30
0
 11
167.379952000000003
 21
-81.9655860000000018
 31
0
  0
LINE
  5
E23
330
22
100
AcDbEntity
  8
B.Cu
  6
CONTINUOUS
100
AcDbLine
 10
167.379952000000003
 20
-81.9655860000000018
 30
0
 11
167.3799750000000017
 21
-81.9655739999999895
 31
0
  0
LINE
  5
E24
330
22
100
AcDbEntity
  8
B.Cu
  6
CONTINUOUS
100
AcDbLine
 10
167.3799750000000017
 20
-81.9655739999999895
 30
0
 11
167.3833009999999888
 21
-81.963910999999996
 31
0
  0
LINE
  5
E25
330
22
100
AcDbEntity
  8
B.Cu
  6
CONTINUOUS
100
AcDbLine
 10
167.3833009999999888
 20
-81.963910999999996
 30
0
 11
167.3833049999999787
 21
-81.9639099999999985
 31
0
  0
LINE
  5
E26
330
22
100
AcDbEntity
  8
B.Cu
  6
CONTINUOUS
100
AcDbLine
 10
167.3833049999999787
 20
-81.9639099999999985
 30
0
 11
167.4094699999999989
 21
-81.9508280000000013
 31
0
  0
LINE
  5
E27
330
22
100
AcDbEntity
  8
B.Cu
  6
CONTINUOUS
100
AcDbLine
 10
167.4094699999999989
 20
-81.9508280000000013
 30
0
 11
167.5529359999999883
 21
-81.9508280000000013
 31
0
  0
LINE
  5
E28
330
22
100
AcDbEntity
  8
B.Cu
  6
CONTINUOUS
100
AcDbLine
 10
167.5529359999999883
 20
-81.9508280000000013
 30
0
 11
167.6193999999999846
 21
-81.9840599999999995
 31
0
  0
LINE
  5
E29
330
22
100
AcDbEntity
  8
B.Cu
  6
CONTINUOUS
100
AcDbLine
 10
167.6193999999999846
 20
-81.9840599999999995
 30
0
 11
167.6378849999999829
 21
-82.0210299999999961
 31
0
  0
LINE
  5
E2A
330
22
100
AcDbEntity
  8
B.Cu
  6
CONTINUOUS
100
AcDbLine
 10
167.6378849999999829
 20
-82.0210299999999961
 30
0
 11
167.6379100000000051
 21
-82.0210790000000003
 31
0
  0
LINE
  5
E2B
330
22
100
AcDbEntity
  8
B.Cu
  6
CONTINUOUS
100
AcDbLine
 10
167.6379100000000051
 20
-82.0210790000000003
 30
0
 11
167.6390289999999936
 21
-82.0233169999999916
 31
0
  0
LINE
  5
E2C
330
22
100
AcDbEntity
  8
B.Cu
  6
CONTINUOUS
100
AcDbLine
 10
167.6390289999999936
 20
-82.0233169999999916
 30
0
 11
167.6395409999999799
 21
-82.0243419999999901
 31
0
  0
LINE
  5
E2D
330
22
100
AcDbEntity
  8
B.Cu
  6
CONTINUOUS
100
AcDbLine
 10
167.6395409999999799
 20
-82.0243419999999901
 30
0
 11
167.6526319999999828
 21
-82.0505239999999958
 31
0
  0
LINE
  5
E2E
330
22
100
AcDbEntity
  8
B.Cu
  6
CONTINUOUS
100
AcDbLine
 10
167.6526319999999828
 20
-82.0505239999999958
 30
0
 11
167.6526319999999828
 21
-82.0797939999999926
 31
0
  0
LINE
  5
E2F
330
22
100
AcDbEntity
  8
B.Cu
  6
CONTINUOUS
100
AcDbLine
 10
167.6526319999999828
 20
-82.0797939999999926
 30
0
 11
167.6526319999999828
 21
-82.8008279999999957
 31
0
  0
LINE
  5
E30
330
22
100
AcDbEntity
  8
B.Cu
  6
CONTINUOUS
100
AcDbLine
 10
167.6526319999999828
 20
-82.8008279999999957
 30
0
 11
167.6553079999999909
 21
-82.8280029999999954
 31
0
  0
LINE
  5
E31
330
22
100
AcDbEntity
  8
B.Cu
  6
CONTINUOUS
100
AcDbLine
 10
167.6553079999999909
 20
-82.8280029999999954
 30
0
 11
167.6555139999999824
 21
-82.8300919999999934
 31
0
  0
LINE
  5
E32
330
22
100
AcDbEntity
  8
B.Cu
  6
CONTINUOUS
100
AcDbLine
 10
167.6555139999999824
 20
-82.8300919999999934
 30
0
 11
167.6779119999999921
 21
-82.8841639999999984
 31
0
  0
LINE
  5
E33
330
22
100
AcDbEntity
  8
B.Cu
  6
CONTINUOUS
100
AcDbLine
 10
167.6779119999999921
 20
-82.8841639999999984
 30
0
 11
167.7192959999999857
 21
-82.925547999999992
 31
0
  0
LINE
  5
E34
330
22
100
AcDbEntity
  8
B.Cu
  6
CONTINUOUS
100
AcDbLine
 10
167.7192959999999857
 20
-82.925547999999992
 30
0
 11
167.7733629999999891
 21
-82.9479439999999926
 31
0
  0
LINE
  5
E35
330
22
100
AcDbEntity
  8
B.Cu
  6
CONTINUOUS
100
AcDbLine
 10
167.7733629999999891
 20
-82.9479439999999926
 30
0
 11
167.7733680000000049
 21
-82.9479460000000017
 31
0
  0
LINE
  5
E36
330
22
100
AcDbEntity
  8
B.Cu
  6
CONTINUOUS
100
AcDbLine
 10
167.7733680000000049
 20
-82.9479460000000017
 30
0
 11
167.7733690000000024
 21
-82.9479460000000017
 31
0
  0
LINE
  5
E37
330
22
100
AcDbEntity
  8
B.Cu
  6
CONTINUOUS
100
AcDbLine
 10
167.7733690000000024
 20
-82.9479460000000017
 30
0
 11
167.8318950000000029
 21
-82.9479460000000017
 31
0
  0
LINE
  5
E38
330
22
100
AcDbEntity
  8
B.Cu
  6
CONTINUOUS
100
AcDbLine
 10
167.8318950000000029
 20
-82.9479460000000017
 30
0
 11
167.8318960000000004
 21
-82.9479460000000017
 31
0
  0
LINE
  5
E39
330
22
100
AcDbEntity
  8
B.Cu
  6
CONTINUOUS
100
AcDbLine
 10
167.8318960000000004
 20
-82.9479460000000017
 30
0
 11
167.872462999999982
 21
-82.9311419999999941
 31
0
  0
LINE
  5
E3A
330
22
100
AcDbEntity
  8
B.Cu
  6
CONTINUOUS
100
AcDbLine
 10
167.872462999999982
 20
-82.9311419999999941
 30
0
 11
167.8859659999999963
 21
-82.9255489999999895
 31
0
  0
LINE
  5
E3B
330
22
100
AcDbEntity
  8
B.Cu
  6
CONTINUOUS
100
AcDbLine
 10
167.8859659999999963
 20
-82.9255489999999895
 30
0
 11
167.8859659999999963
 21
-82.925547999999992
 31
0
  0
LINE
  5
E3C
330
22
100
AcDbEntity
  8
B.Cu
  6
CONTINUOUS
100
AcDbLine
 10
167.8859659999999963
 20
-82.925547999999992
 30
0
 11
167.8859679999999912
 21
-82.925547999999992
 31
0
  0
LINE
  5
E3D
330
22
100
AcDbEntity
  8
B.Cu
  6
CONTINUOUS
100
AcDbLine
 10
167.8859679999999912
 20
-82.925547999999992
 30
0
 11
167.9273519999999849
 21
-82.8841639999999984
 31
0
  0
LINE
  5
E3E
330
22
100
AcDbEntity
  8
B.Cu
  6
CONTINUOUS
100
AcDbLine
 10
167.9273519999999849
 20
-82.8841639999999984
 30
0
 11
167.9497499999999945
 21
-82.8300919999999934
 31
0
  0
LINE
  5
E3F
330
22
100
AcDbEntity
  8
B.Cu
  6
CONTINUOUS
100
AcDbLine
 10
167.9497499999999945
 20
-82.8300919999999934
 30
0
 11
167.9526319999999942
 21
-82.8008279999999957
 31
0
  0
LINE
  5
E40
330
22
100
AcDbEntity
  8
B.Cu
  6
CONTINUOUS
100
AcDbLine
 10
167.9526319999999942
 20
-82.8008279999999957
 30
0
 11
167.9526319999999942
 21
-82.0797939999999926
 31
0
  0
LINE
  5
E41
330
22
100
AcDbEntity
  8
B.Cu
  6
CONTINUOUS
100
AcDbLine
 10
167.9526319999999942
 20
-82.0797939999999926
 30
0
 11
167.9526319999999942
 21
-82.0505229999999983
 31
0
  0
LINE
  5
E42
330
22
100
AcDbEntity
  8
B.Cu
  6
CONTINUOUS
100
AcDbLine
 10
167.9526319999999942
 20
-82.0505229999999983
 30
0
 11
167.9657219999999995
 21
-82.0243419999999901
 31
0
  0
LINE
  5
E43
330
22
100
AcDbEntity
  8
B.Cu
  6
CONTINUOUS
100
AcDbLine
 10
167.9657219999999995
 20
-82.0243419999999901
 30
0
 11
167.9673729999999807
 21
-82.0210390000000018
 31
0
  0
LINE
  5
E44
330
22
100
AcDbEntity
  8
B.Cu
  6
CONTINUOUS
100
AcDbLine
 10
167.9673729999999807
 20
-82.0210390000000018
 30
0
 11
167.9673739999999782
 21
-82.0210369999999926
 31
0
  0
LINE
  5
E45
330
22
100
AcDbEntity
  8
B.Cu
  6
CONTINUOUS
100
AcDbLine
 10
167.9673739999999782
 20
-82.0210369999999926
 30
0
 11
167.9858629999999948
 21
-81.9840599999999995
 31
0
  0
LINE
  5
E46
330
22
100
AcDbEntity
  8
B.Cu
  6
CONTINUOUS
100
AcDbLine
 10
167.9858629999999948
 20
-81.9840599999999995
 30
0
 11
168.02281499999998
 21
-81.9655829999999952
 31
0
  0
LINE
  5
E47
330
22
100
AcDbEntity
  8
B.Cu
  6
CONTINUOUS
100
AcDbLine
 10
168.02281499999998
 20
-81.9655829999999952
 30
0
 11
168.0228369999999813
 21
-81.9655719999999945
 31
0
  0
LINE
  5
E48
330
22
100
AcDbEntity
  8
B.Cu
  6
CONTINUOUS
100
AcDbLine
 10
168.0228369999999813
 20
-81.9655719999999945
 30
0
 11
168.0261710000000051
 21
-81.9639059999999944
 31
0
  0
LINE
  5
E49
330
22
100
AcDbEntity
  8
B.Cu
  6
CONTINUOUS
100
AcDbLine
 10
168.0261710000000051
 20
-81.9639059999999944
 30
0
 11
168.0523269999999911
 21
-81.9508280000000013
 31
0
  0
LINE
  5
E4A
330
22
100
AcDbEntity
  8
B.Cu
  6
CONTINUOUS
100
AcDbLine
 10
168.0523269999999911
 20
-81.9508280000000013
 30
0
 11
168.1957929999999806
 21
-81.9508280000000013
 31
0
  0
LINE
  5
E4B
330
22
100
AcDbEntity
  8
B.Cu
  6
CONTINUOUS
100
AcDbLine
 10
168.1957929999999806
 20
-81.9508280000000013
 30
0
 11
168.2852069999999856
 21
-81.9955349999999896
 31
0
  0
LINE
  5
E4C
330
22
100
AcDbEntity
  8
B.Cu
  6
CONTINUOUS
100
AcDbLine
 10
168.2852069999999856
 20
-81.9955349999999896
 30
0
 11
168.2954890000000034
 21
-82.0058169999999933
 31
0
  0
LINE
  5
E4D
330
22
100
AcDbEntity
  8
B.Cu
  6
CONTINUOUS
100
AcDbLine
 10
168.2954890000000034
 20
-82.0058169999999933
 30
0
 11
168.2954890000000034
 21
-82.0773119999999921
 31
0
  0
LINE
  5
E4E
330
22
100
AcDbEntity
  8
B.Cu
  6
CONTINUOUS
100
AcDbLine
 10
168.2954890000000034
 20
-82.0773119999999921
 30
0
 11
168.2954890000000034
 21
-82.8008279999999957
 31
0
  0
LINE
  5
E4F
330
22
100
AcDbEntity
  8
B.Cu
  6
CONTINUOUS
100
AcDbLine
 10
168.2954890000000034
 20
-82.8008279999999957
 30
0
 11
168.2981649999999831
 21
-82.8280029999999954
 31
0
  0
LINE
  5
E50
330
22
100
AcDbEntity
  8
B.Cu
  6
CONTINUOUS
100
AcDbLine
 10
168.2981649999999831
 20
-82.8280029999999954
 30
0
 11
168.2983710000000031
 21
-82.8300919999999934
 31
0
  0
LINE
  5
E51
330
22
100
AcDbEntity
  8
B.Cu
  6
CONTINUOUS
100
AcDbLine
 10
168.2983710000000031
 20
-82.8300919999999934
 30
0
 11
168.3207689999999843
 21
-82.8841639999999984
 31
0
  0
LINE
  5
E52
330
22
100
AcDbEntity
  8
B.Cu
  6
CONTINUOUS
100
AcDbLine
 10
168.3207689999999843
 20
-82.8841639999999984
 30
0
 11
168.3621530000000064
 21
-82.925547999999992
 31
0
  0
LINE
  5
E53
330
22
100
AcDbEntity
  8
B.Cu
  6
CONTINUOUS
100
AcDbLine
 10
168.3621530000000064
 20
-82.925547999999992
 30
0
 11
168.4162199999999814
 21
-82.9479439999999926
 31
0
  0
LINE
  5
E54
330
22
100
AcDbEntity
  8
B.Cu
  6
CONTINUOUS
100
AcDbLine
 10
168.4162199999999814
 20
-82.9479439999999926
 30
0
 11
168.4162249999999972
 21
-82.9479460000000017
 31
0
  0
LINE
  5
E55
330
22
100
AcDbEntity
  8
B.Cu
  6
CONTINUOUS
100
AcDbLine
 10
168.4162249999999972
 20
-82.9479460000000017
 30
0
 11
168.4162259999999947
 21
-82.9479460000000017
 31
0
  0
LINE
  5
E56
330
22
100
AcDbEntity
  8
B.Cu
  6
CONTINUOUS
100
AcDbLine
 10
168.4162259999999947
 20
-82.9479460000000017
 30
0
 11
168.4747519999999952
 21
-82.9479460000000017
 31
0
  0
LINE
  5
E57
330
22
100
AcDbEntity
  8
B.Cu
  6
CONTINUOUS
100
AcDbLine
 10
168.4747519999999952
 20
-82.9479460000000017
 30
0
 11
168.4747529999999927
 21
-82.9479460000000017
 31
0
  0
LINE
  5
E58
330
22
100
AcDbEntity
  8
B.Cu
  6
CONTINUOUS
100
AcDbLine
 10
168.4747529999999927
 20
-82.9479460000000017
 30
0
 11
168.5153200000000027
 21
-82.9311419999999941
 31
0
  0
LINE
  5
E59
330
22
100
AcDbEntity
  8
B.Cu
  6
CONTINUOUS
100
AcDbLine
 10
168.5153200000000027
 20
-82.9311419999999941
 30
0
 11
168.5288229999999885
 21
-82.9255489999999895
 31
0
  0
LINE
  5
E5A
330
22
100
AcDbEntity
  8
B.Cu
  6
CONTINUOUS
100
AcDbLine
 10
168.5288229999999885
 20
-82.9255489999999895
 30
0
 11
168.5288229999999885
 21
-82.925547999999992
 31
0
  0
LINE
  5
E5B
330
22
100
AcDbEntity
  8
B.Cu
  6
CONTINUOUS
100
AcDbLine
 10
168.5288229999999885
 20
-82.925547999999992
 30
0
 11
168.5288249999999834
 21
-82.925547999999992
 31
0
  0
LINE
  5
E5C
330
22
100
AcDbEntity
  8
B.Cu
  6
CONTINUOUS
100
AcDbLine
 10
168.5288249999999834
 20
-82.925547999999992
 30
0
 11
168.5702090000000055
 21
-82.8841639999999984
 31
0
  0
LINE
  5
E5D
330
22
100
AcDbEntity
  8
B.Cu
  6
CONTINUOUS
100
AcDbLine
 10
168.5702090000000055
 20
-82.8841639999999984
 30
0
 11
168.5926069999999868
 21
-82.8300919999999934
 31
0
  0
LINE
  5
E5E
330
22
100
AcDbEntity
  8
B.Cu
  6
CONTINUOUS
100
AcDbLine
 10
168.5926069999999868
 20
-82.8300919999999934
 30
0
 11
168.5954889999999864
 21
-82.8008279999999957
 31
0
  0
LINE
  5
E5F
330
22
100
AcDbEntity
  8
B.Cu
  6
CONTINUOUS
100
AcDbLine
 10
168.5954889999999864
 20
-82.8008279999999957
 30
0
 11
168.5954889999999864
 21
-81.8008279999999957
 31
0
  0
LINE
  5
E60
330
22
100
AcDbEntity
  8
B.Cu
  6
CONTINUOUS
100
AcDbLine
 10
168.5954889999999864
 20
-81.8008279999999957
 30
0
 11
168.5926069999999868
 21
-81.7715639999999979
 31
0
  0
LINE
  5
E61
330
22
100
AcDbEntity
  8
B.Cu
  6
CONTINUOUS
100
AcDbLine
 10
168.5926069999999868
 20
-81.7715639999999979
 30
0
 11
168.5702090000000055
 21
-81.7174919999999929
 31
0
  0
LINE
  5
E62
330
22
100
AcDbEntity
  8
B.Cu
  6
CONTINUOUS
100
AcDbLine
 10
168.5702090000000055
 20
-81.7174919999999929
 30
0
 11
168.5702079999999796
 21
-81.7174909999999954
 31
0
  0
LINE
  5
E63
330
22
100
AcDbEntity
  8
B.Cu
  6
CONTINUOUS
100
AcDbLine
 10
168.5702079999999796
 20
-81.7174909999999954
 30
0
 11
168.5288249999999834
 21
-81.6761079999999993
 31
0
  0
LINE
  5
E64
330
22
100
AcDbEntity
  8
B.Cu
  6
CONTINUOUS
100
AcDbLine
 10
168.5288249999999834
 20
-81.6761079999999993
 30
0
 11
168.4747529999999927
 21
-81.6537099999999896
 31
0
  0
LINE
  5
E65
330
22
100
AcDbEntity
  8
B.Cu
  6
CONTINUOUS
100
AcDbLine
 10
168.4747529999999927
 20
-81.6537099999999896
 30
0
 11
168.4162249999999972
 21
-81.6537099999999896
 31
0
  0
LINE
  5
E66
330
22
100
AcDbEntity
  8
B.Cu
  6
CONTINUOUS
100
AcDbLine
 10
168.4162249999999972
 20
-81.6537099999999896
 30
0
 11
168.3621530000000064
 21
-81.6761079999999993
 31
0
  0
LINE
  5
E67
330
22
100
AcDbEntity
  8
B.Cu
  6
CONTINUOUS
100
AcDbLine
 10
168.3621530000000064
 20
-81.6761079999999993
 30
0
 11
168.3471590000000049
 21
-81.6911010000000033
 31
0
  0
LINE
  5
E68
330
22
100
AcDbEntity
  8
B.Cu
  6
CONTINUOUS
100
AcDbLine
 10
168.3471590000000049
 20
-81.6911010000000033
 30
0
 11
168.2982849999999928
 21
-81.6666639999999973
 31
0
  0
LINE
  5
E69
330
22
100
AcDbEntity
  8
B.Cu
  6
CONTINUOUS
100
AcDbLine
 10
168.2982849999999928
 20
-81.6666639999999973
 30
0
 11
168.2708219999999812
 21
-81.6561549999999983
 31
0
  0
LINE
  5
E6A
330
22
100
AcDbEntity
  8
B.Cu
  6
CONTINUOUS
100
AcDbLine
 10
168.2708219999999812
 20
-81.6561549999999983
 30
0
 11
168.2654469999999947
 21
-81.6557729999999964
 31
0
  0
LINE
  5
E6B
330
22
100
AcDbEntity
  8
B.Cu
  6
CONTINUOUS
100
AcDbLine
 10
168.2654469999999947
 20
-81.6557729999999964
 30
0
 11
168.2604670000000056
 21
-81.6537099999999896
 31
0
  0
LINE
  5
E6C
330
22
100
AcDbEntity
  8
B.Cu
  6
CONTINUOUS
100
AcDbLine
 10
168.2604670000000056
 20
-81.6537099999999896
 30
0
 11
168.2312029999999936
 21
-81.65082799999999
 31
0
  0
LINE
  5
E6D
330
22
100
AcDbEntity
  8
B.Cu
  6
CONTINUOUS
100
AcDbLine
 10
168.2312029999999936
 20
-81.65082799999999
 30
0
 11
168.0169170000000065
 21
-81.65082799999999
 31
0
  0
LINE
  5
E6E
330
22
100
AcDbEntity
  8
B.Cu
  6
CONTINUOUS
100
AcDbLine
 10
168.0169170000000065
 20
-81.65082799999999
 30
0
 11
167.9876529999999946
 21
-81.6537099999999896
 31
0
  0
LINE
  5
E6F
330
22
100
AcDbEntity
  8
B.Cu
  6
CONTINUOUS
100
AcDbLine
 10
167.9876529999999946
 20
-81.6537099999999896
 30
0
 11
167.9826719999999796
 21
-81.6557729999999964
 31
0
  0
LINE
  5
E70
330
22
100
AcDbEntity
  8
B.Cu
  6
CONTINUOUS
100
AcDbLine
 10
167.9826719999999796
 20
-81.6557729999999964
 30
0
 11
167.9772979999999905
 21
-81.6561549999999983
 31
0
  0
LINE
  5
E71
330
22
100
AcDbEntity
  8
B.Cu
  6
CONTINUOUS
100
AcDbLine
 10
167.9772979999999905
 20
-81.6561549999999983
 30
0
 11
167.9498339999999814
 21
-81.6666639999999973
 31
0
  0
LINE
  5
E72
330
22
100
AcDbEntity
  8
B.Cu
  6
CONTINUOUS
100
AcDbLine
 10
167.9498339999999814
 20
-81.6666639999999973
 30
0
 11
167.8069779999999867
 21
-81.7380929999999921
 31
0
  0
LINE
  5
E73
330
22
100
AcDbEntity
  8
B.Cu
  6
CONTINUOUS
100
AcDbLine
 10
167.8069779999999867
 20
-81.7380929999999921
 30
0
 11
167.802630999999991
 21
-81.7408279999999934
 31
0
  0
LINE
  5
E74
330
22
100
AcDbEntity
  8
B.Cu
  6
CONTINUOUS
100
AcDbLine
 10
167.802630999999991
 20
-81.7408279999999934
 30
0
 11
167.7982849999999928
 21
-81.7380929999999921
 31
0
  0
LINE
  5
E75
330
22
100
AcDbEntity
  8
B.Cu
  6
CONTINUOUS
100
AcDbLine
 10
167.7982849999999928
 20
-81.7380929999999921
 30
0
 11
167.6554280000000006
 21
-81.6666639999999973
 31
0
  0
LINE
  5
E76
330
22
100
AcDbEntity
  8
B.Cu
  6
CONTINUOUS
100
AcDbLine
 10
167.6554280000000006
 20
-81.6666639999999973
 30
0
 11
167.627964999999989
 21
-81.6561549999999983
 31
0
  0
LINE
  5
E77
330
22
100
AcDbEntity
  8
B.Cu
  6
CONTINUOUS
100
AcDbLine
 10
167.627964999999989
 20
-81.6561549999999983
 30
0
 11
167.6225900000000024
 21
-81.6557729999999964
 31
0
  0
LINE
  5
E78
330
22
100
AcDbEntity
  8
B.Cu
  6
CONTINUOUS
100
AcDbLine
 10
167.6225900000000024
 20
-81.6557729999999964
 30
0
 11
167.6176099999999849
 21
-81.6537099999999896
 31
0
  0
LINE
  5
E79
330
22
100
AcDbEntity
  8
B.Cu
  6
CONTINUOUS
100
AcDbLine
 10
167.6176099999999849
 20
-81.6537099999999896
 30
0
 11
167.5943769999999802
 21
-81.6514219999999966
 31
0
  0
LINE
  5
E7A
330
22
100
AcDbEntity
  8
B.Cu
  6
CONTINUOUS
100
AcDbLine
 10
167.5943769999999802
 20
-81.6514219999999966
 30
0
 11
167.5883460000000014
 21
-81.65082799999999
 31
0
  0
LINE
  5
E7B
330
22
100
AcDbEntity
  8
B.Cu
  6
CONTINUOUS
100
AcDbLine
 10
167.5883460000000014
 20
-81.65082799999999
 30
0
 11
167.3740599999999858
 21
-81.65082799999999
 31
0
  0
LINE
  5
E7C
330
22
100
AcDbEntity
  8
B.Cu
  6
CONTINUOUS
100
AcDbLine
 10
167.3740599999999858
 20
-81.65082799999999
 30
0
 11
167.3447960000000023
 21
-81.6537099999999896
 31
0
  0
LINE
  5
E7D
330
22
100
AcDbEntity
  8
B.Cu
  6
CONTINUOUS
100
AcDbLine
 10
157.4162249999999972
 20
-82.0822819999999922
 30
0
 11
157.3621530000000064
 21
-82.1046800000000019
 31
0
  0
LINE
  5
E7E
330
22
100
AcDbEntity
  8
B.Cu
  6
CONTINUOUS
100
AcDbLine
 10
157.3621530000000064
 20
-82.1046800000000019
 30
0
 11
157.3207689999999843
 21
-82.1460639999999955
 31
0
  0
LINE
  5
E7F
330
22
100
AcDbEntity
  8
B.Cu
  6
CONTINUOUS
100
AcDbLine
 10
157.3207689999999843
 20
-82.1460639999999955
 30
0
 11
157.2983710000000031
 21
-82.2001350000000031
 31
0
  0
LINE
  5
E80
330
22
100
AcDbEntity
  8
B.Cu
  6
CONTINUOUS
100
AcDbLine
 10
157.2983710000000031
 20
-82.2001350000000031
 30
0
 11
157.2983710000000031
 21
-82.200136999999998
 31
0
  0
LINE
  5
E81
330
22
100
AcDbEntity
  8
B.Cu
  6
CONTINUOUS
100
AcDbLine
 10
157.2983710000000031
 20
-82.200136999999998
 30
0
 11
157.2983710000000031
 21
-82.258663999999996
 31
0
  0
LINE
  5
E82
330
22
100
AcDbEntity
  8
B.Cu
  6
CONTINUOUS
100
AcDbLine
 10
157.2983710000000031
 20
-82.258663999999996
 30
0
 11
157.3207689999999843
 21
-82.312736000000001
 31
0
  0
LINE
  5
E83
330
22
100
AcDbEntity
  8
B.Cu
  6
CONTINUOUS
100
AcDbLine
 10
157.3207689999999843
 20
-82.312736000000001
 30
0
 11
157.3621519999999805
 21
-82.3541189999999972
 31
0
  0
LINE
  5
E84
330
22
100
AcDbEntity
  8
B.Cu
  6
CONTINUOUS
100
AcDbLine
 10
157.3621519999999805
 20
-82.3541189999999972
 30
0
 11
157.3621530000000064
 21
-82.3541199999999947
 31
0
  0
LINE
  5
E85
330
22
100
AcDbEntity
  8
B.Cu
  6
CONTINUOUS
100
AcDbLine
 10
157.3621530000000064
 20
-82.3541199999999947
 30
0
 11
157.4162249999999972
 21
-82.3765179999999901
 31
0
  0
LINE
  5
E86
330
22
100
AcDbEntity
  8
B.Cu
  6
CONTINUOUS
100
AcDbLine
 10
157.4162249999999972
 20
-82.3765179999999901
 30
0
 11
157.4454889999999807
 21
-82.3793999999999897
 31
0
  0
LINE
  5
E87
330
22
100
AcDbEntity
  8
B.Cu
  6
CONTINUOUS
100
AcDbLine
 10
157.4454889999999807
 20
-82.3793999999999897
 30
0
 11
157.445492999999999
 21
-82.3793999999999897
 31
0
  0
LINE
  5
E88
330
22
100
AcDbEntity
  8
B.Cu
  6
CONTINUOUS
100
AcDbLine
 10
157.445492999999999
 20
-82.3793999999999897
 30
0
 11
158.588341999999983
 21
-82.3793999999999897
 31
0
  0
LINE
  5
E89
330
22
100
AcDbEntity
  8
B.Cu
  6
CONTINUOUS
100
AcDbLine
 10
158.588341999999983
 20
-82.3793999999999897
 30
0
 11
158.5883460000000014
 21
-82.3793999999999897
 31
0
  0
LINE
  5
E8A
330
22
100
AcDbEntity
  8
B.Cu
  6
CONTINUOUS
100
AcDbLine
 10
158.5883460000000014
 20
-82.3793999999999897
 30
0
 11
158.6176099999999849
 21
-82.3765179999999901
 31
0
  0
LINE
  5
E8B
330
22
100
AcDbEntity
  8
B.Cu
  6
CONTINUOUS
100
AcDbLine
 10
158.6176099999999849
 20
-82.3765179999999901
 30
0
 11
158.6716820000000041
 21
-82.3541199999999947
 31
0
  0
LINE
  5
E8C
330
22
100
AcDbEntity
  8
B.Cu
  6
CONTINUOUS
100
AcDbLine
 10
158.6716820000000041
 20
-82.3541199999999947
 30
0
 11
158.7130659999999978
 21
-82.312736000000001
 31
0
  0
LINE
  5
E8D
330
22
100
AcDbEntity
  8
B.Cu
  6
CONTINUOUS
100
AcDbLine
 10
158.7130659999999978
 20
-82.312736000000001
 30
0
 11
158.7130669999999952
 21
-82.3127339999999919
 31
0
  0
LINE
  5
E8E
330
22
100
AcDbEntity
  8
B.Cu
  6
CONTINUOUS
100
AcDbLine
 10
158.7130669999999952
 20
-82.3127339999999919
 30
0
 11
158.735463999999979
 21
-82.258663999999996
 31
0
  0
LINE
  5
E8F
330
22
100
AcDbEntity
  8
B.Cu
  6
CONTINUOUS
100
AcDbLine
 10
158.735463999999979
 20
-82.258663999999996
 30
0
 11
158.735463999999979
 21
-82.2001360000000005
 31
0
  0
LINE
  5
E90
330
22
100
AcDbEntity
  8
B.Cu
  6
CONTINUOUS
100
AcDbLine
 10
158.735463999999979
 20
-82.2001360000000005
 30
0
 11
158.7130659999999978
 21
-82.1460639999999955
 31
0
  0
LINE
  5
E91
330
22
100
AcDbEntity
  8
B.Cu
  6
CONTINUOUS
100
AcDbLine
 10
158.7130659999999978
 20
-82.1460639999999955
 30
0
 11
158.6716820000000041
 21
-82.1046800000000019
 31
0
  0
LINE
  5
E92
330
22
100
AcDbEntity
  8
B.Cu
  6
CONTINUOUS
100
AcDbLine
 10
158.6716820000000041
 20
-82.1046800000000019
 30
0
 11
158.6176099999999849
 21
-82.0822819999999922
 31
0
  0
LINE
  5
E93
330
22
100
AcDbEntity
  8
B.Cu
  6
CONTINUOUS
100
AcDbLine
 10
158.6176099999999849
 20
-82.0822819999999922
 30
0
 11
158.5883460000000014
 21
-82.0793999999999926
 31
0
  0
LINE
  5
E94
330
22
100
AcDbEntity
  8
B.Cu
  6
CONTINUOUS
100
AcDbLine
 10
158.5883460000000014
 20
-82.0793999999999926
 30
0
 11
157.4454889999999807
 21
-82.0793999999999926
 31
0
  0
LINE
  5
E95
330
22
100
AcDbEntity
  8
B.Cu
  6
CONTINUOUS
100
AcDbLine
 10
157.4454889999999807
 20
-82.0793999999999926
 30
0
 11
157.4162249999999972
 21
-82.0822819999999922
 31
0
  0
LINE
  5
E96
330
22
100
AcDbEntity
  8
B.Cu
  6
CONTINUOUS
100
AcDbLine
 10
166.393827999999985
 20
-81.1629870000000011
 30
0
 11
166.3621540000000039
 21
-81.1761070000000018
 31
0
  0
LINE
  5
E97
330
22
100
AcDbEntity
  8
B.Cu
  6
CONTINUOUS
100
AcDbLine
 10
166.3621540000000039
 20
-81.1761070000000018
 30
0
 11
166.3394229999999823
 21
-81.1947619999999972
 31
0
  0
LINE
  5
E98
330
22
100
AcDbEntity
  8
B.Cu
  6
CONTINUOUS
100
AcDbLine
 10
166.3394229999999823
 20
-81.1947619999999972
 30
0
 11
166.2679939999999874
 21
-81.2661909999999921
 31
0
  0
LINE
  5
E99
330
22
100
AcDbEntity
  8
B.Cu
  6
CONTINUOUS
100
AcDbLine
 10
166.2679939999999874
 20
-81.2661909999999921
 30
0
 11
166.249338999999992
 21
-81.2889219999999995
 31
0
  0
LINE
  5
E9A
330
22
100
AcDbEntity
  8
B.Cu
  6
CONTINUOUS
100
AcDbLine
 10
166.249338999999992
 20
-81.2889219999999995
 30
0
 11
166.2291689999999846
 21
-81.3376189999999895
 31
0
  0
LINE
  5
E9B
330
22
100
AcDbEntity
  8
B.Cu
  6
CONTINUOUS
100
AcDbLine
 10
166.2291689999999846
 20
-81.3376189999999895
 30
0
 11
166.2269419999999798
 21
-81.3429950000000019
 31
0
  0
LINE
  5
E9C
330
22
100
AcDbEntity
  8
B.Cu
  6
CONTINUOUS
100
AcDbLine
 10
166.2269419999999798
 20
-81.3429950000000019
 30
0
 11
166.2269419999999798
 21
-81.4015210000000025
 31
0
  0
LINE
  5
E9D
330
22
100
AcDbEntity
  8
B.Cu
  6
CONTINUOUS
100
AcDbLine
 10
166.2269419999999798
 20
-81.4015210000000025
 30
0
 11
166.2291679999999872
 21
-81.4068939999999941
 31
0
  0
LINE
  5
E9E
330
22
100
AcDbEntity
  8
B.Cu
  6
CONTINUOUS
100
AcDbLine
 10
166.2291679999999872
 20
-81.4068939999999941
 30
0
 11
166.249338999999992
 21
-81.4555919999999958
 31
0
  0
LINE
  5
E9F
330
22
100
AcDbEntity
  8
B.Cu
  6
CONTINUOUS
100
AcDbLine
 10
166.249338999999992
 20
-81.4555919999999958
 30
0
 11
166.2493399999999895
 21
-81.4555929999999933
 31
0
  0
LINE
  5
EA0
330
22
100
AcDbEntity
  8
B.Cu
  6
CONTINUOUS
100
AcDbLine
 10
166.2493399999999895
 20
-81.4555929999999933
 30
0
 11
166.2679949999999849
 21
-81.4783240000000006
 31
0
  0
LINE
  5
EA1
330
22
100
AcDbEntity
  8
B.Cu
  6
CONTINUOUS
100
AcDbLine
 10
166.2679949999999849
 20
-81.4783240000000006
 30
0
 11
166.3394239999999797
 21
-81.549751999999998
 31
0
  0
LINE
  5
EA2
330
22
100
AcDbEntity
  8
B.Cu
  6
CONTINUOUS
100
AcDbLine
 10
166.3394239999999797
 20
-81.549751999999998
 30
0
 11
166.3621530000000064
 21
-81.5684049999999985
 31
0
  0
LINE
  5
EA3
330
22
100
AcDbEntity
  8
B.Cu
  6
CONTINUOUS
100
AcDbLine
 10
166.3621530000000064
 20
-81.5684049999999985
 30
0
 11
166.3621540000000039
 21
-81.568405999999996
 31
0
  0
LINE
  5
EA4
330
22
100
AcDbEntity
  8
B.Cu
  6
CONTINUOUS
100
AcDbLine
 10
166.3621540000000039
 20
-81.568405999999996
 30
0
 11
166.3883369999999786
 21
-81.5792509999999993
 31
0
  0
LINE
  5
EA5
330
22
100
AcDbEntity
  8
B.Cu
  6
CONTINUOUS
100
AcDbLine
 10
166.3883369999999786
 20
-81.5792509999999993
 30
0
 11
166.4162249999999972
 21
-81.590802999999994
 31
0
  0
LINE
  5
EA6
330
22
100
AcDbEntity
  8
B.Cu
  6
CONTINUOUS
100
AcDbLine
 10
166.4162249999999972
 20
-81.590802999999994
 30
0
 11
166.4162259999999947
 21
-81.590802999999994
 31
0
  0
LINE
  5
EA7
330
22
100
AcDbEntity
  8
B.Cu
  6
CONTINUOUS
100
AcDbLine
 10
166.4162259999999947
 20
-81.590802999999994
 30
0
 11
166.4162269999999921
 21
-81.590802999999994
 31
0
  0
LINE
  5
EA8
330
22
100
AcDbEntity
  8
B.Cu
  6
CONTINUOUS
100
AcDbLine
 10
166.4162269999999921
 20
-81.590802999999994
 30
0
 11
166.4747519999999952
 21
-81.590802999999994
 31
0
  0
LINE
  5
EA9
330
22
100
AcDbEntity
  8
B.Cu
  6
CONTINUOUS
100
AcDbLine
 10
166.4747519999999952
 20
-81.590802999999994
 30
0
 11
166.4747529999999927
 21
-81.590802999999994
 31
0
  0
LINE
  5
EAA
330
22
100
AcDbEntity
  8
B.Cu
  6
CONTINUOUS
100
AcDbLine
 10
166.4747529999999927
 20
-81.590802999999994
 30
0
 11
166.5026409999999828
 21
-81.5792509999999993
 31
0
  0
LINE
  5
EAB
330
22
100
AcDbEntity
  8
B.Cu
  6
CONTINUOUS
100
AcDbLine
 10
166.5026409999999828
 20
-81.5792509999999993
 30
0
 11
166.528823999999986
 21
-81.568405999999996
 31
0
  0
LINE
  5
EAC
330
22
100
AcDbEntity
  8
B.Cu
  6
CONTINUOUS
100
AcDbLine
 10
166.528823999999986
 20
-81.568405999999996
 30
0
 11
166.5515549999999791
 21
-81.5497510000000005
 31
0
  0
LINE
  5
EAD
330
22
100
AcDbEntity
  8
B.Cu
  6
CONTINUOUS
100
AcDbLine
 10
166.5515549999999791
 20
-81.5497510000000005
 30
0
 11
166.6229830000000049
 21
-81.4783230000000032
 31
0
  0
LINE
  5
EAE
330
22
100
AcDbEntity
  8
B.Cu
  6
CONTINUOUS
100
AcDbLine
 10
166.6229830000000049
 20
-81.4783230000000032
 30
0
 11
166.6229899999999873
 21
-81.478313
 31
0
  0
LINE
  5
EAF
330
22
100
AcDbEntity
  8
B.Cu
  6
CONTINUOUS
100
AcDbLine
 10
166.6229899999999873
 20
-81.478313
 30
0
 11
166.6229929999999797
 21
-81.4783099999999934
 31
0
  0
LINE
  5
EB0
330
22
100
AcDbEntity
  8
B.Cu
  6
CONTINUOUS
100
AcDbLine
 10
166.6229929999999797
 20
-81.4783099999999934
 30
0
 11
166.6416370000000029
 21
-81.4555939999999907
 31
0
  0
LINE
  5
EB1
330
22
100
AcDbEntity
  8
B.Cu
  6
CONTINUOUS
100
AcDbLine
 10
166.6416370000000029
 20
-81.4555939999999907
 30
0
 11
166.6416360000000054
 21
-81.4555939999999907
 31
0
  0
LINE
  5
EB2
330
22
100
AcDbEntity
  8
B.Cu
  6
CONTINUOUS
100
AcDbLine
 10
166.6416360000000054
 20
-81.4555939999999907
 30
0
 11
166.6416380000000004
 21
-81.4555929999999933
 31
0
  0
LINE
  5
EB3
330
22
100
AcDbEntity
  8
B.Cu
  6
CONTINUOUS
100
AcDbLine
 10
166.6416380000000004
 20
-81.4555929999999933
 30
0
 11
166.6640339999999867
 21
-81.4015199999999908
 31
0
  0
LINE
  5
EB4
330
22
100
AcDbEntity
  8
B.Cu
  6
CONTINUOUS
100
AcDbLine
 10
166.6640339999999867
 20
-81.4015199999999908
 30
0
 11
166.6640339999999867
 21
-81.3841619999999892
 31
0
  0
LINE
  5
EB5
330
22
100
AcDbEntity
  8
B.Cu
  6
CONTINUOUS
100
AcDbLine
 10
166.6640339999999867
 20
-81.3841619999999892
 30
0
 11
166.6640349999999842
 21
-81.3429950000000019
 31
0
  0
LINE
  5
EB6
330
22
100
AcDbEntity
  8
B.Cu
  6
CONTINUOUS
100
AcDbLine
 10
166.6640349999999842
 20
-81.3429950000000019
 30
0
 11
166.6416380000000004
 21
-81.2889219999999995
 31
0
  0
LINE
  5
EB7
330
22
100
AcDbEntity
  8
B.Cu
  6
CONTINUOUS
100
AcDbLine
 10
166.6416380000000004
 20
-81.2889219999999995
 30
0
 11
166.6229840000000024
 21
-81.2661919999999895
 31
0
  0
LINE
  5
EB8
330
22
100
AcDbEntity
  8
B.Cu
  6
CONTINUOUS
100
AcDbLine
 10
166.6229840000000024
 20
-81.2661919999999895
 30
0
 11
166.551556000000005
 21
-81.1947629999999947
 31
0
  0
LINE
  5
EB9
330
22
100
AcDbEntity
  8
B.Cu
  6
CONTINUOUS
100
AcDbLine
 10
166.551556000000005
 20
-81.1947629999999947
 30
0
 11
166.53676999999999
 21
-81.182627999999994
 31
0
  0
LINE
  5
EBA
330
22
100
AcDbEntity
  8
B.Cu
  6
CONTINUOUS
100
AcDbLine
 10
166.53676999999999
 20
-81.182627999999994
 30
0
 11
166.5288249999999834
 21
-81.1761079999999993
 31
0
  0
LINE
  5
EBB
330
22
100
AcDbEntity
  8
B.Cu
  6
CONTINUOUS
100
AcDbLine
 10
166.5288249999999834
 20
-81.1761079999999993
 30
0
 11
166.528823999999986
 21
-81.1761070000000018
 31
0
  0
LINE
  5
EBC
330
22
100
AcDbEntity
  8
B.Cu
  6
CONTINUOUS
100
AcDbLine
 10
166.528823999999986
 20
-81.1761070000000018
 30
0
 11
166.4971500000000049
 21
-81.1629870000000011
 31
0
  0
LINE
  5
EBD
330
22
100
AcDbEntity
  8
B.Cu
  6
CONTINUOUS
100
AcDbLine
 10
166.4971500000000049
 20
-81.1629870000000011
 30
0
 11
166.4747529999999927
 21
-81.1537099999999896
 31
0
  0
LINE
  5
EBE
330
22
100
AcDbEntity
  8
B.Cu
  6
CONTINUOUS
100
AcDbLine
 10
166.4747529999999927
 20
-81.1537099999999896
 30
0
 11
166.4162249999999972
 21
-81.1537099999999896
 31
0
  0
LINE
  5
EBF
330
22
100
AcDbEntity
  8
B.Cu
  6
CONTINUOUS
100
AcDbLine
 10
166.4162249999999972
 20
-81.1537099999999896
 30
0
 11
166.393827999999985
 21
-81.1629870000000011
 31
0
  0
LINE
  5
EC0
330
22
100
AcDbEntity
  8
B.Cu
  6
CONTINUOUS
100
AcDbLine
 10
138.2670279999999821
 20
-75.8309079999999938
 30
0
 11
138.1247339999999895
 21
-75.8534449999999936
 31
0
  0
LINE
  5
EC1
330
22
100
AcDbEntity
  8
B.Cu
  6
CONTINUOUS
100
AcDbLine
 10
138.1247339999999895
 20
-75.8534449999999936
 30
0
 11
137.9487670000000037
 21
-75.910618999999997
 31
0
  0
LINE
  5
EC2
330
22
100
AcDbEntity
  8
B.Cu
  6
CONTINUOUS
100
AcDbLine
 10
137.9487670000000037
 20
-75.910618999999997
 30
0
 11
137.9487639999999828
 21
-75.9106199999999944
 31
0
  0
LINE
  5
EC3
330
22
100
AcDbEntity
  8
B.Cu
  6
CONTINUOUS
100
AcDbLine
 10
137.9487639999999828
 20
-75.9106199999999944
 30
0
 11
137.7839029999999809
 21
-75.9946219999999926
 31
0
  0
LINE
  5
EC4
330
22
100
AcDbEntity
  8
B.Cu
  6
CONTINUOUS
100
AcDbLine
 10
137.7839029999999809
 20
-75.9946219999999926
 30
0
 11
137.7041879999999878
 21
-76.0525389999999959
 31
0
  0
LINE
  5
EC5
330
22
100
AcDbEntity
  8
B.Cu
  6
CONTINUOUS
100
AcDbLine
 10
137.7041879999999878
 20
-76.0525389999999959
 30
0
 11
137.6342129999999884
 21
-76.1033789999999897
 31
0
  0
LINE
  5
EC6
330
22
100
AcDbEntity
  8
B.Cu
  6
CONTINUOUS
100
AcDbLine
 10
137.6342129999999884
 20
-76.1033789999999897
 30
0
 11
137.6342109999999934
 21
-76.1033809999999988
 31
0
  0
LINE
  5
EC7
330
22
100
AcDbEntity
  8
B.Cu
  6
CONTINUOUS
100
AcDbLine
 10
137.6342109999999934
 20
-76.1033809999999988
 30
0
 11
137.6342099999999959
 21
-76.1033809999999988
 31
0
  0
LINE
  5
EC8
330
22
100
AcDbEntity
  8
B.Cu
  6
CONTINUOUS
100
AcDbLine
 10
137.6342099999999959
 20
-76.1033809999999988
 30
0
 11
137.5033809999999903
 21
-76.2342099999999903
 31
0
  0
LINE
  5
EC9
330
22
100
AcDbEntity
  8
B.Cu
  6
CONTINUOUS
100
AcDbLine
 10
137.5033809999999903
 20
-76.2342099999999903
 30
0
 11
137.5033809999999903
 21
-76.2342110000000019
 31
0
  0
LINE
  5
ECA
330
22
100
AcDbEntity
  8
B.Cu
  6
CONTINUOUS
100
AcDbLine
 10
137.5033809999999903
 20
-76.2342110000000019
 30
0
 11
137.5033789999999954
 21
-76.2342129999999969
 31
0
  0
LINE
  5
ECB
330
22
100
AcDbEntity
  8
B.Cu
  6
CONTINUOUS
100
AcDbLine
 10
137.5033789999999954
 20
-76.2342129999999969
 30
0
 11
137.4588929999999891
 21
-76.2954429999999917
 31
0
  0
LINE
  5
ECC
330
22
100
AcDbEntity
  8
B.Cu
  6
CONTINUOUS
100
AcDbLine
 10
137.4588929999999891
 20
-76.2954429999999917
 30
0
 11
137.3946219999999983
 21
-76.3839029999999894
 31
0
  0
LINE
  5
ECD
330
22
100
AcDbEntity
  8
B.Cu
  6
CONTINUOUS
100
AcDbLine
 10
137.3946219999999983
 20
-76.3839029999999894
 30
0
 11
137.3106200000000001
 21
-76.5487639999999914
 31
0
  0
LINE
  5
ECE
330
22
100
AcDbEntity
  8
B.Cu
  6
CONTINUOUS
100
AcDbLine
 10
137.3106200000000001
 20
-76.5487639999999914
 30
0
 11
137.3106190000000026
 21
-76.548766999999998
 31
0
  0
LINE
  5
ECF
330
22
100
AcDbEntity
  8
B.Cu
  6
CONTINUOUS
100
AcDbLine
 10
137.3106190000000026
 20
-76.548766999999998
 30
0
 11
137.2534449999999993
 21
-76.724733999999998
 31
0
  0
LINE
  5
ED0
330
22
100
AcDbEntity
  8
B.Cu
  6
CONTINUOUS
100
AcDbLine
 10
137.2534449999999993
 20
-76.724733999999998
 30
0
 11
137.2245000000000061
 21
-76.9074859999999916
 31
0
  0
LINE
  5
ED1
330
22
100
AcDbEntity
  8
B.Cu
  6
CONTINUOUS
100
AcDbLine
 10
137.2245000000000061
 20
-76.9074859999999916
 30
0
 11
137.2245000000000061
 21
-77.0925129999999967
 31
0
  0
LINE
  5
ED2
330
22
100
AcDbEntity
  8
B.Cu
  6
CONTINUOUS
100
AcDbLine
 10
137.2245000000000061
 20
-77.0925129999999967
 30
0
 11
137.2534449999999993
 21
-77.2752649999999903
 31
0
  0
LINE
  5
ED3
330
22
100
AcDbEntity
  8
B.Cu
  6
CONTINUOUS
100
AcDbLine
 10
137.2534449999999993
 20
-77.2752649999999903
 30
0
 11
137.3106190000000026
 21
-77.4512319999999903
 31
0
  0
LINE
  5
ED4
330
22
100
AcDbEntity
  8
B.Cu
  6
CONTINUOUS
100
AcDbLine
 10
137.3106190000000026
 20
-77.4512319999999903
 30
0
 11
137.3106200000000001
 21
-77.4512349999999969
 31
0
  0
LINE
  5
ED5
330
22
100
AcDbEntity
  8
B.Cu
  6
CONTINUOUS
100
AcDbLine
 10
137.3106200000000001
 20
-77.4512349999999969
 30
0
 11
137.3946219999999983
 21
-77.6160959999999989
 31
0
  0
LINE
  5
ED6
330
22
100
AcDbEntity
  8
B.Cu
  6
CONTINUOUS
100
AcDbLine
 10
137.3946219999999983
 20
-77.6160959999999989
 30
0
 11
137.5033789999999954
 21
-77.7657870000000031
 31
0
  0
LINE
  5
ED7
330
22
100
AcDbEntity
  8
B.Cu
  6
CONTINUOUS
100
AcDbLine
 10
137.5033789999999954
 20
-77.7657870000000031
 30
0
 11
137.6342129999999884
 21
-77.8966209999999961
 31
0
  0
LINE
  5
ED8
330
22
100
AcDbEntity
  8
B.Cu
  6
CONTINUOUS
100
AcDbLine
 10
137.6342129999999884
 20
-77.8966209999999961
 30
0
 11
137.7839040000000068
 21
-78.0053779999999932
 31
0
  0
LINE
  5
ED9
330
22
100
AcDbEntity
  8
B.Cu
  6
CONTINUOUS
100
AcDbLine
 10
137.7839040000000068
 20
-78.0053779999999932
 30
0
 11
137.837223999999992
 21
-78.0325459999999964
 31
0
  0
LINE
  5
EDA
330
22
100
AcDbEntity
  8
B.Cu
  6
CONTINUOUS
100
AcDbLine
 10
137.837223999999992
 20
-78.0325459999999964
 30
0
 11
137.9487639999999828
 21
-78.0893789999999939
 31
0
  0
LINE
  5
EDB
330
22
100
AcDbEntity
  8
B.Cu
  6
CONTINUOUS
100
AcDbLine
 10
137.9487639999999828
 20
-78.0893789999999939
 30
0
 11
137.9487670000000037
 21
-78.0893799999999914
 31
0
  0
LINE
  5
EDC
330
22
100
AcDbEntity
  8
B.Cu
  6
CONTINUOUS
100
AcDbLine
 10
137.9487670000000037
 20
-78.0893799999999914
 30
0
 11
138.0367499999999836
 21
-78.117966999999993
 31
0
  0
LINE
  5
EDD
330
22
100
AcDbEntity
  8
B.Cu
  6
CONTINUOUS
100
AcDbLine
 10
138.0367499999999836
 20
-78.117966999999993
 30
0
 11
138.1247359999999844
 21
-78.1465549999999922
 31
0
  0
LINE
  5
EDE
330
22
100
AcDbEntity
  8
B.Cu
  6
CONTINUOUS
100
AcDbLine
 10
138.1247359999999844
 20
-78.1465549999999922
 30
0
 11
138.3074859999999831
 21
-78.1754999999999995
 31
0
  0
LINE
  5
EDF
330
22
100
AcDbEntity
  8
B.Cu
  6
CONTINUOUS
100
AcDbLine
 10
138.3074859999999831
 20
-78.1754999999999995
 30
0
 11
138.3074869999999805
 21
-78.1754999999999995
 31
0
  0
LINE
  5
EE0
330
22
100
AcDbEntity
  8
B.Cu
  6
CONTINUOUS
100
AcDbLine
 10
138.3074869999999805
 20
-78.1754999999999995
 30
0
 11
138.4925130000000024
 21
-78.1754999999999995
 31
0
  0
LINE
  5
EE1
330
22
100
AcDbEntity
  8
B.Cu
  6
CONTINUOUS
100
AcDbLine
 10
138.4925130000000024
 20
-78.1754999999999995
 30
0
 11
138.4925139999999999
 21
-78.1754999999999995
 31
0
  0
LINE
  5
EE2
330
22
100
AcDbEntity
  8
B.Cu
  6
CONTINUOUS
100
AcDbLine
 10
138.4925139999999999
 20
-78.1754999999999995
 30
0
 11
138.6752639999999985
 21
-78.1465549999999922
 31
0
  0
LINE
  5
EE3
330
22
100
AcDbEntity
  8
B.Cu
  6
CONTINUOUS
100
AcDbLine
 10
138.6752639999999985
 20
-78.1465549999999922
 30
0
 11
138.8512350000000026
 21
-78.0893789999999939
 31
0
  0
LINE
  5
EE4
330
22
100
AcDbEntity
  8
B.Cu
  6
CONTINUOUS
100
AcDbLine
 10
138.8512350000000026
 20
-78.0893789999999939
 30
0
 11
139.0160960000000046
 21
-78.0053779999999932
 31
0
  0
LINE
  5
EE5
330
22
100
AcDbEntity
  8
B.Cu
  6
CONTINUOUS
100
AcDbLine
 10
139.0160960000000046
 20
-78.0053779999999932
 30
0
 11
139.1657869999999946
 21
-77.8966209999999961
 31
0
  0
LINE
  5
EE6
330
22
100
AcDbEntity
  8
B.Cu
  6
CONTINUOUS
100
AcDbLine
 10
139.1657869999999946
 20
-77.8966209999999961
 30
0
 11
139.2966209999999876
 21
-77.7657870000000031
 31
0
  0
LINE
  5
EE7
330
22
100
AcDbEntity
  8
B.Cu
  6
CONTINUOUS
100
AcDbLine
 10
139.2966209999999876
 20
-77.7657870000000031
 30
0
 11
139.2996799999999951
 21
-77.7615759999999909
 31
0
  0
LINE
  5
EE8
330
22
100
AcDbEntity
  8
B.Cu
  6
CONTINUOUS
100
AcDbLine
 10
139.2996799999999951
 20
-77.7615759999999909
 30
0
 11
139.355006000000003
 21
-77.7189089999999965
 31
0
  0
LINE
  5
EE9
330
22
100
AcDbEntity
  8
B.Cu
  6
CONTINUOUS
100
AcDbLine
 10
139.355006000000003
 20
-77.7189089999999965
 30
0
 11
139.4210290000000043
 21
-77.7132339999999999
 31
0
  0
LINE
  5
EEA
330
22
100
AcDbEntity
  8
B.Cu
  6
CONTINUOUS
100
AcDbLine
 10
139.4210290000000043
 20
-77.7132339999999999
 30
0
 11
139.4608419999999853
 21
-77.7025670000000019
 31
0
  0
LINE
  5
EEB
330
22
100
AcDbEntity
  8
B.Cu
  6
CONTINUOUS
100
AcDbLine
 10
139.4608419999999853
 20
-77.7025670000000019
 30
0
 11
139.5391579999999863
 21
-77.7025670000000019
 31
0
  0
LINE
  5
EEC
330
22
100
AcDbEntity
  8
B.Cu
  6
CONTINUOUS
100
AcDbLine
 10
139.5391579999999863
 20
-77.7025670000000019
 30
0
 11
139.6148049999999898
 21
-77.7228360000000009
 31
0
  0
LINE
  5
EED
330
22
100
AcDbEntity
  8
B.Cu
  6
CONTINUOUS
100
AcDbLine
 10
139.6148049999999898
 20
-77.7228360000000009
 30
0
 11
139.682627999999994
 21
-77.7619940000000014
 31
0
  0
LINE
  5
EEE
330
22
100
AcDbEntity
  8
B.Cu
  6
CONTINUOUS
100
AcDbLine
 10
139.682627999999994
 20
-77.7619940000000014
 30
0
 11
139.7380059999999844
 21
-77.8173719999999918
 31
0
  0
LINE
  5
EEF
330
22
100
AcDbEntity
  8
B.Cu
  6
CONTINUOUS
100
AcDbLine
 10
139.7380059999999844
 20
-77.8173719999999918
 30
0
 11
139.7771639999999991
 21
-77.885194999999996
 31
0
  0
LINE
  5
EF0
330
22
100
AcDbEntity
  8
B.Cu
  6
CONTINUOUS
100
AcDbLine
 10
139.7771639999999991
 20
-77.885194999999996
 30
0
 11
139.7974329999999838
 21
-77.9608419999999995
 31
0
  0
LINE
  5
EF1
330
22
100
AcDbEntity
  8
B.Cu
  6
CONTINUOUS
100
AcDbLine
 10
139.7974329999999838
 20
-77.9608419999999995
 30
0
 11
139.7974329999999838
 21
-78.0122709999999984
 31
0
  0
LINE
  5
EF2
330
22
100
AcDbEntity
  8
B.Cu
  6
CONTINUOUS
100
AcDbLine
 10
139.7974329999999838
 20
-78.0122709999999984
 30
0
 11
139.837223999999992
 21
-78.0325459999999964
 31
0
  0
LINE
  5
EF3
330
22
100
AcDbEntity
  8
B.Cu
  6
CONTINUOUS
100
AcDbLine
 10
139.837223999999992
 20
-78.0325459999999964
 30
0
 11
139.9487639999999828
 21
-78.0893789999999939
 31
0
  0
LINE
  5
EF4
330
22
100
AcDbEntity
  8
B.Cu
  6
CONTINUOUS
100
AcDbLine
 10
139.9487639999999828
 20
-78.0893789999999939
 30
0
 11
139.9487670000000037
 21
-78.0893799999999914
 31
0
  0
LINE
  5
EF5
330
22
100
AcDbEntity
  8
B.Cu
  6
CONTINUOUS
100
AcDbLine
 10
139.9487670000000037
 20
-78.0893799999999914
 30
0
 11
140.0367499999999836
 21
-78.117966999999993
 31
0
  0
LINE
  5
EF6
330
22
100
AcDbEntity
  8
B.Cu
  6
CONTINUOUS
100
AcDbLine
 10
140.0367499999999836
 20
-78.117966999999993
 30
0
 11
140.1247359999999844
 21
-78.1465549999999922
 31
0
  0
LINE
  5
EF7
330
22
100
AcDbEntity
  8
B.Cu
  6
CONTINUOUS
100
AcDbLine
 10
140.1247359999999844
 20
-78.1465549999999922
 30
0
 11
140.3074859999999831
 21
-78.1754999999999995
 31
0
  0
LINE
  5
EF8
330
22
100
AcDbEntity
  8
B.Cu
  6
CONTINUOUS
100
AcDbLine
 10
140.3074859999999831
 20
-78.1754999999999995
 30
0
 11
140.3074869999999805
 21
-78.1754999999999995
 31
0
  0
LINE
  5
EF9
330
22
100
AcDbEntity
  8
B.Cu
  6
CONTINUOUS
100
AcDbLine
 10
140.3074869999999805
 20
-78.1754999999999995
 30
0
 11
140.4925130000000024
 21
-78.1754999999999995
 31
0
  0
LINE
  5
EFA
330
22
100
AcDbEntity
  8
B.Cu
  6
CONTINUOUS
100
AcDbLine
 10
140.4925130000000024
 20
-78.1754999999999995
 30
0
 11
140.4925139999999999
 21
-78.1754999999999995
 31
0
  0
LINE
  5
EFB
330
22
100
AcDbEntity
  8
B.Cu
  6
CONTINUOUS
100
AcDbLine
 10
140.4925139999999999
 20
-78.1754999999999995
 30
0
 11
140.6752639999999985
 21
-78.1465549999999922
 31
0
  0
LINE
  5
EFC
330
22
100
AcDbEntity
  8
B.Cu
  6
CONTINUOUS
100
AcDbLine
 10
140.6752639999999985
 20
-78.1465549999999922
 30
0
 11
140.8512350000000026
 21
-78.0893789999999939
 31
0
  0
LINE
  5
EFD
330
22
100
AcDbEntity
  8
B.Cu
  6
CONTINUOUS
100
AcDbLine
 10
140.8512350000000026
 20
-78.0893789999999939
 30
0
 11
141.0160960000000046
 21
-78.0053779999999932
 31
0
  0
LINE
  5
EFE
330
22
100
AcDbEntity
  8
B.Cu
  6
CONTINUOUS
100
AcDbLine
 10
141.0160960000000046
 20
-78.0053779999999932
 30
0
 11
141.1316079999999999
 21
-77.9214529999999996
 31
0
  0
LINE
  5
EFF
330
22
100
AcDbEntity
  8
B.Cu
  6
CONTINUOUS
100
AcDbLine
 10
141.1316079999999999
 20
-77.9214529999999996
 30
0
 11
141.1974119999999857
 21
-77.8979739999999907
 31
0
  0
LINE
  5
F00
330
22
100
AcDbEntity
  8
B.Cu
  6
CONTINUOUS
100
AcDbLine
 10
141.1974119999999857
 20
-77.8979739999999907
 30
0
 11
141.2654660000000035
 21
-77.9137989999999974
 31
0
  0
LINE
  5
F01
330
22
100
AcDbEntity
  8
B.Cu
  6
CONTINUOUS
100
AcDbLine
 10
141.2654660000000035
 20
-77.9137989999999974
 30
0
 11
141.3037579999999878
 21
-77.9474599999999924
 31
0
  0
LINE
  5
F02
330
22
100
AcDbEntity
  8
B.Cu
  6
CONTINUOUS
100
AcDbLine
 10
141.3037579999999878
 20
-77.9474599999999924
 30
0
 11
141.3674550000000067
 21
-78.0325469999999939
 31
0
  0
LINE
  5
F03
330
22
100
AcDbEntity
  8
B.Cu
  6
CONTINUOUS
100
AcDbLine
 10
141.3674550000000067
 20
-78.0325469999999939
 30
0
 11
141.4826639999999998
 21
-78.1187929999999966
 31
0
  0
LINE
  5
F04
330
22
100
AcDbEntity
  8
B.Cu
  6
CONTINUOUS
100
AcDbLine
 10
141.4826639999999998
 20
-78.1187929999999966
 30
0
 11
141.4826709999999821
 21
-78.1187970000000007
 31
0
  0
LINE
  5
F05
330
22
100
AcDbEntity
  8
B.Cu
  6
CONTINUOUS
100
AcDbLine
 10
141.4826709999999821
 20
-78.1187970000000007
 30
0
 11
141.6175169999999923
 21
-78.1690909999999946
 31
0
  0
LINE
  5
F06
330
22
100
AcDbEntity
  8
B.Cu
  6
CONTINUOUS
100
AcDbLine
 10
141.6175169999999923
 20
-78.1690909999999946
 30
0
 11
141.6175159999999948
 21
-78.1690909999999946
 31
0
  0
LINE
  5
F07
330
22
100
AcDbEntity
  8
B.Cu
  6
CONTINUOUS
100
AcDbLine
 10
141.6175159999999948
 20
-78.1690909999999946
 30
0
 11
141.6244439999999827
 21
-78.169834999999992
 31
0
  0
LINE
  5
F08
330
22
100
AcDbEntity
  8
B.Cu
  6
CONTINUOUS
100
AcDbLine
 10
141.6244439999999827
 20
-78.169834999999992
 30
0
 11
141.6771269999999845
 21
-78.1754999999999995
 31
0
  0
LINE
  5
F09
330
22
100
AcDbEntity
  8
B.Cu
  6
CONTINUOUS
100
AcDbLine
 10
141.6771269999999845
 20
-78.1754999999999995
 30
0
 11
143.122872000000001
 21
-78.1754990000000021
 31
0
  0
LINE
  5
F0A
330
22
100
AcDbEntity
  8
B.Cu
  6
CONTINUOUS
100
AcDbLine
 10
143.122872000000001
 20
-78.1754990000000021
 30
0
 11
143.1824829999999906
 21
-78.1690909999999946
 31
0
  0
LINE
  5
F0B
330
22
100
AcDbEntity
  8
B.Cu
  6
CONTINUOUS
100
AcDbLine
 10
143.1824829999999906
 20
-78.1690909999999946
 30
0
 11
143.3173309999999958
 21
-78.1187960000000032
 31
0
  0
LINE
  5
F0C
330
22
100
AcDbEntity
  8
B.Cu
  6
CONTINUOUS
100
AcDbLine
 10
143.3173309999999958
 20
-78.1187960000000032
 30
0
 11
143.4325460000000021
 21
-78.0325459999999964
 31
0
  0
LINE
  5
F0D
330
22
100
AcDbEntity
  8
B.Cu
  6
CONTINUOUS
100
AcDbLine
 10
143.4325460000000021
 20
-78.0325459999999964
 30
0
 11
143.5187959999999805
 21
-77.9173309999999901
 31
0
  0
LINE
  5
F0E
330
22
100
AcDbEntity
  8
B.Cu
  6
CONTINUOUS
100
AcDbLine
 10
143.5187959999999805
 20
-77.9173309999999901
 30
0
 11
143.569090999999986
 21
-77.7824829999999992
 31
0
  0
LINE
  5
F0F
330
22
100
AcDbEntity
  8
B.Cu
  6
CONTINUOUS
100
AcDbLine
 10
143.569090999999986
 20
-77.7824829999999992
 30
0
 11
143.5755000000000052
 21
-77.7228729999999928
 31
0
  0
LINE
  5
F10
330
22
100
AcDbEntity
  8
B.Cu
  6
CONTINUOUS
100
AcDbLine
 10
143.5755000000000052
 20
-77.7228729999999928
 30
0
 11
143.5755000000000052
 21
-77.5271350000000012
 31
0
  0
LINE
  5
F11
330
22
100
AcDbEntity
  8
B.Cu
  6
CONTINUOUS
100
AcDbLine
 10
143.5755000000000052
 20
-77.5271350000000012
 30
0
 11
143.5754989999999793
 21
-76.9074859999999916
 31
0
  0
LINE
  5
F12
330
22
100
AcDbEntity
  8
B.Cu
  6
CONTINUOUS
100
AcDbLine
 10
143.5754989999999793
 20
-76.9074859999999916
 30
0
 11
143.5754989999999793
 21
-76.2771290000000022
 31
0
  0
LINE
  5
F13
330
22
100
AcDbEntity
  8
B.Cu
  6
CONTINUOUS
100
AcDbLine
 10
143.5754989999999793
 20
-76.2771290000000022
 30
0
 11
143.5754979999999819
 21
-76.2771230000000031
 31
0
  0
LINE
  5
F14
330
22
100
AcDbEntity
  8
B.Cu
  6
CONTINUOUS
100
AcDbLine
 10
143.5754979999999819
 20
-76.2771230000000031
 30
0
 11
143.569090999999986
 21
-76.2175160000000034
 31
0
  0
LINE
  5
F15
330
22
100
AcDbEntity
  8
B.Cu
  6
CONTINUOUS
100
AcDbLine
 10
143.569090999999986
 20
-76.2175160000000034
 30
0
 11
143.5187970000000064
 21
-76.0826709999999906
 31
0
  0
LINE
  5
F16
330
22
100
AcDbEntity
  8
B.Cu
  6
CONTINUOUS
100
AcDbLine
 10
143.5187970000000064
 20
-76.0826709999999906
 30
0
 11
143.5187929999999881
 21
-76.0826639999999941
 31
0
  0
LINE
  5
F17
330
22
100
AcDbEntity
  8
B.Cu
  6
CONTINUOUS
100
AcDbLine
 10
143.5187929999999881
 20
-76.0826639999999941
 30
0
 11
143.4325469999999996
 21
-75.9674550000000011
 31
0
  0
LINE
  5
F18
330
22
100
AcDbEntity
  8
B.Cu
  6
CONTINUOUS
100
AcDbLine
 10
143.4325469999999996
 20
-75.9674550000000011
 30
0
 11
143.4325440000000071
 21
-75.9674519999999944
 31
0
  0
LINE
  5
F19
330
22
100
AcDbEntity
  8
B.Cu
  6
CONTINUOUS
100
AcDbLine
 10
143.4325440000000071
 20
-75.9674519999999944
 30
0
 11
143.3173349999999857
 21
-75.8812059999999917
 31
0
  0
LINE
  5
F1A
330
22
100
AcDbEntity
  8
B.Cu
  6
CONTINUOUS
100
AcDbLine
 10
143.3173349999999857
 20
-75.8812059999999917
 30
0
 11
143.3173280000000034
 21
-75.8812020000000018
 31
0
  0
LINE
  5
F1B
330
22
100
AcDbEntity
  8
B.Cu
  6
CONTINUOUS
100
AcDbLine
 10
143.3173280000000034
 20
-75.8812020000000018
 30
0
 11
143.1824819999999931
 21
-75.8309079999999938
 31
0
  0
LINE
  5
F1C
330
22
100
AcDbEntity
  8
B.Cu
  6
CONTINUOUS
100
AcDbLine
 10
143.1824819999999931
 20
-75.8309079999999938
 30
0
 11
143.1824829999999906
 21
-75.8309079999999938
 31
0
  0
LINE
  5
F1D
330
22
100
AcDbEntity
  8
B.Cu
  6
CONTINUOUS
100
AcDbLine
 10
143.1824829999999906
 20
-75.8309079999999938
 30
0
 11
143.1228830000000016
 21
-75.8245009999999979
 31
0
  0
LINE
  5
F1E
330
22
100
AcDbEntity
  8
B.Cu
  6
CONTINUOUS
100
AcDbLine
 10
143.1228830000000016
 20
-75.8245009999999979
 30
0
 11
143.1228810000000067
 21
-75.8245000000000005
 31
0
  0
LINE
  5
F1F
330
22
100
AcDbEntity
  8
B.Cu
  6
CONTINUOUS
100
AcDbLine
 10
143.1228810000000067
 20
-75.8245000000000005
 30
0
 11
143.1228729999999985
 21
-75.8245000000000005
 31
0
  0
LINE
  5
F20
330
22
100
AcDbEntity
  8
B.Cu
  6
CONTINUOUS
100
AcDbLine
 10
143.1228729999999985
 20
-75.8245000000000005
 30
0
 11
143.1228639999999928
 21
-75.8245000000000005
 31
0
  0
LINE
  5
F21
330
22
100
AcDbEntity
  8
B.Cu
  6
CONTINUOUS
100
AcDbLine
 10
143.1228639999999928
 20
-75.8245000000000005
 30
0
 11
141.6771289999999794
 21
-75.8245000000000005
 31
0
  0
LINE
  5
F22
330
22
100
AcDbEntity
  8
B.Cu
  6
CONTINUOUS
100
AcDbLine
 10
141.6771289999999794
 20
-75.8245000000000005
 30
0
 11
141.6771229999999946
 21
-75.8245009999999979
 31
0
  0
LINE
  5
F23
330
22
100
AcDbEntity
  8
B.Cu
  6
CONTINUOUS
100
AcDbLine
 10
141.6771229999999946
 20
-75.8245009999999979
 30
0
 11
141.6175159999999948
 21
-75.8309079999999938
 31
0
  0
LINE
  5
F24
330
22
100
AcDbEntity
  8
B.Cu
  6
CONTINUOUS
100
AcDbLine
 10
141.6175159999999948
 20
-75.8309079999999938
 30
0
 11
141.4826709999999821
 21
-75.8812020000000018
 31
0
  0
LINE
  5
F25
330
22
100
AcDbEntity
  8
B.Cu
  6
CONTINUOUS
100
AcDbLine
 10
141.4826709999999821
 20
-75.8812020000000018
 30
0
 11
141.4826639999999998
 21
-75.8812059999999917
 31
0
  0
LINE
  5
F26
330
22
100
AcDbEntity
  8
B.Cu
  6
CONTINUOUS
100
AcDbLine
 10
141.4826639999999998
 20
-75.8812059999999917
 30
0
 11
141.3674550000000067
 21
-75.9674519999999944
 31
0
  0
LINE
  5
F27
330
22
100
AcDbEntity
  8
B.Cu
  6
CONTINUOUS
100
AcDbLine
 10
141.3674550000000067
 20
-75.9674519999999944
 30
0
 11
141.3037579999999878
 21
-76.0525389999999959
 31
0
  0
LINE
  5
F28
330
22
100
AcDbEntity
  8
B.Cu
  6
CONTINUOUS
100
AcDbLine
 10
141.3037579999999878
 20
-76.0525389999999959
 30
0
 11
141.2478229999999826
 21
-76.0944099999999963
 31
0
  0
LINE
  5
F29
330
22
100
AcDbEntity
  8
B.Cu
  6
CONTINUOUS
100
AcDbLine
 10
141.2478229999999826
 20
-76.0944099999999963
 30
0
 11
141.1781320000000051
 21
-76.0993929999999921
 31
0
  0
LINE
  5
F2A
330
22
100
AcDbEntity
  8
B.Cu
  6
CONTINUOUS
100
AcDbLine
 10
141.1781320000000051
 20
-76.0993929999999921
 30
0
 11
141.1316070000000025
 21
-76.0785449999999912
 31
0
  0
LINE
  5
F2B
330
22
100
AcDbEntity
  8
B.Cu
  6
CONTINUOUS
100
AcDbLine
 10
141.1316070000000025
 20
-76.0785449999999912
 30
0
 11
141.016098999999997
 21
-75.9946240000000017
 31
0
  0
LINE
  5
F2C
330
22
100
AcDbEntity
  8
B.Cu
  6
CONTINUOUS
100
AcDbLine
 10
141.016098999999997
 20
-75.9946240000000017
 30
0
 11
141.0160979999999995
 21
-75.99462299999999
 31
0
  0
LINE
  5
F2D
330
22
100
AcDbEntity
  8
B.Cu
  6
CONTINUOUS
100
AcDbLine
 10
141.0160979999999995
 20
-75.99462299999999
 30
0
 11
141.0160960000000046
 21
-75.9946219999999926
 31
0
  0
LINE
  5
F2E
330
22
100
AcDbEntity
  8
B.Cu
  6
CONTINUOUS
100
AcDbLine
 10
141.0160960000000046
 20
-75.9946219999999926
 30
0
 11
140.9627720000000011
 21
-75.9674519999999944
 31
0
  0
LINE
  5
F2F
330
22
100
AcDbEntity
  8
B.Cu
  6
CONTINUOUS
100
AcDbLine
 10
140.9627720000000011
 20
-75.9674519999999944
 30
0
 11
140.8512350000000026
 21
-75.9106199999999944
 31
0
  0
LINE
  5
F30
330
22
100
AcDbEntity
  8
B.Cu
  6
CONTINUOUS
100
AcDbLine
 10
140.8512350000000026
 20
-75.9106199999999944
 30
0
 11
140.8512319999999818
 21
-75.910618999999997
 31
0
  0
LINE
  5
F31
330
22
100
AcDbEntity
  8
B.Cu
  6
CONTINUOUS
100
AcDbLine
 10
140.8512319999999818
 20
-75.910618999999997
 30
0
 11
140.675264999999996
 21
-75.8534449999999936
 31
0
  0
LINE
  5
F32
330
22
100
AcDbEntity
  8
B.Cu
  6
CONTINUOUS
100
AcDbLine
 10
140.675264999999996
 20
-75.8534449999999936
 30
0
 11
140.5329720000000009
 21
-75.8309079999999938
 31
0
  0
LINE
  5
F33
330
22
100
AcDbEntity
  8
B.Cu
  6
CONTINUOUS
100
AcDbLine
 10
140.5329720000000009
 20
-75.8309079999999938
 30
0
 11
140.4925139999999999
 21
-75.8245000000000005
 31
0
  0
LINE
  5
F34
330
22
100
AcDbEntity
  8
B.Cu
  6
CONTINUOUS
100
AcDbLine
 10
140.4925139999999999
 20
-75.8245000000000005
 30
0
 11
140.3074859999999831
 21
-75.8245000000000005
 31
0
  0
LINE
  5
F35
330
22
100
AcDbEntity
  8
B.Cu
  6
CONTINUOUS
100
AcDbLine
 10
140.3074859999999831
 20
-75.8245000000000005
 30
0
 11
140.2670279999999821
 21
-75.8309079999999938
 31
0
  0
LINE
  5
F36
330
22
100
AcDbEntity
  8
B.Cu
  6
CONTINUOUS
100
AcDbLine
 10
140.2670279999999821
 20
-75.8309079999999938
 30
0
 11
140.1247339999999895
 21
-75.8534449999999936
 31
0
  0
LINE
  5
F37
330
22
100
AcDbEntity
  8
B.Cu
  6
CONTINUOUS
100
AcDbLine
 10
140.1247339999999895
 20
-75.8534449999999936
 30
0
 11
139.9487670000000037
 21
-75.910618999999997
 31
0
  0
LINE
  5
F38
330
22
100
AcDbEntity
  8
B.Cu
  6
CONTINUOUS
100
AcDbLine
 10
139.9487670000000037
 20
-75.910618999999997
 30
0
 11
139.9487639999999828
 21
-75.9106199999999944
 31
0
  0
LINE
  5
F39
330
22
100
AcDbEntity
  8
B.Cu
  6
CONTINUOUS
100
AcDbLine
 10
139.9487639999999828
 20
-75.9106199999999944
 30
0
 11
139.7839029999999809
 21
-75.9946219999999926
 31
0
  0
LINE
  5
F3A
330
22
100
AcDbEntity
  8
B.Cu
  6
CONTINUOUS
100
AcDbLine
 10
139.7839029999999809
 20
-75.9946219999999926
 30
0
 11
139.7041879999999878
 21
-76.0525389999999959
 31
0
  0
LINE
  5
F3B
330
22
100
AcDbEntity
  8
B.Cu
  6
CONTINUOUS
100
AcDbLine
 10
139.7041879999999878
 20
-76.0525389999999959
 30
0
 11
139.6342129999999884
 21
-76.1033789999999897
 31
0
  0
LINE
  5
F3C
330
22
100
AcDbEntity
  8
B.Cu
  6
CONTINUOUS
100
AcDbLine
 10
139.6342129999999884
 20
-76.1033789999999897
 30
0
 11
139.6342109999999934
 21
-76.1033809999999988
 31
0
  0
LINE
  5
F3D
330
22
100
AcDbEntity
  8
B.Cu
  6
CONTINUOUS
100
AcDbLine
 10
139.6342109999999934
 20
-76.1033809999999988
 30
0
 11
139.6342099999999959
 21
-76.1033809999999988
 31
0
  0
LINE
  5
F3E
330
22
100
AcDbEntity
  8
B.Cu
  6
CONTINUOUS
100
AcDbLine
 10
139.6342099999999959
 20
-76.1033809999999988
 30
0
 11
139.5033809999999903
 21
-76.2342099999999903
 31
0
  0
LINE
  5
F3F
330
22
100
AcDbEntity
  8
B.Cu
  6
CONTINUOUS
100
AcDbLine
 10
139.5033809999999903
 20
-76.2342099999999903
 30
0
 11
139.500314000000003
 21
-76.2384320000000031
 31
0
  0
LINE
  5
F40
330
22
100
AcDbEntity
  8
B.Cu
  6
CONTINUOUS
100
AcDbLine
 10
139.500314000000003
 20
-76.2384320000000031
 30
0
 11
139.4449809999999843
 21
-76.281093999999996
 31
0
  0
LINE
  5
F41
330
22
100
AcDbEntity
  8
B.Cu
  6
CONTINUOUS
100
AcDbLine
 10
139.4449809999999843
 20
-76.281093999999996
 30
0
 11
139.3753669999999829
 21
-76.2870690000000025
 31
0
  0
LINE
  5
F42
330
22
100
AcDbEntity
  8
B.Cu
  6
CONTINUOUS
100
AcDbLine
 10
139.3753669999999829
 20
-76.2870690000000025
 30
0
 11
139.3135739999999885
 21
-76.2544589999999971
 31
0
  0
LINE
  5
F43
330
22
100
AcDbEntity
  8
B.Cu
  6
CONTINUOUS
100
AcDbLine
 10
139.3135739999999885
 20
-76.2544589999999971
 30
0
 11
139.2996859999999799
 21
-76.2384320000000031
 31
0
  0
LINE
  5
F44
330
22
100
AcDbEntity
  8
B.Cu
  6
CONTINUOUS
100
AcDbLine
 10
139.2996859999999799
 20
-76.2384320000000031
 30
0
 11
139.2966209999999876
 21
-76.2342129999999969
 31
0
  0
LINE
  5
F45
330
22
100
AcDbEntity
  8
B.Cu
  6
CONTINUOUS
100
AcDbLine
 10
139.2966209999999876
 20
-76.2342129999999969
 30
0
 11
139.1657869999999946
 21
-76.1033789999999897
 31
0
  0
LINE
  5
F46
330
22
100
AcDbEntity
  8
B.Cu
  6
CONTINUOUS
100
AcDbLine
 10
139.1657869999999946
 20
-76.1033789999999897
 30
0
 11
139.0160960000000046
 21
-75.9946219999999926
 31
0
  0
LINE
  5
F47
330
22
100
AcDbEntity
  8
B.Cu
  6
CONTINUOUS
100
AcDbLine
 10
139.0160960000000046
 20
-75.9946219999999926
 30
0
 11
138.9627779999999859
 21
-75.9674550000000011
 31
0
  0
LINE
  5
F48
330
22
100
AcDbEntity
  8
B.Cu
  6
CONTINUOUS
100
AcDbLine
 10
138.9627779999999859
 20
-75.9674550000000011
 30
0
 11
138.8512350000000026
 21
-75.9106199999999944
 31
0
  0
LINE
  5
F49
330
22
100
AcDbEntity
  8
B.Cu
  6
CONTINUOUS
100
AcDbLine
 10
138.8512350000000026
 20
-75.9106199999999944
 30
0
 11
138.8512319999999818
 21
-75.910618999999997
 31
0
  0
LINE
  5
F4A
330
22
100
AcDbEntity
  8
B.Cu
  6
CONTINUOUS
100
AcDbLine
 10
138.8512319999999818
 20
-75.910618999999997
 30
0
 11
138.675264999999996
 21
-75.8534449999999936
 31
0
  0
LINE
  5
F4B
330
22
100
AcDbEntity
  8
B.Cu
  6
CONTINUOUS
100
AcDbLine
 10
138.675264999999996
 20
-75.8534449999999936
 30
0
 11
138.5329720000000009
 21
-75.8309079999999938
 31
0
  0
LINE
  5
F4C
330
22
100
AcDbEntity
  8
B.Cu
  6
CONTINUOUS
100
AcDbLine
 10
138.5329720000000009
 20
-75.8309079999999938
 30
0
 11
138.4925139999999999
 21
-75.8245000000000005
 31
0
  0
LINE
  5
F4D
330
22
100
AcDbEntity
  8
B.Cu
  6
CONTINUOUS
100
AcDbLine
 10
138.4925139999999999
 20
-75.8245000000000005
 30
0
 11
138.3074859999999831
 21
-75.8245000000000005
 31
0
  0
LINE
  5
F4E
330
22
100
AcDbEntity
  8
B.Cu
  6
CONTINUOUS
100
AcDbLine
 10
138.3074859999999831
 20
-75.8245000000000005
 30
0
 11
138.2670279999999821
 21
-75.8309079999999938
 31
0
  0
LINE
  5
F4F
330
22
100
AcDbEntity
  8
B.Cu
  6
CONTINUOUS
100
AcDbLine
 10
122.0994999999999919
 20
-78.6023509999999987
 30
0
 11
122.1315219999999897
 21
-78.8045339999999896
 31
0
  0
LINE
  5
F50
330
22
100
AcDbEntity
  8
B.Cu
  6
CONTINUOUS
100
AcDbLine
 10
122.1315219999999897
 20
-78.8045339999999896
 30
0
 11
122.1947809999999919
 21
-78.9992230000000006
 31
0
  0
LINE
  5
F51
330
22
100
AcDbEntity
  8
B.Cu
  6
CONTINUOUS
100
AcDbLine
 10
122.1947809999999919
 20
-78.9992230000000006
 30
0
 11
122.2586909999999989
 21
-79.124652999999995
 31
0
  0
LINE
  5
F52
330
22
100
AcDbEntity
  8
B.Cu
  6
CONTINUOUS
100
AcDbLine
 10
122.2586909999999989
 20
-79.124652999999995
 30
0
 11
122.2804369999999921
 21
-79.1673309999999901
 31
0
  0
LINE
  5
F53
330
22
100
AcDbEntity
  8
B.Cu
  6
CONTINUOUS
100
AcDbLine
 10
122.2804369999999921
 20
-79.1673309999999901
 30
0
 11
122.2877149999999915
 21
-79.1816129999999987
 31
0
  0
LINE
  5
F54
330
22
100
AcDbEntity
  8
B.Cu
  6
CONTINUOUS
100
AcDbLine
 10
122.2877149999999915
 20
-79.1816129999999987
 30
0
 11
122.4080279999999874
 21
-79.3472129999999964
 31
0
  0
LINE
  5
F55
330
22
100
AcDbEntity
  8
B.Cu
  6
CONTINUOUS
100
AcDbLine
 10
122.4080279999999874
 20
-79.3472129999999964
 30
0
 11
122.5527859999999976
 21
-79.4919709999999924
 31
0
  0
LINE
  5
F56
330
22
100
AcDbEntity
  8
B.Cu
  6
CONTINUOUS
100
AcDbLine
 10
122.5527859999999976
 20
-79.4919709999999924
 30
0
 11
122.7077489999999926
 21
-79.6045560000000023
 31
0
  0
LINE
  5
F57
330
22
100
AcDbEntity
  8
B.Cu
  6
CONTINUOUS
100
AcDbLine
 10
122.7077489999999926
 20
-79.6045560000000023
 30
0
 11
122.7183899999999994
 21
-79.6122869999999949
 31
0
  0
LINE
  5
F58
330
22
100
AcDbEntity
  8
B.Cu
  6
CONTINUOUS
100
AcDbLine
 10
122.7183899999999994
 20
-79.6122869999999949
 30
0
 11
122.8346069999999912
 21
-79.6715030000000013
 31
0
  0
LINE
  5
F59
330
22
100
AcDbEntity
  8
B.Cu
  6
CONTINUOUS
100
AcDbLine
 10
122.8346069999999912
 20
-79.6715030000000013
 30
0
 11
122.9007759999999934
 21
-79.7052180000000021
 31
0
  0
LINE
  5
F5A
330
22
100
AcDbEntity
  8
B.Cu
  6
CONTINUOUS
100
AcDbLine
 10
122.9007759999999934
 20
-79.7052180000000021
 30
0
 11
122.9007779999999883
 21
-79.7052180000000021
 31
0
  0
LINE
  5
F5B
330
22
100
AcDbEntity
  8
B.Cu
  6
CONTINUOUS
100
AcDbLine
 10
122.9007779999999883
 20
-79.7052180000000021
 30
0
 11
122.9007809999999949
 21
-79.7052199999999971
 31
0
  0
LINE
  5
F5C
330
22
100
AcDbEntity
  8
B.Cu
  6
CONTINUOUS
100
AcDbLine
 10
122.9007809999999949
 20
-79.7052199999999971
 30
0
 11
123.0051369999999906
 21
-79.7391269999999963
 31
0
  0
LINE
  5
F5D
330
22
100
AcDbEntity
  8
B.Cu
  6
CONTINUOUS
100
AcDbLine
 10
123.0051369999999906
 20
-79.7391269999999963
 30
0
 11
123.0954649999999901
 21
-79.7684769999999901
 31
0
  0
LINE
  5
F5E
330
22
100
AcDbEntity
  8
B.Cu
  6
CONTINUOUS
100
AcDbLine
 10
123.0954649999999901
 20
-79.7684769999999901
 30
0
 11
123.1965569999999985
 21
-79.7844879999999961
 31
0
  0
LINE
  5
F5F
330
22
100
AcDbEntity
  8
B.Cu
  6
CONTINUOUS
100
AcDbLine
 10
123.1965569999999985
 20
-79.7844879999999961
 30
0
 11
123.2976479999999952
 21
-79.8004999999999995
 31
0
  0
LINE
  5
F60
330
22
100
AcDbEntity
  8
B.Cu
  6
CONTINUOUS
100
AcDbLine
 10
123.2976479999999952
 20
-79.8004999999999995
 30
0
 11
123.2976489999999927
 21
-79.8004999999999995
 31
0
  0
LINE
  5
F61
330
22
100
AcDbEntity
  8
B.Cu
  6
CONTINUOUS
100
AcDbLine
 10
123.2976489999999927
 20
-79.8004999999999995
 30
0
 11
123.5023509999999902
 21
-79.8004999999999995
 31
0
  0
LINE
  5
F62
330
22
100
AcDbEntity
  8
B.Cu
  6
CONTINUOUS
100
AcDbLine
 10
123.5023509999999902
 20
-79.8004999999999995
 30
0
 11
123.5023519999999877
 21
-79.8004999999999995
 31
0
  0
LINE
  5
F63
330
22
100
AcDbEntity
  8
B.Cu
  6
CONTINUOUS
100
AcDbLine
 10
123.5023519999999877
 20
-79.8004999999999995
 30
0
 11
123.7045339999999953
 21
-79.7684769999999901
 31
0
  0
LINE
  5
F64
330
22
100
AcDbEntity
  8
B.Cu
  6
CONTINUOUS
100
AcDbLine
 10
123.7045339999999953
 20
-79.7684769999999901
 30
0
 11
123.899218999999988
 21
-79.7052199999999971
 31
0
  0
LINE
  5
F65
330
22
100
AcDbEntity
  8
B.Cu
  6
CONTINUOUS
100
AcDbLine
 10
123.899218999999988
 20
-79.7052199999999971
 30
0
 11
124.0816099999999977
 21
-79.6122869999999949
 31
0
  0
LINE
  5
F66
330
22
100
AcDbEntity
  8
B.Cu
  6
CONTINUOUS
100
AcDbLine
 10
124.0816099999999977
 20
-79.6122869999999949
 30
0
 11
124.1745899999999949
 21
-79.5447319999999962
 31
0
  0
LINE
  5
F67
330
22
100
AcDbEntity
  8
B.Cu
  6
CONTINUOUS
100
AcDbLine
 10
124.1745899999999949
 20
-79.5447319999999962
 30
0
 11
124.2472129999999879
 21
-79.4919709999999924
 31
0
  0
LINE
  5
F68
330
22
100
AcDbEntity
  8
B.Cu
  6
CONTINUOUS
100
AcDbLine
 10
124.2472129999999879
 20
-79.4919709999999924
 30
0
 11
124.2472149999999971
 21
-79.491968
 31
0
  0
LINE
  5
F69
330
22
100
AcDbEntity
  8
B.Cu
  6
CONTINUOUS
100
AcDbLine
 10
124.2472149999999971
 20
-79.491968
 30
0
 11
124.2472190000000012
 21
-79.4919659999999908
 31
0
  0
LINE
  5
F6A
330
22
100
AcDbEntity
  8
B.Cu
  6
CONTINUOUS
100
AcDbLine
 10
124.2472190000000012
 20
-79.4919659999999908
 30
0
 11
124.3919659999999965
 21
-79.3472189999999955
 31
0
  0
LINE
  5
F6B
330
22
100
AcDbEntity
  8
B.Cu
  6
CONTINUOUS
100
AcDbLine
 10
124.3919659999999965
 20
-79.3472189999999955
 30
0
 11
124.3919679999999914
 21
-79.3472149999999914
 31
0
  0
LINE
  5
F6C
330
22
100
AcDbEntity
  8
B.Cu
  6
CONTINUOUS
100
AcDbLine
 10
124.3919679999999914
 20
-79.3472149999999914
 30
0
 11
124.3919709999999981
 21
-79.3472129999999964
 31
0
  0
LINE
  5
F6D
330
22
100
AcDbEntity
  8
B.Cu
  6
CONTINUOUS
100
AcDbLine
 10
124.3919709999999981
 20
-79.3472129999999964
 30
0
 11
124.4447319999999877
 21
-79.2745900000000034
 31
0
  0
LINE
  5
F6E
330
22
100
AcDbEntity
  8
B.Cu
  6
CONTINUOUS
100
AcDbLine
 10
124.4447319999999877
 20
-79.2745900000000034
 30
0
 11
124.5122870000000006
 21
-79.1816099999999921
 31
0
  0
LINE
  5
F6F
330
22
100
AcDbEntity
  8
B.Cu
  6
CONTINUOUS
100
AcDbLine
 10
124.5122870000000006
 20
-79.1816099999999921
 30
0
 11
124.6052199999999885
 21
-78.9992189999999965
 31
0
  0
LINE
  5
F70
330
22
100
AcDbEntity
  8
B.Cu
  6
CONTINUOUS
100
AcDbLine
 10
124.6052199999999885
 20
-78.9992189999999965
 30
0
 11
124.6684769999999958
 21
-78.8045339999999896
 31
0
  0
LINE
  5
F71
330
22
100
AcDbEntity
  8
B.Cu
  6
CONTINUOUS
100
AcDbLine
 10
124.6684769999999958
 20
-78.8045339999999896
 30
0
 11
124.700499999999991
 21
-78.6023519999999962
 31
0
  0
LINE
  5
F72
330
22
100
AcDbEntity
  8
B.Cu
  6
CONTINUOUS
100
AcDbLine
 10
124.700499999999991
 20
-78.6023519999999962
 30
0
 11
124.700499999999991
 21
-78.3976479999999896
 31
0
  0
LINE
  5
F73
330
22
100
AcDbEntity
  8
B.Cu
  6
CONTINUOUS
100
AcDbLine
 10
124.700499999999991
 20
-78.3976479999999896
 30
0
 11
124.6684769999999958
 21
-78.1954659999999961
 31
0
  0
LINE
  5
F74
330
22
100
AcDbEntity
  8
B.Cu
  6
CONTINUOUS
100
AcDbLine
 10
124.6684769999999958
 20
-78.1954659999999961
 30
0
 11
124.6619889999999913
 21
-78.1754990000000021
 31
0
  0
LINE
  5
F75
330
22
100
AcDbEntity
  8
B.Cu
  6
CONTINUOUS
100
AcDbLine
 10
124.6619889999999913
 20
-78.1754990000000021
 30
0
 11
124.6155399999999958
 21
-78.0325440000000015
 31
0
  0
LINE
  5
F76
330
22
100
AcDbEntity
  8
B.Cu
  6
CONTINUOUS
100
AcDbLine
 10
124.6155399999999958
 20
-78.0325440000000015
 30
0
 11
124.6052199999999885
 21
-78.0007810000000035
 31
0
  0
LINE
  5
F77
330
22
100
AcDbEntity
  8
B.Cu
  6
CONTINUOUS
100
AcDbLine
 10
124.6052199999999885
 20
-78.0007810000000035
 30
0
 11
124.6052179999999936
 21
-78.0007779999999968
 31
0
  0
LINE
  5
F78
330
22
100
AcDbEntity
  8
B.Cu
  6
CONTINUOUS
100
AcDbLine
 10
124.6052179999999936
 20
-78.0007779999999968
 30
0
 11
124.6052179999999936
 21
-78.0007760000000019
 31
0
  0
LINE
  5
F79
330
22
100
AcDbEntity
  8
B.Cu
  6
CONTINUOUS
100
AcDbLine
 10
124.6052179999999936
 20
-78.0007760000000019
 30
0
 11
124.5626999999999924
 21
-77.9173309999999901
 31
0
  0
LINE
  5
F7A
330
22
100
AcDbEntity
  8
B.Cu
  6
CONTINUOUS
100
AcDbLine
 10
124.5626999999999924
 20
-77.9173309999999901
 30
0
 11
124.5122870000000006
 21
-77.8183899999999937
 31
0
  0
LINE
  5
F7B
330
22
100
AcDbEntity
  8
B.Cu
  6
CONTINUOUS
100
AcDbLine
 10
124.5122870000000006
 20
-77.8183899999999937
 30
0
 11
124.4861989999999992
 21
-77.7824820000000017
 31
0
  0
LINE
  5
F7C
330
22
100
AcDbEntity
  8
B.Cu
  6
CONTINUOUS
100
AcDbLine
 10
124.4861989999999992
 20
-77.7824820000000017
 30
0
 11
124.3919709999999981
 21
-77.6527859999999919
 31
0
  0
LINE
  5
F7D
330
22
100
AcDbEntity
  8
B.Cu
  6
CONTINUOUS
100
AcDbLine
 10
124.3919709999999981
 20
-77.6527859999999919
 30
0
 11
124.2472129999999879
 21
-77.5080279999999959
 31
0
  0
LINE
  5
F7E
330
22
100
AcDbEntity
  8
B.Cu
  6
CONTINUOUS
100
AcDbLine
 10
124.2472129999999879
 20
-77.5080279999999959
 30
0
 11
124.0816129999999902
 21
-77.387715
 31
0
  0
LINE
  5
F7F
330
22
100
AcDbEntity
  8
B.Cu
  6
CONTINUOUS
100
AcDbLine
 10
124.0816129999999902
 20
-77.387715
 30
0
 11
124.0816119999999927
 21
-77.3877140000000026
 31
0
  0
LINE
  5
F80
330
22
100
AcDbEntity
  8
B.Cu
  6
CONTINUOUS
100
AcDbLine
 10
124.0816119999999927
 20
-77.3877140000000026
 30
0
 11
124.0816099999999977
 21
-77.3877129999999909
 31
0
  0
LINE
  5
F81
330
22
100
AcDbEntity
  8
B.Cu
  6
CONTINUOUS
100
AcDbLine
 10
124.0816099999999977
 20
-77.3877129999999909
 30
0
 11
124.0246530000000007
 21
-77.3586909999999932
 31
0
  0
LINE
  5
F82
330
22
100
AcDbEntity
  8
B.Cu
  6
CONTINUOUS
100
AcDbLine
 10
124.0246530000000007
 20
-77.3586909999999932
 30
0
 11
123.8992229999999921
 21
-77.2947810000000004
 31
0
  0
LINE
  5
F83
330
22
100
AcDbEntity
  8
B.Cu
  6
CONTINUOUS
100
AcDbLine
 10
123.8992229999999921
 20
-77.2947810000000004
 30
0
 11
123.7045339999999953
 21
-77.2315219999999982
 31
0
  0
LINE
  5
F84
330
22
100
AcDbEntity
  8
B.Cu
  6
CONTINUOUS
100
AcDbLine
 10
123.7045339999999953
 20
-77.2315219999999982
 30
0
 11
123.5299949999999995
 21
-77.2038780000000031
 31
0
  0
LINE
  5
F85
330
22
100
AcDbEntity
  8
B.Cu
  6
CONTINUOUS
100
AcDbLine
 10
123.5299949999999995
 20
-77.2038780000000031
 30
0
 11
123.5023519999999877
 21
-77.1995000000000005
 31
0
  0
LINE
  5
F86
330
22
100
AcDbEntity
  8
B.Cu
  6
CONTINUOUS
100
AcDbLine
 10
123.5023519999999877
 20
-77.1995000000000005
 30
0
 11
123.2976479999999952
 21
-77.1995000000000005
 31
0
  0
LINE
  5
F87
330
22
100
AcDbEntity
  8
B.Cu
  6
CONTINUOUS
100
AcDbLine
 10
123.2976479999999952
 20
-77.1995000000000005
 30
0
 11
123.2733289999999897
 21
-77.2033509999999978
 31
0
  0
LINE
  5
F88
330
22
100
AcDbEntity
  8
B.Cu
  6
CONTINUOUS
100
AcDbLine
 10
123.2733289999999897
 20
-77.2033509999999978
 30
0
 11
123.0954649999999901
 21
-77.2315219999999982
 31
0
  0
LINE
  5
F89
330
22
100
AcDbEntity
  8
B.Cu
  6
CONTINUOUS
100
AcDbLine
 10
123.0954649999999901
 20
-77.2315219999999982
 30
0
 11
122.9007759999999934
 21
-77.2947810000000004
 31
0
  0
LINE
  5
F8A
330
22
100
AcDbEntity
  8
B.Cu
  6
CONTINUOUS
100
AcDbLine
 10
122.9007759999999934
 20
-77.2947810000000004
 30
0
 11
122.7183859999999953
 21
-77.387715
 31
0
  0
LINE
  5
F8B
330
22
100
AcDbEntity
  8
B.Cu
  6
CONTINUOUS
100
AcDbLine
 10
122.7183859999999953
 20
-77.387715
 30
0
 11
122.5527859999999976
 21
-77.5080279999999959
 31
0
  0
LINE
  5
F8C
330
22
100
AcDbEntity
  8
B.Cu
  6
CONTINUOUS
100
AcDbLine
 10
122.5527859999999976
 20
-77.5080279999999959
 30
0
 11
122.4080279999999874
 21
-77.6527859999999919
 31
0
  0
LINE
  5
F8D
330
22
100
AcDbEntity
  8
B.Cu
  6
CONTINUOUS
100
AcDbLine
 10
122.4080279999999874
 20
-77.6527859999999919
 30
0
 11
122.2877149999999915
 21
-77.8183859999999896
 31
0
  0
LINE
  5
F8E
330
22
100
AcDbEntity
  8
B.Cu
  6
CONTINUOUS
100
AcDbLine
 10
122.2877149999999915
 20
-77.8183859999999896
 30
0
 11
122.1947809999999919
 21
-78.0007760000000019
 31
0
  0
LINE
  5
F8F
330
22
100
AcDbEntity
  8
B.Cu
  6
CONTINUOUS
100
AcDbLine
 10
122.1947809999999919
 20
-78.0007760000000019
 30
0
 11
122.1315219999999897
 21
-78.1954649999999987
 31
0
  0
LINE
  5
F90
330
22
100
AcDbEntity
  8
B.Cu
  6
CONTINUOUS
100
AcDbLine
 10
122.1315219999999897
 20
-78.1954649999999987
 30
0
 11
122.0994999999999919
 21
-78.3976479999999896
 31
0
  0
LINE
  5
F91
330
22
100
AcDbEntity
  8
B.Cu
  6
CONTINUOUS
100
AcDbLine
 10
122.0994999999999919
 20
-78.3976479999999896
 30
0
 11
122.0994999999999919
 21
-78.6023509999999987
 31
0
  0
LINE
  5
F92
330
22
100
AcDbEntity
  8
B.Cu
  6
CONTINUOUS
100
AcDbLine
 10
155.7245000000000061
 20
-78.9728700000000003
 30
0
 11
155.7245010000000036
 21
-78.9728759999999994
 31
0
  0
LINE
  5
F93
330
22
100
AcDbEntity
  8
B.Cu
  6
CONTINUOUS
100
AcDbLine
 10
155.7245010000000036
 20
-78.9728759999999994
 30
0
 11
155.7309079999999994
 21
-79.0324829999999992
 31
0
  0
LINE
  5
F94
330
22
100
AcDbEntity
  8
B.Cu
  6
CONTINUOUS
100
AcDbLine
 10
155.7309079999999994
 20
-79.0324829999999992
 30
0
 11
155.7812019999999791
 21
-79.1673279999999977
 31
0
  0
LINE
  5
F95
330
22
100
AcDbEntity
  8
B.Cu
  6
CONTINUOUS
100
AcDbLine
 10
155.7812019999999791
 20
-79.1673279999999977
 30
0
 11
155.7812059999999974
 21
-79.1673349999999942
 31
0
  0
LINE
  5
F96
330
22
100
AcDbEntity
  8
B.Cu
  6
CONTINUOUS
100
AcDbLine
 10
155.7812059999999974
 20
-79.1673349999999942
 30
0
 11
155.8674519999999859
 21
-79.2825440000000015
 31
0
  0
LINE
  5
F97
330
22
100
AcDbEntity
  8
B.Cu
  6
CONTINUOUS
100
AcDbLine
 10
155.8674519999999859
 20
-79.2825440000000015
 30
0
 11
155.8674550000000067
 21
-79.2825469999999939
 31
0
  0
LINE
  5
F98
330
22
100
AcDbEntity
  8
B.Cu
  6
CONTINUOUS
100
AcDbLine
 10
155.8674550000000067
 20
-79.2825469999999939
 30
0
 11
155.9826639999999998
 21
-79.3687929999999966
 31
0
  0
LINE
  5
F99
330
22
100
AcDbEntity
  8
B.Cu
  6
CONTINUOUS
100
AcDbLine
 10
155.9826639999999998
 20
-79.3687929999999966
 30
0
 11
155.9826709999999821
 21
-79.3687970000000007
 31
0
  0
LINE
  5
F9A
330
22
100
AcDbEntity
  8
B.Cu
  6
CONTINUOUS
100
AcDbLine
 10
155.9826709999999821
 20
-79.3687970000000007
 30
0
 11
156.1175169999999923
 21
-79.4190909999999946
 31
0
  0
LINE
  5
F9B
330
22
100
AcDbEntity
  8
B.Cu
  6
CONTINUOUS
100
AcDbLine
 10
156.1175169999999923
 20
-79.4190909999999946
 30
0
 11
156.1175159999999948
 21
-79.4190909999999946
 31
0
  0
LINE
  5
F9C
330
22
100
AcDbEntity
  8
B.Cu
  6
CONTINUOUS
100
AcDbLine
 10
156.1175159999999948
 20
-79.4190909999999946
 30
0
 11
156.1244439999999827
 21
-79.419834999999992
 31
0
  0
LINE
  5
F9D
330
22
100
AcDbEntity
  8
B.Cu
  6
CONTINUOUS
100
AcDbLine
 10
156.1244439999999827
 20
-79.419834999999992
 30
0
 11
156.1771269999999845
 21
-79.4254999999999995
 31
0
  0
LINE
  5
F9E
330
22
100
AcDbEntity
  8
B.Cu
  6
CONTINUOUS
100
AcDbLine
 10
156.1771269999999845
 20
-79.4254999999999995
 30
0
 11
157.622872000000001
 21
-79.4254990000000021
 31
0
  0
LINE
  5
F9F
330
22
100
AcDbEntity
  8
B.Cu
  6
CONTINUOUS
100
AcDbLine
 10
157.622872000000001
 20
-79.4254990000000021
 30
0
 11
157.6824829999999906
 21
-79.4190909999999946
 31
0
  0
LINE
  5
FA0
330
22
100
AcDbEntity
  8
B.Cu
  6
CONTINUOUS
100
AcDbLine
 10
157.6824829999999906
 20
-79.4190909999999946
 30
0
 11
157.8173309999999958
 21
-79.3687960000000032
 31
0
  0
LINE
  5
FA1
330
22
100
AcDbEntity
  8
B.Cu
  6
CONTINUOUS
100
AcDbLine
 10
157.8173309999999958
 20
-79.3687960000000032
 30
0
 11
157.9325460000000021
 21
-79.2825459999999964
 31
0
  0
LINE
  5
FA2
330
22
100
AcDbEntity
  8
B.Cu
  6
CONTINUOUS
100
AcDbLine
 10
157.9325460000000021
 20
-79.2825459999999964
 30
0
 11
158.0187959999999805
 21
-79.1673309999999901
 31
0
  0
LINE
  5
FA3
330
22
100
AcDbEntity
  8
B.Cu
  6
CONTINUOUS
100
AcDbLine
 10
158.0187959999999805
 20
-79.1673309999999901
 30
0
 11
158.069090999999986
 21
-79.0324829999999992
 31
0
  0
LINE
  5
FA4
330
22
100
AcDbEntity
  8
B.Cu
  6
CONTINUOUS
100
AcDbLine
 10
158.069090999999986
 20
-79.0324829999999992
 30
0
 11
158.0755000000000052
 21
-78.9728729999999928
 31
0
  0
LINE
  5
FA5
330
22
100
AcDbEntity
  8
B.Cu
  6
CONTINUOUS
100
AcDbLine
 10
158.0755000000000052
 20
-78.9728729999999928
 30
0
 11
158.0754989999999793
 21
-77.5271279999999905
 31
0
  0
LINE
  5
FA6
330
22
100
AcDbEntity
  8
B.Cu
  6
CONTINUOUS
100
AcDbLine
 10
158.0754989999999793
 20
-77.5271279999999905
 30
0
 11
158.069090999999986
 21
-77.4675170000000008
 31
0
  0
LINE
  5
FA7
330
22
100
AcDbEntity
  8
B.Cu
  6
CONTINUOUS
100
AcDbLine
 10
158.069090999999986
 20
-77.4675170000000008
 30
0
 11
158.0630179999999996
 21
-77.4512349999999969
 31
0
  0
LINE
  5
FA8
330
22
100
AcDbEntity
  8
B.Cu
  6
CONTINUOUS
100
AcDbLine
 10
158.0630179999999996
 20
-77.4512349999999969
 30
0
 11
158.0187970000000064
 21
-77.3326709999999906
 31
0
  0
LINE
  5
FA9
330
22
100
AcDbEntity
  8
B.Cu
  6
CONTINUOUS
100
AcDbLine
 10
158.0187970000000064
 20
-77.3326709999999906
 30
0
 11
158.0187929999999881
 21
-77.3326639999999941
 31
0
  0
LINE
  5
FAA
330
22
100
AcDbEntity
  8
B.Cu
  6
CONTINUOUS
100
AcDbLine
 10
158.0187929999999881
 20
-77.3326639999999941
 30
0
 11
157.9325469999999996
 21
-77.2174550000000011
 31
0
  0
LINE
  5
FAB
330
22
100
AcDbEntity
  8
B.Cu
  6
CONTINUOUS
100
AcDbLine
 10
157.9325469999999996
 20
-77.2174550000000011
 30
0
 11
157.9325439999999787
 21
-77.2174519999999944
 31
0
  0
LINE
  5
FAC
330
22
100
AcDbEntity
  8
B.Cu
  6
CONTINUOUS
100
AcDbLine
 10
157.9325439999999787
 20
-77.2174519999999944
 30
0
 11
157.8173349999999857
 21
-77.1312059999999917
 31
0
  0
LINE
  5
FAD
330
22
100
AcDbEntity
  8
B.Cu
  6
CONTINUOUS
100
AcDbLine
 10
157.8173349999999857
 20
-77.1312059999999917
 30
0
 11
157.8173280000000034
 21
-77.1312020000000018
 31
0
  0
LINE
  5
FAE
330
22
100
AcDbEntity
  8
B.Cu
  6
CONTINUOUS
100
AcDbLine
 10
157.8173280000000034
 20
-77.1312020000000018
 30
0
 11
157.6824819999999931
 21
-77.0809079999999938
 31
0
  0
LINE
  5
FAF
330
22
100
AcDbEntity
  8
B.Cu
  6
CONTINUOUS
100
AcDbLine
 10
157.6824819999999931
 20
-77.0809079999999938
 30
0
 11
157.6824829999999906
 21
-77.0809079999999938
 31
0
  0
LINE
  5
FB0
330
22
100
AcDbEntity
  8
B.Cu
  6
CONTINUOUS
100
AcDbLine
 10
157.6824829999999906
 20
-77.0809079999999938
 30
0
 11
157.6228830000000016
 21
-77.0745009999999979
 31
0
  0
LINE
  5
FB1
330
22
100
AcDbEntity
  8
B.Cu
  6
CONTINUOUS
100
AcDbLine
 10
157.6228830000000016
 20
-77.0745009999999979
 30
0
 11
157.6228810000000067
 21
-77.0745000000000005
 31
0
  0
LINE
  5
FB2
330
22
100
AcDbEntity
  8
B.Cu
  6
CONTINUOUS
100
AcDbLine
 10
157.6228810000000067
 20
-77.0745000000000005
 30
0
 11
157.6228729999999985
 21
-77.0745000000000005
 31
0
  0
LINE
  5
FB3
330
22
100
AcDbEntity
  8
B.Cu
  6
CONTINUOUS
100
AcDbLine
 10
157.6228729999999985
 20
-77.0745000000000005
 30
0
 11
157.6228639999999928
 21
-77.0745000000000005
 31
0
  0
LINE
  5
FB4
330
22
100
AcDbEntity
  8
B.Cu
  6
CONTINUOUS
100
AcDbLine
 10
157.6228639999999928
 20
-77.0745000000000005
 30
0
 11
156.1771289999999794
 21
-77.0745000000000005
 31
0
  0
LINE
  5
FB5
330
22
100
AcDbEntity
  8
B.Cu
  6
CONTINUOUS
100
AcDbLine
 10
156.1771289999999794
 20
-77.0745000000000005
 30
0
 11
156.1771229999999946
 21
-77.0745009999999979
 31
0
  0
LINE
  5
FB6
330
22
100
AcDbEntity
  8
B.Cu
  6
CONTINUOUS
100
AcDbLine
 10
156.1771229999999946
 20
-77.0745009999999979
 30
0
 11
156.1175159999999948
 21
-77.0809079999999938
 31
0
  0
LINE
  5
FB7
330
22
100
AcDbEntity
  8
B.Cu
  6
CONTINUOUS
100
AcDbLine
 10
156.1175159999999948
 20
-77.0809079999999938
 30
0
 11
155.9826709999999821
 21
-77.1312020000000018
 31
0
  0
LINE
  5
FB8
330
22
100
AcDbEntity
  8
B.Cu
  6
CONTINUOUS
100
AcDbLine
 10
155.9826709999999821
 20
-77.1312020000000018
 30
0
 11
155.9826639999999998
 21
-77.1312059999999917
 31
0
  0
LINE
  5
FB9
330
22
100
AcDbEntity
  8
B.Cu
  6
CONTINUOUS
100
AcDbLine
 10
155.9826639999999998
 20
-77.1312059999999917
 30
0
 11
155.8674550000000067
 21
-77.2174519999999944
 31
0
  0
LINE
  5
FBA
330
22
100
AcDbEntity
  8
B.Cu
  6
CONTINUOUS
100
AcDbLine
 10
155.8674550000000067
 20
-77.2174519999999944
 30
0
 11
155.8674519999999859
 21
-77.2174550000000011
 31
0
  0
LINE
  5
FBB
330
22
100
AcDbEntity
  8
B.Cu
  6
CONTINUOUS
100
AcDbLine
 10
155.8674519999999859
 20
-77.2174550000000011
 30
0
 11
155.7812059999999974
 21
-77.3326639999999941
 31
0
  0
LINE
  5
FBC
330
22
100
AcDbEntity
  8
B.Cu
  6
CONTINUOUS
100
AcDbLine
 10
155.7812059999999974
 20
-77.3326639999999941
 30
0
 11
155.7812019999999791
 21
-77.3326709999999906
 31
0
  0
LINE
  5
FBD
330
22
100
AcDbEntity
  8
B.Cu
  6
CONTINUOUS
100
AcDbLine
 10
155.7812019999999791
 20
-77.3326709999999906
 30
0
 11
155.7309079999999994
 21
-77.4675170000000008
 31
0
  0
LINE
  5
FBE
330
22
100
AcDbEntity
  8
B.Cu
  6
CONTINUOUS
100
AcDbLine
 10
155.7309079999999994
 20
-77.4675170000000008
 30
0
 11
155.7248569999999859
 21
-77.5238049999999959
 31
0
  0
LINE
  5
FBF
330
22
100
AcDbEntity
  8
B.Cu
  6
CONTINUOUS
100
AcDbLine
 10
155.7248569999999859
 20
-77.5238049999999959
 30
0
 11
155.7245010000000036
 21
-77.5271230000000031
 31
0
  0
LINE
  5
FC0
330
22
100
AcDbEntity
  8
B.Cu
  6
CONTINUOUS
100
AcDbLine
 10
155.7245010000000036
 20
-77.5271230000000031
 30
0
 11
155.7245000000000061
 21
-77.5271350000000012
 31
0
  0
LINE
  5
FC1
330
22
100
AcDbEntity
  8
B.Cu
  6
CONTINUOUS
100
AcDbLine
 10
155.7245000000000061
 20
-77.5271350000000012
 30
0
 11
155.7245000000000061
 21
-78.9728700000000003
 31
0
  0
LINE
  5
FC2
330
22
100
AcDbEntity
  8
B.Cu
  6
CONTINUOUS
100
AcDbLine
 10
137.75
 20
-94.0983820000000009
 30
0
 11
137.780777999999998
 21
-94.292704999999998
 31
0
  0
LINE
  5
FC3
330
22
100
AcDbEntity
  8
B.Cu
  6
CONTINUOUS
100
AcDbLine
 10
137.780777999999998
 20
-94.292704999999998
 30
0
 11
137.8415809999999908
 21
-94.4798349999999942
 31
0
  0
LINE
  5
FC4
330
22
100
AcDbEntity
  8
B.Cu
  6
CONTINUOUS
100
AcDbLine
 10
137.8415809999999908
 20
-94.4798349999999942
 30
0
 11
137.9309049999999957
 21
-94.6551449999999903
 31
0
  0
LINE
  5
FC5
330
22
100
AcDbEntity
  8
B.Cu
  6
CONTINUOUS
100
AcDbLine
 10
137.9309049999999957
 20
-94.6551449999999903
 30
0
 11
137.9563190000000077
 21
-94.6901249999999948
 31
0
  0
LINE
  5
FC6
330
22
100
AcDbEntity
  8
B.Cu
  6
CONTINUOUS
100
AcDbLine
 10
137.9563190000000077
 20
-94.6901249999999948
 30
0
 11
137.9563200000000052
 21
-94.6901249999999948
 31
0
  0
LINE
  5
FC7
330
22
100
AcDbEntity
  8
B.Cu
  6
CONTINUOUS
100
AcDbLine
 10
137.9563200000000052
 20
-94.6901249999999948
 30
0
 11
138.3251850000000047
 21
-94.3212599999999952
 31
0
  0
LINE
  5
FC8
330
22
100
AcDbEntity
  8
B.Cu
  6
CONTINUOUS
100
AcDbLine
 10
138.3251850000000047
 20
-94.3212599999999952
 30
0
 11
138.2822950000000048
 21
-94.2177140000000009
 31
0
  0
LINE
  5
FC9
330
22
100
AcDbEntity
  8
B.Cu
  6
CONTINUOUS
100
AcDbLine
 10
138.2822950000000048
 20
-94.2177140000000009
 30
0
 11
138.2536110000000065
 21
-94.0735129999999913
 31
0
  0
LINE
  5
FCA
330
22
100
AcDbEntity
  8
B.Cu
  6
CONTINUOUS
100
AcDbLine
 10
138.2536110000000065
 20
-94.0735129999999913
 30
0
 11
138.2536110000000065
 21
-93.9264869999999945
 31
0
  0
LINE
  5
FCB
330
22
100
AcDbEntity
  8
B.Cu
  6
CONTINUOUS
100
AcDbLine
 10
138.2536110000000065
 20
-93.9264869999999945
 30
0
 11
138.2822950000000048
 21
-93.7822859999999991
 31
0
  0
LINE
  5
FCC
330
22
100
AcDbEntity
  8
B.Cu
  6
CONTINUOUS
100
AcDbLine
 10
138.2822950000000048
 20
-93.7822859999999991
 30
0
 11
138.3251850000000047
 21
-93.6787379999999956
 31
0
  0
LINE
  5
FCD
330
22
100
AcDbEntity
  8
B.Cu
  6
CONTINUOUS
100
AcDbLine
 10
138.3251850000000047
 20
-93.6787379999999956
 30
0
 11
137.9563200000000052
 21
-93.3098719999999986
 31
0
  0
LINE
  5
FCE
330
22
100
AcDbEntity
  8
B.Cu
  6
CONTINUOUS
100
AcDbLine
 10
137.9563200000000052
 20
-93.3098719999999986
 30
0
 11
137.9563200000000052
 21
-93.3098729999999961
 31
0
  0
LINE
  5
FCF
330
22
100
AcDbEntity
  8
B.Cu
  6
CONTINUOUS
100
AcDbLine
 10
137.9563200000000052
 20
-93.3098729999999961
 30
0
 11
137.9309020000000032
 21
-93.3448589999999996
 31
0
  0
LINE
  5
FD0
330
22
100
AcDbEntity
  8
B.Cu
  6
CONTINUOUS
100
AcDbLine
 10
137.9309020000000032
 20
-93.3448589999999996
 30
0
 11
137.9308989999999824
 21
-93.3448629999999895
 31
0
  0
LINE
  5
FD1
330
22
100
AcDbEntity
  8
B.Cu
  6
CONTINUOUS
100
AcDbLine
 10
137.9308989999999824
 20
-93.3448629999999895
 30
0
 11
137.8415819999999883
 21
-93.5201610000000016
 31
0
  0
LINE
  5
FD2
330
22
100
AcDbEntity
  8
B.Cu
  6
CONTINUOUS
100
AcDbLine
 10
137.8415819999999883
 20
-93.5201610000000016
 30
0
 11
137.780777999999998
 21
-93.7072939999999903
 31
0
  0
LINE
  5
FD3
330
22
100
AcDbEntity
  8
B.Cu
  6
CONTINUOUS
100
AcDbLine
 10
137.780777999999998
 20
-93.7072939999999903
 30
0
 11
137.75
 21
-93.9016170000000017
 31
0
  0
LINE
  5
FD4
330
22
100
AcDbEntity
  8
B.Cu
  6
CONTINUOUS
100
AcDbLine
 10
137.75
 20
-93.9016170000000017
 30
0
 11
137.75
 21
-94.0983820000000009
 31
0
  0
LINE
  5
FD5
330
22
100
AcDbEntity
  8
B.Cu
  6
CONTINUOUS
100
AcDbLine
 10
138.6787379999999814
 20
-93.3251849999999905
 30
0
 11
138.7822859999999991
 21
-93.2822949999999906
 31
0
  0
LINE
  5
FD6
330
22
100
AcDbEntity
  8
B.Cu
  6
CONTINUOUS
100
AcDbLine
 10
138.7822859999999991
 20
-93.2822949999999906
 30
0
 11
138.9264869999999803
 21
-93.2536109999999923
 31
0
  0
LINE
  5
FD7
330
22
100
AcDbEntity
  8
B.Cu
  6
CONTINUOUS
100
AcDbLine
 10
138.9264869999999803
 20
-93.2536109999999923
 30
0
 11
139.0735129999999913
 21
-93.2536109999999923
 31
0
  0
LINE
  5
FD8
330
22
100
AcDbEntity
  8
B.Cu
  6
CONTINUOUS
100
AcDbLine
 10
139.0735129999999913
 20
-93.2536109999999923
 30
0
 11
139.2177140000000009
 21
-93.2822949999999906
 31
0
  0
LINE
  5
FD9
330
22
100
AcDbEntity
  8
B.Cu
  6
CONTINUOUS
100
AcDbLine
 10
139.2177140000000009
 20
-93.2822949999999906
 30
0
 11
139.3212599999999952
 21
-93.3251849999999905
 31
0
  0
LINE
  5
FDA
330
22
100
AcDbEntity
  8
B.Cu
  6
CONTINUOUS
100
AcDbLine
 10
139.3212599999999952
 20
-93.3251849999999905
 30
0
 11
139.6901249999999948
 21
-92.956319999999991
 31
0
  0
LINE
  5
FDB
330
22
100
AcDbEntity
  8
B.Cu
  6
CONTINUOUS
100
AcDbLine
 10
139.6901249999999948
 20
-92.956319999999991
 30
0
 11
139.6901249999999948
 21
-92.9563189999999935
 31
0
  0
LINE
  5
FDC
330
22
100
AcDbEntity
  8
B.Cu
  6
CONTINUOUS
100
AcDbLine
 10
139.6901249999999948
 20
-92.9563189999999935
 30
0
 11
139.6551450000000045
 21
-92.9309049999999957
 31
0
  0
LINE
  5
FDD
330
22
100
AcDbEntity
  8
B.Cu
  6
CONTINUOUS
100
AcDbLine
 10
139.6551450000000045
 20
-92.9309049999999957
 30
0
 11
139.47983499999998
 21
-92.8415809999999908
 31
0
  0
LINE
  5
FDE
330
22
100
AcDbEntity
  8
B.Cu
  6
CONTINUOUS
100
AcDbLine
 10
139.47983499999998
 20
-92.8415809999999908
 30
0
 11
139.2927049999999838
 21
-92.780777999999998
 31
0
  0
LINE
  5
FDF
330
22
100
AcDbEntity
  8
B.Cu
  6
CONTINUOUS
100
AcDbLine
 10
139.2927049999999838
 20
-92.780777999999998
 30
0
 11
139.0983819999999866
 21
-92.75
 31
0
  0
LINE
  5
FE0
330
22
100
AcDbEntity
  8
B.Cu
  6
CONTINUOUS
100
AcDbLine
 10
139.0983819999999866
 20
-92.75
 30
0
 11
138.9016179999999849
 21
-92.75
 31
0
  0
LINE
  5
FE1
330
22
100
AcDbEntity
  8
B.Cu
  6
CONTINUOUS
100
AcDbLine
 10
138.9016179999999849
 20
-92.75
 30
0
 11
138.7072939999999903
 21
-92.780777999999998
 31
0
  0
LINE
  5
FE2
330
22
100
AcDbEntity
  8
B.Cu
  6
CONTINUOUS
100
AcDbLine
 10
138.7072939999999903
 20
-92.780777999999998
 30
0
 11
138.5201610000000016
 21
-92.8415820000000025
 31
0
  0
LINE
  5
FE3
330
22
100
AcDbEntity
  8
B.Cu
  6
CONTINUOUS
100
AcDbLine
 10
138.5201610000000016
 20
-92.8415820000000025
 30
0
 11
138.3448630000000037
 21
-92.9308989999999966
 31
0
  0
LINE
  5
FE4
330
22
100
AcDbEntity
  8
B.Cu
  6
CONTINUOUS
100
AcDbLine
 10
138.3448630000000037
 20
-92.9308989999999966
 30
0
 11
138.3448589999999854
 21
-92.930901999999989
 31
0
  0
LINE
  5
FE5
330
22
100
AcDbEntity
  8
B.Cu
  6
CONTINUOUS
100
AcDbLine
 10
138.3448589999999854
 20
-92.930901999999989
 30
0
 11
138.3098729999999819
 21
-92.956319999999991
 31
0
  0
LINE
  5
FE6
330
22
100
AcDbEntity
  8
B.Cu
  6
CONTINUOUS
100
AcDbLine
 10
138.3098729999999819
 20
-92.956319999999991
 30
0
 11
138.3098719999999844
 21
-92.956319999999991
 31
0
  0
LINE
  5
FE7
330
22
100
AcDbEntity
  8
B.Cu
  6
CONTINUOUS
100
AcDbLine
 10
138.3098719999999844
 20
-92.956319999999991
 30
0
 11
138.6787379999999814
 21
-93.3251849999999905
 31
0
  0
CIRCLE
  5
FE8
330
22
100
AcDbEntity
  8
B.Cu
100
AcDbCircle
 10
163.9000000000000057
 20
-90.
 30
0
 40
0.175
  0
CIRCLE
  5
FE9
330
22
100
AcDbEntity
  8
B.Cu
100
AcDbCircle
 10
163.9000000000000057
 20
-88.
 30
0
 40
0.175
  0
CIRCLE
  5
FEA
330
22
100
AcDbEntity
  8
B.Cu
100
AcDbCircle
 10
115.8407579999999939
 20
-85.6991840000000025
 30
0
 40
0.175
  0
CIRCLE
  5
FEB
330
22
100
AcDbEntity
  8
B.Cu
100
AcDbCircle
 10
115.8407579999999939
 20
-83.1591839999999962
 30
0
 40
0.175
  0
CIRCLE
  5
FEC
330
22
100
AcDbEntity
  8
B.Cu
100
AcDbCircle
 10
160.9000000000000057
 20
-90.
 30
0
 40
0.175
  0
CIRCLE
  5
FED
330
22
100
AcDbEntity
  8
B.Cu
100
AcDbCircle
 10
160.9000000000000057
 20
-88.
 30
0
 40
0.175
  0
CIRCLE
  5
FEE
330
22
100
AcDbEntity
  8
B.Cu
100
AcDbCircle
 10
160.9000000000000057
 20
-86.
 30
0
 40
0.175
  0
CIRCLE
  5
FEF
330
22
100
AcDbEntity
  8
B.Cu
100
AcDbCircle
 10
142.4000000000000057
 20
-77.
 30
0
 40
0.175
  0
CIRCLE
  5
FF0
330
22
100
AcDbEntity
  8
B.Cu
100
AcDbCircle
 10
140.4000000000000057
 20
-77.
 30
0
 40
0.175
  0
CIRCLE
  5
FF1
330
22
100
AcDbEntity
  8
B.Cu
100
AcDbCircle
 10
138.4000000000000057
 20
-77.
 30
0
 40
0.175
  0
CIRCLE
  5
FF2
330
22
100
AcDbEntity
  8
B.Cu
100
AcDbCircle
 10
156.9000000000000057
 20
-78.25
 30
0
 40
0.175
  0
CIRCLE
  5
FF3
330
22
100
AcDbEntity
  8
B.Cu
100
AcDbCircle
 10
166.9000000000000057
 20
-90.
 30
0
 40
0.175
  0
CIRCLE
  5
FF4
330
22
100
AcDbEntity
  8
B.Cu
100
AcDbCircle
 10
166.9000000000000057
 20
-88.
 30
0
 40
0.175
  0
CIRCLE
  5
FF5
330
22
100
AcDbEntity
  8
B.Cu
100
AcDbCircle
 10
148.4000000000000057
 20
-87.3999999999999915
 30
0
 40
0.2
  0
CIRCLE
  5
FF6
330
22
100
AcDbEntity
  8
B.Cu
100
AcDbCircle
 10
118.
 20
-94.0999999999999943
 30
0
 40
0.2
  0
CIRCLE
  5
FF7
330
22
100
AcDbEntity
  8
B.Cu
100
AcDbCircle
 10
163.
 20
-95.
 30
0
 40
0.2
  0
CIRCLE
  5
FF8
330
22
100
AcDbEntity
  8
B.Cu
100
AcDbCircle
 10
123.3999999999999915
 20
-87.
 30
0
 40
0.4
  0
CIRCLE
  5
FF9
330
22
100
AcDbEntity
  8
B.Cu
100
AcDbCircle
 10
132.5
 20
-95.75
 30
0
 40
0.2
  0
CIRCLE
  5
FFA
330
22
100
AcDbEntity
  8
B.Cu
100
AcDbCircle
 10
169.
 20
-80.
 30
0
 40
0.2
  0
CIRCLE
  5
FFB
330
22
100
AcDbEntity
  8
B.Cu
100
AcDbCircle
 10
157.
 20
-95.
 30
0
 40
0.2
  0
CIRCLE
  5
FFC
330
22
100
AcDbEntity
  8
B.Cu
100
AcDbCircle
 10
160.
 20
-95.
 30
0
 40
0.2
  0
CIRCLE
  5
FFD
330
22
100
AcDbEntity
  8
B.Cu
100
AcDbCircle
 10
139.5
 20
-78.
 30
0
 40
0.2
  0
CIRCLE
  5
FFE
330
22
100
AcDbEntity
  8
B.Cu
100
AcDbCircle
 10
114.25
 20
-101.75
 30
0
 40
0.2
  0
CIRCLE
  5
FFF
330
22
100
AcDbEntity
  8
B.Cu
100
AcDbCircle
 10
166.5
 20
-76.
 30
0
 40
0.2
  0
CIRCLE
  5
1000
330
22
100
AcDbEntity
  8
B.Cu
100
AcDbCircle
 10
156.
 20
-76.
 30
0
 40
0.2
  0
CIRCLE
  5
1001
330
22
100
AcDbEntity
  8
B.Cu
100
AcDbCircle
 10
132.9000000000000057
 20
-77.
 30
0
 40
0.2
  0
CIRCLE
  5
1002
330
22
100
AcDbEntity
  8
B.Cu
100
AcDbCircle
 10
154.5
 20
-85.
 30
0
 40
0.2
  0
CIRCLE
  5
1003
330
22
100
AcDbEntity
  8
B.Cu
100
AcDbCircle
 10
158.5
 20
-76.
 30
0
 40
0.2
  0
CIRCLE
  5
1004
330
22
100
AcDbEntity
  8
B.Cu
100
AcDbCircle
 10
153.5
 20
-76.
 30
0
 40
0.2
  0
CIRCLE
  5
1005
330
22
100
AcDbEntity
  8
B.Cu
100
AcDbCircle
 10
127.
 20
-95.
 30
0
 40
0.2
  0
CIRCLE
  5
1006
330
22
100
AcDbEntity
  8
B.Cu
100
AcDbCircle
 10
145.75
 20
-86.75
 30
0
 40
0.2
  0
CIRCLE
  5
1007
330
22
100
AcDbEntity
  8
B.Cu
100
AcDbCircle
 10
169.4827089999999998
 20
-98.563289999999995
 30
0
 40
0.2
  0
CIRCLE
  5
1008
330
22
100
AcDbEntity
  8
B.Cu
100
AcDbCircle
 10
163.75
 20
-76.
 30
0
 40
0.2
  0
CIRCLE
  5
1009
330
22
100
AcDbEntity
  8
B.Cu
100
AcDbCircle
 10
154.75
 20
-78.5
 30
0
 40
0.2
  0
CIRCLE
  5
100A
330
22
100
AcDbEntity
  8
B.Cu
100
AcDbCircle
 10
169.
 20
-77.
 30
0
 40
0.2
  0
CIRCLE
  5
100B
330
22
100
AcDbEntity
  8
B.Cu
100
AcDbCircle
 10
145.
 20
-95.
 30
0
 40
0.2
  0
CIRCLE
  5
100C
330
22
100
AcDbEntity
  8
B.Cu
100
AcDbCircle
 10
148.
 20
-95.
 30
0
 40
0.2
  0
CIRCLE
  5
100D
330
22
100
AcDbEntity
  8
B.Cu
100
AcDbCircle
 10
115.2708839999999952
 20
-79.3575230000000005
 30
0
 40
0.2
  0
CIRCLE
  5
100E
330
22
100
AcDbEntity
  8
B.Cu
100
AcDbCircle
 10
117.
 20
-81.
 30
0
 40
0.2
  0
CIRCLE
  5
100F
330
22
100
AcDbEntity
  8
B.Cu
100
AcDbCircle
 10
154.
 20
-95.
 30
0
 40
0.2
  0
CIRCLE
  5
1010
330
22
100
AcDbEntity
  8
B.Cu
100
AcDbCircle
 10
133.5
 20
-83.25
 30
0
 40
0.2
  0
CIRCLE
  5
1011
330
22
100
AcDbEntity
  8
B.Cu
100
AcDbCircle
 10
161.25
 20
-76.
 30
0
 40
0.2
  0
CIRCLE
  5
1012
330
22
100
AcDbEntity
  8
B.Cu
100
AcDbCircle
 10
140.25
 20
-95.75
 30
0
 40
0.2
  0
CIRCLE
  5
1013
330
22
100
AcDbEntity
  8
B.Cu
100
AcDbCircle
 10
150.75
 20
-76.
 30
0
 40
0.2
  0
CIRCLE
  5
1014
330
22
100
AcDbEntity
  8
B.Cu
100
AcDbCircle
 10
118.
 20
-95.
 30
0
 40
0.2
  0
CIRCLE
  5
1015
330
22
100
AcDbEntity
  8
B.Cu
100
AcDbCircle
 10
137.5
 20
-95.75
 30
0
 40
0.2
  0
CIRCLE
  5
1016
330
22
100
AcDbEntity
  8
B.Cu
100
AcDbCircle
 10
169.
 20
-85.
 30
0
 40
0.2
  0
CIRCLE
  5
1017
330
22
100
AcDbEntity
  8
B.Cu
100
AcDbCircle
 10
115.
 20
-89.
 30
0
 40
0.2
  0
CIRCLE
  5
1018
330
22
100
AcDbEntity
  8
B.Cu
100
AcDbCircle
 10
158.5499999999999829
 20
-90.5499999999999972
 30
0
 40
0.2
  0
CIRCLE
  5
1019
330
22
100
AcDbEntity
  8
B.Cu
100
AcDbCircle
 10
130.
 20
-89.
 30
0
 40
0.2
  0
CIRCLE
  5
101A
330
22
100
AcDbEntity
  8
B.Cu
100
AcDbCircle
 10
115.
 20
-99.
 30
0
 40
0.2
  0
CIRCLE
  5
101B
330
22
100
AcDbEntity
  8
B.Cu
100
AcDbCircle
 10
123.3999999999999915
 20
-83.5
 30
0
 40
0.4
  0
CIRCLE
  5
101C
330
22
100
AcDbEntity
  8
B.Cu
100
AcDbCircle
 10
117.
 20
-89.
 30
0
 40
0.2
  0
CIRCLE
  5
101D
330
22
100
AcDbEntity
  8
B.Cu
100
AcDbCircle
 10
114.75
 20
-76.75
 30
0
 40
0.2
  0
CIRCLE
  5
101E
330
22
100
AcDbEntity
  8
B.Cu
100
AcDbCircle
 10
119.
 20
-77.
 30
0
 40
0.2
  0
CIRCLE
  5
101F
330
22
100
AcDbEntity
  8
B.Cu
100
AcDbCircle
 10
151.
 20
-95.
 30
0
 40
0.2
  0
CIRCLE
  5
1020
330
22
100
AcDbEntity
  8
B.Cu
100
AcDbCircle
 10
124.
 20
-95.
 30
0
 40
0.2
  0
CIRCLE
  5
1021
330
22
100
AcDbEntity
  8
B.Cu
100
AcDbCircle
 10
130.
 20
-95.
 30
0
 40
0.2
  0
CIRCLE
  5
1022
330
22
100
AcDbEntity
  8
B.Cu
100
AcDbCircle
 10
129.
 20
-77.
 30
0
 40
0.2
  0
CIRCLE
  5
1023
330
22
100
AcDbEntity
  8
B.Cu
100
AcDbCircle
 10
136.5
 20
-78.
 30
0
 40
0.2
  0
CIRCLE
  5
1024
330
22
100
AcDbEntity
  8
B.Cu
100
AcDbCircle
 10
169.
 20
-89.
 30
0
 40
0.2
  0
CIRCLE
  5
1025
330
22
100
AcDbEntity
  8
B.Cu
100
AcDbCircle
 10
158.5
 20
-80.
 30
0
 40
0.2
  0
CIRCLE
  5
1026
330
22
100
AcDbEntity
  8
B.Cu
100
AcDbCircle
 10
114.25
 20
-87.25
 30
0
 40
0.2
  0
CIRCLE
  5
1027
330
22
100
AcDbEntity
  8
B.Cu
100
AcDbCircle
 10
165.25
 20
-95.
 30
0
 40
0.2
  0
CIRCLE
  5
1028
330
22
100
AcDbEntity
  8
B.Cu
100
AcDbCircle
 10
115.
 20
-95.
 30
0
 40
0.2
  0
CIRCLE
  5
1029
330
22
100
AcDbEntity
  8
B.Cu
100
AcDbCircle
 10
125.
 20
-77.
 30
0
 40
0.2
  0
CIRCLE
  5
102A
330
22
100
AcDbEntity
  8
B.Cu
100
AcDbCircle
 10
135.
 20
-95.75
 30
0
 40
0.2
  0
CIRCLE
  5
102B
330
22
100
AcDbEntity
  8
B.Cu
100
AcDbCircle
 10
121.
 20
-95.
 30
0
 40
0.2
  0
CIRCLE
  5
102C
330
22
100
AcDbEntity
  8
B.Cu
100
AcDbCircle
 10
158.
 20
-86.
 30
0
 40
0.2
  0
CIRCLE
  5
102D
330
22
100
AcDbEntity
  8
B.Cu
100
AcDbCircle
 10
116.
 20
-75.75
 30
0
 40
0.2
  0
CIRCLE
  5
102E
330
22
100
AcDbEntity
  8
B.Cu
100
AcDbCircle
 10
118.6316319999999962
 20
-99.0027779999999922
 30
0
 40
0.2
  0
CIRCLE
  5
102F
330
22
100
AcDbEntity
  8
B.Cu
100
AcDbCircle
 10
115.
 20
-92.
 30
0
 40
0.2
  0
CIRCLE
  5
1030
330
22
100
AcDbEntity
  8
B.Cu
100
AcDbCircle
 10
147.75
 20
-79.
 30
0
 40
0.2
  0
CIRCLE
  5
1031
330
22
100
AcDbEntity
  8
B.Cu
100
AcDbCircle
 10
130.
 20
-92.
 30
0
 40
0.2
  0
CIRCLE
  5
1032
330
22
100
AcDbEntity
  8
B.Cu
100
AcDbCircle
 10
168.
 20
-95.
 30
0
 40
0.2
  0
CIRCLE
  5
1033
330
22
100
AcDbEntity
  8
B.Cu
100
AcDbCircle
 10
138.75
 20
-83.25
 30
0
 40
0.2
  0
CIRCLE
  5
1034
330
22
100
AcDbEntity
  8
B.Cu
100
AcDbCircle
 10
169.
 20
-93.
 30
0
 40
0.2
  0
CIRCLE
  5
1035
330
22
100
AcDbEntity
  8
B.Cu
100
AcDbCircle
 10
142.
 20
-95.
 30
0
 40
0.2
  0
CIRCLE
  5
1036
330
22
100
AcDbEntity
  8
B.Cu
100
AcDbCircle
 10
130.3249999999999886
 20
-87.3250000000000028
 30
0
 40
0.2
  0
CIRCLE
  5
1037
330
22
100
AcDbEntity
  8
B.Cu
100
AcDbCircle
 10
123.3999999999999915
 20
-92.
 30
0
 40
0.4
  0
CIRCLE
  5
1038
330
22
100
AcDbEntity
  8
B.Cu
100
AcDbCircle
 10
151.9000000000000057
 20
-88.
 30
0
 40
0.2
  0
CIRCLE
  5
1039
330
22
100
AcDbEntity
  8
B.Cu
100
AcDbCircle
 10
123.3999999999999915
 20
-78.5
 30
0
 40
0.4
  0
LINE
  5
103A
330
22
100
AcDbEntity
  8
B.Cu
  6
CONTINUOUS
100
AcDbLine
 10
168.4000000000000057
 20
-74.4749999999999943
 30
0
 11
168.6643159999999853
 21
-74.4923239999999964
 31
0
  0
LINE
  5
103B
330
22
100
AcDbEntity
  8
B.Cu
  6
CONTINUOUS
100
AcDbLine
 10
168.6643159999999853
 20
-74.4923239999999964
 30
0
 11
168.9241089999999872
 21
-74.5439999999999969
 31
0
  0
LINE
  5
103C
330
22
100
AcDbEntity
  8
B.Cu
  6
CONTINUOUS
100
AcDbLine
 10
168.9241089999999872
 20
-74.5439999999999969
 30
0
 11
169.1749339999999791
 21
-74.6291439999999966
 31
0
  0
LINE
  5
103D
330
22
100
AcDbEntity
  8
B.Cu
  6
CONTINUOUS
100
AcDbLine
 10
169.1749339999999791
 20
-74.6291439999999966
 30
0
 11
169.4124999999999943
 21
-74.7462979999999959
 31
0
  0
LINE
  5
103E
330
22
100
AcDbEntity
  8
B.Cu
  6
CONTINUOUS
100
AcDbLine
 10
169.4124999999999943
 20
-74.7462979999999959
 30
0
 11
169.632741999999979
 21
-74.8934589999999929
 31
0
  0
LINE
  5
103F
330
22
100
AcDbEntity
  8
B.Cu
  6
CONTINUOUS
100
AcDbLine
 10
169.632741999999979
 20
-74.8934589999999929
 30
0
 11
169.8318919999999821
 21
-75.0681079999999952
 31
0
  0
LINE
  5
1040
330
22
100
AcDbEntity
  8
B.Cu
  6
CONTINUOUS
100
AcDbLine
 10
169.8318919999999821
 20
-75.0681079999999952
 30
0
 11
170.0065409999999986
 21
-75.2672579999999982
 31
0
  0
LINE
  5
1041
330
22
100
AcDbEntity
  8
B.Cu
  6
CONTINUOUS
100
AcDbLine
 10
170.0065409999999986
 20
-75.2672579999999982
 30
0
 11
170.1537019999999814
 21
-75.4874999999999972
 31
0
  0
LINE
  5
1042
330
22
100
AcDbEntity
  8
B.Cu
  6
CONTINUOUS
100
AcDbLine
 10
170.1537019999999814
 20
-75.4874999999999972
 30
0
 11
170.2708559999999807
 21
-75.7250659999999982
 31
0
  0
LINE
  5
1043
330
22
100
AcDbEntity
  8
B.Cu
  6
CONTINUOUS
100
AcDbLine
 10
170.2708559999999807
 20
-75.7250659999999982
 30
0
 11
170.3559999999999945
 21
-75.9758909999999901
 31
0
  0
LINE
  5
1044
330
22
100
AcDbEntity
  8
B.Cu
  6
CONTINUOUS
100
AcDbLine
 10
170.3559999999999945
 20
-75.9758909999999901
 30
0
 11
170.4076759999999808
 21
-76.235683999999992
 31
0
  0
LINE
  5
1045
330
22
100
AcDbEntity
  8
B.Cu
  6
CONTINUOUS
100
AcDbLine
 10
170.4076759999999808
 20
-76.235683999999992
 30
0
 11
170.4249999999999829
 21
-76.5
 31
0
  0
LINE
  5
1046
330
22
100
AcDbEntity
  8
B.Cu
  6
CONTINUOUS
100
AcDbLine
 10
170.4249999999999829
 20
-76.5
 30
0
 11
170.4249999999999829
 21
-111.
 31
0
  0
LINE
  5
1047
330
22
100
AcDbEntity
  8
B.Cu
  6
CONTINUOUS
100
AcDbLine
 10
170.4249999999999829
 20
-111.
 30
0
 11
170.4076759999999808
 21
-111.2643159999999938
 31
0
  0
LINE
  5
1048
330
22
100
AcDbEntity
  8
B.Cu
  6
CONTINUOUS
100
AcDbLine
 10
170.4076759999999808
 20
-111.2643159999999938
 30
0
 11
170.3559999999999945
 21
-111.5241089999999957
 31
0
  0
LINE
  5
1049
330
22
100
AcDbEntity
  8
B.Cu
  6
CONTINUOUS
100
AcDbLine
 10
170.3559999999999945
 20
-111.5241089999999957
 30
0
 11
170.2708559999999807
 21
-111.7749340000000018
 31
0
  0
LINE
  5
104A
330
22
100
AcDbEntity
  8
B.Cu
  6
CONTINUOUS
100
AcDbLine
 10
170.2708559999999807
 20
-111.7749340000000018
 30
0
 11
170.1537019999999814
 21
-112.0124999999999886
 31
0
  0
LINE
  5
104B
330
22
100
AcDbEntity
  8
B.Cu
  6
CONTINUOUS
100
AcDbLine
 10
170.1537019999999814
 20
-112.0124999999999886
 30
0
 11
170.0065409999999986
 21
-112.2327420000000018
 31
0
  0
LINE
  5
104C
330
22
100
AcDbEntity
  8
B.Cu
  6
CONTINUOUS
100
AcDbLine
 10
170.0065409999999986
 20
-112.2327420000000018
 30
0
 11
169.8318919999999821
 21
-112.4318919999999906
 31
0
  0
LINE
  5
104D
330
22
100
AcDbEntity
  8
B.Cu
  6
CONTINUOUS
100
AcDbLine
 10
169.8318919999999821
 20
-112.4318919999999906
 30
0
 11
169.632741999999979
 21
-112.6065409999999929
 31
0
  0
LINE
  5
104E
330
22
100
AcDbEntity
  8
B.Cu
  6
CONTINUOUS
100
AcDbLine
 10
169.632741999999979
 20
-112.6065409999999929
 30
0
 11
169.4124999999999943
 21
-112.7537019999999899
 31
0
  0
LINE
  5
104F
330
22
100
AcDbEntity
  8
B.Cu
  6
CONTINUOUS
100
AcDbLine
 10
169.4124999999999943
 20
-112.7537019999999899
 30
0
 11
169.1749339999999791
 21
-112.8708559999999892
 31
0
  0
LINE
  5
1050
330
22
100
AcDbEntity
  8
B.Cu
  6
CONTINUOUS
100
AcDbLine
 10
169.1749339999999791
 20
-112.8708559999999892
 30
0
 11
168.9241089999999872
 21
-112.9559999999999889
 31
0
  0
LINE
  5
1051
330
22
100
AcDbEntity
  8
B.Cu
  6
CONTINUOUS
100
AcDbLine
 10
168.9241089999999872
 20
-112.9559999999999889
 30
0
 11
168.6643159999999853
 21
-113.0076759999999894
 31
0
  0
LINE
  5
1052
330
22
100
AcDbEntity
  8
B.Cu
  6
CONTINUOUS
100
AcDbLine
 10
168.6643159999999853
 20
-113.0076759999999894
 30
0
 11
168.4000000000000057
 21
-113.0249999999999915
 31
0
  0
LINE
  5
1053
330
22
100
AcDbEntity
  8
B.Cu
  6
CONTINUOUS
100
AcDbLine
 10
168.4000000000000057
 20
-113.0249999999999915
 30
0
 11
115.3999999999999915
 21
-113.0249999999999915
 31
0
  0
LINE
  5
1054
330
22
100
AcDbEntity
  8
B.Cu
  6
CONTINUOUS
100
AcDbLine
 10
115.3999999999999915
 20
-113.0249999999999915
 30
0
 11
115.1356839999999977
 21
-113.0076759999999894
 31
0
  0
LINE
  5
1055
330
22
100
AcDbEntity
  8
B.Cu
  6
CONTINUOUS
100
AcDbLine
 10
115.1356839999999977
 20
-113.0076759999999894
 30
0
 11
114.8758909999999958
 21
-112.9559999999999889
 31
0
  0
LINE
  5
1056
330
22
100
AcDbEntity
  8
B.Cu
  6
CONTINUOUS
100
AcDbLine
 10
114.8758909999999958
 20
-112.9559999999999889
 30
0
 11
114.6250659999999897
 21
-112.8708559999999892
 31
0
  0
LINE
  5
1057
330
22
100
AcDbEntity
  8
B.Cu
  6
CONTINUOUS
100
AcDbLine
 10
114.6250659999999897
 20
-112.8708559999999892
 30
0
 11
114.3874999999999886
 21
-112.7537019999999899
 31
0
  0
LINE
  5
1058
330
22
100
AcDbEntity
  8
B.Cu
  6
CONTINUOUS
100
AcDbLine
 10
114.3874999999999886
 20
-112.7537019999999899
 30
0
 11
114.1672579999999897
 21
-112.6065409999999929
 31
0
  0
LINE
  5
1059
330
22
100
AcDbEntity
  8
B.Cu
  6
CONTINUOUS
100
AcDbLine
 10
114.1672579999999897
 20
-112.6065409999999929
 30
0
 11
113.9681080000000009
 21
-112.4318919999999906
 31
0
  0
LINE
  5
105A
330
22
100
AcDbEntity
  8
B.Cu
  6
CONTINUOUS
100
AcDbLine
 10
113.9681080000000009
 20
-112.4318919999999906
 30
0
 11
113.7934589999999986
 21
-112.2327420000000018
 31
0
  0
LINE
  5
105B
330
22
100
AcDbEntity
  8
B.Cu
  6
CONTINUOUS
100
AcDbLine
 10
113.7934589999999986
 20
-112.2327420000000018
 30
0
 11
113.6462980000000016
 21
-112.0124999999999886
 31
0
  0
LINE
  5
105C
330
22
100
AcDbEntity
  8
B.Cu
  6
CONTINUOUS
100
AcDbLine
 10
113.6462980000000016
 20
-112.0124999999999886
 30
0
 11
113.5291439999999881
 21
-111.7749340000000018
 31
0
  0
LINE
  5
105D
330
22
100
AcDbEntity
  8
B.Cu
  6
CONTINUOUS
100
AcDbLine
 10
113.5291439999999881
 20
-111.7749340000000018
 30
0
 11
113.4439999999999884
 21
-111.5241089999999957
 31
0
  0
LINE
  5
105E
330
22
100
AcDbEntity
  8
B.Cu
  6
CONTINUOUS
100
AcDbLine
 10
113.4439999999999884
 20
-111.5241089999999957
 30
0
 11
113.3923239999999879
 21
-111.2643159999999938
 31
0
  0
LINE
  5
105F
330
22
100
AcDbEntity
  8
B.Cu
  6
CONTINUOUS
100
AcDbLine
 10
113.3923239999999879
 20
-111.2643159999999938
 30
0
 11
113.375
 21
-111.
 31
0
  0
LINE
  5
1060
330
22
100
AcDbEntity
  8
B.Cu
  6
CONTINUOUS
100
AcDbLine
 10
113.375
 20
-111.
 30
0
 11
113.375
 21
-76.5
 31
0
  0
LINE
  5
1061
330
22
100
AcDbEntity
  8
B.Cu
  6
CONTINUOUS
100
AcDbLine
 10
113.375
 20
-76.5
 30
0
 11
113.3923239999999879
 21
-76.235683999999992
 31
0
  0
LINE
  5
1062
330
22
100
AcDbEntity
  8
B.Cu
  6
CONTINUOUS
100
AcDbLine
 10
113.3923239999999879
 20
-76.235683999999992
 30
0
 11
113.4439999999999884
 21
-75.9758909999999901
 31
0
  0
LINE
  5
1063
330
22
100
AcDbEntity
  8
B.Cu
  6
CONTINUOUS
100
AcDbLine
 10
113.4439999999999884
 20
-75.9758909999999901
 30
0
 11
113.5291439999999881
 21
-75.7250659999999982
 31
0
  0
LINE
  5
1064
330
22
100
AcDbEntity
  8
B.Cu
  6
CONTINUOUS
100
AcDbLine
 10
113.5291439999999881
 20
-75.7250659999999982
 30
0
 11
113.6462980000000016
 21
-75.4874999999999972
 31
0
  0
LINE
  5
1065
330
22
100
AcDbEntity
  8
B.Cu
  6
CONTINUOUS
100
AcDbLine
 10
113.6462980000000016
 20
-75.4874999999999972
 30
0
 11
113.7934589999999986
 21
-75.2672579999999982
 31
0
  0
LINE
  5
1066
330
22
100
AcDbEntity
  8
B.Cu
  6
CONTINUOUS
100
AcDbLine
 10
113.7934589999999986
 20
-75.2672579999999982
 30
0
 11
113.9681080000000009
 21
-75.0681079999999952
 31
0
  0
LINE
  5
1067
330
22
100
AcDbEntity
  8
B.Cu
  6
CONTINUOUS
100
AcDbLine
 10
113.9681080000000009
 20
-75.0681079999999952
 30
0
 11
114.1672579999999897
 21
-74.8934589999999929
 31
0
  0
LINE
  5
1068
330
22
100
AcDbEntity
  8
B.Cu
  6
CONTINUOUS
100
AcDbLine
 10
114.1672579999999897
 20
-74.8934589999999929
 30
0
 11
114.3874999999999886
 21
-74.7462979999999959
 31
0
  0
LINE
  5
1069
330
22
100
AcDbEntity
  8
B.Cu
  6
CONTINUOUS
100
AcDbLine
 10
114.3874999999999886
 20
-74.7462979999999959
 30
0
 11
114.6250659999999897
 21
-74.6291439999999966
 31
0
  0
LINE
  5
106A
330
22
100
AcDbEntity
  8
B.Cu
  6
CONTINUOUS
100
AcDbLine
 10
114.6250659999999897
 20
-74.6291439999999966
 30
0
 11
114.8758909999999958
 21
-74.5439999999999969
 31
0
  0
LINE
  5
106B
330
22
100
AcDbEntity
  8
B.Cu
  6
CONTINUOUS
100
AcDbLine
 10
114.8758909999999958
 20
-74.5439999999999969
 30
0
 11
115.1356839999999977
 21
-74.4923239999999964
 31
0
  0
LINE
  5
106C
330
22
100
AcDbEntity
  8
B.Cu
  6
CONTINUOUS
100
AcDbLine
 10
115.1356839999999977
 20
-74.4923239999999964
 30
0
 11
115.3999999999999915
 21
-74.4749999999999943
 31
0
  0
LINE
  5
106D
330
22
100
AcDbEntity
  8
B.Cu
  6
CONTINUOUS
100
AcDbLine
 10
115.3999999999999915
 20
-74.4749999999999943
 30
0
 11
168.4000000000000057
 21
-74.4749999999999943
 31
0
  0
LINE
  5
106E
330
22
100
AcDbEntity
  8
B.Cu
  6
CONTINUOUS
100
AcDbLine
 10
115.3999999999999915
 20
-74.5249999999999915
 30
0
 11
115.270551999999995
 21
-74.5249999999999915
 31
0
  0
LINE
  5
106F
330
22
100
AcDbEntity
  8
B.Cu
  6
CONTINUOUS
100
AcDbLine
 10
115.270551999999995
 20
-74.5249999999999915
 30
0
 11
115.0138699999999972
 21
-74.5587919999999968
 31
0
  0
LINE
  5
1070
330
22
100
AcDbEntity
  8
B.Cu
  6
CONTINUOUS
100
AcDbLine
 10
115.0138699999999972
 20
-74.5587919999999968
 30
0
 11
114.7637950000000018
 21
-74.6257999999999981
 31
0
  0
LINE
  5
1071
330
22
100
AcDbEntity
  8
B.Cu
  6
CONTINUOUS
100
AcDbLine
 10
114.7637950000000018
 20
-74.6257999999999981
 30
0
 11
114.524604999999994
 21
-74.7248749999999973
 31
0
  0
LINE
  5
1072
330
22
100
AcDbEntity
  8
B.Cu
  6
CONTINUOUS
100
AcDbLine
 10
114.524604999999994
 20
-74.7248749999999973
 30
0
 11
114.3003939999999972
 21
-74.8543229999999937
 31
0
  0
LINE
  5
1073
330
22
100
AcDbEntity
  8
B.Cu
  6
CONTINUOUS
100
AcDbLine
 10
114.3003939999999972
 20
-74.8543229999999937
 30
0
 11
114.0949969999999922
 21
-75.0119299999999924
 31
0
  0
LINE
  5
1074
330
22
100
AcDbEntity
  8
B.Cu
  6
CONTINUOUS
100
AcDbLine
 10
114.0949969999999922
 20
-75.0119299999999924
 30
0
 11
113.9119299999999981
 21
-75.1949970000000008
 31
0
  0
LINE
  5
1075
330
22
100
AcDbEntity
  8
B.Cu
  6
CONTINUOUS
100
AcDbLine
 10
113.9119299999999981
 20
-75.1949970000000008
 30
0
 11
113.7543229999999994
 21
-75.4003939999999915
 31
0
  0
LINE
  5
1076
330
22
100
AcDbEntity
  8
B.Cu
  6
CONTINUOUS
100
AcDbLine
 10
113.7543229999999994
 20
-75.4003939999999915
 30
0
 11
113.6248749999999887
 21
-75.6246050000000025
 31
0
  0
LINE
  5
1077
330
22
100
AcDbEntity
  8
B.Cu
  6
CONTINUOUS
100
AcDbLine
 10
113.6248749999999887
 20
-75.6246050000000025
 30
0
 11
113.5257999999999896
 21
-75.8637949999999961
 31
0
  0
LINE
  5
1078
330
22
100
AcDbEntity
  8
B.Cu
  6
CONTINUOUS
100
AcDbLine
 10
113.5257999999999896
 20
-75.8637949999999961
 30
0
 11
113.4587919999999883
 21
-76.1138699999999915
 31
0
  0
LINE
  5
1079
330
22
100
AcDbEntity
  8
B.Cu
  6
CONTINUOUS
100
AcDbLine
 10
113.4587919999999883
 20
-76.1138699999999915
 30
0
 11
113.4249999999999972
 21
-76.3705520000000035
 31
0
  0
LINE
  5
107A
330
22
100
AcDbEntity
  8
B.Cu
  6
CONTINUOUS
100
AcDbLine
 10
113.4249999999999972
 20
-76.3705520000000035
 30
0
 11
113.4249999999999972
 21
-76.5
 31
0
  0
LINE
  5
107B
330
22
100
AcDbEntity
  8
B.Cu
  6
CONTINUOUS
100
AcDbLine
 10
113.4249999999999972
 20
-76.5
 30
0
 11
113.4249999999999972
 21
-111.
 31
0
  0
LINE
  5
107C
330
22
100
AcDbEntity
  8
B.Cu
  6
CONTINUOUS
100
AcDbLine
 10
113.4249999999999972
 20
-111.
 30
0
 11
113.4249999999999972
 21
-111.1294479999999965
 31
0
  0
LINE
  5
107D
330
22
100
AcDbEntity
  8
B.Cu
  6
CONTINUOUS
100
AcDbLine
 10
113.4249999999999972
 20
-111.1294479999999965
 30
0
 11
113.4587919999999883
 21
-111.3861299999999943
 31
0
  0
LINE
  5
107E
330
22
100
AcDbEntity
  8
B.Cu
  6
CONTINUOUS
100
AcDbLine
 10
113.4587919999999883
 20
-111.3861299999999943
 30
0
 11
113.5257999999999896
 21
-111.6362049999999897
 31
0
  0
LINE
  5
107F
330
22
100
AcDbEntity
  8
B.Cu
  6
CONTINUOUS
100
AcDbLine
 10
113.5257999999999896
 20
-111.6362049999999897
 30
0
 11
113.6248749999999887
 21
-111.8753949999999975
 31
0
  0
LINE
  5
1080
330
22
100
AcDbEntity
  8
B.Cu
  6
CONTINUOUS
100
AcDbLine
 10
113.6248749999999887
 20
-111.8753949999999975
 30
0
 11
113.7543229999999994
 21
-112.0996059999999943
 31
0
  0
LINE
  5
1081
330
22
100
AcDbEntity
  8
B.Cu
  6
CONTINUOUS
100
AcDbLine
 10
113.7543229999999994
 20
-112.0996059999999943
 30
0
 11
113.9119299999999981
 21
-112.3050029999999992
 31
0
  0
LINE
  5
1082
330
22
100
AcDbEntity
  8
B.Cu
  6
CONTINUOUS
100
AcDbLine
 10
113.9119299999999981
 20
-112.3050029999999992
 30
0
 11
114.0949969999999922
 21
-112.4880699999999933
 31
0
  0
LINE
  5
1083
330
22
100
AcDbEntity
  8
B.Cu
  6
CONTINUOUS
100
AcDbLine
 10
114.0949969999999922
 20
-112.4880699999999933
 30
0
 11
114.3003939999999972
 21
-112.6456769999999921
 31
0
  0
LINE
  5
1084
330
22
100
AcDbEntity
  8
B.Cu
  6
CONTINUOUS
100
AcDbLine
 10
114.3003939999999972
 20
-112.6456769999999921
 30
0
 11
114.524604999999994
 21
-112.7751249999999885
 31
0
  0
LINE
  5
1085
330
22
100
AcDbEntity
  8
B.Cu
  6
CONTINUOUS
100
AcDbLine
 10
114.524604999999994
 20
-112.7751249999999885
 30
0
 11
114.7637950000000018
 21
-112.8742000000000019
 31
0
  0
LINE
  5
1086
330
22
100
AcDbEntity
  8
B.Cu
  6
CONTINUOUS
100
AcDbLine
 10
114.7637950000000018
 20
-112.8742000000000019
 30
0
 11
115.0138699999999972
 21
-112.9412079999999889
 31
0
  0
LINE
  5
1087
330
22
100
AcDbEntity
  8
B.Cu
  6
CONTINUOUS
100
AcDbLine
 10
115.0138699999999972
 20
-112.9412079999999889
 30
0
 11
115.270551999999995
 21
-112.9749999999999943
 31
0
  0
LINE
  5
1088
330
22
100
AcDbEntity
  8
B.Cu
  6
CONTINUOUS
100
AcDbLine
 10
115.270551999999995
 20
-112.9749999999999943
 30
0
 11
115.3999999999999915
 21
-112.9749999999999943
 31
0
  0
LINE
  5
1089
330
22
100
AcDbEntity
  8
B.Cu
  6
CONTINUOUS
100
AcDbLine
 10
115.3999999999999915
 20
-112.9749999999999943
 30
0
 11
168.4000000000000057
 21
-112.9749999999999943
 31
0
  0
LINE
  5
108A
330
22
100
AcDbEntity
  8
B.Cu
  6
CONTINUOUS
100
AcDbLine
 10
168.4000000000000057
 20
-112.9749999999999943
 30
0
 11
168.5294480000000021
 21
-112.9749999999999943
 31
0
  0
LINE
  5
108B
330
22
100
AcDbEntity
  8
B.Cu
  6
CONTINUOUS
100
AcDbLine
 10
168.5294480000000021
 20
-112.9749999999999943
 30
0
 11
168.7861299999999858
 21
-112.9412079999999889
 31
0
  0
LINE
  5
108C
330
22
100
AcDbEntity
  8
B.Cu
  6
CONTINUOUS
100
AcDbLine
 10
168.7861299999999858
 20
-112.9412079999999889
 30
0
 11
169.0362049999999954
 21
-112.8742000000000019
 31
0
  0
LINE
  5
108D
330
22
100
AcDbEntity
  8
B.Cu
  6
CONTINUOUS
100
AcDbLine
 10
169.0362049999999954
 20
-112.8742000000000019
 30
0
 11
169.2753950000000032
 21
-112.7751249999999885
 31
0
  0
LINE
  5
108E
330
22
100
AcDbEntity
  8
B.Cu
  6
CONTINUOUS
100
AcDbLine
 10
169.2753950000000032
 20
-112.7751249999999885
 30
0
 11
169.499606
 21
-112.6456769999999921
 31
0
  0
LINE
  5
108F
330
22
100
AcDbEntity
  8
B.Cu
  6
CONTINUOUS
100
AcDbLine
 10
169.499606
 20
-112.6456769999999921
 30
0
 11
169.7050030000000049
 21
-112.4880699999999933
 31
0
  0
LINE
  5
1090
330
22
100
AcDbEntity
  8
B.Cu
  6
CONTINUOUS
100
AcDbLine
 10
169.7050030000000049
 20
-112.4880699999999933
 30
0
 11
169.888069999999999
 21
-112.3050029999999992
 31
0
  0
LINE
  5
1091
330
22
100
AcDbEntity
  8
B.Cu
  6
CONTINUOUS
100
AcDbLine
 10
169.888069999999999
 20
-112.3050029999999992
 30
0
 11
170.0456769999999835
 21
-112.0996059999999943
 31
0
  0
LINE
  5
1092
330
22
100
AcDbEntity
  8
B.Cu
  6
CONTINUOUS
100
AcDbLine
 10
170.0456769999999835
 20
-112.0996059999999943
 30
0
 11
170.17512499999998
 21
-111.8753949999999975
 31
0
  0
LINE
  5
1093
330
22
100
AcDbEntity
  8
B.Cu
  6
CONTINUOUS
100
AcDbLine
 10
170.17512499999998
 20
-111.8753949999999975
 30
0
 11
170.2741999999999791
 21
-111.6362049999999897
 31
0
  0
LINE
  5
1094
330
22
100
AcDbEntity
  8
B.Cu
  6
CONTINUOUS
100
AcDbLine
 10
170.2741999999999791
 20
-111.6362049999999897
 30
0
 11
170.3412079999999946
 21
-111.3861299999999943
 31
0
  0
LINE
  5
1095
330
22
100
AcDbEntity
  8
B.Cu
  6
CONTINUOUS
100
AcDbLine
 10
170.3412079999999946
 20
-111.3861299999999943
 30
0
 11
170.375
 21
-111.1294479999999965
 31
0
  0
LINE
  5
1096
330
22
100
AcDbEntity
  8
B.Cu
  6
CONTINUOUS
100
AcDbLine
 10
170.375
 20
-111.1294479999999965
 30
0
 11
170.375
 21
-111.
 31
0
  0
LINE
  5
1097
330
22
100
AcDbEntity
  8
B.Cu
  6
CONTINUOUS
100
AcDbLine
 10
170.375
 20
-111.
 30
0
 11
170.375
 21
-76.5
 31
0
  0
LINE
  5
1098
330
22
100
AcDbEntity
  8
B.Cu
  6
CONTINUOUS
100
AcDbLine
 10
170.375
 20
-76.5
 30
0
 11
170.375
 21
-76.3705520000000035
 31
0
  0
LINE
  5
1099
330
22
100
AcDbEntity
  8
B.Cu
  6
CONTINUOUS
100
AcDbLine
 10
170.375
 20
-76.3705520000000035
 30
0
 11
170.3412079999999946
 21
-76.1138699999999915
 31
0
  0
LINE
  5
109A
330
22
100
AcDbEntity
  8
B.Cu
  6
CONTINUOUS
100
AcDbLine
 10
170.3412079999999946
 20
-76.1138699999999915
 30
0
 11
170.2741999999999791
 21
-75.8637949999999961
 31
0
  0
LINE
  5
109B
330
22
100
AcDbEntity
  8
B.Cu
  6
CONTINUOUS
100
AcDbLine
 10
170.2741999999999791
 20
-75.8637949999999961
 30
0
 11
170.17512499999998
 21
-75.6246050000000025
 31
0
  0
LINE
  5
109C
330
22
100
AcDbEntity
  8
B.Cu
  6
CONTINUOUS
100
AcDbLine
 10
170.17512499999998
 20
-75.6246050000000025
 30
0
 11
170.0456769999999835
 21
-75.4003939999999915
 31
0
  0
LINE
  5
109D
330
22
100
AcDbEntity
  8
B.Cu
  6
CONTINUOUS
100
AcDbLine
 10
170.0456769999999835
 20
-75.4003939999999915
 30
0
 11
169.888069999999999
 21
-75.1949970000000008
 31
0
  0
LINE
  5
109E
330
22
100
AcDbEntity
  8
B.Cu
  6
CONTINUOUS
100
AcDbLine
 10
169.888069999999999
 20
-75.1949970000000008
 30
0
 11
169.7050030000000049
 21
-75.0119299999999924
 31
0
  0
LINE
  5
109F
330
22
100
AcDbEntity
  8
B.Cu
  6
CONTINUOUS
100
AcDbLine
 10
169.7050030000000049
 20
-75.0119299999999924
 30
0
 11
169.499606
 21
-74.8543229999999937
 31
0
  0
LINE
  5
10A0
330
22
100
AcDbEntity
  8
B.Cu
  6
CONTINUOUS
100
AcDbLine
 10
169.499606
 20
-74.8543229999999937
 30
0
 11
169.2753950000000032
 21
-74.7248749999999973
 31
0
  0
LINE
  5
10A1
330
22
100
AcDbEntity
  8
B.Cu
  6
CONTINUOUS
100
AcDbLine
 10
169.2753950000000032
 20
-74.7248749999999973
 30
0
 11
169.0362049999999954
 21
-74.6257999999999981
 31
0
  0
LINE
  5
10A2
330
22
100
AcDbEntity
  8
B.Cu
  6
CONTINUOUS
100
AcDbLine
 10
169.0362049999999954
 20
-74.6257999999999981
 30
0
 11
168.7861299999999858
 21
-74.5587919999999968
 31
0
  0
LINE
  5
10A3
330
22
100
AcDbEntity
  8
B.Cu
  6
CONTINUOUS
100
AcDbLine
 10
168.7861299999999858
 20
-74.5587919999999968
 30
0
 11
168.5294480000000021
 21
-74.5249999999999915
 31
0
  0
LINE
  5
10A4
330
22
100
AcDbEntity
  8
B.Cu
  6
CONTINUOUS
100
AcDbLine
 10
168.5294480000000021
 20
-74.5249999999999915
 30
0
 11
168.4000000000000057
 21
-74.5249999999999915
 31
0
  0
LINE
  5
10A5
330
22
100
AcDbEntity
  8
B.Cu
  6
CONTINUOUS
100
AcDbLine
 10
168.4000000000000057
 20
-74.5249999999999915
 30
0
 11
115.3999999999999915
 21
-74.5249999999999915
 31
0
  0
CIRCLE
  5
10A6
330
22
100
AcDbEntity
  8
B.Cu
100
AcDbCircle
 10
163.9000000000000057
 20
-90.
 30
0
 40
0.175
  0
CIRCLE
  5
10A7
330
22
100
AcDbEntity
  8
B.Cu
100
AcDbCircle
 10
163.9000000000000057
 20
-88.
 30
0
 40
0.175
  0
CIRCLE
  5
10A8
330
22
100
AcDbEntity
  8
B.Cu
100
AcDbCircle
 10
115.8407579999999939
 20
-85.6991840000000025
 30
0
 40
0.175
  0
CIRCLE
  5
10A9
330
22
100
AcDbEntity
  8
B.Cu
100
AcDbCircle
 10
115.8407579999999939
 20
-83.1591839999999962
 30
0
 40
0.175
  0
CIRCLE
  5
10AA
330
22
100
AcDbEntity
  8
B.Cu
100
AcDbCircle
 10
160.9000000000000057
 20
-90.
 30
0
 40
0.175
  0
CIRCLE
  5
10AB
330
22
100
AcDbEntity
  8
B.Cu
100
AcDbCircle
 10
160.9000000000000057
 20
-88.
 30
0
 40
0.175
  0
CIRCLE
  5
10AC
330
22
100
AcDbEntity
  8
B.Cu
100
AcDbCircle
 10
160.9000000000000057
 20
-86.
 30
0
 40
0.175
  0
CIRCLE
  5
10AD
330
22
100
AcDbEntity
  8
B.Cu
100
AcDbCircle
 10
142.4000000000000057
 20
-77.
 30
0
 40
0.175
  0
CIRCLE
  5
10AE
330
22
100
AcDbEntity
  8
B.Cu
100
AcDbCircle
 10
140.4000000000000057
 20
-77.
 30
0
 40
0.175
  0
CIRCLE
  5
10AF
330
22
100
AcDbEntity
  8
B.Cu
100
AcDbCircle
 10
138.4000000000000057
 20
-77.
 30
0
 40
0.175
  0
CIRCLE
  5
10B0
330
22
100
AcDbEntity
  8
B.Cu
100
AcDbCircle
 10
156.9000000000000057
 20
-78.25
 30
0
 40
0.175
  0
CIRCLE
  5
10B1
330
22
100
AcDbEntity
  8
B.Cu
100
AcDbCircle
 10
166.9000000000000057
 20
-90.
 30
0
 40
0.175
  0
CIRCLE
  5
10B2
330
22
100
AcDbEntity
  8
B.Cu
100
AcDbCircle
 10
166.9000000000000057
 20
-88.
 30
0
 40
0.175
  0
CIRCLE
  5
10B3
330
22
100
AcDbEntity
  8
B.Cu
100
AcDbCircle
 10
148.4000000000000057
 20
-87.3999999999999915
 30
0
 40
0.175
  0
CIRCLE
  5
10B4
330
22
100
AcDbEntity
  8
B.Cu
100
AcDbCircle
 10
118.
 20
-94.0999999999999943
 30
0
 40
0.175
  0
CIRCLE
  5
10B5
330
22
100
AcDbEntity
  8
B.Cu
100
AcDbCircle
 10
163.
 20
-95.
 30
0
 40
0.175
  0
CIRCLE
  5
10B6
330
22
100
AcDbEntity
  8
B.Cu
100
AcDbCircle
 10
123.3999999999999915
 20
-87.
 30
0
 40
0.175
  0
CIRCLE
  5
10B7
330
22
100
AcDbEntity
  8
B.Cu
100
AcDbCircle
 10
132.5
 20
-95.75
 30
0
 40
0.175
  0
CIRCLE
  5
10B8
330
22
100
AcDbEntity
  8
B.Cu
100
AcDbCircle
 10
169.
 20
-80.
 30
0
 40
0.175
  0
CIRCLE
  5
10B9
330
22
100
AcDbEntity
  8
B.Cu
100
AcDbCircle
 10
157.
 20
-95.
 30
0
 40
0.175
  0
CIRCLE
  5
10BA
330
22
100
AcDbEntity
  8
B.Cu
100
AcDbCircle
 10
160.
 20
-95.
 30
0
 40
0.175
  0
CIRCLE
  5
10BB
330
22
100
AcDbEntity
  8
B.Cu
100
AcDbCircle
 10
139.5
 20
-78.
 30
0
 40
0.175
  0
CIRCLE
  5
10BC
330
22
100
AcDbEntity
  8
B.Cu
100
AcDbCircle
 10
114.25
 20
-101.75
 30
0
 40
0.175
  0
CIRCLE
  5
10BD
330
22
100
AcDbEntity
  8
B.Cu
100
AcDbCircle
 10
166.5
 20
-76.
 30
0
 40
0.175
  0
CIRCLE
  5
10BE
330
22
100
AcDbEntity
  8
B.Cu
100
AcDbCircle
 10
156.
 20
-76.
 30
0
 40
0.175
  0
CIRCLE
  5
10BF
330
22
100
AcDbEntity
  8
B.Cu
100
AcDbCircle
 10
132.9000000000000057
 20
-77.
 30
0
 40
0.175
  0
CIRCLE
  5
10C0
330
22
100
AcDbEntity
  8
B.Cu
100
AcDbCircle
 10
154.5
 20
-85.
 30
0
 40
0.175
  0
CIRCLE
  5
10C1
330
22
100
AcDbEntity
  8
B.Cu
100
AcDbCircle
 10
158.5
 20
-76.
 30
0
 40
0.175
  0
CIRCLE
  5
10C2
330
22
100
AcDbEntity
  8
B.Cu
100
AcDbCircle
 10
153.5
 20
-76.
 30
0
 40
0.175
  0
CIRCLE
  5
10C3
330
22
100
AcDbEntity
  8
B.Cu
100
AcDbCircle
 10
127.
 20
-95.
 30
0
 40
0.175
  0
CIRCLE
  5
10C4
330
22
100
AcDbEntity
  8
B.Cu
100
AcDbCircle
 10
145.75
 20
-86.75
 30
0
 40
0.175
  0
CIRCLE
  5
10C5
330
22
100
AcDbEntity
  8
B.Cu
100
AcDbCircle
 10
169.4827089999999998
 20
-98.563289999999995
 30
0
 40
0.175
  0
CIRCLE
  5
10C6
330
22
100
AcDbEntity
  8
B.Cu
100
AcDbCircle
 10
163.75
 20
-76.
 30
0
 40
0.175
  0
CIRCLE
  5
10C7
330
22
100
AcDbEntity
  8
B.Cu
100
AcDbCircle
 10
154.75
 20
-78.5
 30
0
 40
0.175
  0
CIRCLE
  5
10C8
330
22
100
AcDbEntity
  8
B.Cu
100
AcDbCircle
 10
169.
 20
-77.
 30
0
 40
0.175
  0
CIRCLE
  5
10C9
330
22
100
AcDbEntity
  8
B.Cu
100
AcDbCircle
 10
145.
 20
-95.
 30
0
 40
0.175
  0
CIRCLE
  5
10CA
330
22
100
AcDbEntity
  8
B.Cu
100
AcDbCircle
 10
148.
 20
-95.
 30
0
 40
0.175
  0
CIRCLE
  5
10CB
330
22
100
AcDbEntity
  8
B.Cu
100
AcDbCircle
 10
115.2708839999999952
 20
-79.3575230000000005
 30
0
 40
0.175
  0
CIRCLE
  5
10CC
330
22
100
AcDbEntity
  8
B.Cu
100
AcDbCircle
 10
117.
 20
-81.
 30
0
 40
0.175
  0
CIRCLE
  5
10CD
330
22
100
AcDbEntity
  8
B.Cu
100
AcDbCircle
 10
154.
 20
-95.
 30
0
 40
0.175
  0
CIRCLE
  5
10CE
330
22
100
AcDbEntity
  8
B.Cu
100
AcDbCircle
 10
133.5
 20
-83.25
 30
0
 40
0.175
  0
CIRCLE
  5
10CF
330
22
100
AcDbEntity
  8
B.Cu
100
AcDbCircle
 10
161.25
 20
-76.
 30
0
 40
0.175
  0
CIRCLE
  5
10D0
330
22
100
AcDbEntity
  8
B.Cu
100
AcDbCircle
 10
140.25
 20
-95.75
 30
0
 40
0.175
  0
CIRCLE
  5
10D1
330
22
100
AcDbEntity
  8
B.Cu
100
AcDbCircle
 10
150.75
 20
-76.
 30
0
 40
0.175
  0
CIRCLE
  5
10D2
330
22
100
AcDbEntity
  8
B.Cu
100
AcDbCircle
 10
118.
 20
-95.
 30
0
 40
0.175
  0
CIRCLE
  5
10D3
330
22
100
AcDbEntity
  8
B.Cu
100
AcDbCircle
 10
137.5
 20
-95.75
 30
0
 40
0.175
  0
CIRCLE
  5
10D4
330
22
100
AcDbEntity
  8
B.Cu
100
AcDbCircle
 10
169.
 20
-85.
 30
0
 40
0.175
  0
CIRCLE
  5
10D5
330
22
100
AcDbEntity
  8
B.Cu
100
AcDbCircle
 10
115.
 20
-89.
 30
0
 40
0.175
  0
CIRCLE
  5
10D6
330
22
100
AcDbEntity
  8
B.Cu
100
AcDbCircle
 10
158.5499999999999829
 20
-90.5499999999999972
 30
0
 40
0.175
  0
CIRCLE
  5
10D7
330
22
100
AcDbEntity
  8
B.Cu
100
AcDbCircle
 10
130.
 20
-89.
 30
0
 40
0.175
  0
CIRCLE
  5
10D8
330
22
100
AcDbEntity
  8
B.Cu
100
AcDbCircle
 10
115.
 20
-99.
 30
0
 40
0.175
  0
CIRCLE
  5
10D9
330
22
100
AcDbEntity
  8
B.Cu
100
AcDbCircle
 10
123.3999999999999915
 20
-83.5
 30
0
 40
0.175
  0
CIRCLE
  5
10DA
330
22
100
AcDbEntity
  8
B.Cu
100
AcDbCircle
 10
117.
 20
-89.
 30
0
 40
0.175
  0
CIRCLE
  5
10DB
330
22
100
AcDbEntity
  8
B.Cu
100
AcDbCircle
 10
114.75
 20
-76.75
 30
0
 40
0.175
  0
CIRCLE
  5
10DC
330
22
100
AcDbEntity
  8
B.Cu
100
AcDbCircle
 10
119.
 20
-77.
 30
0
 40
0.175
  0
CIRCLE
  5
10DD
330
22
100
AcDbEntity
  8
B.Cu
100
AcDbCircle
 10
151.
 20
-95.
 30
0
 40
0.175
  0
CIRCLE
  5
10DE
330
22
100
AcDbEntity
  8
B.Cu
100
AcDbCircle
 10
124.
 20
-95.
 30
0
 40
0.175
  0
CIRCLE
  5
10DF
330
22
100
AcDbEntity
  8
B.Cu
100
AcDbCircle
 10
130.
 20
-95.
 30
0
 40
0.175
  0
CIRCLE
  5
10E0
330
22
100
AcDbEntity
  8
B.Cu
100
AcDbCircle
 10
129.
 20
-77.
 30
0
 40
0.175
  0
CIRCLE
  5
10E1
330
22
100
AcDbEntity
  8
B.Cu
100
AcDbCircle
 10
136.5
 20
-78.
 30
0
 40
0.175
  0
CIRCLE
  5
10E2
330
22
100
AcDbEntity
  8
B.Cu
100
AcDbCircle
 10
169.
 20
-89.
 30
0
 40
0.175
  0
CIRCLE
  5
10E3
330
22
100
AcDbEntity
  8
B.Cu
100
AcDbCircle
 10
158.5
 20
-80.
 30
0
 40
0.175
  0
CIRCLE
  5
10E4
330
22
100
AcDbEntity
  8
B.Cu
100
AcDbCircle
 10
114.25
 20
-87.25
 30
0
 40
0.175
  0
CIRCLE
  5
10E5
330
22
100
AcDbEntity
  8
B.Cu
100
AcDbCircle
 10
165.25
 20
-95.
 30
0
 40
0.175
  0
CIRCLE
  5
10E6
330
22
100
AcDbEntity
  8
B.Cu
100
AcDbCircle
 10
115.
 20
-95.
 30
0
 40
0.175
  0
CIRCLE
  5
10E7
330
22
100
AcDbEntity
  8
B.Cu
100
AcDbCircle
 10
125.
 20
-77.
 30
0
 40
0.175
  0
CIRCLE
  5
10E8
330
22
100
AcDbEntity
  8
B.Cu
100
AcDbCircle
 10
135.
 20
-95.75
 30
0
 40
0.175
  0
CIRCLE
  5
10E9
330
22
100
AcDbEntity
  8
B.Cu
100
AcDbCircle
 10
121.
 20
-95.
 30
0
 40
0.175
  0
CIRCLE
  5
10EA
330
22
100
AcDbEntity
  8
B.Cu
100
AcDbCircle
 10
158.
 20
-86.
 30
0
 40
0.175
  0
CIRCLE
  5
10EB
330
22
100
AcDbEntity
  8
B.Cu
100
AcDbCircle
 10
116.
 20
-75.75
 30
0
 40
0.175
  0
CIRCLE
  5
10EC
330
22
100
AcDbEntity
  8
B.Cu
100
AcDbCircle
 10
118.6316319999999962
 20
-99.0027779999999922
 30
0
 40
0.175
  0
CIRCLE
  5
10ED
330
22
100
AcDbEntity
  8
B.Cu
100
AcDbCircle
 10
115.
 20
-92.
 30
0
 40
0.175
  0
CIRCLE
  5
10EE
330
22
100
AcDbEntity
  8
B.Cu
100
AcDbCircle
 10
147.75
 20
-79.
 30
0
 40
0.175
  0
CIRCLE
  5
10EF
330
22
100
AcDbEntity
  8
B.Cu
100
AcDbCircle
 10
130.
 20
-92.
 30
0
 40
0.175
  0
CIRCLE
  5
10F0
330
22
100
AcDbEntity
  8
B.Cu
100
AcDbCircle
 10
168.
 20
-95.
 30
0
 40
0.175
  0
CIRCLE
  5
10F1
330
22
100
AcDbEntity
  8
B.Cu
100
AcDbCircle
 10
138.75
 20
-83.25
 30
0
 40
0.175
  0
CIRCLE
  5
10F2
330
22
100
AcDbEntity
  8
B.Cu
100
AcDbCircle
 10
169.
 20
-93.
 30
0
 40
0.175
  0
CIRCLE
  5
10F3
330
22
100
AcDbEntity
  8
B.Cu
100
AcDbCircle
 10
142.
 20
-95.
 30
0
 40
0.175
  0
CIRCLE
  5
10F4
330
22
100
AcDbEntity
  8
B.Cu
100
AcDbCircle
 10
130.3249999999999886
 20
-87.3250000000000028
 30
0
 40
0.175
  0
CIRCLE
  5
10F5
330
22
100
AcDbEntity
  8
B.Cu
100
AcDbCircle
 10
123.3999999999999915
 20
-92.
 30
0
 40
0.175
  0
CIRCLE
  5
10F6
330
22
100
AcDbEntity
  8
B.Cu
100
AcDbCircle
 10
151.9000000000000057
 20
-88.
 30
0
 40
0.175
  0
CIRCLE
  5
10F7
330
22
100
AcDbEntity
  8
B.Cu
100
AcDbCircle
 10
123.3999999999999915
 20
-78.5
 30
0
 40
0.175
  0
CIRCLE
  5
10F8
330
22
100
AcDbEntity
  8
B.Cu
100
AcDbCircle
 10
163.9000000000000057
 20
-90.
 30
0
 40
0.175
  0
CIRCLE
  5
10F9
330
22
100
AcDbEntity
  8
B.Cu
100
AcDbCircle
 10
163.9000000000000057
 20
-88.
 30
0
 40
0.175
  0
CIRCLE
  5
10FA
330
22
100
AcDbEntity
  8
B.Cu
100
AcDbCircle
 10
115.8407579999999939
 20
-85.6991840000000025
 30
0
 40
0.175
  0
CIRCLE
  5
10FB
330
22
100
AcDbEntity
  8
B.Cu
100
AcDbCircle
 10
115.8407579999999939
 20
-83.1591839999999962
 30
0
 40
0.175
  0
CIRCLE
  5
10FC
330
22
100
AcDbEntity
  8
B.Cu
100
AcDbCircle
 10
160.9000000000000057
 20
-90.
 30
0
 40
0.175
  0
CIRCLE
  5
10FD
330
22
100
AcDbEntity
  8
B.Cu
100
AcDbCircle
 10
160.9000000000000057
 20
-88.
 30
0
 40
0.175
  0
CIRCLE
  5
10FE
330
22
100
AcDbEntity
  8
B.Cu
100
AcDbCircle
 10
160.9000000000000057
 20
-86.
 30
0
 40
0.175
  0
CIRCLE
  5
10FF
330
22
100
AcDbEntity
  8
B.Cu
100
AcDbCircle
 10
142.4000000000000057
 20
-77.
 30
0
 40
0.175
  0
CIRCLE
  5
1100
330
22
100
AcDbEntity
  8
B.Cu
100
AcDbCircle
 10
140.4000000000000057
 20
-77.
 30
0
 40
0.175
  0
CIRCLE
  5
1101
330
22
100
AcDbEntity
  8
B.Cu
100
AcDbCircle
 10
138.4000000000000057
 20
-77.
 30
0
 40
0.175
  0
CIRCLE
  5
1102
330
22
100
AcDbEntity
  8
B.Cu
100
AcDbCircle
 10
156.9000000000000057
 20
-78.25
 30
0
 40
0.175
  0
CIRCLE
  5
1103
330
22
100
AcDbEntity
  8
B.Cu
100
AcDbCircle
 10
166.9000000000000057
 20
-90.
 30
0
 40
0.175
  0
CIRCLE
  5
1104
330
22
100
AcDbEntity
  8
B.Cu
100
AcDbCircle
 10
166.9000000000000057
 20
-88.
 30
0
 40
0.175
  0
ENDSEC
  0
SECTION
  2
OBJECTS
  0
DICTIONARY
  5
28
330
0
100
AcDbDictionary
281
1
  3
ACAD_GROUP
350
1105
  3
ACAD_LAYOUT
350
29
  3
ACAD_PLOTSTYLENAME
350
11
  0
DICTIONARY
  5
1105
330
28
100
AcDbDictionary
281
1
  0
ACDBDICTIONARYWDFLT
  5
11
330
28
100
AcDbDictionary
281
1
  3
Normal
350
10
100
AcDbDictionaryWithDefault
340
10
  0
ACDBPLACEHOLDER
  5
10
330
11
  0
DICTIONARY
  5
29
330
28
100
AcDbDictionary
281
1
  3
Model
350
25
  3
Layout1
350
26
  3
Layout2
350
27
  0
LAYOUT
  5
25
330
29
100
AcDbPlotSettings
  1

  2
none_device
  4
A3
  6

 40
0.0
 41
0.0
 42
0.0
 43
0.0
 44
420.0
 45
297.0
 46
0.0
 47
0.0
 48
0.0
 49
0.0
140
0.0
141
0.0
142
1.0
143
1.0
 70
1024
 72
1
 73
0
 74
5
  7

 75
16
 76
0
 77
2
 78
300
147
1.0
148
0.0
149
0.0
100
AcDbLayout
  1
Model
 70
1
 71
0
 10
0.0
 20
0.0
 11
420.0
 21
297.0
 12
0.0
 22
0.0
 32
0.0
 14
1e+20
 24
1e+20
 34
1e+20
 15
-1e+20
 25
-1e+20
 35
-1e+20
146
0.0
 13
0.0
 23
0.0
 33
0.0
 16
1.0
 26
0.0
 36
0.0
 17
0.0
 27
1.0
 37
0.0
 76
0
330
22
  0
LAYOUT
  5
26
330
29
100
AcDbPlotSettings
  1

  2
none_device
  4
A3
  6

 40
0.0
 41
0.0
 42
0.0
 43
0.0
 44
420.0
 45
297.0
 46
0.0
 47
0.0
 48
0.0
 49
0.0
140
0.0
141
0.0
142
1.0
143
1.0
 70
0
 72
1
 73
0
 74
5
  7

 75
16
 76
0
 77
2
 78
300
147
1.0
148
0.0
149
0.0
100
AcDbLayout
  1
Layout1
 70
1
 71
1
 10
0.0
 20
0.0
 11
420.0
 21
297.0
 12
0.0
 22
0.0
 32
0.0
 14
1e+20
 24
1e+20
 34
1e+20
 15
-1e+20
 25
-1e+20
 35
-1e+20
146
0.0
 13
0.0
 23
0.0
 33
0.0
 16
1.0
 26
0.0
 36
0.0
 17
0.0
 27
1.0
 37
0.0
 76
0
330
23
  0
LAYOUT
  5
27
330
29
100
AcDbPlotSettings
  1

  2
none_device
  4
A3
  6

 40
0.0
 41
0.0
 42
0.0
 43
0.0
 44
420.0
 45
297.0
 46
0.0
 47
0.0
 48
0.0
 49
0.0
140
0.0
141
0.0
142
1.0
143
1.0
 70
0
 72
1
 73
0
 74
5
  7

 75
16
 76
0
 77
2
 78
300
147
1.0
148
0.0
149
0.0
100
AcDbLayout
  1
Layout2
 70
1
 71
2
 10
0.0
 20
0.0
 11
420.0
 21
297.0
 12
0.0
 22
0.0
 32
0.0
 14
1e+20
 24
1e+20
 34
1e+20
 15
-1e+20
 25
-1e+20
 35
-1e+20
146
0.0
 13
0.0
 23
0.0
 33
0.0
 16
1.0
 26
0.0
 36
0.0
 17
0.0
 27
1.0
 37
0.0
 76
0
330
24
  0
ENDSEC
  0
EOF
